x,y
66.88496106746607,89.19790052389726
66.89002153765585,88.69792671202468
66.89508200784564,88.1979529001521
66.90014247803543,87.69797908827952
66.90520294822522,87.19800527640695
66.91026341841501,86.69803146453437
66.9153238886048,86.19805765266179
66.92038435879459,85.69808384078921
66.92544482898438,85.19811002891663
66.93050529917417,84.69813621704405
66.93556576936396,84.19816240517147
66.94062623955375,83.6981885932989
66.94568670974354,83.19821478142632
66.95074717993333,82.69824096955374
66.95580765012312,82.19826715768116
66.96086812031291,81.69829334580858
66.9659285905027,81.198319533936
66.97098906069249,80.69834572206342
66.97604953088228,80.19837191019084
66.98111000107207,79.69839809831826
66.98617047126186,79.19842428644569
66.9877556851606,78.69842770297339
66.98934089905933,78.1984311195011
66.99092611295806,77.6984345360288
66.9925113268568,77.1984379525565
66.99409654075554,76.69844136908421
66.99568175465427,76.19844478561191
66.997266968553,75.69844820213962
66.99885218245174,75.19845161866732
67.00043739635048,74.69845503519502
67.00484505904026,74.1984884288619
67.00925272173005,73.69852182252879
67.01366038441984,73.19855521619567
67.01806804710962,72.69858860986255
67.02247570979941,72.19862200352944
67.0268833724892,71.69865539719632
67.03129103517898,71.1986887908632
67.03450872103149,70.69869991995412
67.03772640688399,70.19871104904504
67.0409440927365,69.69872217813597
67.044161778589,69.19873330722689
67.0473794644415,68.69874443631781
67.05059715029401,68.19875556540873
67.05381483614651,67.69876669449965
67.05703252199902,67.19877782359058
67.06025020785152,66.6987889526815
67.06346789370403,66.19880008177242
67.06668557955653,65.69881121086334
67.06990326540904,65.19882233995426
67.07312095126154,64.69883346904518
67.07633863711405,64.1988445981361
67.07955632296655,63.69885572722703
67.08277400881906,63.19886685631795
67.08599169467156,62.69887798540887
67.08920938052407,62.19888911449979
67.09242706637657,61.698900243590714
67.09564475222908,61.198911372681636
67.09886243808158,60.69892250177256
67.10208012393409,60.19893363086348
67.10529780978659,59.6989447599544
67.1085154956391,59.19895588904532
67.1117331814916,58.698967018136244
67.11361611244716,58.19897057264259
67.11549904340272,57.69897412714893
67.11738197435828,57.19897768165527
67.11926490531384,56.698981236161615
67.1211478362694,56.19898479066796
67.12303076722496,55.6989883451743
67.12491369818052,55.19899189968064
67.12679662913608,54.698995454186985
67.12867956009164,54.19899900869333
67.1305624910472,53.69900256319967
67.13244542200276,53.19900611770601
67.13432835295832,52.699009672212355
67.13621128391388,52.1990132267187
67.13809421486944,51.69901678122504
67.139977145825,51.19902033573138
67.14186007678056,50.699023890237726
67.14498875311746,50.19903516438474
67.14811742945436,49.69904643853175
67.15124610579126,49.199057712678766
67.15437478212816,48.69906898682578
67.15750345846506,48.19908026097279
67.16063213480196,47.699091535119805
67.16376081113886,47.19910280926682
67.16688948747576,46.69911408341383
67.17001816381266,46.199125357560845
67.17314684014956,45.69913663170786
67.17627551648646,45.19914790585487
67.17940419282336,44.699159180001885
67.18253286916026,44.1991704541489
67.18566154549715,43.69918172829591
67.18879022183405,43.199193002442925
67.19191889817095,42.69920427658994
67.19504757450785,42.19921555073695
67.19817625084475,41.699226824883965
67.20130492718165,41.19923809903098
67.20443360351855,40.69924937317799
67.20756227985545,40.199260647325005
67.21069095619235,39.69927192147202
67.21381963252925,39.19928319561903
67.21549066787861,38.69928600576638
67.21716170322797,38.19928881591373
67.21883273857733,37.69929162606108
67.2205037739267,37.19929443620843
67.22217480927605,36.69929724635578
67.22384584462542,36.199300056503134
67.22551687997478,35.699302866650484
67.22718791532414,35.199305676797835
67.2288589506735,34.699308486945185
67.23052998602286,34.199311297092535
67.23220102137222,33.699314107239886
67.23387205672158,33.199316917387236
67.23554309207094,32.699319727534586
67.2372141274203,32.19932253768194
67.23888516276966,31.69932534782929
67.24055619811902,31.199328157976645
67.24222723346838,30.699330968124
67.24522410530925,30.19934267791206
67.24822097715011,29.699354387700122
67.25121784899098,29.199366097488184
67.25421472083184,28.699377807276246
67.2572115926727,28.199389517064308
67.26020846451357,27.69940122685237
67.26320533635443,27.19941293664043
67.2662022081953,26.699424646428493
67.26919908003616,26.199436356216555
67.27219595187702,25.699448066004617
67.27519282371789,25.19945977579268
67.27818969555875,24.69947148558074
67.28118656739962,24.199483195368803
67.28418343924048,23.699494905156865
67.28718031108134,23.199506614944926
67.2901771829222,22.69951832473299
67.29317405476307,22.19953003452105
67.29617092660393,21.699541744309112
67.2991677984448,21.199553454097174
67.30216467028566,20.699565163885236
67.30516154212653,20.199576873673298
67.30815841396739,19.69958858346136
67.31115528580825,19.19960029324942
67.31416108532603,18.69961060452905
67.31716688484381,18.199620915808676
67.3201726843616,17.699631227088304
67.32317848387937,17.19964153836793
67.32618428339715,16.69965184964756
67.32919008291493,16.199662160927186
67.33219588243271,15.699672472206814
67.3352016819505,15.199682783486441
67.33820748146827,14.699693094766069
67.34121328098605,14.199703406045696
67.34421908050383,13.699713717325324
67.34722488002161,13.199724028604951
67.3502306795394,12.699734339884579
67.35323647905717,12.199744651164206
67.35624227857495,11.699754962443834
67.35924807809273,11.199765273723461
67.36225387761051,10.699775585003088
67.35965784326704,10.19978256994551
67.35706180892358,9.699789554887932
67.3544657745801,9.199796539830354
67.35186974023664,8.699803524772776
67.34927370589317,8.199810509715197
67.3466776715497,7.699817494657619
67.34408163720623,7.199824479600041
67.34148560286276,6.699831464542463
67.34110108809546,6.6257743942551315
64.1509195251856,-142.87846954679117
64.15269215514616,-143.37846031690813
64.15446478510671,-143.8784510870251
64.15623741506727,-144.37844185714206
64.15801004502782,-144.87843262725903
64.15978267498838,-145.378423397376
64.16155530494893,-145.87841416749296
64.16196784058198,-146.3784122574592
64.16238037621503,-146.87841034742542
64.16279291184807,-147.37840843739164
64.16320998287576,-147.8784080944293
64.16362705390344,-148.37840775146694
64.16404412493112,-148.8784074085046
64.16446119595881,-149.37840706554223
64.16487826698649,-149.87840672257988
64.16291473282843,-150.3783998429494
64.16095119867036,-150.8783929633189
64.1589876645123,-151.3783860836884
64.15702413035423,-151.87837920405792
64.15535024881181,-152.37837464423598
64.1536763672694,-152.87837008441403
64.15200248572698,-153.37836552459208
64.15032860418457,-153.87836096477014
64.14865472264215,-154.3783564049482
64.14698084109973,-154.87835184512625
64.14854213368535,-155.37834938925036
64.15010342627097,-155.87834693337447
64.1516647188566,-156.3783444774986
64.15322601144221,-156.8783420216227
64.15478730402783,-157.3783395657468
64.15634859661346,-157.87833710987093
64.15790988919908,-158.37833465399504
64.15820732365103,-158.87833287829554
64.15850475810298,-159.37833110259604
64.15880219255493,-159.87832932689653
64.15909962700688,-160.37832755119703
64.15939706145883,-160.87832577549753
64.15969449591078,-161.37832399979803
64.1599073887651,-161.87831966226847
64.16012028161943,-162.3783153247389
64.16033317447375,-162.87831098720935
64.16054606732807,-163.37830664967979
64.16075896018239,-163.87830231215023
64.16097185303671,-164.37829797462066
64.16388437050118,-164.87828837251976
64.16679688796565,-165.37827877041886
64.16970940543011,-165.87826916831796
64.17262192289458,-166.37825956621705
64.17553444035904,-166.87824996411615
64.17844695782351,-167.37824036201525
64.18135947528798,-167.87823075991435
64.18173895251283,-168.37823032973063
64.18211842973768,-168.8782298995469
64.18249790696254,-169.3782294693632
64.18287738418739,-169.87822903917947
64.18325686141225,-170.37822860899576
64.1836363386371,-170.87822817881204
64.1838567861199,-171.37822805705574
64.18407723360271,-171.87822793529944
64.18429768108551,-172.37822781354313
64.18451812856831,-172.87822769178683
64.18473857605112,-173.37822757003053
64.18495902353392,-173.87822744827423
64.18641978462,-174.37822451306116
64.18788054570608,-174.87822157784808
64.18934130679216,-175.378218642635
64.19080206787824,-175.87821570742193
64.19226282896432,-176.37821277220885
64.1937235900504,-176.87820983699578
64.19518435113648,-177.3782069017827
64.19664511222255,-177.87820396656963
64.20090875851294,-178.37818430854315
64.20517240480332,-178.87816465051668
64.2094360510937,-179.3781449924902
64.21369969738409,-179.87812533446373
64.21796334367447,-180.37810567643726
64.22222698996485,-180.87808601841078
64.22649063625524,-181.3780663603843
64.22689916754379,-181.8780655676445
64.22730769883235,-182.37806477490471
64.2277162301209,-182.87806398216492
64.22812476140946,-183.37806318942512
64.22853329269802,-183.87806239668532
64.22894182398657,-184.37806160394553
64.22935035527513,-184.87806081120573
64.22975888656369,-185.37806001846593
64.231223822277,-185.87805786138492
64.23268875799032,-186.3780557043039
64.23415369370363,-186.8780535472229
64.23561862941695,-187.37805139014188
64.23708356513026,-187.87804923306086
64.23854850084358,-188.37804707597985
64.2400134365569,-188.87804491889884
64.24147837227021,-189.37804276181782
64.24307738849555,-189.87803989645838
64.24467640472089,-190.37803703109893
64.24627542094623,-190.87803416573948
64.24787443717157,-191.37803130038003
64.24947345339692,-191.87802843502058
64.25107246962226,-192.37802556966113
64.2526714858476,-192.87802270430169
64.25290906734813,-193.37802241826068
64.25314664884866,-193.87802213221968
64.25338423034918,-194.37802184617868
64.25362181184971,-194.87802156013768
64.25385939335024,-195.37802127409668
64.25409697485077,-195.87802098805568
64.2543345563513,-196.37802070201468
64.25457213785182,-196.87802041597368
64.25480971935235,-197.37802012993268
64.25504730085288,-197.87801984389168
64.25525802481589,-198.37801962480418
64.2554687487789,-198.87801940571669
64.2556794727419,-199.3780191866292
64.25589019670491,-199.8780189675417
64.25610092066792,-200.3780187484542
64.25631164463093,-200.8780185293667
64.25652236859393,-201.3780183102792
64.25673309255694,-201.8780180911917
64.25694381651995,-202.3780178721042
64.25715401512164,-202.87801781512505
64.25736421372333,-203.3780177581459
64.25757441232503,-203.87801770116673
64.25778461092672,-204.37801764418757
64.25799480952841,-204.8780175872084
64.2582050081301,-205.37801753022924
64.2584152067318,-205.87801747325008
64.25862540533349,-206.37801741627092
64.25883560393518,-206.87801735929176
64.25904580253687,-207.3780173023126
64.25925600113857,-207.87801724533344
64.26331172791566,-208.37800076244542
64.26736745469276,-208.8779842795574
64.27142318146986,-209.3779677966694
64.27547890824695,-209.87795131378138
64.27953463502405,-210.37793483089337
64.28359036180115,-210.87791834800535
64.28764608857824,-211.37790186511734
64.29170181535534,-211.87788538222932
64.29575754213243,-212.3778688993413
64.29981326890953,-212.8778524164533
64.30322114126062,-213.3778396901044
64.30662901361171,-213.8778269637555
64.3100368859628,-214.3778142374066
64.31344475831389,-214.8778015110577
64.31685263066498,-215.3777887847088
64.32026050301607,-215.8777760583599
64.32366837536716,-216.377763332011
64.32707624771825,-216.8777506056621
64.32952320831801,-217.37774459862786
64.33197016891776,-217.8777385915936
64.33441712951752,-218.37773258455937
64.33686409011727,-218.87772657752512
64.33931105071703,-219.37772057049088
64.34175801131678,-219.87771456345664
64.34420497191654,-220.3777085564224
64.3466519325163,-220.87770254938815
64.34909889311605,-221.3776965423539
64.35765575244314,-221.87761979756482
64.36621261177022,-222.37754305277574
64.37476947109731,-222.87746630798665
64.3833263304244,-223.37738956319757
64.39188318975148,-223.87731281840848
64.40044004907857,-224.3772360736194
64.40899690840565,-224.87715932883032
64.41555725387646,-225.37711628073342
64.42211759934726,-225.87707323263652
64.42867794481806,-226.37703018453962
64.43523829028886,-226.87698713644272
64.44179863575967,-227.37694408834582
64.44835898123047,-227.87690104024892
64.45491932670127,-228.37685799215203
64.46147967217208,-228.87681494405513
64.46431251426803,-229.3768064385937
64.46714535636399,-229.87679793313225
64.46997819845994,-230.37678942767081
64.4728110405559,-230.87678092220938
64.47564388265185,-231.37677241674794
64.47847672474781,-231.8767639112865
64.48130956684376,-232.37675540582507
64.48414240893972,-232.87674690036363
64.48686113042527,-233.37673541054076
64.48957985191082,-233.8767239207179
64.49229857339637,-234.37671243089503
64.49501729488192,-234.87670094107216
64.49773601636747,-235.3766894512493
64.50045473785302,-235.87667796142642
64.50317345933857,-236.37666647160356
64.50589218082412,-236.8766549817807
64.5087903477735,-237.37664655897547
64.51168851472288,-237.87663813617024
64.51458668167226,-238.37662971336502
64.51748484862163,-238.8766212905598
64.52038301557101,-239.37661286775457
64.52328118252039,-239.87660444494935
64.52617934946977,-240.37659602214413
64.52907751641915,-240.8765875993389
64.53666218129965,-241.37652974001398
64.54424684618014,-241.87647188068905
64.55183151106064,-242.37641402136413
64.55941617594114,-242.8763561620392
64.56700084082163,-243.37629830271428
64.57458550570213,-243.87624044338935
64.58217017058263,-244.37618258406442
64.58975483546313,-244.8761247247395
64.59733950034362,-245.37606686541457
64.60492416522412,-245.87600900608965
64.61250883010462,-246.37595114676472
64.62009349498511,-246.8758932874398
64.62044950062354,-247.3758905286445
64.62080550626196,-247.87588776984921
64.62116151190038,-248.37588501105392
64.6215175175388,-248.87588225225863
64.62187352317723,-249.37587949346334
64.62222952881565,-249.87587673466805
64.62258553445407,-250.37587397587276
64.6229415400925,-250.87587121707747
64.62329754573092,-251.37586845828218
64.62365355136934,-251.8758656994869
64.62705941496469,-252.37584942249867
64.63046527856004,-252.87583314551046
64.63387114215539,-253.37581686852224
64.63727700575073,-253.87580059153402
64.64068286934608,-254.3757843145458
64.64408873294143,-254.87576803755758
64.64749459653677,-255.37575176056936
64.65090046013212,-255.87573548358114
64.65430632372747,-256.3757192065929
64.65648737276638,-256.8757143041085
64.65866842180529,-257.3757094016241
64.6608494708442,-257.87570449913966
64.66303051988311,-258.37569959665524
64.66521156892202,-258.8756946941708
64.66739261796093,-259.3756897916864
64.66957366699984,-259.875684889202
64.67175471603875,-260.37567998671756
64.67393576507766,-260.87567508423314
64.67611681411657,-261.3756701817487
64.67647966204973,-261.87566955696786
64.67684250998289,-262.375668932187
64.67720535791605,-262.87566830740616
64.67756820584921,-263.3756676826253
64.67793105378237,-263.87566705784445
64.67829390171553,-264.3756664330636
64.6786567496487,-264.87566580828275
64.67901959758186,-265.3756651835019
64.67938244551502,-265.87566455872104
64.67974529344818,-266.3756639339402
64.67892091762121,-266.8756623200551
64.67809654179425,-267.37566070617
64.67727216596728,-267.8756590922849
64.67644779014032,-268.3756574783998
64.67562341431335,-268.87565586451467
64.67479903848638,-269.37565425062957
64.67397466265942,-269.87565263674446
64.67315028683245,-270.37565102285936
64.67232591100549,-270.87564940897425
64.6769076333148,-271.3756284142409
64.68148935562411,-271.87560741950756
64.68607107793342,-272.3755864247742
64.69065280024273,-272.87556543004087
64.69523452255204,-273.3755444353075
64.69981624486135,-273.87552344057417
64.70439796717066,-274.3755024458408
64.70897968947997,-274.8754814511075
64.71356141178929,-275.3754604563741
64.71377483161037,-275.8754600884381
64.71398825143145,-276.3754597205021
64.71420167125252,-276.87545935256605
64.7144150910736,-277.37545898463003
64.71462851089468,-277.875458616694
64.71484193071576,-278.375458248758
64.71505535053684,-278.87545788082195
64.71526877035792,-279.37545751288593
64.71732988531981,-279.8754532129393
64.7193910002817,-280.3754489129927
64.7214521152436,-280.87544461304606
64.72351323020548,-281.37544031309943
64.72557434516737,-281.8754360131528
64.72763546012926,-282.3754317132062
64.72969657509115,-282.87542741325956
64.73175769005304,-283.37542311331293
64.73381880501493,-283.8754188133663
64.73587991997682,-284.3754145134197
64.73739510322795,-284.87540643181075
64.73891028647908,-285.3753983502018
64.74042546973021,-285.87539026859287
64.74194065298134,-286.3753821869839
64.74345583623247,-286.875374105375
64.7449710194836,-287.37536602376605
64.74648620273473,-287.8753579421571
64.74800138598586,-288.37534986054817
64.75172485512638,-288.87533586488155
64.75544832426691,-289.37532186921493
64.75917179340743,-289.8753078735483
64.76289526254796,-290.3752938778817
64.76661873168848,-290.87527988221507
64.770342200829,-291.37526588654845
64.77406566996953,-291.8752518908818
64.77778913911006,-292.3752378952152
64.78151260825058,-292.8752238995486
64.7852360773911,-293.37520990388197
64.78895954653163,-293.87519590821535
64.79034414231504,-294.3751939910589
64.79172873809844,-294.87519207390244
64.79311333388185,-295.375190156746
64.79449792966525,-295.87518823958953
64.79588252544866,-296.3751863224331
64.79726712123207,-296.8751844052766
64.79865171701547,-297.3751824881202
64.80003631279888,-297.8751805709637
64.80142090858229,-298.37517865380727
64.8028055043657,-298.8751767366508
64.80394163860025,-299.3751754315311
64.8050777728348,-299.87517412641137
64.80621390706936,-300.37517282129164
64.80735004130392,-300.8751715161719
64.80848617553848,-301.3751702110522
64.80962230977303,-301.87516890593247
64.81075844400759,-302.37516760081274
64.81189457824215,-302.875166295693
64.81214719342071,-303.37516617774565
64.81239980859928,-303.8751660597983
64.81265242377785,-304.3751659418509
64.81290503895642,-304.87516582390356
64.81315765413498,-305.3751657059562
64.81341026931355,-305.8751655880088
64.81366288449212,-306.37516547006146
64.81391549967068,-306.8751653521141
64.81308794483463,-307.37516305692736
64.81226038999858,-307.87516076174063
64.81143283516253,-308.3751584665539
64.81060528032648,-308.87515617136717
64.80977772549043,-309.37515387618043
64.80895017065438,-309.8751515809937
64.80812261581833,-310.37514928580697
64.80729506098228,-310.87514699062024
64.80646750614623,-311.3751446954335
64.80571802955444,-311.8751415094639
64.80496855296265,-312.3751383234943
64.80421907637086,-312.8751351375247
64.80346959977906,-313.3751319515551
64.80272012318727,-313.8751287655855
64.80197064659548,-314.3751255796159
64.80122117000369,-314.8751223936463
64.8004716934119,-315.3751192076767
64.7997222168201,-315.8751160217071
64.79433769120985,-316.37508679956005
64.7889531655996,-316.87505757741303
64.78356863998934,-317.375028355266
64.77818411437909,-317.874999133119
64.77279958876883,-318.37496991097197
64.76741506315858,-318.87494068882495
64.76203053754833,-319.37491146667793
64.74605569883477,-319.87465389180835
64.7300808601212,-320.37439631693877
64.71410602140764,-320.8741387420692
64.69813118269408,-321.3738811671996
64.68027994131643,-321.87356213521025
64.66242869993877,-322.3732431032209
64.64457745856112,-322.8729240712315
64.62672621718346,-323.37260503924216
64.6088749758058,-323.8722860072528
64.59102373442815,-324.37196697526343
64.56272945261563,-324.8711657271361
64.5344351708031,-325.37036447900874
64.50614088899059,-325.8695632308814
64.47784660717807,-326.36876198275405
64.44955232536554,-326.8679607346267
64.4172730252664,-327.36691730235873
64.38499372516725,-327.86587387009075
64.3527144250681,-328.3648304378228
64.32043512496895,-328.8637870055548
64.2881558248698,-329.3627435732868
64.25587652477066,-329.86170014101884
64.2288886835982,-330.360971129494
64.20190084242574,-330.8602421179691
64.17491300125329,-331.35951310644424
64.14792516008083,-331.8587840949194
64.12093731890837,-332.3580550833945
64.09394947773592,-332.85732607186964
64.06696163656346,-333.35659706034477
64.0153296006039,-333.85392256102097
63.96369756464435,-334.35124806169716
63.91206552868479,-334.84857356237336
63.860433492725235,-335.34589906304956
63.80880145676568,-335.84322456372576
63.75716942080612,-336.34055006440195
63.705537384846565,-336.83787556507815
63.65390534888701,-337.33520106575435
63.58313798983174,-337.8301674811103
63.51237063077647,-338.3251338964663
63.441603271721206,-338.8201003118223
63.37083591266594,-339.31506672717825
63.30006855361067,-339.8100331425342
63.229301194555404,-340.3049995578902
63.15853383550014,-340.7999659732462
63.08776647644487,-341.29493238860215
62.991082696292565,-341.7854945795535
62.89439891614026,-342.2760567705048
62.79771513598796,-342.7666189614561
62.70103135583565,-343.25718115240744
62.60434757568335,-343.74774334335876
62.507663795531045,-344.2383055343101
62.41098001537874,-344.7288677252614
62.30983753690569,-345.2185290328582
62.20869505843264,-345.708190340455
62.10755257995959,-346.1978516480518
62.00641010148654,-346.68751295564863
61.905267623013486,-347.17717426324543
61.804125144540436,-347.66683557084224
61.702982666067385,-348.15649687843904
61.601840187594334,-348.64615818603585
61.50069770912128,-349.13581949363265
61.38470400581998,-349.622178487797
61.26871030251867,-350.1085374819613
61.152716599217364,-350.59489647612565
61.03672289591606,-351.08125547029
60.92072919261475,-351.5676144644543
60.804735489313444,-352.05397345861866
60.68874178601214,-352.540332452783
60.57274808271083,-353.0266914469473
60.456754379409524,-353.51305044111166
60.34076067610822,-353.999409435276
60.20374915977171,-354.4802690465477
60.066737643435204,-354.96112865781936
59.9297261270987,-355.44198826909104
59.79271461076219,-355.9228478803627
59.65570309442568,-356.4037074916344
59.50457182904776,-356.88031947289045
59.35344056366984,-357.3569314541465
59.20230929829192,-357.83354343540253
59.051178032914,-358.3101554166586
58.90004676753608,-358.7867673979146
58.74891550215816,-359.26337937917066
58.58604765347638,-359.736105015476
58.42317980479459,-360.2088306517814
58.26031195611281,-360.68155628808677
58.08608279592392,-361.1502184262202
57.911853635735035,-361.6188805643536
57.73762447554615,-362.08754270248704
57.56339531535726,-362.55620484062047
57.389166155168375,-363.0248669787539
57.205789320293654,-363.49002600335103
57.02241248541893,-363.9551850279482
56.83903565054421,-364.4203440525453
56.65565881566949,-364.88550307714246
56.46340500319902,-365.3470639177286
56.27115119072855,-365.8086247583147
56.078897378258084,-366.2701855989008
55.87476150733486,-366.72661571522826
55.670625636411636,-367.1830458315557
55.46648976548841,-367.63947594788317
55.253934885411134,-368.0920466674273
55.041380005333856,-368.5446173869715
54.82882512525658,-368.99718810651564
54.6162702451793,-369.4497588260598
54.389931368818104,-369.89559591767954
54.16359249245691,-370.3414330092993
53.930490812869856,-370.78377089225023
53.697389133282805,-371.22610877520117
53.46428745369575,-371.6684466581521
53.2311857741087,-372.11078454110304
52.99808409452165,-372.553122424054
52.75408884261665,-372.9895468360045
52.510093590711655,-373.425971247955
52.26609833880666,-373.8623956599055
52.00723229421998,-374.290166884755
51.74836624963331,-374.7179381096046
51.48950020504663,-375.1457093344541
51.23063416045996,-375.5734805593037
50.97176811587328,-376.0012517841532
50.71290207128661,-376.4290230090028
50.45403602669993,-376.8567942338523
50.195169982113256,-377.2845654587019
49.92241542319401,-377.70361758949963
49.649660864274765,-378.1226697202974
49.37690630535552,-378.54172185109513
49.089407574445644,-378.95079739199514
48.80190884353577,-379.35987293289514
48.50487037901686,-379.7620766443018
48.207831914497945,-380.1642803557085
47.91079344997903,-380.5664840671152
47.60242338632748,-380.96006730454883
47.29405332267593,-381.35365054198246
46.97670559061342,-381.7400310428393
46.659357858550905,-382.1264115436961
46.34201012648839,-382.51279204455295
46.022657147264596,-382.89751749702714
45.7033041680408,-383.2822429495013
45.38395118881701,-383.6669684019755
45.064598209593214,-384.0516938544497
44.728389244404916,-384.4217780713514
44.39218027921662,-384.7918622882531
44.05052370011324,-385.15692305177134
43.70886712100986,-385.52198381528956
43.36721054190648,-385.8870445788078
43.015269030957725,-386.24220154072765
42.66332752000897,-386.5973585026475
42.311386009060215,-386.9525154645674
41.949299980771855,-387.2973221966815
41.587213952483495,-387.64212892879556
41.225127924195135,-387.98693566090964
40.85331176551268,-388.32122882795164
40.48149560683022,-388.65552199499365
40.109679448147766,-388.98981516203565
39.731660637368634,-389.31707731840646
39.3536418265895,-389.64433947477727
38.97562301581037,-389.9716016311481
38.5863493199458,-390.2853868266119
38.197075624081236,-390.5991720220757
37.80780192821667,-390.91295721753954
37.41330856013066,-391.2201584158369
37.01881519204465,-391.5273596141343
36.62432182395864,-391.8345608124317
36.220054181070886,-392.1287819239428
35.81578653818313,-392.423003035454
35.41151889529538,-392.7172241469651
35.00007196788004,-393.0013166295655
34.5886250404647,-393.2854091121659
34.1722138859263,-393.5621769093266
33.755802731387895,-393.83894470648727
33.33939157684949,-394.11571250364796
32.92298042231109,-394.39248030080864
32.49755926729029,-394.6551885795507
32.07213811226949,-394.9178968582928
31.646716957248692,-395.1806051370349
31.21410815240068,-395.4313006038339
30.781499347552668,-395.6819960706329
30.342302823557297,-395.92096275119104
29.903106299561927,-396.15992943174916
29.463909775566556,-396.3988961123073
29.016900724459703,-396.62290966665705
28.56989167335285,-396.8469232210068
28.119673608927428,-397.06441626679543
27.669455544502007,-397.28190931258405
27.219237480076586,-397.49940235837266
26.76159693241934,-397.7008101288561
26.303956384762095,-397.9022178993396
25.84631583710485,-398.10362566982303
25.388675289447605,-398.3050334403065
24.923815205266365,-398.48916609819025
24.458955121085125,-398.673298756074
23.994095036903886,-398.8574314139578
23.524556695913255,-399.02928418455383
23.055018354922623,-399.2011369551499
22.585480013931992,-399.3729897257459
22.108075513797896,-399.52159887578443
21.6306710136638,-399.67020802582294
21.150017813551354,-399.8079457242032
20.66936461343891,-399.94568342258344
20.188711413326462,-400.0834211209637
19.70594261154489,-400.2135523559129
19.22317380976332,-400.3436835908621
18.74040500798175,-400.4738148258113
18.255363759289523,-400.5952021194517
17.770322510597296,-400.7165894130921
17.28352923904047,-400.83073520377366
16.79673596748364,-400.9448809944552
16.30723313893632,-401.04678787282137
15.817730310388997,-401.1486947511875
15.328227481841676,-401.25060162955367
14.836274437252703,-401.33994412237035
14.34432139266373,-401.42928661518704
13.850540867068569,-401.5079010295398
13.356760341473407,-401.5865154438926
12.861413762775562,-401.6545640899639
12.366067184077718,-401.7226127360352
11.870720605379873,-401.7906613821065
11.373713708447976,-401.84528305495013
10.87670681151608,-401.89990472779374
10.379699914584183,-401.95452640063735
9.881255592146115,-401.99392866072105
9.382811269708046,-402.03333092080476
8.884366947269978,-402.07273318088846
8.384880822782696,-402.0953957438722
7.885394698295415,-402.1180583068559
7.385434341983491,-402.12431278114246
6.885473985671568,-402.130567255429
6.385513629359644,-402.13682172971556
5.885607321871157,-402.12719014912426
5.385701014382669,-402.11755856853296
4.886038406929695,-402.09920046074234
4.386375799476721,-402.0808423529517
3.887056442973178,-402.05476605595896
3.3877370864696346,-402.0286897589662
2.888417729966091,-402.00261346197345
2.3896466477685956,-401.9675790923486
1.8908755655711,-401.9325447227238
1.3927043870653653,-401.8898238446328
0.8945332085596305,-401.84710296654185
0.39636203005389575,-401.8043820884509
-0.10035946072612517,-401.74722204180716
-0.5970809515061462,-401.69006199516343
-1.093802442286167,-401.6329019485197
-1.5887912071185029,-401.5622962908418
-2.0837799719508387,-401.4916906331639
-2.5787687367831746,-401.421084975486
-3.070771689298473,-401.33201809632965
-3.562774641813772,-401.2429512171733
-4.054777594329071,-401.15388433801695
-4.544316373633645,-401.0521430653968
-5.033855152938219,-400.9504017927767
-5.521593044199151,-400.84035202260407
-6.009330935460083,-400.73030225243144
-6.49521890170847,-400.61234938254825
-6.981106867956857,-400.49439651266505
-7.466994834205244,-400.37644364278185
-7.950294515667928,-400.24830063111176
-8.433594197130612,-400.12015761944167
-8.913600161677406,-399.98017834330216
-9.393606126224201,-399.84019906716264
-9.87025971700713,-399.68920395377035
-10.346913307790059,-399.53820884037805
-10.819069423238819,-399.3736849109444
-11.291225538687579,-399.20916098151076
-11.760184896439238,-399.03573719428175
-12.229144254190897,-398.86231340705274
-12.69375855392725,-398.67756777992554
-13.158372853663602,-398.49282215279834
-13.618437734407317,-398.29701535328144
-14.078502615151033,-398.10120855376454
-14.536436076126831,-397.9004705649004
-14.99436953710263,-397.69973257603624
-15.447388937678904,-397.4881410511011
-15.900408338255177,-397.2765495261659
-16.35342773883145,-397.06495800123076
-16.803600161545315,-396.84737265336634
-17.25377258425918,-396.6297873055019
-17.703945006973047,-396.4122019576375
-18.151022789747483,-396.18832861653743
-18.59810057252192,-395.9644552754374
-19.045178355296354,-395.74058193433734
-19.489185433029643,-395.51067920144123
-19.933192510762932,-395.2807764685451
-20.37719958849622,-395.050873735649
-20.82120666622951,-394.8209710027529
-21.26375804084514,-394.58827745914664
-21.70630941546077,-394.35558391554036
-22.148860790076398,-394.1228903719341
-22.591412164692027,-393.8901968283278
-23.03081881113949,-393.6516187660677
-23.470225457586952,-393.4130407038076
-23.909632104034415,-393.1744626415475
-24.3485423249776,-392.9349849095476
-24.787452545920786,-392.6955071775477
-25.22636276686397,-392.4560294455478
-25.665272987807157,-392.2165517135479
-26.104183208750342,-391.977073981548
-26.543093429693528,-391.7375962495481
-26.982003650636713,-391.4981185175482
-27.419216911927172,-391.25554588600784
-27.860733864919606,-391.0209055608819
-28.30225081791204,-390.78626523575593
-28.73702807110929,-390.5393594829211
-29.17180532430654,-390.29245373008627
-29.608119476219585,-390.04827290045375
-30.045253469606305,-389.8055667553308
-30.482387462993024,-389.56286061020785
-30.9189810450608,-389.31919004967216
-31.355574627128576,-389.07551948913647
-31.791640127779566,-388.8308955025245
-32.227705628430556,-388.5862715159126
-32.663771129081546,-388.34164752930064
-33.10107994395141,-388.09924772522356
-33.53838875882128,-387.8568479211465
-33.97569757369114,-387.6144481170694
-34.41290862318401,-387.37186518695574
-34.850119672676875,-387.1292822568421
-35.28733072216974,-386.88669932672843
-35.72528722262321,-386.6454650131956
-36.163243723076675,-386.4042306996627
-36.6008738165745,-386.16240691872656
-37.03850391007232,-385.9205831377904
-37.476134003570145,-385.67875935685424
-37.90522449364384,-385.4220893848293
-38.33431498371754,-385.16541941280434
-38.76340547379124,-384.9087494407794
-39.192495963864936,-384.65207946875444
-39.62158645393863,-384.3954094967295
-40.05067694401233,-384.13873952470453
-40.47976743408603,-383.8820695526796
-40.908857924159726,-383.62539958065463
-41.286738677241374,-383.3993618460372
-41.702896239166705,-383.1222196455977
-42.119053801092036,-382.84507744515815
-42.53521136301737,-382.5679352447186
-42.9513689249427,-382.2907930442791
-43.36752648686803,-382.01365084383957
-43.77284939478744,-381.7208899467397
-44.178172302706855,-381.42812904963984
-44.58349521062627,-381.13536815253997
-44.98881811854568,-380.8426072554401
-45.39414102646509,-380.54984635834023
-45.799463934384505,-380.25708546124037
-46.19859080590385,-379.9559248315045
-46.59771767742319,-379.6547642017686
-46.99684454894253,-379.35360357203274
-47.395971420461876,-379.05244294229686
-47.79509829198122,-378.751282312561
-48.19422516350056,-378.4501216828251
-48.59379476428808,-378.1495546149695
-48.99336436507559,-377.84898754711384
-49.39293396586311,-377.5484204792582
-49.79250356665062,-377.24785341140256
-50.18384095792627,-376.93663801072887
-50.57517834920192,-376.6254226100552
-50.96651574047757,-376.3142072093815
-51.35785313175322,-376.0029918087078
-51.749190523028865,-375.6917764080341
-52.14052791430451,-375.3805610073604
-52.52960183299191,-375.06652061198827
-52.9186757516793,-374.7524802166161
-53.3077496703667,-374.43843982124395
-53.69682358905409,-374.1243994258718
-54.085897507741485,-373.8103590304996
-54.47497142642888,-373.49631863512747
-54.87191050654579,-373.19228606917534
-55.2688495866627,-372.8882535032232
-55.665788666779605,-372.5842209372711
-56.06272774689651,-372.28018837131896
-56.45966682701342,-371.97615580536683
-56.85660590713033,-371.6721232394147
-57.25354498724724,-371.3680906734626
-57.66064214438131,-371.0778144962832
-58.06773930151539,-370.7875383191039
-58.47483645864946,-370.4972621419245
-58.88193361578354,-370.2069859647452
-59.28903077291761,-369.9167097875658
-59.69612793005169,-369.62643361038647
-60.10322508718576,-369.3361574332071
-60.51032224431984,-369.04588125602777
-60.91741940145391,-368.7556050788484
-60.92801438784227,-368.74805043963715
-61.363226990902376,-368.50190875006103
-61.798439593962485,-368.2557670604849
-62.23365219702259,-368.0096253709088
-62.670052665958536,-367.7655890452936
-63.10645313489448,-367.5215527196784
-63.54285360383042,-367.27751639406324
-63.979254072766366,-367.03348006844806
-64.41565454170231,-366.7894437428329
-64.85205501063825,-366.5454074172177
-65.2884554795742,-366.3013710916025
-65.7243689233694,-366.0564641672645
-66.1602823671646,-365.8115572429265
-66.5961958109598,-365.5666503185885
-67.032109254755,-365.32174339425046
-67.4680226985502,-365.07683646991245
-67.9050006508015,-364.83384688096413
-68.3419786030528,-364.5908572920158
-68.77895655530409,-364.3478677030675
-69.21593450755539,-364.1048781141192
-69.65291245980669,-363.86188852517085
-70.09027330651887,-363.61957574205826
-70.52763415323105,-363.37726295894566
-70.96499499994323,-363.13495017583307
-71.40235584665541,-362.8926373927205
-71.83971669336759,-362.6503246096079
-72.27588681458202,-362.40587501756147
-72.71205693579645,-362.16142542551506
-73.14822705701089,-361.91697583346865
-73.58439717822532,-361.67252624142225
-74.02056729943975,-361.42807664937584
-74.45673742065418,-361.18362705732943
-74.892489056598,-360.9384419932477
-75.32824069254181,-360.69325692916595
-75.76399232848563,-360.4480718650842
-76.19974396442944,-360.2028868010025
-76.63549560037326,-359.95770173692074
-77.07376590273971,-359.71704169383844
-77.51203620510616,-359.47638165075614
-77.9503065074726,-359.23572160767384
-78.38857680983905,-358.99506156459154
-78.8268471122055,-358.75440152150924
-79.26511741457195,-358.51374147842694
-79.70246642098455,-358.27143326550936
-80.13981542739715,-358.0291250525918
-80.57716443380976,-357.7868168396742
-81.01451344022236,-357.5445086267566
-81.45186244663496,-357.30220041383905
-81.57744390628068,-357.23262344300747
-81.99936456895557,-356.964332413071
-82.42128523163046,-356.69604138313457
-82.82511480143482,-356.40122315936134
-83.22894437123918,-356.1064049355881
-83.6079577483818,-355.7803013596499
-83.95715267960223,-355.42244342956064
-84.30634761082266,-355.0645854994714
-84.6251670931429,-354.6794198363869
-84.90876241510621,-354.26763652109776
-85.19235773706951,-353.8558532058086
-85.44143772430743,-353.4223305618445
-85.65109821096475,-352.96842405634817
-85.86075869762206,-352.51451755085185
-86.0328620873032,-352.0450744760459
-86.17229214938826,-351.56490965517116
-86.31172221147331,-351.08474483429643
-86.42582331171606,-350.59793816954834
-86.53992441195881,-350.11113150480026
-86.58829095160584,-349.61347638546033
-86.60244717564382,-349.1136769218225
-86.6166033996818,-348.6138774581847
-86.56591339128087,-348.11645357354865
-86.48021019245427,-347.6238535185065
-86.3579713803379,-347.1390274025565
-86.19351758322469,-346.66685215980533
-86.06730411481112,-346.3044715025462
-85.82535195438494,-345.8669257919999
-85.58339979395876,-345.4293800814536
-85.34144763353258,-344.99183437090727
-85.0994954731064,-344.55428866036095
-84.85754331268022,-344.11674294981464
-84.61559115225404,-343.6791972392683
-84.36934227196635,-343.2440414808968
-84.12309339167865,-342.80888572252525
-83.87684451139096,-342.3737299641537
-83.63059563110326,-341.9385742057822
-83.38434675081557,-341.50341844741064
-83.14448033006452,-341.0647180808773
-82.90461390931348,-340.62601771434396
-82.66474748856244,-340.1873173478106
-82.4248810678114,-339.7486169812773
-82.18501464706036,-339.30991661474394
-81.94127851790746,-338.8733486087101
-81.69754238875457,-338.43678060267627
-81.45380625960168,-338.0002125966424
-81.21007013044878,-337.5636445906086
-80.96633400129589,-337.12707658457475
-80.72306627061695,-336.6902463660722
-80.47979853993802,-336.2534161475696
-80.23653080925908,-335.81658592906706
-79.99326307858014,-335.3797557105645
-79.7499953479012,-334.94292549206193
-79.50672761722227,-334.50609527355937
-79.26247337180325,-334.0698159759103
-79.01821912638424,-333.6335366782612
-78.77396488096522,-333.1972573806121
-78.52971063554621,-332.760978082963
-78.2854563901272,-332.3246987853139
-78.04363033050339,-331.88706891532075
-77.80180427087959,-331.4494390453276
-77.55997821125578,-331.01180917533446
-77.31815215163198,-330.5741793053413
-77.07632609200817,-330.1365494353482
-76.83450003238437,-329.698919565355
-76.59210975030881,-329.26160207677054
-76.34971946823325,-328.82428458818606
-76.10732918615768,-328.3869670996016
-76.08175275061512,-328.34088227525353
-75.83678220199864,-327.90500462178966
-75.59181165338217,-327.4691269683258
-75.34684110476569,-327.0332493148619
-75.10187055614921,-326.59737166139803
-74.85889820056865,-326.1603777436729
-74.61592584498808,-325.72338382594774
-74.37295348940752,-325.2863899082226
-74.12998113382696,-324.84939599049744
-73.8870087782464,-324.4124020727723
-73.64403642266583,-323.97540815504715
-73.40106406708527,-323.538414237322
-73.15809171150471,-323.10142031959685
-72.91511935592415,-322.6644264018717
-72.67214700034359,-322.22743248414656
-72.42917464476302,-321.7904385664214
-72.18620228918246,-321.35344464869627
-71.9432299336019,-320.9164507309711
-71.7003971393053,-320.4793821834644
-71.45756434500869,-320.04231363595767
-71.21473155071209,-319.60524508845094
-70.97189875641548,-319.1681765409442
-70.72906596211888,-318.7311079934375
-70.48623316782228,-318.29403944593076
-70.24340037352567,-317.85697089842404
-70.00056757922907,-317.4199023509173
-69.75773478493247,-316.9828338034106
-69.51490199063586,-316.54576525590386
-69.27207466751886,-316.108690069852
-69.02924734440187,-315.67161488380015
-68.78642002128487,-315.2345396977483
-68.54359269816787,-314.79746451169643
-68.30076537505087,-314.3603893256446
-68.05793805193387,-313.9233141395927
-67.81511072881688,-313.48623895354086
-67.57228340569988,-313.049163767489
-67.32945608258288,-312.61208858143715
-67.08662875946588,-312.1750133953853
-66.84380143634888,-311.73793820933344
-66.60097411323189,-311.3008630232816
-66.35814744950183,-310.86378811542886
-66.11532078577177,-310.42671320757614
-65.87249412204172,-309.9896382997234
-65.62966745831166,-309.5525633918707
-65.3868407945816,-309.115488484018
-65.14401413085155,-308.67841357616527
-64.90118746712149,-308.24133866831255
-64.65836080339143,-307.80426376045983
-64.41553413966137,-307.3671888526071
-64.17270747593132,-306.9301139447544
-63.929880812201255,-306.4930390369017
-63.68705414847119,-306.05596412904896
-63.44422748474113,-305.61888922119624
-63.20140082101106,-305.1818143133435
-62.95857404744025,-304.74473917011755
-62.71574727386944,-304.3076640268916
-62.47292050029863,-303.8705888836656
-62.230093726727816,-303.43351374043965
-61.987266953157004,-302.9964385972137
-61.74444017958619,-302.5593634539877
-61.50161340601538,-302.12228831076175
-61.25878663244457,-301.6852131675358
-61.01595985887376,-301.2481380243098
-60.773133085302945,-300.81106288108384
-60.53030631173213,-300.3739877378579
-60.28747953816132,-299.9369125946319
-60.04465413256419,-299.4998399070054
-59.80182872696706,-299.06276721937894
-59.55900332136993,-298.62569453175246
-59.3161779157728,-298.188621844126
-59.07335251017567,-297.7515491564995
-58.830527104578536,-297.314476468873
-58.587701698981405,-296.8774037812465
-58.344876293384274,-296.44033109362005
-58.10205088778714,-296.00325840599356
-58.057311867014505,-295.92273057159036
-57.81448660430619,-295.4856581543812
-57.571661341597874,-295.04858573717206
-57.32883607888956,-294.6115133199629
-57.08601081618124,-294.17444090275376
-56.844197841398476,-293.7368058262491
-56.60238486661571,-293.29917074974446
-56.36057189183294,-292.8615356732398
-56.11875891705017,-292.42390059673517
-55.876945942267405,-291.9862655202305
-55.63513296748464,-291.54863044372587
-55.39160318213492,-291.1119460738364
-55.14807339678521,-290.67526170394694
-54.90454361143549,-290.2385773340575
-54.66101382608578,-289.801892964168
-54.41748404073606,-289.36520859427856
-54.17441463678326,-288.92826817044727
-53.93134523283046,-288.491327746616
-53.68827582887766,-288.0543873227847
-53.445206424924855,-287.6174468989534
-53.20213702097205,-287.1805064751221
-52.96076075177873,-286.74262828723107
-52.719384482585404,-286.30475009934
-52.47800821339208,-285.866871911449
-52.236631944198756,-285.42899372355794
-51.99525567500543,-284.9911155356669
-51.75387940581211,-284.55323734777585
-51.50773468553225,-284.11802374387446
-51.26158996525239,-283.68281013997307
-51.01544524497253,-283.2475965360717
-50.769300524692675,-282.8123829321703
-50.524035101006476,-282.3766721714269
-50.27876967732028,-281.9409614106835
-50.03350425363408,-281.5052506499401
-49.78823882994788,-281.0695398891967
-49.74829865928041,-280.997698076535
-49.52081110973797,-280.55244761441014
-49.29332356019553,-280.10719715228527
-49.06583601065309,-279.6619466901604
-48.838348461110655,-279.2166962280355
-48.61086091156822,-278.77144576591064
-48.392336865498784,-278.32172834797535
-48.17381281942935,-277.87201093004006
-47.95528877335992,-277.4222935121048
-47.736764727290485,-276.9725760941695
-47.55038869145731,-276.5086123833291
-47.36401265562413,-276.0446486724887
-47.17763661979095,-275.5806849616483
-47.02118207122348,-275.1057957773704
-46.864727522656004,-274.63090659309256
-46.70827297408853,-274.1560174088147
-46.581131619652915,-273.6724583210344
-46.4539902652173,-273.1888992332541
-46.35376094220323,-272.69905618026684
-46.25353161918916,-272.20921312727955
-46.182346763405484,-271.71431791252775
-46.111161907621806,-271.21942269777594
-46.07668176799475,-270.7206172957151
-46.04220162836769,-270.22181189365426
-46.007721488740636,-269.7230064915934
-45.99804049625027,-269.2231024452546
-46.01440750998329,-268.723371654182
-46.08058429872309,-268.2277705037577
-46.17973555889373,-267.73770009296317
-46.278886819064375,-267.2476296821686
-46.43563898471013,-266.7728374639645
-46.59239115035589,-266.29804524576036
-46.78133833677704,-265.8351248446142
-47.00062797618793,-265.38578985653766
-47.21991761559882,-264.9364548684611
-47.439207255009705,-264.48711988038457
-47.658496894420594,-264.037784892308
-47.90031642733701,-263.600171401582
-48.16896792431764,-263.1785161033832
-48.43761942129827,-262.7568608051844
-48.738807434196076,-262.3578121834518
-49.03999544709388,-261.95876356171925
-49.36622000568066,-261.5798931795906
-49.69244456426744,-261.201022797462
-50.04514517400957,-260.8466581512714
-50.43330019770148,-260.5315106025744
-50.821455221393386,-260.21636305387733
-51.23040003176434,-259.9286957707437
-51.639344842135294,-259.64102848761
-52.063417116810065,-259.3761642029495
-52.487489391484836,-259.111299918289
-52.91981119955193,-258.86012433431074
-53.352133007619024,-258.6089487503325
-53.78445481568612,-258.35777316635426
-54.21677662375321,-258.106597582376
-54.649098431820306,-257.8554219983978
-55.0814202398874,-257.60424641441955
-55.513742047954494,-257.3530708304413
-55.94606385602159,-257.1018952464631
-56.37838566408868,-256.85071966248483
-56.471731878467835,-256.79648624313995
-56.90894847067377,-256.5539154876911
-57.346165062879706,-256.3113447322422
-57.78338165508564,-256.06877397679335
-58.220598247291576,-255.8262032213445
-58.658137866259324,-255.58421471374768
-59.09567748522707,-255.34222620615085
-59.53321710419482,-255.10023769855403
-59.970756723162566,-254.8582491909572
-60.40829634213031,-254.61626068336037
-60.84583596109806,-254.37427217576354
-61.28337558006581,-254.1322836681667
-61.720915199033556,-253.89029516056988
-62.1584548180013,-253.64830665297305
-62.59528812280859,-253.40504592406646
-63.03212142761588,-253.16178519515987
-63.468954732423164,-252.91852446625327
-63.90578803723045,-252.67526373734668
-64.34262134203773,-252.4320030084401
-64.77899331038171,-252.18791387593876
-65.21536527872568,-251.94382474343743
-65.65173724706966,-251.6997356109361
-66.08810921541364,-251.45564647843477
-66.52448118375762,-251.21155734593344
-66.96085315210159,-250.9674682134321
-67.39805581803412,-250.72487426666376
-67.83525848396665,-250.4822803198954
-68.27246114989919,-250.23968637312706
-68.70966381583172,-249.9970924263587
-69.14686648176425,-249.75449847959035
-69.583357979823,-249.5106246016522
-70.01984947788176,-249.26675072371407
-70.45634097594052,-249.02287684577593
-70.89283247399928,-248.77900296783778
-71.32932397205803,-248.53512908989964
-71.76631893150133,-248.2921594835451
-72.20331389094463,-248.04918987719057
-72.64030885038792,-247.80622027083604
-72.99006104766158,-247.6113021117635
-73.40899970803605,-247.3384253488401
-73.82793836841051,-247.0655485859167
-74.24687702878498,-246.7926718229933
-74.66581568915944,-246.5197950600699
-75.08475434953391,-246.2469182971465
-75.50369300990837,-245.9740415342231
-75.92263167028284,-245.7011647712997
-76.3415703306573,-245.42828800837628
-76.75399131958677,-245.14563563906734
-77.16641230851624,-244.8629832697584
-77.57883329744571,-244.58033090044944
-77.99125428637518,-244.2976785311405
-78.40367527530465,-244.01502616183154
-78.79069506801515,-243.69845808568175
-79.16685076544806,-243.36905655131034
-79.52901989544203,-243.0243384486004
-79.85117476660302,-242.6419648543985
-80.11679214345591,-242.2183643002626
-80.34030561397418,-241.77111699146542
-80.53088501209274,-241.30887586506233
-80.70373915800607,-240.8397132180829
-80.85164407019816,-240.36209880350202
-80.99436932194915,-239.88291048453567
-81.12327322742642,-239.39981873034012
-81.23639783174106,-238.9127916108545
-81.3167019802101,-238.41928957928528
-81.36372849737589,-237.92151750796873
-81.38344681977831,-237.42191141164548
-81.39540016872708,-236.9220582699236
-81.38849115740676,-236.42210808533923
-81.37059092475384,-235.92242987606159
-81.34648616470514,-235.42301160060194
-81.3196375377744,-234.92373297111473
-81.27399396286036,-234.4258207853761
-81.21496527159533,-233.9293182417685
-81.12381280675324,-233.43770837251762
-81.01011033852481,-232.95083512559594
-80.84270303294518,-232.47972107375162
-80.67529572736555,-232.0086070219073
-80.47477705744282,-231.5505992939751
-80.27425838752009,-231.0925915660429
-80.07373971759736,-230.6345838381107
-79.9685367429629,-230.3942881319672
-79.72688248353123,-229.9565776889399
-79.48522822409956,-229.5188672459126
-79.24357396466789,-229.0811568028853
-79.00191970523622,-228.643446359858
-78.76026544580455,-228.2057359168307
-78.52397544658614,-227.76509447739312
-78.28768544736772,-227.32445303795555
-78.05139544814931,-226.88381159851798
-77.8151054489309,-226.4431701590804
-77.57881544971248,-226.00252871964284
-77.34252545049407,-225.56188728020527
-77.10623545127565,-225.1212458407677
-76.86994545205724,-224.68060440133013
-76.64223949920085,-224.23546402642498
-76.41453354634447,-223.79032365151983
-76.18682759348809,-223.34518327661468
-75.95912164063171,-222.90004290170953
-75.7350662808137,-222.45305473550064
-75.51101092099569,-222.00606656929176
-75.28695556117768,-221.55907840308288
-75.06290020135967,-221.112090236874
-74.84813035721352,-220.6605666407604
-74.63336051306737,-220.20904304464682
-74.41859066892123,-219.75751944853323
-74.20725222389032,-219.30437950787112
-73.99591377885942,-218.851239567209
-73.78457533382851,-218.3980996265469
-73.57323688879761,-217.94495968588478
-73.3686945890525,-217.48871222443975
-73.16415228930738,-217.03246476299472
-72.95960998956227,-216.5762173015497
-72.75506768981715,-216.11996984010466
-72.56101121342161,-215.65916461673302
-72.36695473702606,-215.1983593933614
-72.17289826063052,-214.73755416998975
-71.97884178423497,-214.2767489466181
-71.78478530783943,-213.81594372324648
-71.59827962304003,-213.3520303475851
-71.41177393824063,-212.88811697192372
-71.22526825344123,-212.42420359626234
-71.03876256864183,-211.96029022060097
-70.85225688384243,-211.4963768449396
-70.6704202683945,-211.03061361730929
-70.48858365294656,-210.56485038967898
-70.30674703749862,-210.09908716204868
-70.12491042205069,-209.63332393441837
-69.94307380660275,-209.16756070678807
-69.77362828262174,-208.6971479974259
-69.60418275864073,-208.22673528806374
-69.43473723465972,-207.75632257870157
-69.26529171067871,-207.2859098693394
-69.0958461866977,-206.81549715997724
-68.92640066271669,-206.34508445061508
-68.75695513873568,-205.8746717412529
-68.59555496085521,-205.40143876147008
-68.43415478297474,-204.92820578168724
-68.27275460509428,-204.4549728019044
-68.11135442721381,-203.98173982212157
-67.94995424933335,-203.50850684233873
-67.78855407145288,-203.0352738625559
-67.63396272148627,-202.5597726580321
-67.47937137151966,-202.0842714535083
-67.32478002155305,-201.6087702489845
-67.17018867158644,-201.13326904446072
-67.01559732161984,-200.65776783993692
-66.86937750646993,-200.1796258471886
-66.72315769132003,-199.70148385444026
-66.57693787617012,-199.22334186169192
-66.43071806102022,-198.7451998689436
-66.28449824587031,-198.26705787619525
-66.1382784307204,-197.78891588344692
-66.00277939113901,-197.30762599357126
-65.86728035155762,-196.8263361036956
-65.73178131197623,-196.34504621381996
-65.59628227239484,-195.8637563239443
-65.46078323281345,-195.38246643406865
-65.33200603443012,-194.89933614321092
-65.20322883604679,-194.4162058523532
-65.07445163766346,-193.93307556149546
-64.94567443928013,-193.44994527063773
-64.8168972408968,-192.96681497978
-64.69494086306034,-192.48191929975434
-64.57298448522388,-191.99702361972868
-64.45102810738743,-191.51212793970302
-64.32907172955098,-191.02723225967736
-64.20918693534156,-190.54181837300865
-64.08930214113215,-190.05640448633994
-63.96941734692274,-189.57099059967123
-63.84953255271333,-189.08557671300252
-63.74066339472473,-188.59757374599894
-63.63179423673613,-188.10957077899536
-63.52292507874753,-187.62156781199178
-63.414055920758926,-187.1335648449882
-63.31261206019092,-186.64396549789325
-63.21116819962292,-186.1543661507983
-63.109724339054914,-185.66476680370334
-63.00828047848691,-185.1751674566084
-62.906836617918906,-184.68556810951344
-62.8053927573509,-184.1959687624185
-62.716130031768536,-183.7040046214299
-62.62686730618617,-183.21204048044132
-62.537604580603805,-182.72007633945273
-62.44834185502144,-182.22811219846415
-62.359079129439074,-181.73614805747556
-62.276532766592496,-181.2430090609003
-62.19398640374592,-180.74987006432505
-62.11144004089934,-180.2567310677498
-62.02889367805276,-179.76359207117454
-61.94634731520618,-179.2704530745993
-61.874020528378956,-178.77571220574302
-61.80169374155173,-178.28097133688675
-61.729366954724505,-177.78623046803048
-61.65704016789728,-177.2914895991742
-61.59238150099341,-176.79568939811406
-61.527722834089545,-176.29988919705391
-61.46306416718568,-175.80408899599377
-61.39840550028181,-175.30828879493362
-61.33529462248746,-174.81228779231208
-61.27218374469311,-174.31628678969054
-61.20907286689876,-173.820285787069
-61.150973325860136,-173.32367469849294
-61.09287378482151,-172.82706360991688
-61.03477424378289,-172.33045252134082
-60.98226645481543,-171.83321925506496
-60.92975866584797,-171.3359859887891
-60.87725087688051,-170.83875272251325
-60.82474308791305,-170.3415194562374
-60.77223529894559,-169.84428618996154
-60.73032390397535,-169.3460466782358
-60.68841250900512,-168.84780716651008
-60.64650111403488,-168.34956765478435
-60.60458971906465,-167.85132814305862
-60.56267832409441,-167.3530886313329
-60.51823713690068,-166.85506839387133
-60.47379594970695,-166.35704815640977
-60.42935476251321,-165.85902791894821
-60.39252566336926,-165.36038616187452
-60.35569656422531,-164.86174440480082
-60.31886746508136,-164.36310264772712
-60.28203836593741,-163.86446089065342
-60.24830383947291,-163.36560231647556
-60.21456931300841,-162.8667437422977
-60.18083478654391,-162.36788516811984
-60.14710026007941,-161.86902659394198
-60.1215621259176,-161.36968186261674
-60.096023991755786,-160.8703371312915
-60.07048585759397,-160.37099239996627
-60.04494772343216,-159.87164766864103
-60.019409589270346,-159.3723029373158
-59.99387145510853,-158.87295820599056
-59.9697679012396,-158.37353952524762
-59.945664347370666,-157.8741208445047
-59.92156079350173,-157.37470216376175
-59.8974572396328,-156.87528348301882
-59.87335368576387,-156.37586480227588
-59.849250131894934,-155.87644612153295
-59.83293701335788,-155.39320968370885
-59.83377579455198,-154.8932128213396
-59.83461457574609,-154.39321595897036
-59.83545335694019,-153.89321909660111
-59.8362921381343,-153.39322223423187
-59.8371309193284,-152.89322537186263
-59.83796970052251,-152.39322850949338
-59.83880848171661,-151.89323164712414
-59.83964726291072,-151.3932347847549
-59.84048604410482,-150.89323792238565
-59.841324825298926,-150.3932410600164
-59.84216359852514,-149.89324769061392
-59.84300237175135,-149.39325432121143
-59.84384114497757,-148.89326095180894
-59.84467991820378,-148.39326758240645
-59.845518691429994,-147.89327421300396
-59.84635746465621,-147.39328084360147
-59.84719623788242,-146.89328747419898
-59.848035011108635,-146.3932941047965
-59.84887378433485,-145.893300735394
-59.84971255756106,-145.39330736599152
-59.850551340535084,-144.89330830519077
-59.851390123509105,-144.39330924439003
-59.85222890648313,-143.89331018358928
-59.85306768945715,-143.39331112278853
-59.85390647243117,-142.89331206198779
-59.85474525540519,-142.39331300118704
-59.85558403837921,-141.8933139403863
-59.856422821353235,-141.39331487958555
-59.857261604327256,-140.8933158187848
-59.85810038730128,-140.39331675798405
-59.8589391702753,-139.8933176971833
-59.859777943218,-139.39332453671952
-59.8606167161607,-138.89333137625573
-59.8614554891034,-138.39333821579194
-59.8622942620461,-137.89334505532815
-59.8631330349888,-137.39335189486437
-59.8639718079315,-136.89335873440058
-59.8648105808742,-136.3933655739368
-59.8656493538169,-135.893372413473
-59.8664881267596,-135.39337925300921
-59.8673268997023,-134.89338609254543
-59.868165672645,-134.39339293208164
-59.8690044455877,-133.89339977161785
-59.869843227644544,-133.39340111694045
-59.87068200970139,-132.89340246226305
-59.871520791758236,-132.39340380758566
-59.87235957381508,-131.89340515290826
-59.87319835587193,-131.39340649823086
-59.874037137928774,-130.89340784355346
-59.87487591998562,-130.39340918887606
-59.875714702042465,-129.89341053419867
-59.87655348409931,-129.39341187952127
-59.87739226615616,-128.89341322484387
-59.878231048213,-128.39341457016647
-59.87906983026985,-127.89341591548909
-59.879908612326695,-127.3934172608117
-59.88074739438354,-126.89341860613432
-59.881586176440386,-126.39341995145693
-59.88242495849723,-125.89342129677955
-59.88326374055408,-125.39342264210217
-59.884102522610924,-124.89342398742478
-59.88466601172695,-124.55752767482772
-59.90909080379712,-124.05812643075464
-59.93351559586729,-123.55872518668156
-59.95794038793746,-123.05932394260847
-59.98236518000763,-122.55992269853539
-60.006789972077804,-122.0605214544623
-60.031214764147975,-121.56112021038922
-60.0333712142789,-121.06112510561279
-60.03552766440983,-120.56113000083636
-60.03768411454075,-120.06113489605993
-60.03984056467168,-119.5611397912835
-60.041997014802604,-119.06114468650706
-60.04415346493353,-118.56114958173063
-60.046309915064455,-118.0611544769542
-60.04846636519538,-117.56115937217777
-60.04875536794812,-117.06116040881923
-60.049044370700855,-116.5611614454607
-60.04933337345359,-116.06116248210216
-60.04962237620633,-115.56116351874363
-60.04991137895907,-115.06116455538509
-60.050200381711804,-114.56116559202655
-60.05048938446454,-114.06116662866802
-60.05077838721728,-113.56116766530948
-60.051067389970015,-113.06116870195095
-60.04405769218927,-112.56121838756438
-60.037047994408525,-112.06126807317781
-60.03003829662778,-111.56131775879125
-60.023028598847034,-111.06136744440468
-60.01601890106629,-110.56141713001811
-60.009009203285544,-110.06146681563155
-60.0019995055048,-109.56151650124498
-59.99498980772405,-109.06156618685841
-59.98274265624706,-108.56171717898386
-59.97049550477007,-108.0618681711093
-59.95824835329308,-107.56201916323474
-59.94600120181609,-107.06217015536018
-59.9337540503391,-106.56232114748562
-59.921506898862106,-106.06247213961106
-59.9083240747036,-105.56264650117028
-59.90742897847667,-105.52870900509879
-60.10581400350202,-43.4557633921504
-60.10862152419917,-42.95577172277913
-60.111429044896326,-42.455780053407864
-60.11423656559348,-41.955788384036595
-60.11704408629063,-41.455796714665325
-60.11985160698779,-40.955805045294056
-60.12265912768494,-40.45581337592279
-60.125466648382094,-39.95582170655152
-60.12827416907925,-39.45583003718025
-60.1310816897764,-38.95583836780898
-60.133889195958794,-38.45584925316938
-60.13669670214119,-37.955860138529786
-60.13950420832358,-37.45587102389019
-60.14231171450597,-36.95588190925059
-60.145119220688365,-36.455892794610996
-60.14792672687076,-35.9559036799714
-60.15073423305315,-35.4559145653318
-60.15354173923554,-34.955925450692206
-60.15604465093929,-34.51018160348758
-60.15885215484144,-34.010192928226026
-60.16165965874359,-33.51020425296447
-60.164467162645735,-33.010215577702915
-60.16727468114723,-32.51022430099211
-60.17008219964872,-32.0102330242813
-60.17288971815021,-31.510241747570493
-60.1756972366517,-31.010250470859688
-60.17850475515319,-30.510259194148883
-60.18131227365468,-30.010267917438078
-60.184119792156174,-29.510276640727273
-60.186927310657666,-29.010285364016468
-60.18973482915916,-28.510294087305663
-60.19254234766065,-28.010302810594858
-60.19534986616214,-27.510311533884053
-60.19815738466363,-27.010320257173248
-60.20096490718921,-26.51032826841302
-60.20377242971479,-26.01033627965279
-60.20657995224037,-25.51034429089256
-60.20938747476595,-25.010352302132333
-60.212194997291526,-24.510360313372104
-60.215002519817105,-24.010368324611875
-60.217810042342684,-23.510376335851646
-60.22061756486826,-23.010384347091417
-60.22342508739384,-22.51039235833119
-60.22623260991942,-22.01040036957096
-60.229040132445,-21.51040838081073
-60.23184765497058,-21.0104163920505
-60.23465517682135,-20.510424536102892
-60.23746269867212,-20.010432680155283
-60.24027022052289,-19.510440824207674
-60.24307774237366,-19.010448968260064
-60.24588526422443,-18.510457112312455
-60.248692786075196,-18.010465256364846
-60.251500307925966,-17.510473400417236
-60.254307829776735,-17.010481544469627
-60.25711535093428,-16.51048981306301
-60.25992287209182,-16.010498081656394
-60.26273039324936,-15.510506350249779
-60.265537914406906,-15.010514618843164
-60.26834541742572,-14.510525840255571
-60.271152920444536,-14.010537061667979
-60.27396042346335,-13.510548283080386
-60.276767926482165,-13.010559504492793
-60.27957542950098,-12.5105707259052
-60.282382932519795,-12.010581947317608
-60.28519043553861,-11.510593168730015
-60.287997938557425,-11.010604390142422
-60.29080544157624,-10.51061561155483
-60.293612944595054,-10.010626832967237
-60.29642044761387,-9.510638054379644
-60.299227950632684,-9.010649275792051
-60.3020354536515,-8.510660497204459
-60.30284466617741,-8.366547675337642
-60.305652180407066,-7.866557341980539
-60.308459694636724,-7.366567008623436
-60.31126720886638,-6.866576675266333
-60.31407472309604,-6.36658634190923
-60.3168822373257,-5.8665960085521265
-60.31968975155536,-5.366605675195023
-60.32249726578502,-4.86661534183792
-60.325304780014676,-4.366625008480817
-60.328112294244335,-3.8666346751237137
-60.33091980847399,-3.3666443417666105
-60.33372732270365,-2.8666540084095073
-60.33653483693331,-2.366663675052404
-60.33934235116297,-1.8666733416953012
-60.34214986539263,-1.3666830083381982
-60.34495737962229,-0.8666926749810953
-60.347764893851945,-0.36670234162399223
-60.34860723745078,-0.21668933285400271
-60.351414751146955,0.2833010862923873
-60.35422226484313,0.7832915054387773
-60.35702977853931,1.2832819245851674
-60.35983729223548,1.7832723437315574
-60.363242815131976,2.2832605849649523
-60.36664833802847,2.783248826198347
-60.37005386092496,3.2832370674317417
-60.373459383821455,3.7832253086651364
-60.37686490671795,4.283213549898531
-60.38027042961444,4.783201791131926
-60.383675952510934,5.283190032365321
-60.38708147540743,5.7831782735987165
-60.39048699830392,6.283166514832112
-60.39473666828281,6.783148412256956
-60.3989863382617,7.283130309681801
-60.39918055068634,7.7831301853576935
-60.39937476311098,8.283130061033585
-60.399568975535615,8.783129936709477
-60.399763187960254,9.283129812385368
-60.40177650221347,9.783125604367942
-60.40378981646669,10.283121396350516
-60.40580313071991,10.78311718833309
-60.40781644497313,11.283112980315664
-60.40876632963773,11.510706165805459
-60.41250790353812,12.010692154503849
-60.41624947743851,12.510678143202238
-60.419991051338904,13.010664131900628
-60.421448442769616,13.510660726761442
-60.42290583420033,14.010657321622256
-60.42436322563104,14.51065391648307
-60.42582061706175,15.010650511343885
-60.427609562218066,15.510646950343764
-60.42939850737438,16.01064338934364
-60.43118745253069,16.51063982834352
-60.43297639768701,17.0106362673434
-60.43476534284332,17.51063270634328
-60.436554287999634,18.01062914534316
-60.43834323315595,18.51062558434304
-60.44013217831226,19.01062202334292
-60.441921123468575,19.510618462342798
-60.44371006862489,20.010614901342677
-60.4454990137812,20.510611340342557
-60.447287958937515,21.010607779342436
-60.44907690409383,21.510604218342316
-60.45086584925014,22.010600657342195
-60.452654794406456,22.510597096342075
-60.45718058858419,23.010576612008837
-60.46170638276192,23.5105561276756
-60.46623217693965,24.01053564334236
-60.47075797111738,24.510515159009124
-60.47528376529511,25.010494674675886
-60.47980955947284,25.51047419034265
-60.48433535365057,26.01045370600941
-60.4888611478283,26.510433221676173
-60.49338694200603,27.010412737342936
-60.497912736183764,27.510392253009698
-60.502438530361495,28.01037176867646
-60.506964324539226,28.510351284343223
-60.51149011871696,29.010330800009985
-60.51601591289469,29.510310315676747
-60.52054170707242,30.01028983134351
-60.52506750125015,30.510269347010272
-60.52959329542788,31.010248862677035
-60.53411908960561,31.510228378343797
-60.53864488378334,32.010207894010556
-60.53904086645578,32.510207577742406
-60.539436849128215,33.01020726147426
-60.53983283180065,33.51020694520611
-60.54022881447309,34.01020662893796
-60.540624797145526,34.51020631266981
-60.54102077981796,35.01020599640166
-60.5414167624904,35.51020568013351
-60.54181274516284,36.01020536386536
-60.5438695066316,36.51020095348388
-60.54592626810037,37.0101965431024
-60.54798302956913,37.510192132720924
-60.5500397910379,38.010187722339445
-60.55209655250666,38.51018331195797
-60.554153313975426,39.01017890157649
-60.560558428749886,39.5101369123035
-60.566963543524345,40.010094923030515
-60.573368658298804,40.51005293375753
-60.57977377307326,41.01001094448454
-60.58617888784772,41.509968955211555
-60.59258400262218,42.00992696593857
-60.59898911739664,42.50988497666558
-60.6053942321711,43.009842987392595
-60.610643293937144,43.50981254975334
-60.61589235570319,44.00978211211409
-60.62114141746923,44.509751674474835
-60.626390479235276,45.00972123683558
-60.63163954100132,45.50969079919633
-60.636888602767364,46.009660361557074
-60.64213766453341,46.50962992391782
-60.64738672629945,47.00959948627857
-60.6487287744457,47.50959752037799
-60.65007082259195,48.00959555447741
-60.6514128707382,48.50959358857683
-60.65275491888445,49.00959162267625
-60.654096967030696,49.50958965677567
-60.655439015176945,50.00958769087509
-60.66321845083052,50.509527103258144
-60.670997886484095,51.0094665156412
-60.67877732213767,51.50940592802426
-60.686556757791244,52.009345340407314
-60.69433619344482,52.50928475279037
-60.702115629098394,53.00922416517343
-60.70989506475197,53.509163577556485
-60.71767450040554,54.00910298993954
-60.72605543342781,54.50903267663211
-60.734436366450076,55.00896236332468
-60.74281729947234,55.508892050017245
-60.75119823249461,56.00882173670981
-60.759579165516875,56.50875142340238
-60.76796009853914,57.00868111009495
-60.77634103156141,57.508610796787515
-60.784721964583674,58.00854048348008
-60.78981215174727,58.50851457093197
-60.794902338910866,59.00848865838386
-60.79999252607446,59.50846274583575
-60.80508271323806,60.00843683328764
-60.81017290040165,60.50841092073953
-60.81526308756525,61.00838500819142
-60.820353274728845,61.50835909564331
-60.82544346189244,62.008333183095196
-60.83356371138747,62.50826708293019
-60.8416839608825,63.00820098276518
-60.84980421037753,63.508134882600174
-60.85792445987256,64.00806878243517
-60.866044709367586,64.50800268227017
-60.874164958862615,65.00793658210517
-60.882285208357644,65.50787048194017
-60.89040545785267,66.00780438177517
-60.8991318458169,66.50772815580535
-60.907858233781134,67.00765192983553
-60.916584621745365,67.50757570386571
-60.925311009709596,68.00749947789589
-60.934037397673826,68.50742325192607
-60.94276378563806,69.00734702595625
-60.95149017360229,69.50727079998643
-60.96021656156652,70.00719457401661
-60.95571313383831,70.50717426711113
-60.9512097061101,71.00715396020564
-60.94670627838189,71.50713365330016
-60.94220285065368,72.00711334639468
-60.93769942292547,72.50709303948919
-60.93319599519726,73.00707273258371
-60.92869256746905,73.50705242567822
-60.92418913974084,74.00703211877274
-60.91968571201263,74.50701181186726
-60.91518228428442,75.00699150496177
-60.91067885655621,75.50697119805629
-60.906175428828,76.00695089115081
-60.90167200109979,76.50693058424532
-60.89716857337158,77.00691027733984
-60.89266514564337,77.50688997043436
-60.88816171791516,78.00686966352887
-60.88365829018695,78.50684935662339
-60.87915486245874,79.00682904971791
-60.8764564244193,79.3064151215367
-60.88454669071385,79.80634957775392
-60.89263695700839,80.30628403397114
-60.90072722330294,80.80621849018836
-60.90881748959748,81.30615294640558
-60.916907755892026,81.8060874026228
-60.92499802218657,82.30602185884001
-60.933088288481116,82.80595631505723
-60.94117855477566,83.30589077127445
-60.949268821070206,83.80582522749167
-60.95735908736475,84.30575968370889
-60.965449353659295,84.8056941399261
-60.97353961995384,85.30562859614332
-60.981629886248385,85.80556305236054
-60.98972015254293,86.30549750857776
-60.99838783774098,86.80542232312041
-61.00705552293903,87.30534713766306
-61.015723208137075,87.80527195220571
-61.024390893335124,88.30519676674837
-61.03305857853317,88.80512158129102
-61.04172626373122,89.30504639583367
-61.05039394892927,89.80497121037632
-61.05906163412732,90.30489602491897
-61.067729319325366,90.80482083946163
-61.076397004523415,91.30474565400428
-61.08506468972146,91.80467046854693
-61.09373237491951,92.30459528308958
-61.10240006011756,92.80452009763223
-61.11106774531561,93.30444491217489
-61.11973543051366,93.80436972671754
-61.128403115711706,94.30429454126019
-61.137089240094404,94.80421876001104
-61.1457753644771,95.30414297876189
-61.1544614888598,95.80406719751274
-61.1631476132425,96.30399141626359
-61.1718337376252,96.80391563501443
-61.1805198620079,97.30383985376528
-61.1892059863906,97.80376407251613
-61.197892110773296,98.30368829126698
-61.206578235155995,98.80361251001783
-61.21526435953869,99.30353672876868
-61.22395048392139,99.80346094751953
-61.23263660830409,100.30338516627037
-61.24132273268679,100.80330938502122
-61.25000885706949,101.30323360377207
-61.25869498145219,101.80315782252292
-61.267381105834886,102.30308204127377
-61.276067230217585,102.80300626002462
-61.284753354600284,103.30293047877547
-61.28786116070114,103.48179823020473
-61.29654832610118,103.98172237732058
-61.30523549150122,104.48164652443643
-61.31392265690126,104.98157067155228
-61.3226098223013,105.48149481866812
-61.33129698770134,105.98141896578397
-61.32981150683581,106.48140974160751
-61.32832602597028,106.98140051743104
-61.326840545104744,107.48139129325457
-61.32535506423921,107.98138206907811
-61.32386958337368,108.48137284490164
-61.322384102508146,108.98136362072518
-61.32089862164261,109.48135439654871
-61.31941314077708,109.98134517237224
-61.31792765991155,110.48133594819578
-61.316442179046014,110.98132672401931
-61.31495669818048,111.48131749984285
-61.31347121731495,111.98130827566638
-61.311985736449415,112.48129905148991
-61.31050025558388,112.98128982731345
-61.30901477471835,113.48128060313698
-61.30752929385282,113.98127137896051
-61.306043812987284,114.48126215478405
-61.30455833212175,114.98125293060758
-61.30307285125622,115.48124370643112
-61.301587370390685,115.98123448225465
-61.30010188952515,116.48122525807818
-61.29861640865962,116.98121603390172
-61.297130927794086,117.48120680972525
-61.29564544692855,117.98119758554878
-61.29415996606302,118.48118836137232
-61.29267448519749,118.98117913719585
-61.291189004331954,119.48116991301939
-61.28970352346642,119.98116068884292
-61.28821804260089,120.48115146466645
-61.286732561735356,120.98114224048999
-61.28432340345685,121.48113480455187
-61.284229025710374,121.50072179967538
-61.30075275703227,122.00008449554682
-61.31727648835417,122.49944719141826
-61.333800219676064,122.9988098872897
-61.37008983829866,123.4972665952916
-61.40637945692126,123.99572330329352
-61.442669075543854,124.49418001129543
-61.47895869416645,124.99263671929734
-61.51524831278905,125.49109342729925
-61.551537931411644,125.98955013530116
-61.58782755003424,126.48800684330307
-61.64748400344996,126.98410595544811
-61.70714045686568,127.48020506759316
-61.7667969102814,127.97630417973821
-61.82645336369712,128.47240329188327
-61.88610981711284,128.96850240402833
-61.94576627052856,129.4646015161734
-62.04511089225642,129.95426881641598
-62.144455513984276,130.44393611665856
-62.243800135712135,130.93360341690115
-62.343144757439994,131.42327071714374
-62.44248937916785,131.91293801738632
-62.54183400089571,132.4026053176289
-62.68759937838929,132.880464164606
-62.83336475588286,133.35832301158308
-62.97913013337644,133.83618185856017
-63.12489551087001,134.31404070553725
-63.27066088836359,134.79189955251434
-63.43978509106149,135.26196208469722
-63.60890929375939,135.7320246168801
-63.77803349645729,136.20208714906298
-63.94715769915519,136.67214968124586
-64.1162819018531,137.14221221342873
-64.285406104551,137.61227474561161
-64.50979759796125,138.0582483574771
-64.7341890913715,138.5042219693426
-64.95858058478176,138.9501955812081
-65.18297207819201,139.3961691930736
-65.40736357160226,139.8421428049391
-65.63175506501251,140.2881164168046
-65.88835787231585,140.71602604232592
-66.14496067961919,141.14393566784724
-66.40156348692253,141.57184529336857
-66.65816629422586,141.9997549188899
-66.9147691015292,142.42766454441121
-67.20314682238617,142.83440518601415
-67.49152454324314,143.2411458276171
-67.77990226410012,143.64788646922003
-68.06827998495709,144.05462711082296
-68.35665770581406,144.4613677524259
-68.64503542667103,144.86810839402884
-68.9607749347205,145.25392662589363
-69.27651444276998,145.63974485775842
-69.59225395081945,146.0255630896232
-69.90799345886893,146.411381321488
-70.2237329669184,146.79719955335278
-70.58241913981041,147.1437955582498
-70.94110531270242,147.4903915631468
-71.29979148559443,147.8369875680438
-71.65847765848643,148.18358357294082
-72.01716383137844,148.53017957783783
-72.37585000427045,148.87677558273484
-72.75899612035597,149.19641410307733
-73.1421422364415,149.51605262341982
-73.52528835252703,149.83569114376232
-73.90843446861255,150.1553296641048
-74.29158058469808,150.4749681844473
-74.704210197691,150.75586831812407
-75.11683981068391,151.03676845180084
-75.52946942367683,151.3176685854776
-75.94209903666975,151.59856871915437
-76.35472864966266,151.87946885283114
-76.76735826265558,152.1603689865079
-77.20438261597187,152.4012384233209
-77.64140696928816,152.6421078601339
-78.07843132260444,152.8829772969469
-78.51545567592073,153.1238467337599
-78.95248002923702,153.3647161705729
-79.38950438255331,153.6055856073859
-79.84712794653537,153.80400342441226
-80.30475151051742,154.0024212414386
-80.76237507449947,154.20083905846496
-81.21999863848153,154.39925687549132
-81.67762220246358,154.59767469251767
-82.1465777779135,154.7673153282334
-82.61553335336343,154.93695596394912
-83.08448892881336,155.10659659966484
-83.55344450426328,155.27623723538056
-84.02240007971321,155.4458778710963
-84.49135565516313,155.615518506812
-84.97272173200446,155.74520702185987
-85.45408780884578,155.87489553690773
-85.93545388568711,156.0045840519556
-86.41681996252844,156.13427256700345
-86.89818603936976,156.2639610820513
-87.37955211621109,156.39364959709917
-87.87257095224766,156.46884033284974
-88.36558978828423,156.5440310686003
-88.8586086243208,156.61922180435087
-89.35162746035736,156.69441254010144
-89.84464629639393,156.769603275852
-90.34239217731772,156.8002273156101
-90.84013805824151,156.8308513553682
-91.3378839391653,156.8614753951263
-91.83562982008908,156.8920994348844
-92.33337570101287,156.92272347464248
-92.83112158193666,156.95334751440058
-93.32947080961392,156.9397335103239
-93.82782003729119,156.9261195062472
-94.32616926496846,156.91250550217052
-94.82451849264572,156.89889149809383
-95.32286772032299,156.88527749401715
-95.82121694800026,156.87166348994046
-96.31785654350078,156.8323372781048
-96.8144961390013,156.79301106626914
-97.31113573450183,156.7536848544335
-97.80777533000236,156.71435864259783
-98.30441492550288,156.67503243076217
-98.79762567927959,156.6056522123583
-99.2908364330563,156.53627199395444
-99.784047186833,156.46689177555058
-100.27725794060972,156.39751155714671
-100.77046869438642,156.32813133874285
-101.24849636929882,156.18759114265887
-101.72652404421122,156.0470509465749
-102.20455171912361,155.90651075049092
-102.68257939403601,155.76597055440695
-103.16060706894841,155.62543035832297
-103.6386347438608,155.484890162239
-104.0968295452105,155.2888177403834
-104.55502434656019,155.0927453185278
-105.01321914790988,154.8966728966722
-105.47141394925957,154.70060047481658
-105.92960875060926,154.50452805296098
-106.37974753868168,154.29114802827715
-106.8298863267541,154.07776800359332
-107.28002511482653,153.8643879789095
-107.73016390289895,153.65100795422566
-108.18030269097137,153.43762792954183
-108.6304414790438,153.224247904858
-109.06755372538888,152.98520145002854
-109.50466597173396,152.74615499519908
-109.94177821807904,152.50710854036961
-110.37889046442412,152.26806208554015
-110.8160027107692,152.0290156307107
-111.25311495711428,151.78996917588123
-111.67247708771765,151.5210373196515
-112.09183921832103,151.25210546342177
-112.5112013489244,150.98317360719204
-112.93056347952778,150.71424175096232
-113.34992561013115,150.4453098947326
-113.75515157502979,150.1552769658914
-114.16037753992842,149.86524403705022
-114.56560350482705,149.57521110820903
-114.97082946972569,149.28517817936785
-115.36599654661586,148.9814491972909
-115.76116362350604,148.67772021521398
-116.15633070039621,148.37399123313705
-116.55149777728639,148.07026225106011
-116.94666485417656,147.76653326898318
-117.34183193106674,147.46280428690625
-117.73699900795691,147.15907530482932
-118.12204222799308,146.84214806285323
-118.50708544802924,146.52522082087714
-118.89212866806541,146.20829357890105
-119.27717188810158,145.89136633692496
-119.66221510813774,145.57443909494887
-120.04725832817391,145.25751185297278
-120.4269487522568,144.93384280234636
-120.8066391763397,144.61017375171994
-121.1863296004226,144.28650470109352
-121.56602002450549,143.9628356504671
-121.94571044858839,143.63916659984068
-122.32540087267128,143.31549754921426
-122.70509129675418,142.99182849858784
-123.08261238040367,142.66577773693854
-123.46013346405317,142.33972697528924
-123.83765454770267,142.01367621363994
-124.21517563135217,141.68762545199064
-124.59269671500167,141.36157469034134
-124.97021779865116,141.03552392869204
-125.35223277344609,140.7145742824444
-125.73424774824102,140.39362463619676
-126.11626272303594,140.07267498994912
-126.49827769783087,139.75172534370148
-126.8802926726258,139.43077569745384
-127.26230764742073,139.1098260512062
-127.64432262221565,138.78887640495856
-128.02190856012606,138.46255033263137
-128.39949449803646,138.13622426030418
-128.77708043594686,137.80989818797698
-129.15466637385725,137.4835721156498
-129.53225231176765,137.1572460433226
-129.90983824967805,136.8309199709954
-130.28742418758844,136.50459389866822
-130.66798556474487,136.1802909027924
-131.04841924287547,135.85685840822345
-131.42885292100607,135.5334259136545
-131.80928659913667,135.20999341908555
-132.18972027726727,134.8865609245166
-132.57015395539787,134.56312842994765
-132.95060352983407,134.23982041219185
-133.33105310427027,133.91651239443604
-133.71150267870647,133.59320437668023
-134.09195225314267,133.26989635892443
-134.47240182757886,132.94658834116862
-134.85285140201506,132.6232803234128
-135.23330097645126,132.299972305657
-135.61375055088746,131.9766642879012
-135.99420012532366,131.6533562701454
-136.37475499004677,131.32996825279568
-136.75530985476988,131.00658023544597
-137.135864719493,130.68319221809625
-137.5164195842161,130.35980420074654
-137.8969744489392,130.03641618339682
-138.2775293136623,129.7130281660471
-138.65808417838542,129.3896401486974
-139.03863904310853,129.06625213134768
-139.41919390783164,128.74286411399797
-139.79974877255475,128.41947609664825
-140.18030363727786,128.09608807929854
-140.56085850200097,127.77270006194884
-140.94141336672408,127.44931204459914
-141.32219229749074,127.12573424568174
-141.7029712282574,126.80215644676434
-142.08375015902408,126.47857864784694
-142.46452908979074,126.15500084892955
-142.8453080205574,125.83142305001215
-143.22608695132408,125.50784525109475
-143.60686588209074,125.18426745217735
-143.9876448128574,124.86068965325995
-144.36842374362408,124.53711185434256
-144.74920267439074,124.21353405542516
-145.1299816051574,123.88995625650776
-145.51076053592408,123.56637845759036
-145.89153946669074,123.24280065867296
-146.27239936338134,122.9191540893002
-146.65325926007193,122.59550751992745
-147.03411915676253,122.2718609505547
-147.41497905345312,121.94821438118194
-147.79583895014372,121.62456781180919
-148.1766988468343,121.30092124243643
-148.5575587435249,120.97727467306368
-148.9384186402155,120.65362810369092
-149.3192785369061,120.32998153431816
-149.7001384335967,120.00633496494541
-150.0809983302873,119.68268839557265
-150.46185822697788,119.3590418261999
-150.84271812366848,119.03539525682714
-151.22361578759612,118.7115771003163
-151.60451345152376,118.38775894380547
-151.7948646499426,118.22593286819756
-180.7374174068682,97.98461480392143
-181.11853467581568,97.66119680003924
-181.49965194476317,97.33777879615704
-181.88055912300342,97.01453907624278
-182.26146630124367,96.69129935632853
-182.64237347948392,96.36805963641427
-183.02328065772417,96.04481991650002
-183.4041691891497,95.721596020446
-183.78505772057525,95.39837212439198
-184.1659462520008,95.07514822833797
-184.54683478342633,94.75192433228395
-184.9260599218855,94.4270878316883
-185.30528506034466,94.10225133109265
-185.68943253092988,93.7831475635026
-186.0735800015151,93.46404379591254
-186.45772747210032,93.1449400283225
-186.84952344986422,92.83538359743942
-187.24131942762813,92.52582716655634
-187.63311540539203,92.21627073567326
-188.03764147781771,91.92401525097263
-188.4421675502434,91.631759766272
-188.85234386741982,91.34749402176216
-189.26252018459624,91.06322827725232
-189.67269650177266,90.77896253274248
-190.09119174593138,90.50747482090098
-190.5096869900901,90.23598710905948
-190.92818223424882,89.96449939721798
-191.35188925328717,89.70142002961275
-191.77559627232552,89.43834066200752
-192.19930329136386,89.17526129440229
-192.6230103104022,88.91218192679706
-193.0530029627502,88.65946365537063
-193.48299561509822,88.4067453839442
-193.91298826744622,88.15402711251777
-194.35101654383064,87.9155403593578
-194.78904482021505,87.67705360619784
-195.22707309659947,87.43856685303788
-195.66510137298388,87.20008009987792
-196.11535535493067,86.9858345725283
-196.56560933687746,86.77158904517869
-197.01586331882424,86.55734351782907
-197.47554051139716,86.36353083434805
-197.93521770397007,86.16971815086704
-198.4004854465348,85.990236623031
-198.8657531890995,85.81075509519495
-199.33102093166423,85.6312735673589
-199.80858494754924,85.48692572968159
-200.28614896343424,85.34257789200427
-200.76371297931925,85.19823005432696
-201.24858716178395,85.07668642703774
-201.73346134424864,84.95514279974853
-202.22213248924027,84.85389700929066
-202.7108036342319,84.7526512188328
-203.20376322122718,84.6759613812154
-203.69672280822246,84.59927154359801
-204.18968239521774,84.52258170598061
-204.68264198221303,84.44589186836322
-205.17860361572633,84.39206187174744
-205.67456524923963,84.33823187513167
-206.17052688275294,84.2844018785159
-206.66822263707368,84.2496794636501
-207.16591839139443,84.2149570487843
-207.66454918644033,84.19950906118065
-208.16347987702642,84.1997703293256
-208.6624105676125,84.20003159747056
-209.16107237912033,84.21636844648984
-209.65973419062814,84.23270529550912
-210.15748812098056,84.26675993948984
-210.65524205133298,84.30081458347057
-211.15076063193115,84.35827404642203
-211.64627921252932,84.41573350937348
-212.1398118857938,84.48900329041275
-212.63334455905826,84.56227307145203
-213.12687723232273,84.6355428524913
-213.61552128568943,84.7366236307343
-214.10416533905612,84.8377044089773
-214.59280939242282,84.9387851872203
-215.07505254066916,85.06655538791425
-215.5572956889155,85.1943255886082
-216.03953883716184,85.32209578930214
-216.5150489199175,85.4731462189232
-216.99055900267314,85.62419664854427
-217.46606908542879,85.77524707816534
-217.93338480255426,85.94990002677079
-218.40070051967973,86.12455297537625
-218.86253567483826,86.31342786057806
-219.32437082999678,86.50230274577987
-219.78108839127216,86.70323063511206
-220.23780595254755,86.90415852444426
-220.68625321397758,87.12280613876361
-221.1347004754076,87.34145375308296
-221.58314773683765,87.56010136740231
-222.02129693701562,87.7988627192215
-222.4594461371936,88.0376240710407
-222.89759533737157,88.27638542285989
-223.32000294897557,88.5419628140695
-223.74241056057957,88.80754020527912
-224.15856444448434,89.08285843969428
-224.5747183283891,89.35817667410943
-224.9829236782721,89.64515388380872
-225.3911290281551,89.932131093508
-225.78028765719355,90.24455365559899
-226.16944628623202,90.55697621768998
-226.55860491527048,90.86939877978097
-226.94776354430894,91.18182134187195
-227.3369221733474,91.49424390396294
-227.71051857885485,91.8250628872767
-228.07494156379593,92.16594552419748
-228.43936454873702,92.50682816111826
-228.78500017584642,92.86683058916175
-229.13063580295582,93.22683301720524
-229.46455671508653,93.5975292866017
-229.79847762721724,93.96822555599816
-230.1218292167117,94.34821109668967
-230.44518080620614,94.72819663738117
-230.74930112807766,95.12370944748712
-231.05342144994918,95.51922225759306
-231.34428280987407,95.92455779950156
-231.63514416979896,96.32989334141006
-231.90933841157658,96.74657850202779
-232.1835326533542,97.16326366264552
-232.44636486550226,97.58715135767083
-232.70180249279636,98.01556861900252
-232.95724012009046,98.44398588033421
-233.1961722566844,98.88179533909103
-233.42362513916623,99.32579506958886
-233.65107802164806,99.7697948000867
-233.868307943727,100.21899590668858
-234.08553786580592,100.66819701329045
-234.28936382914682,101.12354354896662
-234.49318979248773,101.5788900846428
-234.68441655602982,102.03974404891972
-234.8671577066329,102.50407630231118
-235.03931879148,102.97244020333395
-235.21147987632713,103.44080410435672
-235.36353657398797,103.91614082179974
-235.5155932716488,104.39147753924277
-235.64805985386573,104.87264240985512
-235.78052643608265,105.35380728046746
-235.89419398790767,105.83975347222157
-236.0078615397327,106.32569966397568
-236.1089091719899,106.81440452946273
-236.2099568042471,107.30310939494979
-236.3110044365043,107.79181426043684
-236.38708899032397,108.28506975182705
-236.4550578938529,108.7794884333965
-236.51323600557495,109.27514273780267
-236.571414117297,109.77079704220884
-236.62959222901904,110.26645134661501
-236.66631993490697,110.7640914531013
-236.69328421702576,111.26237598496519
-236.72024849914456,111.76066051682908
-236.73126001492818,112.25955168070156
-236.7422715307118,112.75844284457405
-236.73116288591135,113.25730521424265
-236.7200542411109,113.75616758391125
-236.6900663678098,114.25425745955717
-236.64764454248535,114.7514821595192
-236.6052227171609,115.24870685948123
-236.540077560561,115.74343395885727
-236.4749324039611,116.2381610582333
-236.39319715251946,116.73040813847228
-236.31146190107782,117.22265521871127
-236.21172959961586,117.71158718607292
-236.1119972981539,118.20051915343457
-235.9961040030117,118.6859166956263
-235.8802107078695,119.17131423781804
-235.75064851032118,119.65323152527634
-235.62108631277286,120.13514881273464
-235.49152411522454,120.61706610019294
-235.35130698267787,121.096027524866
-235.20139032203795,121.5720076028358
-235.05147366139803,122.04798768080559
-234.87830715375995,122.51598196586517
-234.70514064612186,122.98397625092474
-234.53197413848378,123.45197053598432
-234.3327479028901,123.90939418149758
-234.13352166729643,124.36681782701083
-233.91108943767696,124.81351968437735
-233.68107571161175,125.25633105077122
-233.45106198554654,125.69914241716509
-233.20614819095218,126.13387316972988
-232.95520842412404,126.56514699559494
-232.70264737607678,126.9955043801598
-232.43814809578026,127.41862474096129
-232.17364881548374,127.84174510176278
-231.89378263825657,128.2549816408116
-231.607293574429,128.6636506270198
-231.32080451060145,129.072319613228
-231.0248573426935,129.47418325876333
-230.72891017478557,129.87604690429868
-230.43296300687763,130.27791054983402
-230.11440481422008,130.66211834106147
-229.79584662156253,131.04632613228893
-229.46110096193794,131.41645784243133
-229.12064700741115,131.78138717479862
-228.78019305288436,132.14631650716592
-228.4321704177466,132.50409661309334
-228.06890177220276,132.84627389153178
-227.70563312665894,133.18845116997022
-227.3423644811151,133.53062844840866
-226.963092505514,133.85500776969914
-226.57644396222113,134.17049906938513
-226.18979541892827,134.48599036907112
-225.78690707671342,134.78035222314398
-225.38401873449857,135.07471407721684
-224.9747830804349,135.3604069821718
-224.5655474263712,135.64609988712678
-224.1471565564723,135.91842622957972
-223.72460347819654,136.1842334051505
-223.30205039992077,136.4500405807213
-222.8722067257265,136.70388045307416
-222.44236305153223,136.95772032542703
-222.01251937733795,137.2115601977799
-221.573976472685,137.4502672049421
-221.13543356803203,137.68897421210428
-220.68953648770358,137.91365230139712
-220.24363940737513,138.13833039068996
-219.79229409012206,138.35198021649995
-219.34094877286898,138.56563004230995
-218.88350139800866,138.76589341812283
-218.42605402314834,138.9661567939357
-217.95957272241364,139.14450240432228
-217.49309142167894,139.32284801470885
-217.01779784653604,139.4760817647159
-216.54250427139314,139.62931551472295
-216.06082200740101,139.76121868848065
-215.5791397434089,139.89312186223836
-215.09323072231686,140.00884555362308
-214.60394234715824,140.10931876684955
-214.11465397199962,140.20979198007603
-213.625365596841,140.3102651933025
-213.13184725629552,140.38718009699747
-212.63668041191033,140.45270246900728
-212.1403601108795,140.50890523098786
-211.64403980984866,140.56510799296845
-211.14689365592108,140.61441169682521
-210.6497475019935,140.66371540068198
-210.152257521948,140.70993554311343
-209.65476754190252,140.75615568554488
-209.1560506244563,140.78753679778598
-208.65654328820148,140.80223694502752
-208.15703595194665,140.81693709226906
-207.65752861569183,140.8316372395106
-207.15813528742214,140.8155679047755
-206.6593930078642,140.78516779379638
-206.16065072830625,140.75476768281726
-205.66325506918972,140.70673288105036
-205.16585941007318,140.65869807928345
-204.6711905941354,140.58773125020838
-204.1765217781976,140.5167644211333
-203.68398236473072,140.43222982853047
-203.19144295126384,140.34769523592763
-202.70089856696725,140.2521453801608
-202.21035418267067,140.156595524394
-201.72383879446994,140.04208736983335
-201.2373234062692,139.92757921527271
-200.75080801806848,139.81307106071208
-200.26925432918617,139.6790962842996
-199.78770064030385,139.5451215078871
-199.3108038535939,139.39534817346635
-198.83390706688397,139.2455748390456
-198.36470277634623,139.07325130423357
-197.8954984858085,138.90092776942154
-197.43585549674,138.7044229349177
-196.9762125076715,138.50791810041383
-196.516569518603,138.31141326590998
-196.06270527058933,138.10181060021355
-195.60884102257566,137.89220793451713
-195.154976774562,137.6826052688207
-194.71445504592316,137.44621059564085
-194.27393331728433,137.209815922461
-193.8404622004543,136.96074011719924
-193.4069910836243,136.71166431193748
-192.9830453227312,136.44665304126931
-192.55909956183808,136.18164177060115
-192.13515380094498,135.91663049993298
-191.72379091128215,135.6324474432628
-191.31242802161933,135.34826438659263
-190.9010651319565,135.06408132992246
-190.50125646538967,134.76385375574114
-190.10144779882285,134.46362618155982
-189.70163913225602,134.1633986073785
-189.31843500141844,133.84222868680726
-188.93523087058085,133.52105876623602
-188.56108753446244,133.18937403941612
-188.18694419834404,132.85768931259622
-187.81280086222563,132.52600458577632
-187.43865752610722,132.19431985895642
-187.07976564414355,131.84618683176748
-186.72087376217988,131.49805380457855
-186.3619818802162,131.1499207773896
-186.0111341477387,130.79368410128652
-185.66028641526117,130.43744742518342
-185.30943868278365,130.08121074908033
-184.95859095030613,129.72497407297723
-184.6221556989966,129.35509447864635
-184.28572044768708,128.98521488431547
-183.9580488345414,128.60755159537283
-183.6303772213957,128.22988830643018
-183.30270560825,127.85222501748754
-182.9750339951043,127.4745617285449
-182.66462391119867,127.0825854387939
-182.35421382729305,126.6906091490429
-182.04380374338743,126.2986328592919
-181.7333936594818,125.9066565695409
-181.44077691383958,125.5012242473188
-181.14816016819736,125.0957919250967
-180.85554342255514,124.69035960287461
-180.57270622370916,124.27804913320313
-180.28986902486318,123.86573866353164
-180.0070318260172,123.45342819386016
-179.74423432946983,123.02806207181115
-179.48143683292247,122.60269594976214
-179.2186393363751,122.17732982771312
-178.95584183982774,121.75196370566411
-178.69304434328038,121.3265975836151
-178.4551943728573,120.88679444145109
-178.21734440243424,120.44699129928708
-177.97949443201117,120.00718815712307
-177.7416444615881,119.56738501495906
-177.5168905452838,119.1207492774795
-177.29213662897948,118.67411353999995
-177.06738271267517,118.2274778025204
-176.86869777588498,117.76865001017632
-176.6700128390948,117.30982221783223
-176.4713279023046,116.85099442548815
-176.27264296551442,116.39216663314407
-176.07395802872423,115.93333884079999
-175.88984953661497,115.46847332109344
-175.70574104450571,115.00360780138689
-175.52163255239645,114.53874228168034
-175.3532190139877,114.06798520538169
-175.18480547557897,113.59722812908304
-175.01639193717023,113.12647105278438
-174.85984946232065,112.65163633724262
-174.70330698747108,112.17680162170086
-174.55492638205396,111.69934191701567
-174.40654577663685,111.22188221233048
-174.25816517121973,110.7444225076453
-174.12581842520365,110.26229402963706
-173.99347167918756,109.78016555162883
-173.86112493317148,109.29803707362059
-173.7475897389209,108.81112899650586
-173.64623386495586,108.32154305868039
-173.5448779909908,107.83195712085492
-173.44352211702576,107.34237118302946
-173.34216624306072,106.85278524520399
-173.25686528667595,106.36014259398667
-173.17156433029118,105.86749994276934
-173.099504800869,105.3727404680331
-173.02744527144682,104.87798099329686
-172.95538574202465,104.38322151856062
-172.88332621260247,103.88846204382438
-172.82490709706192,103.39189978885585
-172.76648798152138,102.89533753388733
-172.70806886598083,102.3987752789188
-172.6496497504403,101.90221302395028
-172.62065553509123,101.40306376554861
-172.59166131974217,100.90391450714694
-172.55618570132594,100.4051811841426
-172.52071008290972,99.90644786113828
-172.5007835554696,99.40686447350326
-172.4808570280295,98.90728108586825
-172.4609305005894,98.40769769823324
-172.45227910812855,97.90778755281875
-172.4436277156677,97.40787740740426
-172.44345005300033,96.9078823216688
-172.44327239033296,96.40788723593333
-172.4430947276656,95.90789215019787
-172.44291706499823,95.4078970644624
-172.44273940233086,94.90790197872694
-172.4425617396635,94.40790689299148
-172.44768133116136,93.90795998192006
-172.45280092265924,93.40801307084864
-172.4579205141571,92.90806615977722
-172.46766212837218,92.40819535250571
-172.47740374258726,91.90832454523421
-172.48714535680233,91.4084537379627
-172.49893267461596,90.90862959788235
-172.51071999242959,90.408805457802
-172.5225073102432,89.90898131772165
-172.5347375976167,89.4091565791667
-172.54696788499018,88.90933184061176
-172.55919817236366,88.4095071020568
-172.57212611874024,87.90970336443782
-172.58505406511682,87.40989962681883
-172.5979820114934,86.91009588919984
-172.61090995786998,86.41029215158085
-172.6250724615666,85.91050862997565
-172.6392349652632,85.41072510837046
-172.6533974689598,84.91094158676526
-172.66755997265642,84.41115806516007
-172.67754913242754,83.91127756428465
-172.68753829219867,83.41139706340923
-172.6975274519698,82.9115165625338
-172.7075563255873,82.41162233249317
-172.7175851992048,81.91172810245253
-172.7276140728223,81.41183387241189
-172.7376429464398,80.91193964237125
-172.74936408689172,80.41208916461171
-172.76108522734364,79.91223868685218
-172.77280636779557,79.41238820909264
-172.78425881122212,78.91252873266396
-172.78437268198468,78.90755866840482
-172.79550001736908,78.40768897745669
-172.80662735275348,77.90781928650856
-172.81775468813788,77.40794959556042
-172.82888202352228,76.9080799046123
-172.84000935890668,76.40821021366416
-172.84976182992318,75.90830946502757
-172.85951430093968,75.40840871639098
-172.86926677195618,74.90850796775439
-172.87901924297267,74.4086072191178
-172.88877171398917,73.9087064704812
-172.89938026674952,73.40882734858268
-172.90998881950986,72.90894822668415
-172.9205973722702,72.40906910478562
-172.93120592503055,71.90918998288709
-172.9418144777909,71.40931086098855
-172.9505083076764,70.90938780608984
-172.95920213756187,70.40946475119112
-172.96789596744736,69.90954169629241
-172.97658979733285,69.40961864139369
-172.98528362721834,68.90969558649498
-172.9971421355871,68.4098411240846
-173.00900064395586,67.90998666167421
-173.02085915232462,67.41013219926383
-173.03271766069338,66.91027773685344
-173.04457616906214,66.41042327444306
-173.05707976717107,65.91058001028095
-173.06958336528,65.41073674611884
-173.08208696338895,64.91089348195673
-173.09459056149788,64.41105021779462
-173.10709415960682,63.911206953632515
-173.11959775771575,63.411363689470406
-173.1321013558247,62.9115204253083
-173.142963635025,62.41163919251336
-173.15382591422534,61.91175795971843
-173.16468819342566,61.411876726923495
-173.17555047262599,60.91199549412856
-173.18546145595437,60.412094116601054
-173.19537243928275,59.91219273907355
-173.20528342261113,59.41229136154604
-173.2151944059395,58.91238998401853
-173.2251053892679,58.412488606491024
-173.23501637259628,57.91258722896352
-173.24492735592466,57.41268585143601
-173.25483833925304,56.9127844739085
-173.26413019642604,56.412870930810755
-173.27342205359903,55.91295738771301
-173.28271391077203,55.41304384461526
-173.29200576794503,54.91313030151751
-173.30129762511802,54.413216758419765
-173.31245848976027,53.913341362928605
-173.32361935440252,53.413465967437446
-173.33478021904477,52.91359057194629
-173.34594108368702,52.41371517645513
-173.35710194832927,51.91383978096397
-173.3681771988769,51.413962465295214
-173.37925244942454,50.91408514962646
-173.39032769997218,50.414207833957704
-173.4014029505198,49.91433051828895
-173.41247820106744,49.414453202620194
-173.42355345161508,48.91457588695144
-173.4346287021627,48.414698571282685
-173.44570395271035,47.91482125561393
-173.45677920325798,47.414943939945175
-173.46812686708998,46.915073886199295
-173.47947453092198,46.415203832453415
-173.49082219475397,45.915333778707534
-173.50216985858597,45.415463724961654
-173.51351752241797,44.915593671215774
-173.52486518624997,44.415723617469894
-173.53621285008197,43.91585356372401
-173.54756051391396,43.41598350997813
-173.5593085635925,42.91612170001022
-173.57105661327105,42.41625989004231
-173.5828046629496,41.9163980800744
-173.59455271262814,41.41653627010649
-173.60647973937338,40.916680770584875
-173.61840676611862,40.41682527106326
-173.63033379286387,39.916969771541645
-173.6422608196091,39.41711427202003
-173.65418784635435,38.917258772498414
-173.6661148730996,38.4174032729768
-173.67779702105207,37.917539985156495
-173.68947916900456,37.41767669733619
-173.70116131695704,36.91781340951589
-173.71284346490953,36.41795012169558
-173.724525612862,35.91808683387528
-173.7362077608145,35.418223546054975
-173.74788990876698,34.91836025823467
-173.75962761367862,34.41849930437036
-173.77136531859026,33.91863835050604
-173.7831030235019,33.41877739664173
-173.79484072841353,32.918916442777416
-173.80657843332517,32.4190554889131
-173.8183161382368,31.91919453504879
-173.83005384314845,31.419333581184475
-173.84099001049518,30.919455011940062
-173.8519261778419,30.41957644269565
-173.86286234518863,29.919697873451238
-173.87379851253536,29.419819304206825
-173.8847346798821,28.919940734962413
-173.8956708472288,28.420062165718
-173.90660701457554,27.92018359647359
-173.91919414819534,27.42034374109673
-173.93178128181515,26.92050388571987
-173.94436841543495,26.420664030343012
-173.95695554905475,25.920824174966153
-173.96954268267456,25.420984319589294
-173.98212981629436,24.921144464212436
-173.99471694991416,24.421304608835577
-174.00730408353397,23.921464753458718
-174.01986354329446,23.42162523604765
-174.03242300305496,22.92178571863658
-174.04498246281545,22.421946201225513
-174.05754192257595,21.922106683814444
-174.07010138233645,21.422267166403376
-174.08143351627865,20.92239595577532
-174.09276565022085,20.42252474514726
-174.10409778416306,19.922653534519203
-174.11542991810526,19.422782323891145
-174.12676205204747,18.922911113263087
-174.13809418598967,18.42303990263503
-174.14942631993188,17.92316869200697
-174.16095077269813,17.423301555687367
-174.17247522546438,16.923434419367762
-174.18399967823063,16.423567283048158
-174.1955241309969,15.923700146728553
-174.20704858376314,15.423833010408948
-174.2185730365294,14.923965874089344
-174.23009748929564,14.42409873776974
-174.24153428126664,13.924230800207935
-174.25297107323763,13.42436286264613
-174.26440786520863,12.924494925084327
-174.27584465717962,12.424626987522522
-174.2872814491506,11.924759049960718
-174.2987182411216,11.424891112398914
-174.3101550330926,10.92502317483711
-174.3215918250636,10.425155237275305
-174.33302861703459,9.925287299713501
-174.34380403952377,9.42540384114573
-174.35457946201296,8.92552038257796
-174.36535488450215,8.425636924010188
-174.37613030699134,7.925753465442418
-174.38690572948053,7.425870006874648
-174.39768115196972,6.925986548306878
-174.4084565744589,6.426103089739108
-174.4192319969481,5.926219631171338
-174.4300074194373,5.426336172603568
-174.4408131902313,4.926453320973957
-174.4516189610253,4.426570469344346
-174.4624247318193,3.9266876177147356
-174.47323050261332,3.426804766085125
-174.48403627340733,2.926921914455514
-174.49484204420133,2.4270390628259033
-174.50564781499534,1.9271562111962925
-174.51645358578935,1.4272733595666818
-174.52910822342525,0.9274337839006737
-174.54176286106116,0.4275942082346656
-174.55441749869706,-0.07224536743134247
-174.56707213633297,-0.5720849430973505
-174.57972677396887,-1.0719245187633586
-174.59238141160478,-1.5717640944293667
-174.60503604924068,-2.071603670095375
-174.61679822451927,-2.5714652740071493
-174.62856039979786,-3.071326877918924
-174.64032257507645,-3.5711884818306983
-174.65208475035504,-4.071050085742472
-174.66384692563364,-4.570911689654247
-174.67560910091223,-5.070773293566022
-174.68737127619082,-5.570634897477797
-174.69967706539654,-6.070482685917746
-174.71198285460227,-6.570330474357695
-174.724288643808,-7.0701782627976435
-174.73659443301372,-7.570026051237592
-174.74890022221945,-8.069873839677541
-174.76120601142517,-8.56972162811749
-174.7735118006309,-9.069569416557439
-174.78484836697635,-9.569439097209811
-174.7961849333218,-10.069308777862183
-174.80752149966725,-10.569178458514555
-174.8188580660127,-11.069048139166927
-174.83019463235814,-11.5689178198193
-174.8415311987036,-12.068787500471672
-174.85286776504904,-12.568657181124044
-174.86599382284453,-13.068484388941384
-174.87911988064002,-13.568311596758724
-174.8922459384355,-14.068138804576064
-174.905371996231,-14.567966012393404
-174.9184980540265,-15.067793220210744
-174.93162411182198,-15.567620428028084
-174.94475016961746,-16.067447635845422
-174.95787622741295,-16.567274843662762
-174.97100228520844,-17.067102051480102
-174.98390871409183,-17.56693544768113
-174.9968151429752,-18.066768843882155
-175.0097215718586,-18.56660224008318
-175.02262800074197,-19.066435636284208
-175.03553442962536,-19.566269032485234
-175.04844085850874,-20.06610242868626
-175.06134728739212,-20.565935824887287
-175.0742537162755,-21.065769221088313
-175.08885744534865,-21.56555561336269
-175.1034611744218,-22.065342005637067
-175.11806490349494,-22.565128397911444
-175.13266863256808,-23.06491479018582
-175.14727236164123,-23.564701182460198
-175.16187609071437,-24.064487574734574
-175.17647981978752,-24.56427396700895
-175.192234370844,-25.06402230377883
-175.2079889219005,-25.56377064054871
-175.22374347295698,-26.06351897731859
-175.23949802401347,-26.56326731408847
-175.25525257506996,-27.06301565085835
-175.27100712612645,-27.56276398762823
-175.27433499332983,-27.668326887767762
-187.52801016066223,-36.99625189276412
-187.02803760833325,-36.99255700154818
-186.52806505600427,-36.988862110332235
-186.02815981071666,-36.98404008642584
-185.52825456542905,-36.97921806251945
-185.02834932014144,-36.97439603861306
-184.52844407485384,-36.969574014706666
-184.02853882956623,-36.96475199080027
-183.52859392181338,-36.96667699464011
-183.02864901406053,-36.96860199847995
-182.52870410630769,-36.970527002319784
-182.02875919855484,-36.97245200615962
-181.528814290802,-36.97437700999946
-181.02886938304914,-36.976302013839295
-180.5289244752963,-36.97822701767913
-180.02919872530828,-36.968435462279096
-179.52947297532026,-36.95864390687906
-179.02974722533224,-36.948852351479026
-178.53002147534423,-36.93906079607899
-178.0302957253562,-36.929269240678956
-177.5305699753682,-36.91947768527892
-177.03084422538018,-36.909686129878885
-176.53111847539216,-36.89989457447885
-176.03139272540415,-36.890103019078815
-175.53166697541613,-36.88031146367878
-175.0319412254281,-36.870519908278744
-174.532202734615,-36.867859197158
-174.03246424380188,-36.86519848603725
-173.53272575298877,-36.862537774916504
-173.03311825229474,-36.86129215294436
-172.53351075160072,-36.86004653097221
-172.0339032509067,-36.85880090900007
-171.5343810473932,-36.857868948842956
-171.0348588438797,-36.856936988685845
-170.5353366403662,-36.856005028528735
-170.03581443685272,-36.855073068371624
-169.53657137544823,-36.852827780310704
-169.03732831404375,-36.850582492249785
-168.53808525263926,-36.848337204188866
-168.03884219123478,-36.846091916127946
-167.53982713410645,-36.84283151907031
-167.0408120769781,-36.83957112201267
-166.54179701984978,-36.836310724955034
-166.04282909546757,-36.83424689540171
-165.54386117108535,-36.83218306584839
-165.04489324670314,-36.83011923629507
-164.54609272496384,-36.82774665793326
-164.04729220322454,-36.82537407957145
-163.54849168148525,-36.823001501209646
-163.04969115974595,-36.82062892284784
-162.55089063800665,-36.81825634448603
-162.0521749226656,-36.81568994051343
-161.55345920732458,-36.81312353654083
-161.05474349198354,-36.81055713256823
-160.5560277766425,-36.80799072859563
-160.05731206130147,-36.805424324623026
-159.55859634596044,-36.802857920650425
-159.0598806306194,-36.800291516677824
-158.56126665565347,-36.798363813544015
-158.06265268068753,-36.796436110410205
-157.5640387057216,-36.794508407276396
-157.06542473075567,-36.79258070414259
-156.56681075578973,-36.79065300100878
-156.0681967808238,-36.78872529787497
-155.56958280585786,-36.78679759474116
-155.07096883089193,-36.78486989160735
-154.57239311613571,-36.781671083068105
-154.0738174013795,-36.77847227452886
-153.5752416866233,-36.77527346598961
-153.07666597186707,-36.77207465745037
-152.57838914987414,-36.770418303592905
-152.0801123278812,-36.76876194973544
-151.58183550588828,-36.76710559587798
-151.27396180451615,-36.76608217321336
