x,y
-288.8403006340959,-746.6974524408579
-288.3413937728355,-746.7293574372945
-287.8422420690432,-746.7569864293553
-287.34309036525093,-746.784615421416
-286.8433055779774,-746.7708064933433
-286.34352079070385,-746.7569975652707
-285.84567836092407,-746.7106186512625
-285.3478359311443,-746.6642397372543
-284.85695762520834,-746.5691850163765
-284.3660793192724,-746.4741302954988
-283.88254016585665,-746.3469261382779
-283.3990010124409,-746.2197219810571
-282.9303329817571,-746.0455098208232
-282.46166495107326,-745.8712976605893
-282.00552464166464,-745.666557507558
-281.549384332256,-745.4618173545266
-281.1156372071086,-745.2131275468909
-280.68189008196117,-744.9644377392551
-280.24814295681375,-744.7157479316194
-279.84220734703035,-744.423836793491
-279.4579001997992,-744.1039810476493
-279.07359305256807,-743.7841253018076
-278.68928590533693,-743.464269555966
-278.33605666399234,-743.1103949645872
-278.00967843640535,-742.7316147212376
-277.68330020881837,-742.3528344778881
-277.3569219812314,-741.9740542345386
-277.0657462484614,-741.5675896969772
-276.7745705156914,-741.1611251594157
-276.5274465865996,-740.7264687672227
-276.2803226575078,-740.2918123750297
-276.0624761586613,-739.841768826154
-275.8446296598148,-739.3917252772782
-275.6834275468217,-738.918429646055
-275.52222543382857,-738.4451340148318
-275.40396636248386,-737.9593270760295
-275.28570729113915,-737.4735201372272
-275.22373972409423,-736.9773794383071
-275.1617721570493,-736.4812387393871
-275.13430339487877,-735.9819966128078
-275.1068346327082,-735.4827544862286
-275.09261960468393,-734.9829592023822
-275.07840457665964,-734.4831639185358
-275.0653834482956,-733.9833364180841
-275.0523623199316,-733.4835089176325
-275.039901746849,-732.98366676898
-275.0274411737664,-732.4838246203275
-275.01517006777186,-731.9839768423168
-275.0039543318562,-731.5271182120778
-275.0057048718606,-731.0271226478325
-275.00745541186495,-730.5271270835872
-275.0053727072581,-730.0271315381455
-275.0032900026513,-729.5271359927037
-275.00120729804445,-729.027140447262
-274.9991245934376,-728.5271449018203
-274.9970418888308,-728.0271493563786
-274.9936582014495,-727.5271612552409
-274.9902745140682,-727.0271731541033
-274.9868908266869,-726.5271850529656
-274.9835071393056,-726.0271969518279
-274.98012345192427,-725.5272088506903
-274.97673976454297,-725.0272207495526
-274.97335607716167,-724.527232648415
-274.97700052781494,-724.027251418162
-274.9806449784682,-723.527270187909
-274.9842894291215,-723.0272889576561
-274.98793387977474,-722.5273077274031
-274.991578330428,-722.0273264971502
-274.9952227810813,-721.5273452668972
-274.99886723173455,-721.0273640366443
-275.0025116823878,-720.5273828063913
-275.00169093876997,-720.0273845268463
-275.0008701951521,-719.5273862473013
-275.00004945153427,-719.0273879677562
-274.9992287079164,-718.5273896882112
-274.99840796429856,-718.0273914086662
-274.9975872206807,-717.5273931291212
-274.99676647706286,-717.0273948495761
-274.995945733445,-716.5273965700311
-274.99637108730917,-716.027397298957
-274.99679644117333,-715.5273980278829
-274.9972217950375,-715.0273987568088
-274.99764714890165,-714.5273994857347
-274.9980725027658,-714.0274002146606
-274.99849785662997,-713.5274009435865
-274.9989232104941,-713.0274016725124
-274.9999347176359,-712.5274047689667
-275.00094622477764,-712.027407865421
-275.0019577319194,-711.5274109618753
-275.00296923906114,-711.0274140583296
-275.0039807462029,-710.5274171547838
-275.00499225334465,-710.0274202512381
-275.0060037604864,-709.5274233476924
-275.00701526762816,-709.0274264441467
-275.0105367038421,-708.527445332496
-275.014058140056,-708.0274642208452
-275.01757957626995,-707.5274831091945
-275.0211010124839,-707.0275019975437
-275.0246224486978,-706.527520885893
-275.02814388491174,-706.0275397742422
-275.0316653211257,-705.5275586625914
-275.0351867573396,-705.0275775509407
-275.03870819355353,-704.5275964392899
-275.037601527147,-704.0276031577723
-275.03649486074045,-703.5276098762547
-275.0353881943339,-703.0276165947371
-275.03428152792736,-702.5276233132195
-275.0331748615208,-702.0276300317018
-275.0320681951143,-701.5276367501842
-275.03096152870773,-701.0276434686666
-275.0298548623012,-700.527650187149
-275.02874819589465,-700.0276569056314
-275.0276415294881,-699.5276636241138
-275.0295209418222,-699.0276769366644
-275.03140035415635,-698.5276902492151
-275.03327976649047,-698.0277035617657
-275.0351591788246,-697.5277168743164
-275.0370385911587,-697.0277301868671
-275.0389180034928,-696.5277434994177
-275.04079741582694,-696.0277568119684
-275.04267682816106,-695.5277701245191
-275.0445562404952,-695.0277834370697
-275.0464356528293,-694.5277967496204
-275.0480080020606,-694.027815513235
-275.0495803512919,-693.5278342768497
-275.05115270052323,-693.0278530404644
-275.05272504975454,-692.527871804079
-275.05429739898585,-692.0278905676937
-275.05586974821716,-691.5279093313084
-275.0574420974485,-691.027928094923
-275.0590144466798,-690.5279468585377
-275.0605867959111,-690.0279656221524
-275.06307238021463,-689.5280054730215
-275.0655579645182,-689.0280453238906
-275.0680435488217,-688.5280851747598
-275.07052913312526,-688.0281250256289
-275.0730147174288,-687.5281648764981
-275.07550030173235,-687.0282047273672
-275.0779858860359,-686.5282445782364
-275.08047147033943,-686.0282844291055
-275.082957054643,-685.5283242799746
-275.0854426389465,-685.0283641308438
-275.088515892671,-684.5284083451277
-275.0915891463955,-684.0284525594116
-275.09466240012,-683.5284967736955
-275.0977356538445,-683.0285409879793
-275.100808907569,-682.5285852022632
-275.1038821612935,-682.0286294165471
-275.106955415018,-681.528673630831
-275.1123461829664,-681.0287387879243
-275.11773695091483,-680.5288039450177
-275.12312771886326,-680.028869102111
-275.1285184868117,-679.5289342592043
-275.1339092547601,-679.0289994162977
-275.13930002270854,-678.529064573391
-275.14469079065697,-678.0291297304843
-275.1500815586054,-677.5291948875777
-275.15727475226237,-677.0292659323887
-275.16446794591934,-676.5293369771998
-275.1716611395763,-676.0294080220109
-275.1788543332333,-675.529479066822
-275.18604752689026,-675.0295501116331
-275.19324072054724,-674.5296211564441
-275.2004339142042,-674.0296922012552
-275.21293693641763,-673.5298657434726
-275.22543995863106,-673.0300392856899
-275.2379429808445,-672.5302128279072
-275.2504460030579,-672.0303863701246
-275.2629490252713,-671.5305599123419
-275.27545204748475,-671.0307334545593
-275.28795506969817,-670.5309069967766
-275.31427728302083,-670.0316095540222
-275.3405994963435,-669.5323121112679
-275.36692170966614,-669.0330146685135
-275.3932439229888,-668.5337172257591
-275.41956613631146,-668.0344197830048
-275.4458883496341,-667.5351223402504
-275.4722105629568,-667.035824897496
-275.49853277627943,-666.5365274547416
-275.5248549896021,-666.0372300119873
-275.55117720292475,-665.5379325692329
-275.5774994162474,-665.0386351264785
-275.60382162957006,-664.5393376837242
-275.6301438428927,-664.0400402409698
-275.6717888826747,-663.5417799856534
-275.7134339224567,-663.043519730337
-275.7550789622387,-662.5452594750207
-275.7967240020207,-662.0469992197043
-275.8383690418027,-661.5487389643879
-275.8800140815847,-661.0504787090715
-275.9216591213667,-660.5522184537551
-275.9633041611487,-660.0539581984387
-276.0562935572053,-659.562692272455
-276.14928295326195,-659.0714263464713
-276.24227234931857,-658.5801604204876
-276.3352617453752,-658.0888944945038
-276.4282511414318,-657.5976285685201
-276.52124053748844,-657.1063626425364
-276.61422993354506,-656.6150967165527
-276.7072193296017,-656.123830790569
-276.8002087256583,-655.6325648645852
-276.89319812171493,-655.1412989386015
-276.98618751777155,-654.6500330126178
-277.0791769138282,-654.158767086634
-277.1721663098848,-653.6675011606503
-277.306864472112,-653.1860175962248
-277.4415626343392,-652.7045340317993
-277.57626079656643,-652.2230504673738
-277.71095895879364,-651.7415669029483
-277.84565712102085,-651.2600833385228
-277.98035528324806,-650.7785997740973
-278.11505344547527,-650.2971162096718
-278.281136046547,-649.8255317908887
-278.4472186476187,-649.3539473721056
-278.6207492256265,-648.8850440634022
-278.79427980363437,-648.4161407546989
-278.9678103816422,-647.9472374459955
-279.14134095965005,-647.4783341372921
-279.3148715376579,-647.0094308285887
-279.48840211566574,-646.5405275198854
-279.6789826194963,-646.0782951628522
-279.8695631233269,-645.6160628058191
-280.06014362715746,-645.1538304487859
-280.25072413098803,-644.6915980917528
-280.4413046348186,-644.2293657347196
-280.6318851386492,-643.7671333776865
-280.82246564247976,-643.3049010206533
-281.02660406994033,-642.8484879647945
-281.2307424974009,-642.3920749089356
-281.4348809248615,-641.9356618530767
-281.63901935232207,-641.4792487972178
-281.84315777978264,-641.0228357413589
-282.0472962072432,-640.5664226855
-282.2556595361048,-640.1119076160359
-282.4640228649664,-639.6573925465717
-282.672386193828,-639.2028774771076
-282.8807495226896,-638.7483624076434
-283.0891128515512,-638.2938473381793
-283.2974761804128,-637.8393322687151
-283.5058395092744,-637.384817199251
-283.7132761287358,-636.9298798748491
-283.9207127481972,-636.4749425504473
-284.12814936765864,-636.0200052260454
-284.33558598712006,-635.5650679016436
-284.5430226065815,-635.1101305772418
-284.73695954772313,-634.649281266483
-284.9308964888648,-634.1884319557241
-285.12483343000645,-633.7275826449653
-285.3187703711481,-633.2667333342065
-285.51270731228976,-632.8058840234477
-285.7066442534314,-632.3450347126889
-285.89222355164134,-631.8807666242235
-286.07780284985125,-631.4164985357581
-286.26338214806117,-630.9522304472928
-286.4489614462711,-630.4879623588274
-286.634540744481,-630.0236942703621
-286.8201200426909,-629.5594261818967
-286.9798133895501,-629.0856221393807
-287.13950673640926,-628.6118180968647
-287.29920008326843,-628.1380140543487
-287.4588934301276,-627.6642100118327
-287.6185867769868,-627.1904059693167
-287.77828012384595,-626.7166019268006
-287.8883642734548,-626.2288713257652
-287.9984484230636,-625.7411407247298
-288.10853257267246,-625.2534101236944
-288.2186167222813,-624.765679522659
-288.32870087189013,-624.2779489216235
-288.438785021499,-623.7902183205881
-288.52376188016086,-623.2974957381258
-288.60873873882275,-622.8047731556635
-288.69371559748464,-622.3120505732012
-288.77869245614653,-621.8193279907389
-288.8636693148084,-621.3266054082766
-288.9486461734703,-620.8338828258143
-289.01091891503376,-620.3377760833486
-289.0731916565972,-619.8416693408828
-289.13546439816065,-619.3455625984171
-289.1977371397241,-618.8494558559514
-289.26000988128754,-618.3533491134857
-289.322282622851,-617.85724237102
-289.3593623057125,-617.3586207849245
-289.39644198857405,-616.859999198829
-289.4335216714356,-616.3613776127335
-289.4706013542971,-615.862756026638
-289.50768103715865,-615.3641344405424
-289.5447607200202,-614.8655128544469
-289.5818404028817,-614.3668912683514
-289.6082392995486,-613.86758903599
-289.63463819621546,-613.3682868036286
-289.66103709288234,-612.8689845712672
-289.6874359895492,-612.3696823389058
-289.70356831559525,-611.8699513087577
-289.7197006416413,-611.3702202786095
-289.7358329676873,-610.8704892484614
-289.75196529373335,-610.3707582183132
-289.7680976197794,-609.871027188165
-289.77711086448375,-609.3711093327328
-289.7861241091881,-608.8711914773005
-289.79513735389247,-608.3712736218682
-289.80415059859683,-607.871355766436
-289.8131638433012,-607.3714379110037
-289.82217708800556,-606.8715200555714
-289.83265458184997,-606.3716298560107
-289.84313207569437,-605.87173965645
-289.8536095695388,-605.3718494568893
-289.8640870633832,-604.8719592573286
-289.8745645572276,-604.3720690577679
-289.884313074809,-603.8721702398268
-289.89406159239036,-603.3722714218857
-289.90381010997174,-602.8723726039445
-289.91355862755313,-602.3724737860034
-289.9233071451345,-601.8725749680623
-289.9330556627159,-601.3726761501212
-289.9428041802973,-600.87277733218
-289.9489987427906,-600.3728213602286
-289.9551933052839,-599.8728653882772
-289.9613878677772,-599.3729094163258
-289.9675824302705,-598.8729534443744
-289.9737769927638,-598.372997472423
-289.9799715552571,-597.8730415004716
-289.9881281229488,-597.3731105611517
-289.9962846906405,-596.8731796218319
-290.0044412583322,-596.3732486825121
-290.01259782602386,-595.8733177431923
-290.02075439371555,-595.3733868038724
-290.02891096140723,-594.8734558645526
-290.03599915984,-594.3735091408939
-290.04308735827277,-593.8735624172352
-290.05017555670554,-593.3736156935765
-290.0572637551383,-592.8736689699178
-290.0643519535711,-592.3737222462591
-290.07144015200385,-591.8737755226005
-290.0785283504366,-591.3738287989418
-290.08228793304687,-590.8738467187235
-290.0860475156571,-590.3738646385052
-290.0898070982674,-589.8738825582869
-290.09356668087764,-589.3739004780687
-290.0973262634879,-588.8739183978504
-290.10108584609816,-588.3739363176321
-290.10828287667954,-587.8739936398457
-290.1154799072609,-587.3740509620593
-290.1226769378423,-586.8741082842729
-290.1298739684237,-586.3741656064865
-290.13707099900506,-585.8742229287001
-290.14426802958644,-585.3742802509137
-290.1523269768338,-584.8743502486848
-290.1603859240812,-584.3744202464559
-290.1684448713286,-583.874490244227
-290.17650381857595,-583.3745602419981
-290.18456276582333,-582.8746302397692
-290.1926217130707,-582.3747002375403
-290.2006806603181,-581.8747702353114
-290.2074123447268,-581.3748173664122
-290.21414402913547,-580.874864497513
-290.22087571354416,-580.3749116286139
-290.22760739795285,-579.8749587597147
-290.23433908236154,-579.3750058908155
-290.24107076677024,-578.8750530219163
-290.2478024511789,-578.3751001530171
-290.2530209398802,-577.8751305765464
-290.2582394285814,-577.3751610000758
-290.26345791728266,-576.8751914236051
-290.2686764059839,-576.3752218471344
-290.27389489468516,-575.8752522706637
-290.2791133833864,-575.3752826941931
-290.28433187208765,-574.8753131177224
-290.2900038890722,-574.3753493965748
-290.2956759060567,-573.8753856754273
-290.30134792304125,-573.3754219542798
-290.3070199400258,-572.8754582331322
-290.3126919570103,-572.3754945119847
-290.321840570926,-571.8755782520423
-290.33098918484166,-571.3756619920998
-290.3401377987573,-570.8757457321574
-290.349286412673,-570.375829472215
-290.35843502658867,-569.8759132122725
-290.36758364050434,-569.3759969523301
-290.37576546251785,-568.8760639193433
-290.38394728453136,-568.3761308863566
-290.39212910654487,-567.8761978533698
-290.4003109285584,-567.3762648203831
-290.4084927505719,-566.8763317873963
-290.4166745725854,-566.3763987544096
-290.4248563945989,-565.8764657214228
-290.43303821661243,-565.3765326884361
-290.44122003862594,-564.8765996554494
-290.4452748962672,-564.3766169794782
-290.4493297539085,-563.876634303507
-290.4533846115498,-563.3766516275358
-290.45743946919106,-562.8766689515646
-290.46149432683234,-562.3766862755934
-290.4655491844736,-561.8767035996223
-290.4724598999011,-561.3767529785151
-290.47937061532855,-560.876802357408
-290.486281330756,-560.3768517363009
-290.4931920461835,-559.8769011151937
-290.50010276161095,-559.3769504940866
-290.5070134770384,-558.8769998729795
-290.5139241924659,-558.3770492518723
-290.52083490789335,-557.8770986307652
-290.5277456233208,-557.3771480096581
-290.5330963829553,-556.8771766458601
-290.5384471425898,-556.3772052820622
-290.5437979022243,-555.8772339182642
-290.5491486618588,-555.3772625544663
-290.5544994214933,-554.8772911906683
-290.5598501811278,-554.3773198268703
-290.5652009407623,-553.8773484630724
-290.57220219030455,-553.3773976485626
-290.5792034398468,-552.8774468340528
-290.5862046893891,-552.377496019543
-290.59320593893136,-551.8775452050331
-290.60020718847363,-551.3775943905233
-290.6072084380159,-550.8776435760135
-290.6149668766372,-550.3777055586478
-290.6227253152585,-549.8777675412821
-290.6304837538798,-549.3778295239164
-290.6382421925011,-548.8778915065507
-290.6460006311224,-548.377953489185
-290.65375906974367,-547.8780154718193
-290.66125728110507,-547.3780724840539
-290.66875549246646,-546.8781294962885
-290.67625370382785,-546.3781865085231
-290.68375191518925,-545.8782435207577
-290.69125012655064,-545.3783005329923
-290.69621164674425,-544.8783265111831
-290.70117316693785,-544.3783524893739
-290.70613468713145,-543.8783784675647
-290.71109620732506,-543.3784044457556
-290.71363601813204,-542.878411950777
-290.716175828939,-542.3784194557985
-290.718715639746,-541.87842696082
-290.721255450553,-541.3784344658415
-290.7258465489814,-540.8784599660497
-290.7304376474098,-540.378485466258
-290.73502874583824,-539.8785109664663
-290.73961984426666,-539.3785364666745
-290.7442109426951,-538.8785619668828
-290.7488020411235,-538.378587467091
-290.7458656056843,-537.8785971858168
-290.7429291702451,-537.3786069045426
-290.73999273480587,-536.8786166232684
-290.737639068267,-536.3786366199356
-290.73528540172816,-535.8786566166028
-290.7329317351893,-535.37867661327
-290.73057806865046,-534.8786966099373
-290.7282244021116,-534.3787166066045
-290.72587073557276,-533.8787366032717
-290.7235170690339,-533.3787565999389
-290.72116340249505,-532.8787765966061
-290.7188097359562,-532.3787965932734
-290.71645606941735,-531.8788165899406
-290.7141024028785,-531.3788365866078
-290.7133073856239,-531.209954239428
-290.6978776596878,-530.7102013043071
-290.68244793375163,-530.2104483691862
-290.6513969645787,-529.7114209708687
-290.6203459954057,-529.2123935725513
-290.5677647996282,-528.7151717700565
-290.47809562635223,-528.2232811156725
-290.38842645307625,-527.7313904612886
-290.25238647870816,-527.2502539668129
-290.0779253434859,-526.7816801069998
-289.88220186512433,-526.3215835087491
-289.6653730878185,-525.8710500395516
-289.4485443105127,-525.4205165703542
-289.2120191509593,-524.9800057012488
-288.9634064755032,-524.546206026473
-288.71479380004706,-524.1124063516971
-288.4577057280678,-523.6835816723784
-288.19491456158823,-523.2582277172979
-287.927741498636,-522.8356115632555
-287.64774122532066,-522.4213870394226
-287.3677409520053,-522.0071625155897
-287.0716423755785,-521.6042967909444
-286.7743352482513,-521.2023205037101
-286.47658565094446,-520.8006701039375
-286.160246409138,-520.413504501569
-285.8277737182867,-520.0401170586471
-285.4837286816066,-519.6773584294668
-285.13539533633417,-519.3187043880733
-284.7829969996909,-518.9640452113712
-284.43059866304765,-518.609386034669
-284.07506101473894,-518.2578839128176
-283.7112266268545,-517.9149653031598
-283.341509435077,-517.5783890770635
-282.9665986309559,-517.2476206637216
-282.5916878268348,-516.9168522503796
-282.2113659187922,-516.5923568712333
-281.81861160623197,-516.2830097851103
-281.41722926396596,-515.9849246276484
-281.0058059372018,-515.7008697731723
-280.588999070172,-515.4247903929793
-280.1595288059301,-515.1688474065887
-279.7300585416882,-514.9129044201982
-279.28274126200915,-514.6895856871953
-278.8173051949489,-514.5070177998479
-278.3447751263917,-514.3436940459338
-277.86276534048585,-514.2109390420314
-277.38075555458,-514.078184038129
-276.8908397087079,-513.9784924024849
-276.40092386283584,-513.8788007668408
-275.91100801696376,-513.7791091311966
-275.81110391533,-513.758779918775
-275.3112898631127,-513.7453544057356
-274.81147581089533,-513.7319288926963
-274.311661758678,-513.7185033796569
-273.81184770646064,-513.7050778666176
-273.3120546491699,-513.6916529174514
-272.8122615918792,-513.6782279682852
-272.31246853458845,-513.6648030191191
-271.8126491299997,-513.6513773623568
-271.312829725411,-513.6379517055946
-270.8130103208223,-513.6245260488323
-270.31328292521226,-513.6111028631044
-269.81355552960224,-513.5976796773765
-269.3138281339922,-513.5842564916486
-268.8139456790813,-513.5754185920944
-268.3140632241704,-513.5665806925401
-267.8141807692595,-513.5577427929859
-267.3142983143486,-513.5489048934317
-266.8143271826914,-513.5483904843735
-266.31435605103417,-513.5478760753153
-265.81438491937695,-513.5473616662572
-265.31441378771973,-513.546847257199
-264.8144426560625,-513.5463328481409
-264.3144715244053,-513.5458184390827
-263.81448954173595,-513.5451615433623
-263.3145075590666,-513.5445046476418
-262.8145255763973,-513.5438477519214
-262.31454359372793,-513.5431908562009
-261.8145616110586,-513.5425339604805
-261.3145845975068,-513.5454862840768
-260.81460758395497,-513.5484386076731
-260.31463057040315,-513.5513909312695
-259.81465355685134,-513.5543432548658
-259.3146765432995,-513.5572955784621
-258.8146995297477,-513.5602479020584
-258.31474918861767,-513.5658827684214
-257.8147988474876,-513.5715176347843
-257.3148485063576,-513.5771525011472
-256.81489816522753,-513.5827873675102
-256.3149478240975,-513.5884222338731
-255.81499748296747,-513.594057100236
-255.31504714183745,-513.5996919665989
-254.81509680070744,-513.6053268329619
-254.31514645957742,-513.6109616993248
-253.8151776868544,-513.6136420113365
-253.3152089141314,-513.6163223233483
-252.8152401414084,-513.6190026353601
-252.3152713686854,-513.6216829473718
-251.81530259596238,-513.6243632593836
-251.31533382323937,-513.6270435713953
-250.81536505051636,-513.6297238834071
-250.31543596454986,-513.6360762213353
-249.81550687858336,-513.6424285592635
-249.31557779261686,-513.6487808971917
-248.81564870665036,-513.6551332351199
-248.31571962068386,-513.6614855730481
-247.81579053471737,-513.6678379109763
-247.31585392185573,-513.6725225124434
-246.8159173089941,-513.6772071139104
-246.31598069613247,-513.6818917153774
-245.81604408327084,-513.6865763168445
-245.3161074704092,-513.6912609183115
-244.81617085754758,-513.6959455197785
-244.31620388892685,-513.6971340189185
-243.81623692030612,-513.6983225180585
-243.3162699516854,-513.6995110171985
-242.81630298306467,-513.7006995163384
-242.31633601444395,-513.7018880154784
-241.81636904582322,-513.7030765146184
-241.3164020772025,-513.7042650137583
-240.81660151378875,-513.6913523904933
-240.316800950375,-513.6784397672283
-239.81700038696127,-513.6655271439632
-239.31719982354753,-513.6526145206982
-238.81739926013378,-513.6397018974332
-238.31759869672004,-513.6267892741681
-237.8177981333063,-513.6138766509031
-237.31799756989255,-513.600964027638
-236.81993109768047,-513.5574474194968
-236.32186462546838,-513.5139308113556
-235.8237981532563,-513.4704142032144
-235.3257316810442,-513.4268975950732
-234.82766520883212,-513.383380986932
-234.32959873662003,-513.3398643787908
-233.8340268390381,-513.2738086582734
-233.33845494145618,-513.207752937756
-232.84288304387425,-513.1416972172386
-232.34731114629233,-513.0756414967212
-231.8517392487104,-513.0095857762038
-231.36009145400226,-512.9187790027316
-230.86844365929412,-512.8279722292594
-230.37679586458597,-512.7371654557872
-229.88813165636566,-512.6314589994886
-229.39946744814534,-512.5257525431899
-228.91080323992503,-512.4200460868913
-228.42213903170472,-512.3143396305926
-227.9334748234844,-512.2086331742939
-227.4565058050106,-512.0587655415264
-226.9795367865368,-511.90889790875895
-226.50256776806302,-511.75903027599145
-226.02559874958922,-511.60916264322395
-225.54862973111543,-511.45929501045646
-225.07954089287958,-511.28632415321596
-224.61045205464373,-511.11335329597546
-224.14136321640788,-510.94038243873496
-223.6805780352993,-510.74632676208546
-223.21979285419073,-510.55227108543596
-222.75900767308215,-510.35821540878646
-222.29822249197358,-510.16415973213697
-221.837437310865,-509.97010405548747
-221.3852803457704,-509.75670074199707
-220.93312338067582,-509.54329742850666
-220.48096641558124,-509.32989411501626
-220.02880945048665,-509.11649080152586
-219.57665248539206,-508.90308748803545
-219.13326740505306,-508.67200425177003
-218.68988232471406,-508.4409210155046
-218.24649724437506,-508.2098377792392
-217.80311216403607,-507.9787545429738
-217.35972708369707,-507.74767130670836
-216.91634200335807,-507.51658807044294
-216.48601652285353,-507.26202350992656
-216.055691042349,-507.0074589494102
-215.62536556184446,-506.7528943888938
-215.19504008133993,-506.49832982837745
-214.7647146008354,-506.2437652678611
-214.33831796298742,-505.98267085067295
-213.91192132513945,-505.7215764334848
-213.48552468729147,-505.4604820162967
-213.0591280494435,-505.19938759910855
-212.63741254525223,-504.9307983396954
-212.21569704106096,-504.66220908028225
-211.7939815368697,-504.3936198208691
-211.37226603267843,-504.12503056145596
-210.95055052848716,-503.8564413020428
-210.5288350242959,-503.58785204262966
-210.11277863260702,-503.31057068876277
-209.69672224091815,-503.03328933489587
-209.28066584922928,-502.756007981029
-208.8646094575404,-502.4787266271621
-208.44855306585154,-502.2014452732952
-208.03249667416267,-501.9241639194283
-207.6164402824738,-501.6468825655614
-207.18640853463748,-501.39182127885414
-206.75637678680116,-501.1367599921469
-206.3222201764954,-500.88878797448945
-205.88806356618963,-500.640815956832
-205.45390695588387,-500.39284393917455
-205.0070975071601,-500.16847620579716
-204.56028805843633,-499.94410847241977
-204.11347860971256,-499.7197407390424
-203.6521467127371,-499.52699893186036
-203.19081481576166,-499.33425712467835
-202.72011457779084,-499.165680310396
-202.24941433982002,-498.99710349611365
-201.76094355023292,-498.8903748992695
-201.27247276064583,-498.7836463024253
-200.7785269749124,-498.7060752203218
-200.28313578817946,-498.6383440899777
-199.78774460144652,-498.5706129596336
-199.29175279239274,-498.5074350786949
-198.79576098333897,-498.44425719775626
-198.2978846926738,-498.3982397092798
-197.80000840200861,-498.3522222208033
-197.30213211134344,-498.3062047323268
-196.80309873754925,-498.2751679901047
-196.30406536375506,-498.2441312478826
-195.80407500323605,-498.24266015328135
-195.30408464271704,-498.2411890586801
-194.80409428219804,-498.23971796407886
-194.30453085538653,-498.2603865137765
-193.80496742857503,-498.2810550634741
-193.5685464879498,-498.29083656007424
-193.070514763013,-498.33498151357
-192.5724830380762,-498.3791264670658
-192.0760187289728,-498.43831631133145
-191.5795544198694,-498.4975061555971
-191.083090110766,-498.5566959998627
-190.58916717250358,-498.63426338821824
-190.09524423424116,-498.7118307765738
-189.60312075718275,-498.8000366728463
-189.11099728012434,-498.88824256911886
-188.61887380306592,-498.9764484653914
-188.12873080760087,-499.075003893399
-187.63858781213582,-499.17355932140663
-187.14844481667078,-499.27211474941424
-186.6604764750826,-499.38088909057836
-186.1725081334944,-499.4896634317425
-185.68453979190622,-499.5984377729066
-185.19825605480455,-499.7144965251632
-184.71197231770287,-499.8305552774198
-184.227998497649,-499.955807941149
-183.74402467759512,-500.08106060487813
-183.26369381966842,-500.2194764348753
-182.78336296174172,-500.3578922648724
-182.75021421018755,-500.3674446637742
-182.27364629346903,-500.5186423225196
-181.7970783767505,-500.669839981265
-181.30899832679225,-500.77825628304754
-180.820918276834,-500.8866725848301
-180.33283822687574,-500.9950888866126
-179.83893216264093,-501.07275601622905
-179.34502609840612,-501.1504231458455
-178.84676193217885,-501.1916032178372
-178.34849776595158,-501.23278328982894
-177.8502335997243,-501.2739633618207
-177.35196943349703,-501.3151434338124
-176.85202934906903,-501.3175442468928
-176.35208926464102,-501.3199450599732
-175.85214918021302,-501.32234587305356
-175.35432611431304,-501.27614076816536
-174.85650304841306,-501.22993566327716
-174.35867998251308,-501.18373055838896
-173.8608569166131,-501.13752545350076
-173.36893836239557,-501.04809555103367
-172.87701980817803,-500.9586656485666
-172.39273668265125,-500.83434545561346
-171.90845355712446,-500.71002526266034
-171.42417043159767,-500.5857050697072
-170.9398873060709,-500.4613848767541
-170.4673879893698,-500.2978787833798
-169.9948886726687,-500.13437269000553
-169.5399688066768,-499.9268974642618
-169.08504894068489,-499.71942223851806
-168.63012907469297,-499.5119470127743
-168.17520920870106,-499.3044717870306
-167.74162161610354,-499.0554706080389
-167.30803402350602,-498.8064694290472
-166.8744464309085,-498.5574682500555
-166.4692140371336,-498.2645838948161
-166.06398164335872,-497.9716995395767
-165.65874924958382,-497.67881518433734
-165.25351685580893,-497.38593082909796
-164.8794266946979,-497.05420791236725
-164.5053365335869,-496.72248499563653
-164.15726914749024,-496.36355968531285
-163.80920176139358,-496.00463437498917
-163.46113437529692,-495.6457090646655
-163.11306698920026,-495.2867837543418
-162.79503581385475,-494.9009999527621
-162.47700463850924,-494.5152161511824
-162.20433488033584,-494.0961464037688
-161.93166512216243,-493.67707665635515
-161.65899536398902,-493.2580069089415
-161.3863256058156,-492.8389371615279
-161.1136558476422,-492.41986741411426
-160.89045268497827,-491.97249217797355
-160.66724952231434,-491.52511694183283
-160.4440463596504,-491.0777417056921
-160.26202782694628,-490.61207342486273
-160.08000929424216,-490.14640514403334
-159.89799076153804,-489.68073686320395
-159.71597222883392,-489.21506858237456
-159.5928571303722,-488.7304711587936
-159.4697420319105,-488.2458737352126
-159.36756970732333,-487.7564269707857
-159.26539738273615,-487.26698020635877
-159.16322505814898,-486.77753344193184
-159.0871252256049,-486.28335859561645
-159.0110253930608,-485.78918374930106
-158.9611101890332,-485.4650458707474
-158.8741280290111,-484.97276796648134
-158.787145868989,-484.48049006221527
-158.69243357710897,-483.98954811707273
-158.59772128522894,-483.4986061719302
-158.5030089933489,-483.00766422678765
-158.40829670146888,-482.5167222816451
-158.29582455494392,-482.02954148798466
-158.18335240841895,-481.5423606943242
-158.070880261894,-481.05517990066375
-157.95840811536902,-480.5679991070033
-157.84593596884406,-480.08081831334283
-157.71569630744943,-479.5980795622027
-157.5854566460548,-479.1153408110626
-157.45521698466018,-478.6326020599225
-157.31646039306602,-478.1522488204468
-157.17770380147186,-477.6718955809711
-157.0389472098777,-477.19154234149545
-156.90019061828355,-476.7111891020198
-156.74706752907397,-476.2352210686911
-156.5939444398644,-475.7592530353624
-156.44082135065483,-475.2832850020337
-156.28769826144526,-474.80731696870504
-156.211411414959,-474.57018682407215
-156.03416806713642,-474.1026726490008
-155.85692471931384,-473.63515847392944
-155.67968137149126,-473.1676442988581
-155.49087475707563,-472.7046635046256
-155.30206814266,-472.24168271039315
-155.11326152824438,-471.7787019161607
-154.92088792320538,-471.31719764360264
-154.7285143181664,-470.8556933710446
-154.5361407131274,-470.39418909848655
-154.3371194024062,-469.9355247599695
-154.13809809168498,-469.47686042145244
-153.93907678096377,-469.0181960829354
-153.72783864771466,-468.565009421472
-153.51660051446555,-468.1118227600086
-153.30536238121644,-467.6586360985452
-153.09412424796733,-467.20544943708177
-152.88288611471822,-466.75226277561836
-152.65638521837752,-466.3065184640537
-152.42988432203683,-465.860774152489
-152.20338342569613,-465.4150298409243
-151.97688252935544,-464.96928552935964
-151.74049536556907,-464.52869462949536
-151.5041082017827,-464.0881037296311
-151.26772103799635,-463.6475128297668
-151.03133387421,-463.20692192990253
-150.79494671042363,-462.76633103003826
-150.55731793767927,-462.32640790011516
-150.3196891649349,-461.88648477019206
-150.08206039219056,-461.44656164026895
-149.8444316194462,-461.00663851034585
-149.60680284670184,-460.56671538042275
-149.36629924711892,-460.12835706315053
-149.125795647536,-459.6899987458783
-148.88529204795307,-459.2516404286061
-148.64478844837015,-458.8132821113339
-148.40428484878723,-458.37492379406166
-148.16348367395364,-457.9367297602574
-147.92268249912004,-457.4985357264531
-147.68188132428645,-457.0603416926488
-147.44108014945286,-456.62214765884454
-147.20027897461927,-456.18395362504026
-146.95947779978567,-455.745759591236
-146.716151379156,-455.30896218486225
-146.47282495852633,-454.8721647784885
-146.22949853789666,-454.4353673721148
-145.986172117267,-453.99856996574107
-145.74235778055015,-453.5620464340398
-145.4985434438333,-453.12552290233856
-145.25472910711648,-452.6889993706373
-145.01091477039964,-452.25247583893605
-144.7671004336828,-451.8159523072348
-144.5279662086283,-451.37684884568137
-144.2888319835738,-450.93774538412794
-144.0496977585193,-450.4986419225745
-143.8105635334648,-450.0595384610211
-143.5714293084103,-449.62043499946765
-143.32997972860872,-449.182602505194
-143.08853014880714,-448.7447700109203
-142.84708056900556,-448.30693751664666
-142.60563098920397,-447.869105022373
-142.35794598870712,-447.43476764471086
-142.11026098821026,-447.0004302670487
-141.8625759877134,-446.5660928893866
-141.61489098721654,-446.13175551172446
-141.36720598671968,-445.69741813406233
-141.11952098622282,-445.2630807564002
-140.87183598572597,-444.82874337873807
-140.86064807948424,-444.8091244036332
-140.62042997253988,-444.3706111765183
-140.38021186559553,-443.93209794940344
-140.13999375865117,-443.4935847222886
-139.89977565170682,-443.0550714951737
-139.65955754476246,-442.61655826805884
-139.4167646229364,-442.17946737221394
-139.17397170111033,-441.74237647636903
-138.93117877928427,-441.3052855805241
-138.6883858574582,-440.8681946846792
-138.44559293563213,-440.4311037888343
-138.20280001380607,-439.9940128929894
-137.96000709198,-439.5569219971445
-137.71773186674622,-439.11954350419353
-137.47545664151244,-438.68216501124255
-137.23318141627865,-438.24478651829156
-136.99090619104487,-437.8074080253406
-136.7486309658111,-437.3700295323896
-136.50244997144026,-436.93483473941177
-136.25626897706942,-436.49963994643394
-136.0100879826986,-436.0644451534561
-135.76390698832776,-435.6292503604783
-135.51772599395693,-435.19405556750047
-135.2738072057646,-434.75759076748756
-135.02988841757227,-434.32112596747464
-134.78596962937993,-433.88466116746173
-134.5420508411876,-433.4481963674488
-134.29813205299527,-433.0117315674359
-134.05374395269035,-432.5755269667125
-133.80935585238544,-432.13932236598913
-133.56496775208052,-431.70311776526574
-133.3205796517756,-431.26691316454236
-133.07619155147069,-430.830708563819
-132.83180345116577,-430.3945039630956
-132.58741535086085,-429.9582993623722
-132.34302725055593,-429.5220947616488
-132.10259366589338,-429.08369817890235
-131.86216008123083,-428.6453015961559
-131.68979755061446,-428.3310229377821
-131.44967144399345,-427.8924578823263
-131.20954533737245,-427.4538928268705
-130.96941923075144,-427.0153277714147
-130.72929312413044,-426.5767627159589
-130.48916701750943,-426.1381976605031
-130.24499573368945,-425.7018724380793
-130.00082444986947,-425.2655472156555
-129.7566531660495,-424.82922199323167
-129.5124818822295,-424.39289677080785
-129.26831059840953,-423.95657154838403
-129.02413931458955,-423.5202463259602
-128.77996803076957,-423.0839211035364
-128.5357967469496,-422.6475958811126
-128.29161655434382,-422.21127799529256
-128.04743636173805,-421.77496010947254
-127.8032561691323,-421.3386422236525
-127.55907597652654,-420.9023243378325
-127.31489578392079,-420.4660064520125
-127.07071559131504,-420.0296885661925
-126.82653539870928,-419.59337068037246
-126.58235520610353,-419.15705279455244
-126.33984140283285,-418.71980352671045
-126.09732759956216,-418.28255425886846
-125.85481379629148,-417.84530499102647
-125.6122999930208,-417.4080557231845
-125.36978618975012,-416.9708064553425
-125.12727238647943,-416.5335571875005
-124.88475858320875,-416.0963079196585
-124.64224477993807,-415.6590586518165
-124.39930550507918,-415.2220455429577
-124.1563662302203,-414.78503243409887
-123.91342695536142,-414.34801932524005
-123.67048768050253,-413.9110062163812
-123.42754840564365,-413.4739931075224
-123.18460913078476,-413.0369799986636
-122.94166985592588,-412.59996688980476
-122.698730581067,-412.16295378094594
-122.45579130620811,-411.7259406720871
-122.21193463998478,-411.28943884351406
-121.96807797376144,-410.852937014941
-121.7242213075381,-410.41643518636795
-121.48036464131476,-409.9799333577949
-121.23650797509143,-409.54343152922183
-120.99265130886809,-409.1069297006488
-120.74879464264475,-408.6704278720757
-120.50493797642142,-408.23392604350266
-120.26108131019808,-407.7974242149296
-120.01813140026391,-407.3604178019793
-119.77518149032974,-406.92341138902896
-119.53223158039557,-406.48640497607863
-119.2892816704614,-406.0493985631283
-119.04633176052724,-405.612392150178
-118.80338185059307,-405.17538573722766
-118.5604319406589,-404.73837932427733
-118.31748203072473,-404.301372911327
-118.0739344167455,-403.8646985560302
-117.83038680276627,-403.4280242007334
-117.58683918878704,-402.99134984543656
-117.34329157480781,-402.55467549013974
-117.09974396082858,-402.1180011348429
-116.85619634684934,-401.6813267795461
-116.61264873287011,-401.2446524242493
-116.36991359086477,-400.807525851738
-116.12717844885942,-400.37039927922666
-115.88444330685408,-399.93327270671534
-115.64170816484874,-399.496146134204
-115.39897302284339,-399.0590195616927
-115.15623788083805,-398.6218929891814
-114.9135027388327,-398.1847664166701
-114.67057230010965,-397.7477484119762
-114.4276418613866,-397.31073040728234
-114.18471142266355,-396.87371240258847
-113.9417809839405,-396.4366943978946
-113.69885054521745,-395.99967639320073
-113.4559201064944,-395.56265838850686
-113.21110079113706,-395.1266958466859
-112.96628147577971,-394.6907333048649
-112.72146216042236,-394.25477076304395
-112.47664284506502,-393.818808221223
-112.23182352970767,-393.382845679402
-111.98700421435032,-392.94688313758104
-111.74218489899297,-392.51092059576007
-111.49993991691014,-392.0735224186381
-111.2576949348273,-391.63612424151614
-111.01544995274446,-391.1987260643942
-110.77320497066162,-390.7613278872722
-110.53095998857879,-390.32392971015025
-110.28871500649595,-389.8865315330283
-110.04647002441311,-389.4491333559063
-109.80422504233027,-389.01173517878436
-109.56198006024744,-388.5743370016624
-109.32072252293992,-388.1363933656121
-109.0794649856324,-387.6984497295618
-108.83820744832488,-387.2605060935115
-108.59694991101736,-386.8225624574612
-108.35569237370984,-386.38461882141087
-108.11443483640232,-385.94667518536056
-107.87179005000898,-385.5094984395484
-107.62914526361564,-385.0723216937362
-107.3865004772223,-384.63514494792406
-107.14385569082896,-384.1979682021119
-106.90121090443562,-383.7607914562997
-106.65856611804227,-383.32361471048756
-106.41592133164893,-382.8864379646754
-106.17327654525559,-382.4492612188632
-105.93063175886225,-382.01208447305106
-105.68939077340664,-381.5741316117689
-105.44814978795104,-381.13617875048675
-105.20690880249543,-380.6982258892046
-104.96566781703983,-380.26027302792244
-104.72442683158422,-379.8223201666403
-104.48318584612862,-379.3843673053581
-104.24194486067302,-378.94641444407597
-104.00070387521741,-378.5084615827938
-103.75591575021896,-378.07248290849674
-103.51112762522051,-377.63650423419966
-103.26633950022206,-377.2005255599026
-103.02155137522361,-376.7645468856055
-102.77676325022516,-376.32856821130844
-102.53197512522671,-375.89258953701136
-102.28718700022826,-375.4566108627143
-102.04239887522981,-375.0206321884172
-101.80032175407273,-374.58314431236874
-101.55824463291565,-374.1456564363203
-101.31616751175856,-373.7081685602718
-101.07409039060148,-373.27068068422335
-100.8320132694444,-372.8331928081749
-100.58993614828732,-372.3957049321264
-100.34785902713024,-371.95821705607796
-100.10578190597316,-371.5207291800295
-99.85550245033278,-371.08787863262586
-99.6052229946924,-370.6550280852222
-99.35494353905202,-370.2221775378186
-99.10466408341163,-369.78932699041496
-98.85438462777125,-369.35647644301133
-98.60410517213087,-368.9236258956077
-98.35382571649049,-368.49077534820407
-98.10354626085011,-368.05792480080044
-97.86084027992021,-367.62078745716826
-97.61813429899031,-367.1836501135361
-97.37542831806041,-366.7465127699039
-97.13272233713052,-366.30937542627174
-96.89001635620062,-365.87223808263957
-96.64731037527072,-365.4351007390074
-96.40460439434082,-364.9979633953752
-96.34194502758328,-364.8851077128202
-96.12317990923917,-364.4355081317049
-95.90441479089506,-363.98590855058967
-95.68564967255095,-363.5363089694744
-95.49757905683977,-363.07303273649177
-95.30950844112859,-362.6097565035091
-95.1214378254174,-362.14648027052647
-94.97515187798679,-361.6683683100698
-94.82886593055618,-361.19025634961315
-94.72921476719584,-360.70029459410296
-94.6295636038355,-360.21033283859276
-94.560030761856,-359.7151963159889
-94.49049791987649,-359.2200597933851
-94.46641942546346,-358.72064725619384
-94.44234093105042,-358.2212347190026
-94.44879763108415,-357.72128661311643
-94.45525433111787,-357.22133850723026
-94.50730212126658,-356.7240557719582
-94.55934991141528,-356.22677303668615
-94.61139770156399,-355.7294903014141
-94.70858606088122,-355.2390319270826
-94.80577442019845,-354.74857355275105
-94.94966864160428,-354.2697327050341
-95.0935628630101,-353.7908918573171
-95.26642163264837,-353.3217275577457
-95.43928040228664,-352.8525632581743
-95.65420539182944,-352.40111947638604
-95.86913038137223,-351.9496756945978
-96.11121371061178,-351.51219576752146
-96.35329703985133,-351.07471584044515
-96.63427963147774,-350.66115678755347
-96.91526222310415,-350.2475977346618
-97.19624481473056,-349.8340386817701
-97.51392746930837,-349.4479814681487
-97.85755197971392,-349.08479412979716
-98.20117649011947,-348.7216067914456
-98.54480100052501,-348.35841945309403
-98.91674205243754,-348.0242664664839
-99.28868310435007,-347.69011347987373
-99.69221136267953,-347.3948766340126
-100.09573962100899,-347.0996397881514
-100.51753754547879,-346.8311506318828
-100.93933546994859,-346.56266147561416
-101.36696611823903,-346.3035633737489
-101.79459676652948,-346.0444652718836
-102.07214088900946,-345.8742532655597
-102.51461066236405,-345.64140626833995
-102.9572095954724,-345.40880477571557
-103.39984179138766,-345.17626656215214
-103.84262003770758,-344.94403225515606
-104.2853982840275,-344.71179794816
-104.72827964584303,-344.4797966352484
-105.17116100765857,-344.24779532233686
-105.61415122092205,-344.0160612645727
-106.05714143418554,-343.7843272068086
-106.50021582588383,-343.5528183521828
-106.94329021758212,-343.32130949755697
-107.38594439494385,-343.0889484572841
-107.82859857230558,-342.85658741701127
-108.2709743703209,-342.62365278692664
-108.71335016833622,-342.390718156842
-109.15538278190823,-342.1570899854364
-109.59741539548024,-341.9234618140308
-110.03911297654403,-341.68917143567774
-110.48081055760782,-341.45488105732466
-110.92227498692166,-341.2201390055276
-111.3637394162355,-340.9853969537305
-111.80517161233266,-340.7505933784061
-112.24660380842981,-340.5157898030817
-112.68800435191025,-340.2809261466647
-113.12940489539069,-340.04606249024766
-113.56951085293748,-339.8087735396193
-114.00961681048427,-339.571484588991
-114.4485902658607,-339.3321057436718
-114.88756372123713,-339.09272689835257
-115.32521415627649,-338.85094251364274
-115.76286459131585,-338.6091581289329
-116.19942299223118,-338.36541642055045
-116.63438839863419,-338.1188377258907
-117.0693538050372,-337.872259031231
-117.50295782547329,-337.6232885084484
-117.93656184590938,-337.3743179856658
-118.3678774437239,-337.1214020075225
-118.79726001803697,-336.86522589067977
-119.2231075401416,-336.60321669267995
-119.64693314596578,-336.3379446247453
-120.0683072659581,-336.0687910196643
-120.48742011388815,-335.79613055187156
-120.90314584543145,-335.51833706942955
-121.31762738135565,-335.2386898418194
-121.73106141848695,-334.95749429814447
-122.14134463766176,-334.67171927066505
-122.54934649168688,-334.3826963814347
-122.95389769225481,-334.0888629017234
-123.34911517090003,-333.78259485280097
-123.73925742706659,-333.46989872732064
-124.12283386291973,-333.14920898972224
-124.49553958832034,-332.8159795283628
-124.863953746374,-332.47800169157574
-125.22503656972472,-332.13218074323305
-125.5801717679103,-331.7802391652732
-125.91498224172585,-331.40889167132576
-126.23569213591809,-331.02529688719295
-126.54158762786817,-330.6297881829315
-126.84748311981825,-330.2342794786701
-127.12855673587761,-329.8207682279037
-127.40963035193697,-329.40725697713737
-127.67960526062521,-328.98641519836093
-127.93583905080419,-328.55706799601745
-128.17411185393243,-328.11749827749327
-128.3679702760878,-327.6566129841487
-128.5504803832005,-327.19111709024367
-128.7041995698758,-326.7153360876505
-128.84615387950112,-326.2359126011409
-128.96829491953443,-325.7510614932612
-129.0706261566785,-325.2616465655155
-129.1504189113192,-324.7680571384493
-129.22138620626245,-324.273122470579
-129.2647862881502,-323.7750135622755
-129.2908705554823,-323.27569831227987
-129.29832847653924,-322.7757575369663
-129.27390362455566,-322.2763573457758
-129.23673521944113,-321.7777433245124
-129.1829515195437,-321.2806466218201
-129.11461676588362,-320.7853401524205
-129.01828631874173,-320.2947093201636
-128.90001851473437,-319.80890018362555
-128.77223991683474,-319.325505750842
-128.62455402118425,-318.8478168887043
-128.46034376442282,-318.3755526453143
-128.27729706894772,-317.91026485944093
-128.08319841760166,-317.4494782814118
-127.87523150608996,-316.9947829954126
-127.65000352046874,-316.54838562577686
-127.42102261156181,-316.1039008945735
-127.18851690828085,-315.6612490624672
-126.95601120499988,-315.21859723036096
-126.71877402740535,-314.77846257621377
-126.48153684981081,-314.3383279220666
-126.24468068626125,-313.8979881509695
-126.00807281628913,-313.45751495340915
-125.77146494631701,-313.01704175584877
-125.53514222324182,-312.5764155623067
-125.29653198479622,-312.13702417620965
-125.05792174635062,-311.6976327901126
-124.81749283416468,-311.25923419082966
-124.57706392197875,-310.8208355915467
-124.33443588797891,-310.383650659143
-124.09180785397908,-309.94646572673923
-123.84703245876852,-309.51047995091346
-123.60187740952972,-309.07470725787726
-123.35672236029092,-308.63893456484107
-123.11167861679841,-308.20309897406713
-122.86663487330591,-307.7672633832932
-122.62186528020428,-307.33127341711014
-122.37709568710264,-306.8952834509271
-122.13265346812874,-306.45910956606053
-121.88823172054136,-306.0229243253426
-121.64380997295397,-305.5867390846247
-121.39932117596473,-305.1505916157239
-121.15483237897548,-304.7144441468231
-120.91022977736043,-304.2783608163799
-120.66562717574537,-303.84227748593673
-120.4209005524708,-303.406264141573
-120.17631763133292,-302.970170999786
-119.93173471019504,-302.53407785799897
-119.68728130964536,-302.0979126968791
-119.44282790909567,-301.6617475357593
-119.19857219723663,-301.22547256675756
-118.95431648537759,-300.78919759775584
-118.71006077351855,-300.35292262875413
-118.46595871598036,-299.91656245699954
-118.22185665844218,-299.48020228524496
-117.97775460090399,-299.04384211349037
-117.7336525433658,-298.6074819417358
-117.48955048582762,-298.1711217699812
-117.46220726403408,-298.12224265327677
-117.22204651330165,-297.68416752419415
-116.98188576256922,-297.24609239511153
-116.74172501183679,-296.8080172660289
-116.49917753273243,-296.37082118958494
-116.25663005362807,-295.933625113141
-116.01408257452371,-295.496429036697
-115.77153509541935,-295.05923296025304
-115.52898761631499,-294.6220368838091
-115.28644013721063,-294.1848408073651
-115.04389265810627,-293.74764473092114
-114.80134517900191,-293.31044865447717
-114.55879769989755,-292.8732525780332
-114.3162502207932,-292.43605650158923
-114.07370274168883,-291.99886042514527
-113.83115526258447,-291.5616643487013
-113.58845680463074,-291.12453442344486
-113.345758346677,-290.6874044981884
-113.10305988872327,-290.25027457293197
-112.86036143076953,-289.81314464767553
-112.6176629728158,-289.3760147224191
-112.37496451486206,-288.93888479716264
-112.13226605690832,-288.5017548719062
-111.88956759895459,-288.06462494664976
-111.64685764454747,-287.62748445552296
-111.40414769014035,-287.19034396439616
-111.16143773573323,-286.75320347326937
-110.91872778132611,-286.31606298214257
-110.676017826919,-285.87892249101577
-110.43330787251188,-285.441781999889
-110.19059791810476,-285.0046415087622
-109.94788796369764,-284.5675010176354
-109.70518049395902,-284.13036574066814
-109.4624730242204,-283.6932304637009
-109.21976555448178,-283.25609518673366
-108.97705808474316,-282.8189599097664
-108.73435061500454,-282.3818246327992
-108.49164314526593,-281.94468935583194
-108.2489356755273,-281.5075540788647
-108.00622820578869,-281.07041880189746
-107.76353634485778,-280.633311728003
-107.52084448392688,-280.1962046541085
-107.27815262299598,-279.759097580214
-107.03546076206507,-279.32199050631954
-106.79276890113417,-278.88488343242506
-106.55007704020326,-278.4477763585306
-106.30738517927236,-278.0106692846361
-106.06469331834145,-277.5735622107416
-105.82200145741055,-277.13645513684713
-105.57930959647965,-276.69934806295265
-105.33661773554874,-276.26224098905817
-105.09392587461784,-275.8251339151637
-104.85123401368693,-275.3880268412692
-104.71588468790287,-275.14425209118053
-104.4742577538031,-274.70679012131853
-104.23263081970333,-274.26932815145653
-103.99100388560356,-273.83186618159453
-103.74794552515037,-273.3949707155931
-103.50488716469718,-272.9580752495917
-103.26182880424399,-272.52117978359024
-103.0187704437908,-272.0842843175888
-102.77571208333761,-271.6473888515874
-102.53265372288442,-271.21049338558595
-102.28959536243123,-270.7735979195845
-102.04653700197804,-270.3367024535831
-101.80488547830114,-269.89898448478016
-101.56323395462425,-269.46126651597723
-101.32158243094736,-269.0235485471743
-101.07993090727047,-268.5858305783714
-100.83827938359357,-268.14811260956844
-100.59662785991668,-267.7103946407655
-100.35497633623979,-267.2726766719626
-100.11391994680854,-266.8346237725218
-99.87286355737729,-266.39657087308103
-99.63180716794604,-265.95851797364026
-99.39075077851479,-265.5204650741995
-99.14969438908354,-265.0824121747587
-98.90863799965229,-264.6443592753179
-98.66758161022103,-264.20630637587715
-98.42652522078978,-263.76825347643637
-98.18546883135853,-263.3302005769956
-97.94441244192728,-262.8921476775548
-97.70335605249603,-262.45409477811404
-97.45948726961791,-262.0176047073358
-97.21561848673979,-261.5811146365576
-96.97174970386166,-261.14462456577934
-96.72788092098354,-260.7081344950011
-96.48401213810541,-260.27164442422287
-96.24014335522729,-259.83515435344464
-95.99627457234917,-259.3986642826664
-95.75240578947104,-258.96217421188817
-95.50853700659292,-258.52568414110993
-95.26580454576651,-258.08856759332474
-95.02307208494011,-257.65145104553955
-94.78033962411371,-257.21433449775435
-94.5376071632873,-256.77721794996916
-94.2948747024609,-256.34010140218396
-94.0521422416345,-255.90298485439874
-93.96744188736193,-255.75045508425683
-93.7258104905738,-255.31280225779818
-93.48417909378568,-254.87514943133954
-93.24254769699756,-254.4374966048809
-93.00091630020944,-253.99984377842225
-92.75928490342132,-253.5621909519636
-92.5176535066332,-253.12453812550496
-92.27602210984507,-252.6868852990463
-92.03439071305695,-252.24923247258766
-91.79275931626883,-251.81157964612902
-91.5511279194807,-251.37392681967037
-91.3094699280632,-250.93621024357256
-91.06781193664568,-250.49849366747475
-90.82615394522817,-250.06077709137693
-90.58449595381066,-249.62306051527912
-90.34283796239315,-249.1853439391813
-90.10117997097564,-248.7476273630835
-89.85952197955812,-248.30991078698568
-89.61786398814061,-247.87219421088787
-89.3762059967231,-247.43447763479006
-89.13454800530559,-246.99676105869224
-88.89289001388808,-246.55904448259443
-88.65123202247057,-246.12132790649662
-88.40957403105305,-245.6836113303988
-88.16791603963554,-245.245894754301
-87.92625949771602,-244.80818017266535
-87.68460295579649,-244.3704655910297
-87.44294641387697,-243.93275100939405
-87.20128987195744,-243.4950364277584
-86.95963333003792,-243.05732184612276
-86.71797678811839,-242.61960726448712
-86.47632024619887,-242.18189268285147
-86.23466370427934,-241.74417810121582
-85.99300716235982,-241.30646351958018
-85.75135062044029,-240.86874893794453
-85.50969407852077,-240.43103435630888
-85.26803753660124,-239.99331977467324
-85.0263771769319,-239.55559827609983
-84.78471681726256,-239.11787677752642
-84.54305645759322,-238.680155278953
-84.30139609792388,-238.2424337803796
-84.05973573825455,-237.8047122818062
-83.8180753785852,-237.36699078323278
-83.57641501891587,-236.92926928465937
-83.33475465924653,-236.49154778608596
-83.09309429957719,-236.05382628751255
-82.85143910983561,-235.61611415001877
-82.60978392009403,-235.178402012525
-82.36812873035245,-234.74068987503122
-82.12647354061087,-234.30297773753745
-81.8848183508693,-233.86526560004367
-81.64316316112772,-233.4275534625499
-81.40150797138614,-232.98984132505612
-81.15985278164456,-232.55212918756234
-80.91819759190298,-232.11441705006857
-80.6765424021614,-231.6767049125748
-80.43488721241982,-231.23899277508102
-80.19323202267825,-230.80128063758724
-79.9685367429629,-230.3942881319672
-79.72688248353123,-229.9565776889399
-79.48522822409956,-229.5188672459126
-79.24357396466789,-229.0811568028853
-79.00191970523622,-228.643446359858
-78.76026544580455,-228.2057359168307
-78.52397544658614,-227.76509447739312
-78.28768544736772,-227.32445303795555
-78.05139544814931,-226.88381159851798
-77.8151054489309,-226.4431701590804
-77.57881544971248,-226.00252871964284
-77.34252545049407,-225.56188728020527
-77.10623545127565,-225.1212458407677
-76.86994545205724,-224.68060440133013
-76.64223949920085,-224.23546402642498
-76.41453354634447,-223.79032365151983
-76.18682759348809,-223.34518327661468
-75.95912164063171,-222.90004290170953
-75.7350662808137,-222.45305473550064
-75.51101092099569,-222.00606656929176
-75.28695556117768,-221.55907840308288
-75.06290020135967,-221.112090236874
-74.84813035721352,-220.6605666407604
-74.63336051306737,-220.20904304464682
-74.41859066892123,-219.75751944853323
-74.20725222389032,-219.30437950787112
-73.99591377885942,-218.851239567209
-73.78457533382851,-218.3980996265469
-73.57323688879761,-217.94495968588478
-73.3686945890525,-217.48871222443975
-73.16415228930738,-217.03246476299472
-72.95960998956227,-216.5762173015497
-72.75506768981715,-216.11996984010466
-72.56101121342161,-215.65916461673302
-72.36695473702606,-215.1983593933614
-72.17289826063052,-214.73755416998975
-71.97884178423497,-214.2767489466181
-71.78478530783943,-213.81594372324648
-71.59827962304003,-213.3520303475851
-71.41177393824063,-212.88811697192372
-71.22526825344123,-212.42420359626234
-71.03876256864183,-211.96029022060097
-70.85225688384243,-211.4963768449396
-70.6704202683945,-211.03061361730929
-70.48858365294656,-210.56485038967898
-70.30674703749862,-210.09908716204868
-70.12491042205069,-209.63332393441837
-69.94307380660275,-209.16756070678807
-69.77362828262174,-208.6971479974259
-69.60418275864073,-208.22673528806374
-69.43473723465972,-207.75632257870157
-69.26529171067871,-207.2859098693394
-69.0958461866977,-206.81549715997724
-68.92640066271669,-206.34508445061508
-68.75695513873568,-205.8746717412529
-68.59555496085521,-205.40143876147008
-68.43415478297474,-204.92820578168724
-68.27275460509428,-204.4549728019044
-68.11135442721381,-203.98173982212157
-67.94995424933335,-203.50850684233873
-67.78855407145288,-203.0352738625559
-67.63396272148627,-202.5597726580321
-67.47937137151966,-202.0842714535083
-67.32478002155305,-201.6087702489845
-67.17018867158644,-201.13326904446072
-67.01559732161984,-200.65776783993692
-66.86937750646993,-200.1796258471886
-66.72315769132003,-199.70148385444026
-66.57693787617012,-199.22334186169192
-66.43071806102022,-198.7451998689436
-66.28449824587031,-198.26705787619525
-66.1382784307204,-197.78891588344692
-66.00277939113901,-197.30762599357126
-65.86728035155762,-196.8263361036956
-65.73178131197623,-196.34504621381996
-65.59628227239484,-195.8637563239443
-65.46078323281345,-195.38246643406865
-65.33200603443012,-194.89933614321092
-65.20322883604679,-194.4162058523532
-65.07445163766346,-193.93307556149546
-64.94567443928013,-193.44994527063773
-64.8168972408968,-192.96681497978
-64.69494086306034,-192.48191929975434
-64.57298448522388,-191.99702361972868
-64.45102810738743,-191.51212793970302
-64.32907172955098,-191.02723225967736
-64.20918693534156,-190.54181837300865
-64.08930214113215,-190.05640448633994
-63.96941734692274,-189.57099059967123
-63.84953255271333,-189.08557671300252
-63.74066339472473,-188.59757374599894
-63.63179423673613,-188.10957077899536
-63.52292507874753,-187.62156781199178
-63.414055920758926,-187.1335648449882
-63.31261206019092,-186.64396549789325
-63.21116819962292,-186.1543661507983
-63.109724339054914,-185.66476680370334
-63.00828047848691,-185.1751674566084
-62.906836617918906,-184.68556810951344
-62.8053927573509,-184.1959687624185
-62.716130031768536,-183.7040046214299
-62.62686730618617,-183.21204048044132
-62.537604580603805,-182.72007633945273
-62.44834185502144,-182.22811219846415
-62.359079129439074,-181.73614805747556
-62.276532766592496,-181.2430090609003
-62.19398640374592,-180.74987006432505
-62.11144004089934,-180.2567310677498
-62.02889367805276,-179.76359207117454
-61.94634731520618,-179.2704530745993
-61.874020528378956,-178.77571220574302
-61.80169374155173,-178.28097133688675
-61.729366954724505,-177.78623046803048
-61.65704016789728,-177.2914895991742
-61.59238150099341,-176.79568939811406
-61.527722834089545,-176.29988919705391
-61.46306416718568,-175.80408899599377
-61.39840550028181,-175.30828879493362
-61.33529462248746,-174.81228779231208
-61.27218374469311,-174.31628678969054
-61.20907286689876,-173.820285787069
-61.150973325860136,-173.32367469849294
-61.09287378482151,-172.82706360991688
-61.03477424378289,-172.33045252134082
-60.98226645481543,-171.83321925506496
-60.92975866584797,-171.3359859887891
-60.87725087688051,-170.83875272251325
-60.82474308791305,-170.3415194562374
-60.77223529894559,-169.84428618996154
-60.73032390397535,-169.3460466782358
-60.68841250900512,-168.84780716651008
-60.64650111403488,-168.34956765478435
-60.60458971906465,-167.85132814305862
-60.56267832409441,-167.3530886313329
-60.51823713690068,-166.85506839387133
-60.47379594970695,-166.35704815640977
-60.42935476251321,-165.85902791894821
-60.39252566336926,-165.36038616187452
-60.35569656422531,-164.86174440480082
-60.31886746508136,-164.36310264772712
-60.28203836593741,-163.86446089065342
-60.24830383947291,-163.36560231647556
-60.21456931300841,-162.8667437422977
-60.18083478654391,-162.36788516811984
-60.14710026007941,-161.86902659394198
-60.1215621259176,-161.36968186261674
-60.096023991755786,-160.8703371312915
-60.07048585759397,-160.37099239996627
-60.04494772343216,-159.87164766864103
-60.019409589270346,-159.3723029373158
-59.99387145510853,-158.87295820599056
-59.9697679012396,-158.37353952524762
-59.945664347370666,-157.8741208445047
-59.92156079350173,-157.37470216376175
-59.8974572396328,-156.87528348301882
-59.87335368576387,-156.37586480227588
-59.849250131894934,-155.87644612153295
-59.83293701335788,-155.39320968370885
-59.83377579455198,-154.8932128213396
-59.83461457574609,-154.39321595897036
-59.83545335694019,-153.89321909660111
-59.8362921381343,-153.39322223423187
-59.8371309193284,-152.89322537186263
-59.83796970052251,-152.39322850949338
-59.83880848171661,-151.89323164712414
-59.83964726291072,-151.3932347847549
-59.84048604410482,-150.89323792238565
-59.841324825298926,-150.3932410600164
-59.84216359852514,-149.89324769061392
-59.84300237175135,-149.39325432121143
-59.84384114497757,-148.89326095180894
-59.84467991820378,-148.39326758240645
-59.845518691429994,-147.89327421300396
-59.84635746465621,-147.39328084360147
-59.84719623788242,-146.89328747419898
-59.848035011108635,-146.3932941047965
-59.84887378433485,-145.893300735394
-59.84971255756106,-145.39330736599152
-59.850551340535084,-144.89330830519077
-59.851390123509105,-144.39330924439003
-59.85222890648313,-143.89331018358928
-59.85306768945715,-143.39331112278853
-59.85390647243117,-142.89331206198779
-59.85474525540519,-142.39331300118704
-59.85558403837921,-141.8933139403863
-59.856422821353235,-141.39331487958555
-59.857261604327256,-140.8933158187848
-59.85810038730128,-140.39331675798405
-59.8589391702753,-139.8933176971833
-59.859777943218,-139.39332453671952
-59.8606167161607,-138.89333137625573
-59.8614554891034,-138.39333821579194
-59.8622942620461,-137.89334505532815
-59.8631330349888,-137.39335189486437
-59.8639718079315,-136.89335873440058
-59.8648105808742,-136.3933655739368
-59.8656493538169,-135.893372413473
-59.8664881267596,-135.39337925300921
-59.8673268997023,-134.89338609254543
-59.868165672645,-134.39339293208164
-59.8690044455877,-133.89339977161785
-59.869843227644544,-133.39340111694045
-59.87068200970139,-132.89340246226305
-59.871520791758236,-132.39340380758566
-59.87235957381508,-131.89340515290826
-59.87319835587193,-131.39340649823086
-59.874037137928774,-130.89340784355346
-59.87487591998562,-130.39340918887606
-59.875714702042465,-129.89341053419867
-59.87655348409931,-129.39341187952127
-59.87739226615616,-128.89341322484387
-59.878231048213,-128.39341457016647
-59.87906983026985,-127.89341591548909
-59.879908612326695,-127.3934172608117
-59.88074739438354,-126.89341860613432
-59.881586176440386,-126.39341995145693
-59.88242495849723,-125.89342129677955
-59.88326374055408,-125.39342264210217
-59.884102522610924,-124.89342398742478
-59.88466601172695,-124.55752767482772
-59.90909080379712,-124.05812643075464
-59.93351559586729,-123.55872518668156
-59.95794038793746,-123.05932394260847
-59.98236518000763,-122.55992269853539
-60.006789972077804,-122.0605214544623
-60.031214764147975,-121.56112021038922
-60.0333712142789,-121.06112510561279
-60.03552766440983,-120.56113000083636
-60.03768411454075,-120.06113489605993
-60.03984056467168,-119.5611397912835
-60.041997014802604,-119.06114468650706
-60.04415346493353,-118.56114958173063
-60.046309915064455,-118.0611544769542
-60.04846636519538,-117.56115937217777
-60.04875536794812,-117.06116040881923
-60.049044370700855,-116.5611614454607
-60.04933337345359,-116.06116248210216
-60.04962237620633,-115.56116351874363
-60.04991137895907,-115.06116455538509
-60.050200381711804,-114.56116559202655
-60.05048938446454,-114.06116662866802
-60.05077838721728,-113.56116766530948
-60.051067389970015,-113.06116870195095
-60.04405769218927,-112.56121838756438
-60.037047994408525,-112.06126807317781
-60.03003829662778,-111.56131775879125
-60.023028598847034,-111.06136744440468
-60.01601890106629,-110.56141713001811
-60.009009203285544,-110.06146681563155
-60.0019995055048,-109.56151650124498
-59.99498980772405,-109.06156618685841
-59.98274265624706,-108.56171717898386
-59.97049550477007,-108.0618681711093
-59.95824835329308,-107.56201916323474
-59.94600120181609,-107.06217015536018
-59.9337540503391,-106.56232114748562
-59.921506898862106,-106.06247213961106
-59.9083240747036,-105.56264650117028
-59.90742897847667,-105.52870900509879
-60.10581400350202,-43.4557633921504
-60.10862152419917,-42.95577172277913
-60.111429044896326,-42.455780053407864
-60.11423656559348,-41.955788384036595
-60.11704408629063,-41.455796714665325
-60.11985160698779,-40.955805045294056
-60.12265912768494,-40.45581337592279
-60.125466648382094,-39.95582170655152
-60.12827416907925,-39.45583003718025
-60.1310816897764,-38.95583836780898
-60.133889195958794,-38.45584925316938
-60.13669670214119,-37.955860138529786
-60.13950420832358,-37.45587102389019
-60.14231171450597,-36.95588190925059
-60.145119220688365,-36.455892794610996
-60.14792672687076,-35.9559036799714
-60.15073423305315,-35.4559145653318
-60.15354173923554,-34.955925450692206
-60.15604465093929,-34.51018160348758
-60.15885215484144,-34.010192928226026
-60.16165965874359,-33.51020425296447
-60.164467162645735,-33.010215577702915
-60.16727468114723,-32.51022430099211
-60.17008219964872,-32.0102330242813
-60.17288971815021,-31.510241747570493
-60.1756972366517,-31.010250470859688
-60.17850475515319,-30.510259194148883
-60.18131227365468,-30.010267917438078
-60.184119792156174,-29.510276640727273
-60.186927310657666,-29.010285364016468
-60.18973482915916,-28.510294087305663
-60.19254234766065,-28.010302810594858
-60.19534986616214,-27.510311533884053
-60.19815738466363,-27.010320257173248
-60.20096490718921,-26.51032826841302
-60.20377242971479,-26.01033627965279
-60.20657995224037,-25.51034429089256
-60.20938747476595,-25.010352302132333
-60.212194997291526,-24.510360313372104
-60.215002519817105,-24.010368324611875
-60.217810042342684,-23.510376335851646
-60.22061756486826,-23.010384347091417
-60.22342508739384,-22.51039235833119
-60.22623260991942,-22.01040036957096
-60.229040132445,-21.51040838081073
-60.23184765497058,-21.0104163920505
-60.23465517682135,-20.510424536102892
-60.23746269867212,-20.010432680155283
-60.24027022052289,-19.510440824207674
-60.24307774237366,-19.010448968260064
-60.24588526422443,-18.510457112312455
-60.248692786075196,-18.010465256364846
-60.251500307925966,-17.510473400417236
-60.254307829776735,-17.010481544469627
-60.25711535093428,-16.51048981306301
-60.25992287209182,-16.010498081656394
-60.26273039324936,-15.510506350249779
-60.265537914406906,-15.010514618843164
-60.26834541742572,-14.510525840255571
-60.271152920444536,-14.010537061667979
-60.27396042346335,-13.510548283080386
-60.276767926482165,-13.010559504492793
-60.27957542950098,-12.5105707259052
-60.282382932519795,-12.010581947317608
-60.28519043553861,-11.510593168730015
-60.287997938557425,-11.010604390142422
-60.29080544157624,-10.51061561155483
-60.293612944595054,-10.010626832967237
-60.29642044761387,-9.510638054379644
-60.299227950632684,-9.010649275792051
-60.3020354536515,-8.510660497204459
-60.30284466617741,-8.366547675337642
-60.305652180407066,-7.866557341980539
-60.308459694636724,-7.366567008623436
-60.31126720886638,-6.866576675266333
-60.31407472309604,-6.36658634190923
-60.3168822373257,-5.8665960085521265
-60.31968975155536,-5.366605675195023
-60.32249726578502,-4.86661534183792
-60.325304780014676,-4.366625008480817
-60.328112294244335,-3.8666346751237137
-60.33091980847399,-3.3666443417666105
-60.33372732270365,-2.8666540084095073
-60.33653483693331,-2.366663675052404
-60.33934235116297,-1.8666733416953012
-60.34214986539263,-1.3666830083381982
-60.34495737962229,-0.8666926749810953
-60.347764893851945,-0.36670234162399223
-60.34860723745078,-0.21668933285400271
-60.351414751146955,0.2833010862923873
-60.35422226484313,0.7832915054387773
-60.35702977853931,1.2832819245851674
-60.35983729223548,1.7832723437315574
-60.363242815131976,2.2832605849649523
-60.36664833802847,2.783248826198347
-60.37005386092496,3.2832370674317417
-60.373459383821455,3.7832253086651364
-60.37686490671795,4.283213549898531
-60.38027042961444,4.783201791131926
-60.383675952510934,5.283190032365321
-60.38708147540743,5.7831782735987165
-60.39048699830392,6.283166514832112
-60.39473666828281,6.783148412256956
-60.3989863382617,7.283130309681801
-60.39918055068634,7.7831301853576935
-60.39937476311098,8.283130061033585
-60.399568975535615,8.783129936709477
-60.399763187960254,9.283129812385368
-60.40177650221347,9.783125604367942
-60.40378981646669,10.283121396350516
-60.40580313071991,10.78311718833309
-60.40781644497313,11.283112980315664
-60.40876632963773,11.510706165805459
-60.41250790353812,12.010692154503849
-60.41624947743851,12.510678143202238
-60.419991051338904,13.010664131900628
-60.421448442769616,13.510660726761442
-60.42290583420033,14.010657321622256
-60.42436322563104,14.51065391648307
-60.42582061706175,15.010650511343885
-60.427609562218066,15.510646950343764
-60.42939850737438,16.01064338934364
-60.43118745253069,16.51063982834352
-60.43297639768701,17.0106362673434
-60.43476534284332,17.51063270634328
-60.436554287999634,18.01062914534316
-60.43834323315595,18.51062558434304
-60.44013217831226,19.01062202334292
-60.441921123468575,19.510618462342798
-60.44371006862489,20.010614901342677
-60.4454990137812,20.510611340342557
-60.447287958937515,21.010607779342436
-60.44907690409383,21.510604218342316
-60.45086584925014,22.010600657342195
-60.452654794406456,22.510597096342075
-60.45718058858419,23.010576612008837
-60.46170638276192,23.5105561276756
-60.46623217693965,24.01053564334236
-60.47075797111738,24.510515159009124
-60.47528376529511,25.010494674675886
-60.47980955947284,25.51047419034265
-60.48433535365057,26.01045370600941
-60.4888611478283,26.510433221676173
-60.49338694200603,27.010412737342936
-60.497912736183764,27.510392253009698
-60.502438530361495,28.01037176867646
-60.506964324539226,28.510351284343223
-60.51149011871696,29.010330800009985
-60.51601591289469,29.510310315676747
-60.52054170707242,30.01028983134351
-60.52506750125015,30.510269347010272
-60.52959329542788,31.010248862677035
-60.53411908960561,31.510228378343797
-60.53864488378334,32.010207894010556
-60.53904086645578,32.510207577742406
-60.539436849128215,33.01020726147426
-60.53983283180065,33.51020694520611
-60.54022881447309,34.01020662893796
-60.540624797145526,34.51020631266981
-60.54102077981796,35.01020599640166
-60.5414167624904,35.51020568013351
-60.54181274516284,36.01020536386536
-60.5438695066316,36.51020095348388
-60.54592626810037,37.0101965431024
-60.54798302956913,37.510192132720924
-60.5500397910379,38.010187722339445
-60.55209655250666,38.51018331195797
-60.554153313975426,39.01017890157649
-60.560558428749886,39.5101369123035
-60.566963543524345,40.010094923030515
-60.573368658298804,40.51005293375753
-60.57977377307326,41.01001094448454
-60.58617888784772,41.509968955211555
-60.59258400262218,42.00992696593857
-60.59898911739664,42.50988497666558
-60.6053942321711,43.009842987392595
-60.610643293937144,43.50981254975334
-60.61589235570319,44.00978211211409
-60.62114141746923,44.509751674474835
-60.626390479235276,45.00972123683558
-60.63163954100132,45.50969079919633
-60.636888602767364,46.009660361557074
-60.64213766453341,46.50962992391782
-60.64738672629945,47.00959948627857
-60.6487287744457,47.50959752037799
-60.65007082259195,48.00959555447741
-60.6514128707382,48.50959358857683
-60.65275491888445,49.00959162267625
-60.654096967030696,49.50958965677567
-60.655439015176945,50.00958769087509
-60.66321845083052,50.509527103258144
-60.670997886484095,51.0094665156412
-60.67877732213767,51.50940592802426
-60.686556757791244,52.009345340407314
-60.69433619344482,52.50928475279037
-60.702115629098394,53.00922416517343
-60.70989506475197,53.509163577556485
-60.71767450040554,54.00910298993954
-60.72605543342781,54.50903267663211
-60.734436366450076,55.00896236332468
-60.74281729947234,55.508892050017245
-60.75119823249461,56.00882173670981
-60.759579165516875,56.50875142340238
-60.76796009853914,57.00868111009495
-60.77634103156141,57.508610796787515
-60.784721964583674,58.00854048348008
-60.78981215174727,58.50851457093197
-60.794902338910866,59.00848865838386
-60.79999252607446,59.50846274583575
-60.80508271323806,60.00843683328764
-60.81017290040165,60.50841092073953
-60.81526308756525,61.00838500819142
-60.820353274728845,61.50835909564331
-60.82544346189244,62.008333183095196
-60.83356371138747,62.50826708293019
-60.8416839608825,63.00820098276518
-60.84980421037753,63.508134882600174
-60.85792445987256,64.00806878243517
-60.866044709367586,64.50800268227017
-60.874164958862615,65.00793658210517
-60.882285208357644,65.50787048194017
-60.89040545785267,66.00780438177517
-60.8991318458169,66.50772815580535
-60.907858233781134,67.00765192983553
-60.916584621745365,67.50757570386571
-60.925311009709596,68.00749947789589
-60.934037397673826,68.50742325192607
-60.94276378563806,69.00734702595625
-60.95149017360229,69.50727079998643
-60.96021656156652,70.00719457401661
-60.95571313383831,70.50717426711113
-60.9512097061101,71.00715396020564
-60.94670627838189,71.50713365330016
-60.94220285065368,72.00711334639468
-60.93769942292547,72.50709303948919
-60.93319599519726,73.00707273258371
-60.92869256746905,73.50705242567822
-60.92418913974084,74.00703211877274
-60.91968571201263,74.50701181186726
-60.91518228428442,75.00699150496177
-60.91067885655621,75.50697119805629
-60.906175428828,76.00695089115081
-60.90167200109979,76.50693058424532
-60.89716857337158,77.00691027733984
-60.89266514564337,77.50688997043436
-60.88816171791516,78.00686966352887
-60.88365829018695,78.50684935662339
-60.87915486245874,79.00682904971791
-60.8764564244193,79.3064151215367
-60.88454669071385,79.80634957775392
-60.89263695700839,80.30628403397114
-60.90072722330294,80.80621849018836
-60.90881748959748,81.30615294640558
-60.916907755892026,81.8060874026228
-60.92499802218657,82.30602185884001
-60.933088288481116,82.80595631505723
-60.94117855477566,83.30589077127445
-60.949268821070206,83.80582522749167
-60.95735908736475,84.30575968370889
-60.965449353659295,84.8056941399261
-60.97353961995384,85.30562859614332
-60.981629886248385,85.80556305236054
-60.98972015254293,86.30549750857776
-60.99838783774098,86.80542232312041
-61.00705552293903,87.30534713766306
-61.015723208137075,87.80527195220571
-61.024390893335124,88.30519676674837
-61.03305857853317,88.80512158129102
-61.04172626373122,89.30504639583367
-61.05039394892927,89.80497121037632
-61.05906163412732,90.30489602491897
-61.067729319325366,90.80482083946163
-61.076397004523415,91.30474565400428
-61.08506468972146,91.80467046854693
-61.09373237491951,92.30459528308958
-61.10240006011756,92.80452009763223
-61.11106774531561,93.30444491217489
-61.11973543051366,93.80436972671754
-61.128403115711706,94.30429454126019
-61.137089240094404,94.80421876001104
-61.1457753644771,95.30414297876189
-61.1544614888598,95.80406719751274
-61.1631476132425,96.30399141626359
-61.1718337376252,96.80391563501443
-61.1805198620079,97.30383985376528
-61.1892059863906,97.80376407251613
-61.197892110773296,98.30368829126698
-61.206578235155995,98.80361251001783
-61.21526435953869,99.30353672876868
-61.22395048392139,99.80346094751953
-61.23263660830409,100.30338516627037
-61.24132273268679,100.80330938502122
-61.25000885706949,101.30323360377207
-61.25869498145219,101.80315782252292
-61.267381105834886,102.30308204127377
-61.276067230217585,102.80300626002462
-61.284753354600284,103.30293047877547
-61.28786116070114,103.48179823020473
-61.29654832610118,103.98172237732058
-61.30523549150122,104.48164652443643
-61.31392265690126,104.98157067155228
-61.3226098223013,105.48149481866812
-61.33129698770134,105.98141896578397
-61.32981150683581,106.48140974160751
-61.32832602597028,106.98140051743104
-61.326840545104744,107.48139129325457
-61.32535506423921,107.98138206907811
-61.32386958337368,108.48137284490164
-61.322384102508146,108.98136362072518
-61.32089862164261,109.48135439654871
-61.31941314077708,109.98134517237224
-61.31792765991155,110.48133594819578
-61.316442179046014,110.98132672401931
-61.31495669818048,111.48131749984285
-61.31347121731495,111.98130827566638
-61.311985736449415,112.48129905148991
-61.31050025558388,112.98128982731345
-61.30901477471835,113.48128060313698
-61.30752929385282,113.98127137896051
-61.306043812987284,114.48126215478405
-61.30455833212175,114.98125293060758
-61.30307285125622,115.48124370643112
-61.301587370390685,115.98123448225465
-61.30010188952515,116.48122525807818
-61.29861640865962,116.98121603390172
-61.297130927794086,117.48120680972525
-61.29564544692855,117.98119758554878
-61.29415996606302,118.48118836137232
-61.29267448519749,118.98117913719585
-61.291189004331954,119.48116991301939
-61.28970352346642,119.98116068884292
-61.28821804260089,120.48115146466645
-61.286732561735356,120.98114224048999
-61.28432340345685,121.48113480455187
-61.284229025710374,121.50072179967538
-61.30075275703227,122.00008449554682
-61.31727648835417,122.49944719141826
-61.333800219676064,122.9988098872897
-61.37008983829866,123.4972665952916
-61.40637945692126,123.99572330329352
-61.442669075543854,124.49418001129543
-61.47895869416645,124.99263671929734
-61.51524831278905,125.49109342729925
-61.551537931411644,125.98955013530116
-61.58782755003424,126.48800684330307
-61.64748400344996,126.98410595544811
-61.70714045686568,127.48020506759316
-61.7667969102814,127.97630417973821
-61.82645336369712,128.47240329188327
-61.88610981711284,128.96850240402833
-61.94576627052856,129.4646015161734
-62.04511089225642,129.95426881641598
-62.144455513984276,130.44393611665856
-62.243800135712135,130.93360341690115
-62.343144757439994,131.42327071714374
-62.44248937916785,131.91293801738632
-62.54183400089571,132.4026053176289
-62.68759937838929,132.880464164606
-62.83336475588286,133.35832301158308
-62.97913013337644,133.83618185856017
-63.12489551087001,134.31404070553725
-63.27066088836359,134.79189955251434
-63.43978509106149,135.26196208469722
-63.60890929375939,135.7320246168801
-63.77803349645729,136.20208714906298
-63.94715769915519,136.67214968124586
-64.1162819018531,137.14221221342873
-64.285406104551,137.61227474561161
-64.50979759796125,138.0582483574771
-64.7341890913715,138.5042219693426
-64.95858058478176,138.9501955812081
-65.18297207819201,139.3961691930736
-65.40736357160226,139.8421428049391
-65.63175506501251,140.2881164168046
-65.88835787231585,140.71602604232592
-66.14496067961919,141.14393566784724
-66.40156348692253,141.57184529336857
-66.65816629422586,141.9997549188899
-66.9147691015292,142.42766454441121
-67.20314682238617,142.83440518601415
-67.49152454324314,143.2411458276171
-67.77990226410012,143.64788646922003
-68.06827998495709,144.05462711082296
-68.35665770581406,144.4613677524259
-68.64503542667103,144.86810839402884
-68.9607749347205,145.25392662589363
-69.27651444276998,145.63974485775842
-69.59225395081945,146.0255630896232
-69.90799345886893,146.411381321488
-70.2237329669184,146.79719955335278
-70.58241913981041,147.1437955582498
-70.94110531270242,147.4903915631468
-71.29979148559443,147.8369875680438
-71.65847765848643,148.18358357294082
-72.01716383137844,148.53017957783783
-72.37585000427045,148.87677558273484
-72.75899612035597,149.19641410307733
-73.1421422364415,149.51605262341982
-73.52528835252703,149.83569114376232
-73.90843446861255,150.1553296641048
-74.29158058469808,150.4749681844473
-74.704210197691,150.75586831812407
-75.11683981068391,151.03676845180084
-75.52946942367683,151.3176685854776
-75.94209903666975,151.59856871915437
-76.35472864966266,151.87946885283114
-76.76735826265558,152.1603689865079
-77.20438261597187,152.4012384233209
-77.64140696928816,152.6421078601339
-78.07843132260444,152.8829772969469
-78.51545567592073,153.1238467337599
-78.95248002923702,153.3647161705729
-79.38950438255331,153.6055856073859
-79.84712794653537,153.80400342441226
-80.30475151051742,154.0024212414386
-80.76237507449947,154.20083905846496
-81.21999863848153,154.39925687549132
-81.67762220246358,154.59767469251767
-82.1465777779135,154.7673153282334
-82.61553335336343,154.93695596394912
-83.08448892881336,155.10659659966484
-83.55344450426328,155.27623723538056
-84.02240007971321,155.4458778710963
-84.49135565516313,155.615518506812
-84.97272173200446,155.74520702185987
-85.45408780884578,155.87489553690773
-85.93545388568711,156.0045840519556
-86.41681996252844,156.13427256700345
-86.89818603936976,156.2639610820513
-87.37955211621109,156.39364959709917
-87.87257095224766,156.46884033284974
-88.36558978828423,156.5440310686003
-88.8586086243208,156.61922180435087
-89.35162746035736,156.69441254010144
-89.84464629639393,156.769603275852
-90.34239217731772,156.8002273156101
-90.84013805824151,156.8308513553682
-91.3378839391653,156.8614753951263
-91.83562982008908,156.8920994348844
-92.33337570101287,156.92272347464248
-92.83112158193666,156.95334751440058
-93.32947080961392,156.9397335103239
-93.82782003729119,156.9261195062472
-94.32616926496846,156.91250550217052
-94.82451849264572,156.89889149809383
-95.32286772032299,156.88527749401715
-95.82121694800026,156.87166348994046
-96.31785654350078,156.8323372781048
-96.8144961390013,156.79301106626914
-97.31113573450183,156.7536848544335
-97.80777533000236,156.71435864259783
-98.30441492550288,156.67503243076217
-98.79762567927959,156.6056522123583
-99.2908364330563,156.53627199395444
-99.784047186833,156.46689177555058
-100.27725794060972,156.39751155714671
-100.77046869438642,156.32813133874285
-101.24849636929882,156.18759114265887
-101.72652404421122,156.0470509465749
-102.20455171912361,155.90651075049092
-102.68257939403601,155.76597055440695
-103.16060706894841,155.62543035832297
-103.6386347438608,155.484890162239
-104.0968295452105,155.2888177403834
-104.55502434656019,155.0927453185278
-105.01321914790988,154.8966728966722
-105.47141394925957,154.70060047481658
-105.92960875060926,154.50452805296098
-106.37974753868168,154.29114802827715
-106.8298863267541,154.07776800359332
-107.28002511482653,153.8643879789095
-107.73016390289895,153.65100795422566
-108.18030269097137,153.43762792954183
-108.6304414790438,153.224247904858
-109.06755372538888,152.98520145002854
-109.50466597173396,152.74615499519908
-109.94177821807904,152.50710854036961
-110.37889046442412,152.26806208554015
-110.8160027107692,152.0290156307107
-111.25311495711428,151.78996917588123
-111.67247708771765,151.5210373196515
-112.09183921832103,151.25210546342177
-112.5112013489244,150.98317360719204
-112.93056347952778,150.71424175096232
-113.34992561013115,150.4453098947326
-113.75515157502979,150.1552769658914
-114.16037753992842,149.86524403705022
-114.56560350482705,149.57521110820903
-114.97082946972569,149.28517817936785
-115.36599654661586,148.9814491972909
-115.76116362350604,148.67772021521398
-116.15633070039621,148.37399123313705
-116.55149777728639,148.07026225106011
-116.94666485417656,147.76653326898318
-117.34183193106674,147.46280428690625
-117.73699900795691,147.15907530482932
-118.12204222799308,146.84214806285323
-118.50708544802924,146.52522082087714
-118.89212866806541,146.20829357890105
-119.27717188810158,145.89136633692496
-119.66221510813774,145.57443909494887
-120.04725832817391,145.25751185297278
-120.4269487522568,144.93384280234636
-120.8066391763397,144.61017375171994
-121.1863296004226,144.28650470109352
-121.56602002450549,143.9628356504671
-121.94571044858839,143.63916659984068
-122.32540087267128,143.31549754921426
-122.70509129675418,142.99182849858784
-123.08261238040367,142.66577773693854
-123.46013346405317,142.33972697528924
-123.83765454770267,142.01367621363994
-124.21517563135217,141.68762545199064
-124.59269671500167,141.36157469034134
-124.97021779865116,141.03552392869204
-125.35223277344609,140.7145742824444
-125.73424774824102,140.39362463619676
-126.11626272303594,140.07267498994912
-126.49827769783087,139.75172534370148
-126.8802926726258,139.43077569745384
-127.26230764742073,139.1098260512062
-127.64432262221565,138.78887640495856
-128.02190856012606,138.46255033263137
-128.39949449803646,138.13622426030418
-128.77708043594686,137.80989818797698
-129.15466637385725,137.4835721156498
-129.53225231176765,137.1572460433226
-129.90983824967805,136.8309199709954
-130.28742418758844,136.50459389866822
-130.66798556474487,136.1802909027924
-131.04841924287547,135.85685840822345
-131.42885292100607,135.5334259136545
-131.80928659913667,135.20999341908555
-132.18972027726727,134.8865609245166
-132.57015395539787,134.56312842994765
-132.95060352983407,134.23982041219185
-133.33105310427027,133.91651239443604
-133.71150267870647,133.59320437668023
-134.09195225314267,133.26989635892443
-134.47240182757886,132.94658834116862
-134.85285140201506,132.6232803234128
-135.23330097645126,132.299972305657
-135.61375055088746,131.9766642879012
-135.99420012532366,131.6533562701454
-136.37475499004677,131.32996825279568
-136.75530985476988,131.00658023544597
-137.135864719493,130.68319221809625
-137.5164195842161,130.35980420074654
-137.8969744489392,130.03641618339682
-138.2775293136623,129.7130281660471
-138.65808417838542,129.3896401486974
-139.03863904310853,129.06625213134768
-139.41919390783164,128.74286411399797
-139.79974877255475,128.41947609664825
-140.18030363727786,128.09608807929854
-140.56085850200097,127.77270006194884
-140.94141336672408,127.44931204459914
-141.32219229749074,127.12573424568174
-141.7029712282574,126.80215644676434
-142.08375015902408,126.47857864784694
-142.46452908979074,126.15500084892955
-142.8453080205574,125.83142305001215
-143.22608695132408,125.50784525109475
-143.60686588209074,125.18426745217735
-143.9876448128574,124.86068965325995
-144.36842374362408,124.53711185434256
-144.74920267439074,124.21353405542516
-145.1299816051574,123.88995625650776
-145.51076053592408,123.56637845759036
-145.89153946669074,123.24280065867296
-146.27239936338134,122.9191540893002
-146.65325926007193,122.59550751992745
-147.03411915676253,122.2718609505547
-147.41497905345312,121.94821438118194
-147.79583895014372,121.62456781180919
-148.1766988468343,121.30092124243643
-148.5575587435249,120.97727467306368
-148.9384186402155,120.65362810369092
-149.3192785369061,120.32998153431816
-149.7001384335967,120.00633496494541
-150.0809983302873,119.68268839557265
-150.46185822697788,119.3590418261999
-150.84271812366848,119.03539525682714
-151.22361578759612,118.7115771003163
-151.60451345152376,118.38775894380547
-151.7948646499426,118.22593286819756
-180.7374174068682,97.98461480392143
-181.11853467581568,97.66119680003924
-181.49965194476317,97.33777879615704
-181.88055912300342,97.01453907624278
-182.26146630124367,96.69129935632853
-182.64237347948392,96.36805963641427
-183.02328065772417,96.04481991650002
-183.4041691891497,95.721596020446
-183.78505772057525,95.39837212439198
-184.1659462520008,95.07514822833797
-184.54683478342633,94.75192433228395
-184.9260599218855,94.4270878316883
-185.30528506034466,94.10225133109265
-185.68943253092988,93.7831475635026
-186.0735800015151,93.46404379591254
-186.45772747210032,93.1449400283225
-186.84952344986422,92.83538359743942
-187.24131942762813,92.52582716655634
-187.63311540539203,92.21627073567326
-188.03764147781771,91.92401525097263
-188.4421675502434,91.631759766272
-188.85234386741982,91.34749402176216
-189.26252018459624,91.06322827725232
-189.67269650177266,90.77896253274248
-190.09119174593138,90.50747482090098
-190.5096869900901,90.23598710905948
-190.92818223424882,89.96449939721798
-191.35188925328717,89.70142002961275
-191.77559627232552,89.43834066200752
-192.19930329136386,89.17526129440229
-192.6230103104022,88.91218192679706
-193.0530029627502,88.65946365537063
-193.48299561509822,88.4067453839442
-193.91298826744622,88.15402711251777
-194.35101654383064,87.9155403593578
-194.78904482021505,87.67705360619784
-195.22707309659947,87.43856685303788
-195.66510137298388,87.20008009987792
-196.11535535493067,86.9858345725283
-196.56560933687746,86.77158904517869
-197.01586331882424,86.55734351782907
-197.47554051139716,86.36353083434805
-197.93521770397007,86.16971815086704
-198.4004854465348,85.990236623031
-198.8657531890995,85.81075509519495
-199.33102093166423,85.6312735673589
-199.80858494754924,85.48692572968159
-200.28614896343424,85.34257789200427
-200.76371297931925,85.19823005432696
-201.24858716178395,85.07668642703774
-201.73346134424864,84.95514279974853
-202.22213248924027,84.85389700929066
-202.7108036342319,84.7526512188328
-203.20376322122718,84.6759613812154
-203.69672280822246,84.59927154359801
-204.18968239521774,84.52258170598061
-204.68264198221303,84.44589186836322
-205.17860361572633,84.39206187174744
-205.67456524923963,84.33823187513167
-206.17052688275294,84.2844018785159
-206.66822263707368,84.2496794636501
-207.16591839139443,84.2149570487843
-207.66454918644033,84.19950906118065
-208.16347987702642,84.1997703293256
-208.6624105676125,84.20003159747056
-209.16107237912033,84.21636844648984
-209.65973419062814,84.23270529550912
-210.15748812098056,84.26675993948984
-210.65524205133298,84.30081458347057
-211.15076063193115,84.35827404642203
-211.64627921252932,84.41573350937348
-212.1398118857938,84.48900329041275
-212.63334455905826,84.56227307145203
-213.12687723232273,84.6355428524913
-213.61552128568943,84.7366236307343
-214.10416533905612,84.8377044089773
-214.59280939242282,84.9387851872203
-215.07505254066916,85.06655538791425
-215.5572956889155,85.1943255886082
-216.03953883716184,85.32209578930214
-216.5150489199175,85.4731462189232
-216.99055900267314,85.62419664854427
-217.46606908542879,85.77524707816534
-217.93338480255426,85.94990002677079
-218.40070051967973,86.12455297537625
-218.86253567483826,86.31342786057806
-219.32437082999678,86.50230274577987
-219.78108839127216,86.70323063511206
-220.23780595254755,86.90415852444426
-220.68625321397758,87.12280613876361
-221.1347004754076,87.34145375308296
-221.58314773683765,87.56010136740231
-222.02129693701562,87.7988627192215
-222.4594461371936,88.0376240710407
-222.89759533737157,88.27638542285989
-223.32000294897557,88.5419628140695
-223.74241056057957,88.80754020527912
-224.15856444448434,89.08285843969428
-224.5747183283891,89.35817667410943
-224.9829236782721,89.64515388380872
-225.3911290281551,89.932131093508
-225.78028765719355,90.24455365559899
-226.16944628623202,90.55697621768998
-226.55860491527048,90.86939877978097
-226.94776354430894,91.18182134187195
-227.3369221733474,91.49424390396294
-227.71051857885485,91.8250628872767
-228.07494156379593,92.16594552419748
-228.43936454873702,92.50682816111826
-228.78500017584642,92.86683058916175
-229.13063580295582,93.22683301720524
-229.46455671508653,93.5975292866017
-229.79847762721724,93.96822555599816
-230.1218292167117,94.34821109668967
-230.44518080620614,94.72819663738117
-230.74930112807766,95.12370944748712
-231.05342144994918,95.51922225759306
-231.34428280987407,95.92455779950156
-231.63514416979896,96.32989334141006
-231.90933841157658,96.74657850202779
-232.1835326533542,97.16326366264552
-232.44636486550226,97.58715135767083
-232.70180249279636,98.01556861900252
-232.95724012009046,98.44398588033421
-233.1961722566844,98.88179533909103
-233.42362513916623,99.32579506958886
-233.65107802164806,99.7697948000867
-233.868307943727,100.21899590668858
-234.08553786580592,100.66819701329045
-234.28936382914682,101.12354354896662
-234.49318979248773,101.5788900846428
-234.68441655602982,102.03974404891972
-234.8671577066329,102.50407630231118
-235.03931879148,102.97244020333395
-235.21147987632713,103.44080410435672
-235.36353657398797,103.91614082179974
-235.5155932716488,104.39147753924277
-235.64805985386573,104.87264240985512
-235.78052643608265,105.35380728046746
-235.89419398790767,105.83975347222157
-236.0078615397327,106.32569966397568
-236.1089091719899,106.81440452946273
-236.2099568042471,107.30310939494979
-236.3110044365043,107.79181426043684
-236.38708899032397,108.28506975182705
-236.4550578938529,108.7794884333965
-236.51323600557495,109.27514273780267
-236.571414117297,109.77079704220884
-236.62959222901904,110.26645134661501
-236.66631993490697,110.7640914531013
-236.69328421702576,111.26237598496519
-236.72024849914456,111.76066051682908
-236.73126001492818,112.25955168070156
-236.7422715307118,112.75844284457405
-236.73116288591135,113.25730521424265
-236.7200542411109,113.75616758391125
-236.6900663678098,114.25425745955717
-236.64764454248535,114.7514821595192
-236.6052227171609,115.24870685948123
-236.540077560561,115.74343395885727
-236.4749324039611,116.2381610582333
-236.39319715251946,116.73040813847228
-236.31146190107782,117.22265521871127
-236.21172959961586,117.71158718607292
-236.1119972981539,118.20051915343457
-235.9961040030117,118.6859166956263
-235.8802107078695,119.17131423781804
-235.75064851032118,119.65323152527634
-235.62108631277286,120.13514881273464
-235.49152411522454,120.61706610019294
-235.35130698267787,121.096027524866
-235.20139032203795,121.5720076028358
-235.05147366139803,122.04798768080559
-234.87830715375995,122.51598196586517
-234.70514064612186,122.98397625092474
-234.53197413848378,123.45197053598432
-234.3327479028901,123.90939418149758
-234.13352166729643,124.36681782701083
-233.91108943767696,124.81351968437735
-233.68107571161175,125.25633105077122
-233.45106198554654,125.69914241716509
-233.20614819095218,126.13387316972988
-232.95520842412404,126.56514699559494
-232.70264737607678,126.9955043801598
-232.43814809578026,127.41862474096129
-232.17364881548374,127.84174510176278
-231.89378263825657,128.2549816408116
-231.607293574429,128.6636506270198
-231.32080451060145,129.072319613228
-231.0248573426935,129.47418325876333
-230.72891017478557,129.87604690429868
-230.43296300687763,130.27791054983402
-230.11440481422008,130.66211834106147
-229.79584662156253,131.04632613228893
-229.46110096193794,131.41645784243133
-229.12064700741115,131.78138717479862
-228.78019305288436,132.14631650716592
-228.4321704177466,132.50409661309334
-228.06890177220276,132.84627389153178
-227.70563312665894,133.18845116997022
-227.3423644811151,133.53062844840866
-226.963092505514,133.85500776969914
-226.57644396222113,134.17049906938513
-226.18979541892827,134.48599036907112
-225.78690707671342,134.78035222314398
-225.38401873449857,135.07471407721684
-224.9747830804349,135.3604069821718
-224.5655474263712,135.64609988712678
-224.1471565564723,135.91842622957972
-223.72460347819654,136.1842334051505
-223.30205039992077,136.4500405807213
-222.8722067257265,136.70388045307416
-222.44236305153223,136.95772032542703
-222.01251937733795,137.2115601977799
-221.573976472685,137.4502672049421
-221.13543356803203,137.68897421210428
-220.68953648770358,137.91365230139712
-220.24363940737513,138.13833039068996
-219.79229409012206,138.35198021649995
-219.34094877286898,138.56563004230995
-218.88350139800866,138.76589341812283
-218.42605402314834,138.9661567939357
-217.95957272241364,139.14450240432228
-217.49309142167894,139.32284801470885
-217.01779784653604,139.4760817647159
-216.54250427139314,139.62931551472295
-216.06082200740101,139.76121868848065
-215.5791397434089,139.89312186223836
-215.09323072231686,140.00884555362308
-214.60394234715824,140.10931876684955
-214.11465397199962,140.20979198007603
-213.625365596841,140.3102651933025
-213.13184725629552,140.38718009699747
-212.63668041191033,140.45270246900728
-212.1403601108795,140.50890523098786
-211.64403980984866,140.56510799296845
-211.14689365592108,140.61441169682521
-210.6497475019935,140.66371540068198
-210.152257521948,140.70993554311343
-209.65476754190252,140.75615568554488
-209.1560506244563,140.78753679778598
-208.65654328820148,140.80223694502752
-208.15703595194665,140.81693709226906
-207.65752861569183,140.8316372395106
-207.15813528742214,140.8155679047755
-206.6593930078642,140.78516779379638
-206.16065072830625,140.75476768281726
-205.66325506918972,140.70673288105036
-205.16585941007318,140.65869807928345
-204.6711905941354,140.58773125020838
-204.1765217781976,140.5167644211333
-203.68398236473072,140.43222982853047
-203.19144295126384,140.34769523592763
-202.70089856696725,140.2521453801608
-202.21035418267067,140.156595524394
-201.72383879446994,140.04208736983335
-201.2373234062692,139.92757921527271
-200.75080801806848,139.81307106071208
-200.26925432918617,139.6790962842996
-199.78770064030385,139.5451215078871
-199.3108038535939,139.39534817346635
-198.83390706688397,139.2455748390456
-198.36470277634623,139.07325130423357
-197.8954984858085,138.90092776942154
-197.43585549674,138.7044229349177
-196.9762125076715,138.50791810041383
-196.516569518603,138.31141326590998
-196.06270527058933,138.10181060021355
-195.60884102257566,137.89220793451713
-195.154976774562,137.6826052688207
-194.71445504592316,137.44621059564085
-194.27393331728433,137.209815922461
-193.8404622004543,136.96074011719924
-193.4069910836243,136.71166431193748
-192.9830453227312,136.44665304126931
-192.55909956183808,136.18164177060115
-192.13515380094498,135.91663049993298
-191.72379091128215,135.6324474432628
-191.31242802161933,135.34826438659263
-190.9010651319565,135.06408132992246
-190.50125646538967,134.76385375574114
-190.10144779882285,134.46362618155982
-189.70163913225602,134.1633986073785
-189.31843500141844,133.84222868680726
-188.93523087058085,133.52105876623602
-188.56108753446244,133.18937403941612
-188.18694419834404,132.85768931259622
-187.81280086222563,132.52600458577632
-187.43865752610722,132.19431985895642
-187.07976564414355,131.84618683176748
-186.72087376217988,131.49805380457855
-186.3619818802162,131.1499207773896
-186.0111341477387,130.79368410128652
-185.66028641526117,130.43744742518342
-185.30943868278365,130.08121074908033
-184.95859095030613,129.72497407297723
-184.6221556989966,129.35509447864635
-184.28572044768708,128.98521488431547
-183.9580488345414,128.60755159537283
-183.6303772213957,128.22988830643018
-183.30270560825,127.85222501748754
-182.9750339951043,127.4745617285449
-182.66462391119867,127.0825854387939
-182.35421382729305,126.6906091490429
-182.04380374338743,126.2986328592919
-181.7333936594818,125.9066565695409
-181.44077691383958,125.5012242473188
-181.14816016819736,125.0957919250967
-180.85554342255514,124.69035960287461
-180.57270622370916,124.27804913320313
-180.28986902486318,123.86573866353164
-180.0070318260172,123.45342819386016
-179.74423432946983,123.02806207181115
-179.48143683292247,122.60269594976214
-179.2186393363751,122.17732982771312
-178.95584183982774,121.75196370566411
-178.69304434328038,121.3265975836151
-178.4551943728573,120.88679444145109
-178.21734440243424,120.44699129928708
-177.97949443201117,120.00718815712307
-177.7416444615881,119.56738501495906
-177.5168905452838,119.1207492774795
-177.29213662897948,118.67411353999995
-177.06738271267517,118.2274778025204
-176.86869777588498,117.76865001017632
-176.6700128390948,117.30982221783223
-176.4713279023046,116.85099442548815
-176.27264296551442,116.39216663314407
-176.07395802872423,115.93333884079999
-175.88984953661497,115.46847332109344
-175.70574104450571,115.00360780138689
-175.52163255239645,114.53874228168034
-175.3532190139877,114.06798520538169
-175.18480547557897,113.59722812908304
-175.01639193717023,113.12647105278438
-174.85984946232065,112.65163633724262
-174.70330698747108,112.17680162170086
-174.55492638205396,111.69934191701567
-174.40654577663685,111.22188221233048
-174.25816517121973,110.7444225076453
-174.12581842520365,110.26229402963706
-173.99347167918756,109.78016555162883
-173.86112493317148,109.29803707362059
-173.7475897389209,108.81112899650586
-173.64623386495586,108.32154305868039
-173.5448779909908,107.83195712085492
-173.44352211702576,107.34237118302946
-173.34216624306072,106.85278524520399
-173.25686528667595,106.36014259398667
-173.17156433029118,105.86749994276934
-173.099504800869,105.3727404680331
-173.02744527144682,104.87798099329686
-172.95538574202465,104.38322151856062
-172.88332621260247,103.88846204382438
-172.82490709706192,103.39189978885585
-172.76648798152138,102.89533753388733
-172.70806886598083,102.3987752789188
-172.6496497504403,101.90221302395028
-172.62065553509123,101.40306376554861
-172.59166131974217,100.90391450714694
-172.55618570132594,100.4051811841426
-172.52071008290972,99.90644786113828
-172.5007835554696,99.40686447350326
-172.4808570280295,98.90728108586825
-172.4609305005894,98.40769769823324
-172.45227910812855,97.90778755281875
-172.4436277156677,97.40787740740426
-172.44345005300033,96.9078823216688
-172.44327239033296,96.40788723593333
-172.4430947276656,95.90789215019787
-172.44291706499823,95.4078970644624
-172.44273940233086,94.90790197872694
-172.4425617396635,94.40790689299148
-172.44768133116136,93.90795998192006
-172.45280092265924,93.40801307084864
-172.4579205141571,92.90806615977722
-172.46766212837218,92.40819535250571
-172.47740374258726,91.90832454523421
-172.48714535680233,91.4084537379627
-172.49893267461596,90.90862959788235
-172.51071999242959,90.408805457802
-172.5225073102432,89.90898131772165
-172.5347375976167,89.4091565791667
-172.54696788499018,88.90933184061176
-172.55919817236366,88.4095071020568
-172.57212611874024,87.90970336443782
-172.58505406511682,87.40989962681883
-172.5979820114934,86.91009588919984
-172.61090995786998,86.41029215158085
-172.6250724615666,85.91050862997565
-172.6392349652632,85.41072510837046
-172.6533974689598,84.91094158676526
-172.66755997265642,84.41115806516007
-172.67754913242754,83.91127756428465
-172.68753829219867,83.41139706340923
-172.6975274519698,82.9115165625338
-172.7075563255873,82.41162233249317
-172.7175851992048,81.91172810245253
-172.7276140728223,81.41183387241189
-172.7376429464398,80.91193964237125
-172.74936408689172,80.41208916461171
-172.76108522734364,79.91223868685218
-172.77280636779557,79.41238820909264
-172.78425881122212,78.91252873266396
-172.78437268198468,78.90755866840482
-172.015079776349,-27.7488220972009
-187.51682851003716,-40.3134741242975
