time,x,y,yaw,speed,steer,signed_cte
1784779180.427,-130.426804,-426.264191,62.834,0.000,0.00127,-0.11438
1784779180.597,-130.426758,-426.264099,62.834,0.016,0.00129,-0.11437
1784779180.699,-130.426453,-426.263458,62.833,0.076,0.00134,-0.11433
1784779180.846,-130.423096,-426.257141,62.830,0.376,0.00159,-0.11421
1784779180.957,-130.419098,-426.249756,62.829,0.614,-0.00665,-0.11413
1784779181.104,-130.404358,-426.222534,62.827,1.228,-0.01314,-0.11384
1784779181.271,-130.379562,-426.176727,62.823,1.869,-0.02282,-0.11335
1784779181.373,-130.363342,-426.146851,62.818,2.189,-0.02220,-0.11307
1784779181.517,-130.323227,-426.073181,62.802,2.828,-0.02449,-0.11242
1784779181.629,-130.299301,-426.029388,62.789,3.147,-0.02677,-0.11205
1784779181.775,-130.243683,-425.927795,62.755,3.786,-0.02956,-0.11129
1784779181.887,-130.211945,-425.870056,62.736,4.105,-0.03028,-0.11085
1784779182.027,-130.140747,-425.740662,62.686,4.742,-0.03056,-0.10992
1784779182.140,-130.101288,-425.668945,62.657,5.060,-0.02878,-0.10933
1784779182.288,-130.014572,-425.511719,62.594,5.696,-0.02796,-0.10822
1784779182.389,-129.967316,-425.426147,62.560,6.013,-0.02845,-0.10767
1784779182.533,-129.865128,-425.241516,62.490,6.627,-0.02661,-0.10668
1784779182.645,-129.810333,-425.142639,62.453,6.920,-0.02632,-0.10621
1784779182.793,-129.693649,-424.932556,62.376,7.479,-0.02395,-0.10544
1784779182.898,-129.631897,-424.821594,62.337,7.747,-0.02200,-0.10514
1784779183.040,-129.501846,-424.588379,62.261,8.257,-0.02007,-0.10474
1784779183.154,-129.433670,-424.466370,62.224,8.500,-0.01810,-0.10466
1784779183.305,-129.291275,-424.212219,62.152,8.964,-0.01576,-0.10480
1784779183.410,-129.217224,-424.080170,62.119,9.186,-0.01475,-0.10494
1784779183.561,-129.063583,-423.806885,62.057,9.609,-0.01153,-0.10556
1784779183.672,-128.984131,-423.665771,62.028,9.811,-0.01075,-0.10598
1784779183.817,-128.820267,-423.375122,61.976,10.196,-0.00830,-0.10704
1784779183.918,-128.735962,-423.225708,61.954,10.379,-0.00719,-0.10764
1784779184.073,-128.562775,-422.919189,61.915,10.729,-0.00509,-0.10909
1784779184.188,-128.474030,-422.762329,61.899,10.896,-0.00479,-0.10993
1784779184.353,-128.292450,-422.441528,61.873,11.209,-0.00306,-0.11172
1784779184.458,-128.199753,-422.277832,61.863,11.358,-0.00230,-0.11267
1784779184.609,-128.010696,-421.944153,61.847,11.645,-0.00164,-0.11469
1784779184.719,-127.914391,-421.774292,61.841,11.782,-0.00100,-0.11577
1784779184.849,-127.718445,-421.428741,61.832,12.044,-0.00060,-0.11801
1784779185.002,-127.518280,-421.075928,61.826,12.290,0.00036,-0.12038
1784779185.154,-127.314194,-420.716125,61.825,12.522,0.00110,-0.12276
1784779185.304,-127.106392,-420.349823,61.825,12.741,0.00119,-0.12521
1784779185.459,-126.895142,-419.977356,61.829,12.948,0.00186,-0.12766
1784779185.613,-126.680710,-419.598907,61.832,13.142,0.00253,-0.12998
1784779185.761,-126.463203,-419.215088,61.840,13.324,0.00179,-0.13283
1784779185.920,-126.242844,-418.826111,61.851,13.495,0.00228,-0.13640
1784779186.078,-126.019821,-418.432312,61.860,13.656,0.00279,-0.14042
1784779186.236,-125.794266,-418.033936,61.870,13.808,0.00247,-0.14444
1784779186.400,-125.566360,-417.631226,61.883,13.951,0.00210,-0.14842
1784779186.564,-125.336304,-417.224487,61.895,14.085,0.00248,-0.15232
1784779186.723,-125.104156,-416.813812,61.906,14.214,0.00288,-0.15615
1784779186.885,-124.870079,-416.399475,61.917,14.335,0.00181,-0.15988
1784779187.049,-124.634171,-415.981781,61.931,14.448,0.00213,-0.16356
1784779187.207,-124.396591,-415.560760,61.941,14.554,0.00183,-0.16690
1784779187.369,-124.157379,-415.136719,61.950,14.654,0.00225,-0.16999
1784779187.533,-123.917137,-414.710724,61.961,14.683,0.00273,-0.17299
1784779187.689,-123.676735,-414.284119,61.972,14.699,0.00253,-0.17583
1784779187.852,-123.436142,-413.857056,61.987,14.715,0.00295,-0.17861
1784779188.014,-123.195343,-413.429413,62.000,14.731,0.00268,-0.18129
1784779188.174,-122.954369,-413.001251,62.015,14.749,0.00308,-0.18388
1784779188.275,-122.833801,-412.786987,62.022,14.757,0.00330,-0.18515
1784779188.413,-122.592484,-412.357971,62.036,14.777,0.00296,-0.18762
1784779188.524,-122.471756,-412.143219,62.044,14.786,0.00313,-0.18878
1784779188.660,-122.230255,-411.713226,62.060,14.805,0.00271,-0.19054
1784779188.824,-121.988586,-411.282623,62.075,14.823,0.00297,-0.19166
1784779188.987,-121.746712,-410.851440,62.091,14.842,0.00240,-0.19252
1784779189.145,-121.504578,-410.419617,62.106,14.862,0.00184,-0.19330
1784779189.248,-121.383408,-410.203461,62.114,14.872,0.00193,-0.19366
1784779189.385,-121.140877,-409.770660,62.126,14.893,0.00144,-0.19431
1784779189.495,-121.019516,-409.554016,62.131,14.904,0.00158,-0.19460
1784779189.633,-120.776611,-409.120270,62.137,14.924,0.00193,-0.19511
1784779189.796,-120.533447,-408.685883,62.144,14.945,0.00155,-0.19554
1784779189.961,-120.290039,-408.250824,62.153,14.966,0.00190,-0.19587
1784779190.120,-120.046356,-407.815186,62.160,14.987,0.00162,-0.19648
1784779190.223,-119.924408,-407.597107,62.165,14.997,0.00181,-0.19696
1784779190.361,-119.680267,-407.160492,62.173,15.017,0.00150,-0.19815
1784779190.471,-119.558083,-406.941956,62.177,15.027,0.00169,-0.19876
1784779190.610,-119.313477,-406.504456,62.187,15.047,0.00207,-0.19997
1784779190.712,-119.191086,-406.285461,62.190,15.057,0.00156,-0.20053
1784779190.846,-118.946152,-405.846924,62.199,15.077,0.00192,-0.20152
1784779190.956,-118.823578,-405.627411,62.204,15.088,0.00209,-0.20199
1784779191.094,-118.578278,-405.187927,62.212,15.108,0.00170,-0.20284
1784779191.255,-118.332733,-404.747864,62.221,15.125,0.00200,-0.20361
1784779191.418,-118.087044,-404.307220,62.230,15.143,0.00156,-0.20399
1784779191.577,-117.841202,-403.866028,62.241,15.159,0.00105,-0.20390
1784779191.741,-117.595139,-403.424377,62.250,15.175,0.00131,-0.20368
1784779191.903,-117.348785,-402.982239,62.258,15.191,0.00077,-0.20347
1784779192.061,-117.102188,-402.539642,62.265,15.206,0.00086,-0.20324
1784779192.161,-116.978851,-402.318176,62.268,15.213,0.00088,-0.20309
1784779192.301,-116.732162,-401.874817,62.271,15.228,0.00013,-0.20257
1784779192.414,-116.608818,-401.652924,62.273,15.236,0.00015,-0.20223
1784779192.556,-116.362076,-401.208771,62.276,15.250,-0.00084,-0.20175
1784779192.657,-116.238556,-400.986572,62.277,15.257,-0.00079,-0.20176
1784779192.796,-115.991135,-400.541931,62.275,15.272,-0.00159,-0.20221
1784779192.907,-115.867294,-400.319458,62.273,15.280,-0.00144,-0.20247
1784779193.047,-115.619370,-399.874268,62.268,15.292,-0.00096,-0.20310
1784779193.212,-115.371353,-399.428650,62.260,15.306,-0.00100,-0.20359
1784779193.377,-115.123260,-398.982544,62.254,15.320,-0.00100,-0.20392
1784779193.536,-114.874939,-398.536011,62.249,15.337,-0.00024,-0.20422
1784779193.638,-114.750580,-398.312592,62.247,15.346,0.00010,-0.20444
1784779193.776,-114.501488,-397.865479,62.244,15.363,0.00008,-0.20499
1784779193.886,-114.376816,-397.641785,62.245,15.371,0.00036,-0.20527
1784779194.025,-114.127312,-397.193970,62.244,15.387,0.00028,-0.20577
1784779194.126,-114.002525,-396.969879,62.244,15.395,0.00055,-0.20596
1784779194.264,-113.752808,-396.521362,62.246,15.411,0.00040,-0.20631
1784779194.374,-113.627853,-396.296875,62.247,15.421,0.00064,-0.20645
1784779194.516,-113.377640,-395.847473,62.250,15.441,0.00057,-0.20660
1784779194.681,-113.127037,-395.397522,62.251,15.461,0.00063,-0.20582
1784779194.846,-112.876152,-394.946960,62.252,15.480,0.00070,-0.20404
1784779195.008,-112.624969,-394.495850,62.255,15.501,0.00130,-0.20218
1784779195.108,-112.499245,-394.270050,62.257,15.512,0.00160,-0.20124
1784779195.248,-112.247536,-393.817932,62.262,15.534,0.00156,-0.19934
1784779195.358,-112.121582,-393.591614,62.266,15.545,0.00179,-0.19834
1784779195.497,-111.869461,-393.138550,62.275,15.564,0.00148,-0.19634
1784779195.660,-111.617126,-392.684845,62.284,15.584,0.00107,-0.19470
1784779195.825,-111.364548,-392.230530,62.292,15.604,0.00136,-0.19451
1784779195.986,-111.111725,-391.775635,62.299,15.623,0.00097,-0.19529
1784779196.092,-110.985199,-391.547943,62.303,15.633,0.00113,-0.19566
1784779196.230,-110.731888,-391.092194,62.311,15.651,0.00074,-0.19645
1784779196.340,-110.605103,-390.864075,62.312,15.661,0.00093,-0.19684
1784779196.481,-110.351372,-390.407471,62.316,15.679,0.00063,-0.19758
1784779196.581,-110.224434,-390.179016,62.317,15.689,0.00083,-0.19794
1784779196.721,-109.970413,-389.721497,62.321,15.708,0.00122,-0.19849
1784779196.831,-109.843307,-389.492523,62.322,15.717,0.00080,-0.19875
1784779196.972,-109.588882,-389.034180,62.326,15.735,0.00132,-0.19927
1784779197.134,-109.334129,-388.575439,62.332,15.750,0.00121,-0.20028
1784779197.299,-109.078918,-388.116211,62.337,15.768,0.00114,-0.20205
1784779197.464,-108.823616,-387.656433,62.342,15.786,0.00169,-0.20382
1784779197.566,-108.695930,-387.426300,62.345,15.795,0.00129,-0.20462
1784779197.712,-108.440414,-386.965637,62.352,15.813,0.00177,-0.20614
1784779197.827,-108.312866,-386.735535,62.356,15.733,0.00134,-0.20683
1784779197.972,-108.060448,-386.280151,62.364,15.577,0.00172,-0.20810
1784779198.074,-107.934563,-386.053040,62.369,15.584,0.00183,-0.20847
1784779198.211,-107.682564,-385.598328,62.378,15.601,0.00101,-0.20856
1784779198.320,-107.556503,-385.370789,62.383,15.609,0.00095,-0.20836
1784779198.461,-107.304230,-384.915344,62.391,15.626,0.00002,-0.20791
1784779198.562,-107.178017,-384.687439,62.394,15.634,0.00000,-0.20767
1784779198.703,-106.925430,-384.231262,62.395,15.650,-0.00105,-0.20714
1784779198.812,-106.799057,-384.002991,62.395,15.658,-0.00100,-0.20686
1784779198.962,-106.546097,-383.546082,62.390,15.675,-0.00187,-0.20630
1784779199.071,-106.419510,-383.317444,62.386,15.684,-0.00174,-0.20602
1784779199.213,-106.166199,-382.859802,62.380,15.700,-0.00248,-0.20542
1784779199.323,-106.039413,-382.630829,62.375,15.708,-0.00224,-0.20516
1784779199.464,-105.785500,-382.172607,62.364,15.725,-0.00230,-0.20509
1784779199.628,-105.531143,-381.714050,62.351,15.741,-0.00134,-0.20612
1784779199.792,-105.276405,-381.255066,62.339,15.758,-0.00118,-0.20779
1784779199.955,-105.021278,-380.795532,62.330,15.779,-0.00108,-0.20954
1784779200.058,-104.893562,-380.565582,62.326,15.790,-0.00063,-0.21046
1784779200.196,-104.637848,-380.105194,62.319,15.811,0.00018,-0.21232
1784779200.308,-104.510117,-379.875244,62.316,15.734,-0.00016,-0.21325
1784779200.449,-104.257240,-379.420105,62.313,15.581,0.00044,-0.21515
1784779200.551,-104.131088,-379.192993,62.313,15.592,-0.00034,-0.21607
1784779200.688,-103.878510,-378.738220,62.312,15.614,-0.00066,-0.21737
1784779200.800,-103.752060,-378.510620,62.312,15.627,-0.00253,-0.21728
1784779200.939,-103.498787,-378.054871,62.309,15.652,-0.00326,-0.21558
1784779201.042,-103.371933,-377.826782,62.305,15.665,-0.00487,-0.21453
1784779201.180,-103.117844,-377.370117,62.285,15.691,-0.00514,-0.21251
1784779201.291,-102.990631,-377.141479,62.273,15.704,-0.00521,-0.21150
1784779201.437,-102.735764,-376.683838,62.241,15.729,-0.00640,-0.20968
1784779201.541,-102.608078,-376.454773,62.226,15.742,-0.00636,-0.20887
1784779201.687,-102.352180,-375.996216,62.189,15.767,-0.00729,-0.20751
1784779201.799,-102.223969,-375.766724,62.170,15.779,-0.00698,-0.20695
1784779201.939,-101.966949,-375.307373,62.128,15.804,-0.00643,-0.20640
1784779202.043,-101.838135,-375.077515,62.107,15.816,-0.00549,-0.20689
1784779202.181,-101.581543,-374.620239,62.066,15.621,-0.00408,-0.20939
1784779202.292,-101.454285,-374.393738,62.049,15.590,-0.00317,-0.21107
1784779202.432,-101.199341,-373.940338,62.021,15.611,-0.00209,-0.21463
1784779202.534,-101.071686,-373.713379,62.010,15.622,-0.00134,-0.21644
1784779202.676,-100.816132,-373.259094,61.996,15.644,-0.00065,-0.22010
1784779202.791,-100.688240,-373.031708,61.992,15.654,-0.00005,-0.22191
1784779202.931,-100.432137,-372.576599,61.987,15.673,0.00107,-0.22565
1784779203.032,-100.303917,-372.348877,61.986,15.681,0.00233,-0.22759
1784779203.173,-100.047180,-371.893250,61.988,15.697,0.00584,-0.23125
1784779203.284,-99.918732,-371.665222,61.992,15.705,0.00843,-0.23162
1784779203.424,-99.661865,-371.208740,62.013,15.719,0.01270,-0.22813
1784779203.526,-99.533508,-370.980286,62.033,15.725,0.01680,-0.22489
1784779203.668,-99.276978,-370.522888,62.096,15.736,0.02326,-0.21802
1784779203.779,-99.148865,-370.293976,62.139,15.741,0.02804,-0.21434
1784779203.922,-98.893021,-369.835632,62.258,15.749,0.03508,-0.20640
1784779204.023,-98.765427,-369.606201,62.334,15.752,0.04190,-0.20201
1784779204.166,-98.511299,-369.146545,62.522,15.756,0.05171,-0.19193
1784779204.277,-98.384911,-368.916321,62.635,15.757,0.06100,-0.18610
1784779204.416,-98.133743,-368.454895,62.914,15.758,0.07336,-0.17271
1784779204.580,-97.885254,-367.992065,63.272,15.757,0.09057,-0.15983
1784779204.746,-97.640160,-367.527527,63.717,15.752,0.10347,-0.14767
1784779204.906,-97.399323,-367.061096,64.260,15.743,0.12133,-0.13181
1784779205.009,-97.280777,-366.827087,64.561,15.736,0.08543,-0.12186
1784779205.149,-97.048645,-366.358643,65.233,15.498,0.10323,-0.09742
1784779205.260,-96.937805,-366.129669,65.554,15.043,0.10367,-0.08318
1784779205.402,-96.731033,-365.692505,66.053,14.057,0.12193,-0.05175
1784779205.503,-96.633881,-365.483826,66.325,13.619,0.12422,-0.03539
1784779205.646,-96.450226,-365.083313,66.901,12.862,0.13594,-0.00345
1784779205.757,-96.363602,-364.890259,67.203,12.538,0.14583,0.01014
1784779205.903,-96.199677,-364.516296,67.824,11.981,0.15838,0.03316
1784779206.064,-96.046890,-364.155884,68.470,11.522,0.17150,0.05374
1784779206.228,-95.903778,-363.806641,69.153,11.142,0.19291,0.07695
1784779206.387,-95.769211,-363.466339,69.888,10.829,0.20543,0.09618
1784779206.488,-95.704971,-363.298950,70.271,10.692,0.21532,0.10413
1784779206.629,-95.582169,-362.968384,71.089,10.518,0.23373,0.11774
1784779206.740,-95.522980,-362.803406,71.517,10.505,0.24294,0.12495
1784779206.880,-95.408890,-362.472717,72.415,10.475,0.26119,0.14333
1784779207.043,-95.300652,-362.141296,73.388,10.443,0.27761,0.16185
1784779207.206,-95.198914,-361.809082,74.430,10.407,0.28549,0.17081
1784779207.367,-95.104141,-361.476196,75.536,10.367,0.29153,0.17831
1784779207.529,-95.016472,-361.142700,76.681,10.327,0.30150,0.18151
1784779207.691,-94.935951,-360.808777,77.842,10.287,0.30777,0.17996
1784779207.849,-94.862389,-360.474731,79.030,10.243,0.31872,0.17416
1784779208.012,-94.796120,-360.140625,80.241,10.196,0.32560,0.16814
1784779208.175,-94.737427,-359.806793,81.486,10.146,0.33228,0.16314
1784779208.333,-94.686523,-359.473389,82.756,10.096,0.34396,0.15652
1784779208.497,-94.643608,-359.140442,84.054,10.051,0.35470,0.14806
1784779208.659,-94.608719,-358.808136,85.385,10.001,0.36316,0.13748
1784779208.817,-94.581825,-358.476746,86.755,9.950,0.36700,0.12527
1784779208.979,-94.563126,-358.146576,88.153,9.898,0.37243,0.11413
1784779209.139,-94.552658,-357.817688,89.565,9.848,0.37785,0.10480
1784779209.294,-94.550323,-357.490356,90.985,9.797,0.38094,0.09601
1784779209.456,-94.556076,-357.164795,92.418,9.746,0.38568,0.08552
1784779209.617,-94.570053,-356.841125,93.854,9.695,0.38886,0.07412
1784779209.775,-94.592056,-356.519592,95.303,9.646,0.39050,0.06301
1784779209.936,-94.622208,-356.200348,96.756,9.598,0.39111,0.05936
1784779210.097,-94.660385,-355.883392,98.211,9.581,0.39168,0.05895
1784779210.254,-94.706680,-355.566681,99.670,9.620,0.39367,0.05665
1784779210.357,-94.732887,-355.408478,100.403,9.613,0.39438,0.05521
1784779210.493,-94.791176,-355.094177,101.864,9.571,0.39381,0.05158
1784779210.600,-94.823265,-354.937927,102.596,9.578,0.39207,0.04875
1784779210.736,-94.893623,-354.625732,104.068,9.620,0.38879,0.04222
1784779210.897,-94.972305,-354.314209,105.539,9.639,0.38819,0.03439
1784779211.060,-95.058731,-354.005432,106.988,9.608,0.38976,0.02563
1784779211.218,-95.152466,-353.699829,108.432,9.577,0.39316,0.01889
1784779211.380,-95.253624,-353.396667,109.885,9.612,0.39425,0.01354
1784779211.540,-95.362900,-353.094849,111.352,9.627,0.39258,0.00893
1784779211.696,-95.479767,-352.796753,112.821,9.589,0.38944,0.00403
1784779211.846,-95.604172,-352.502808,114.280,9.583,0.38749,-0.00246
1784779211.998,-95.736542,-352.211029,115.733,9.638,0.38497,-0.00883
1784779212.144,-95.876434,-351.921936,117.177,9.622,0.38384,-0.01403
1784779212.296,-96.022881,-351.637146,118.608,9.595,0.38378,-0.01776
1784779212.445,-96.175774,-351.356567,120.032,9.594,0.38508,-0.02014
1784779212.589,-96.336075,-351.078674,121.465,9.649,0.38580,-0.02443
1784779212.739,-96.503708,-350.804199,122.904,9.633,0.38647,-0.02953
1784779212.884,-96.677856,-350.535156,124.340,9.596,0.38619,-0.03477
1784779213.028,-96.858208,-350.271576,125.778,9.585,0.38493,-0.03372
1784779213.174,-97.045609,-350.011658,127.219,9.634,0.38062,-0.02787
1784779213.320,-97.239815,-349.755981,128.652,9.613,0.37713,-0.02452
1784779213.461,-97.439545,-349.506256,130.073,9.576,0.36853,-0.02676
1784779213.606,-97.645210,-349.261536,131.479,9.610,0.35780,-0.03558
1784779213.755,-97.857712,-349.020660,132.863,9.639,0.35170,-0.04396
1784779213.901,-98.075562,-348.785065,134.196,9.613,0.34272,-0.04763
1784779214.060,-98.298111,-348.555145,135.494,9.585,0.33799,-0.04560
1784779214.207,-98.525856,-348.330139,136.769,9.631,0.32748,-0.04364
1784779214.348,-98.759140,-348.109436,138.020,9.621,0.32076,-0.04327
1784779214.494,-98.996475,-347.894348,139.237,9.599,0.30686,-0.04464
1784779214.636,-99.237854,-347.684631,140.414,9.604,0.29848,-0.04870
1784779214.775,-99.484497,-347.478821,141.558,9.647,0.24840,-0.05749
1784779214.918,-99.736282,-347.276794,142.642,9.759,0.22580,-0.06965
1784779215.062,-99.997467,-347.074585,143.584,10.071,0.21780,-0.08439
1784779215.198,-100.270767,-346.869019,144.467,10.429,0.19960,-0.10240
1784779215.340,-100.556038,-346.660461,145.335,10.765,0.18721,-0.12352
1784779215.482,-100.853241,-346.449799,146.179,11.089,0.16958,-0.14404
1784779215.623,-101.162094,-346.237488,146.971,11.394,0.15801,-0.16286
1784779215.775,-101.481949,-346.023834,147.712,11.683,0.14712,-0.17950
1784779215.929,-101.812263,-345.808960,148.417,11.959,0.13657,-0.19443
1784779216.079,-102.152588,-345.592926,149.080,12.227,0.12177,-0.21448
1784779216.234,-102.502716,-345.375977,149.714,12.487,0.10757,-0.24054
1784779216.388,-102.862488,-345.158630,150.287,12.735,0.09461,-0.26554
1784779216.537,-103.231293,-344.940613,150.803,12.972,0.08651,-0.28708
1784779216.691,-103.608452,-344.721558,151.270,13.199,0.07553,-0.30579
1784779216.844,-103.993454,-344.501526,151.704,13.411,0.06851,-0.32185
1784779216.995,-104.385986,-344.280762,152.097,13.613,0.05885,-0.33516
1784779217.150,-104.785637,-344.059204,152.448,13.810,0.05012,-0.34597
1784779217.306,-105.192307,-343.836670,152.753,14.003,0.04498,-0.35452
1784779217.456,-105.605667,-343.613403,153.024,14.184,0.03767,-0.36073
1784779217.609,-106.025238,-343.389221,153.264,14.358,0.03079,-0.36499
1784779217.761,-106.450607,-343.163818,153.472,14.525,0.02659,-0.36772
1784779217.912,-106.881332,-342.937103,153.642,14.682,0.02063,-0.36885
1784779218.067,-107.316162,-342.709412,153.785,14.762,0.01718,-0.36847
1784779218.223,-107.753418,-342.481628,153.898,14.823,0.01191,-0.36670
1784779218.372,-108.192970,-342.253632,153.988,14.882,0.00693,-0.36374
1784779218.527,-108.634766,-342.025513,154.051,14.941,0.00222,-0.35948
1784779218.682,-109.078529,-341.796814,154.092,15.004,-0.00072,-0.35442
1784779218.833,-109.524147,-341.567200,154.103,15.064,-0.00628,-0.34894
1784779218.988,-109.971542,-341.336548,154.095,15.123,-0.00923,-0.34317
1784779219.144,-110.420334,-341.104950,154.059,15.167,-0.01395,-0.33728
1784779219.294,-110.870064,-340.872284,154.002,15.206,-0.01633,-0.33165
1784779219.448,-111.320740,-340.638550,153.920,15.245,-0.02123,-0.32641
1784779219.601,-111.772202,-340.403564,153.823,15.284,-0.02404,-0.32186
1784779219.752,-112.224365,-340.167053,153.696,15.323,-0.02949,-0.31831
1784779219.909,-112.676910,-339.928772,153.552,15.358,-0.03226,-0.31601
1784779220.061,-113.129486,-339.688477,153.378,15.382,-0.03766,-0.31441
1784779220.210,-113.581825,-339.446167,153.182,15.403,-0.04304,-0.31323
1784779220.366,-114.033981,-339.201996,152.954,15.422,-0.04487,-0.31250
1784779220.519,-114.485825,-338.955872,152.703,15.442,-0.05183,-0.31235
1784779220.668,-114.937157,-338.707275,152.434,15.462,-0.05341,-0.31318
1784779220.821,-115.387634,-338.455994,152.132,15.478,-0.05748,-0.31539
1784779220.975,-115.837051,-338.201843,151.813,15.492,-0.05947,-0.31908
1784779221.124,-116.285278,-337.944885,151.475,15.503,-0.06608,-0.32333
1784779221.277,-116.732193,-337.685150,151.122,15.511,-0.07412,-0.32879
1784779221.430,-117.177711,-337.422546,150.732,15.517,-0.07881,-0.33593
1784779221.578,-117.621483,-337.156769,150.305,15.518,-0.08845,-0.34504
1784779221.730,-118.063271,-336.887695,149.838,15.519,-0.09333,-0.35505
1784779221.882,-118.502792,-336.614838,149.328,15.519,-0.10363,-0.36485
1784779222.034,-118.939590,-336.337585,148.772,15.518,-0.11003,-0.37408
1784779222.191,-119.373352,-336.055664,148.161,15.517,-0.12455,-0.38354
1784779222.344,-119.803802,-335.768921,147.505,15.510,-0.14003,-0.39429
1784779222.491,-120.230553,-335.477478,146.766,15.499,-0.14769,-0.40580
1784779222.643,-120.652969,-335.180542,145.954,15.481,-0.08938,-0.41933
1784779222.796,-121.069153,-334.878296,145.078,15.247,-0.10435,-0.43725
1784779222.946,-121.463272,-334.582367,144.434,14.335,-0.10438,-0.45940
1784779223.099,-121.829849,-334.301025,143.940,13.462,-0.11017,-0.48130
1784779223.251,-122.174530,-334.033813,143.412,12.742,-0.11627,-0.50033
1784779223.400,-122.499741,-333.776611,142.866,12.154,-0.12257,-0.51772
1784779223.554,-122.808395,-333.527161,142.320,11.675,-0.12982,-0.53151
1784779223.713,-123.103195,-333.283630,141.776,11.285,-0.13782,-0.54176
1784779223.863,-123.386597,-333.044922,141.251,10.965,-0.16500,-0.54955
1784779224.003,-123.660522,-332.810059,140.690,10.698,-0.15653,-0.56717
1784779224.146,-123.926193,-332.577545,140.043,10.543,-0.18268,-0.56198
1784779224.282,-124.187828,-332.342743,139.420,10.539,-0.21171,-0.55739
1784779224.421,-124.446289,-332.105194,138.696,10.521,-0.24029,-0.55495
1784779224.563,-124.700912,-331.864685,137.844,10.498,-0.26975,-0.55443
1784779224.702,-124.950638,-331.620361,136.883,10.468,-0.27794,-0.56751
1784779224.843,-125.194901,-331.372131,135.815,10.438,-0.28309,-0.61938
1784779224.989,-125.433655,-331.119629,134.720,10.416,-0.28824,-0.70215
1784779225.129,-125.666977,-330.863098,133.600,10.385,-0.31928,-0.67322
1784779225.272,-125.894608,-330.602966,132.415,10.356,-0.38777,-0.52541
1784779225.417,-126.115631,-330.339050,131.149,10.293,-0.39319,-0.52883
1784779225.556,-126.328262,-330.072235,129.637,10.188,-0.30750,-0.51205
1784779225.698,-126.530365,-329.802185,128.042,9.945,-0.26357,-0.50245
1784779225.844,-126.715698,-329.538239,126.849,9.442,-0.26150,-0.50012
1784779225.985,-126.887772,-329.284790,126.040,8.962,-0.23914,-0.50340
1784779226.129,-127.050682,-329.043335,125.169,8.531,-0.30754,-0.49630
1784779226.274,-127.203194,-328.810242,124.290,8.196,-0.33291,-0.49593
1784779226.414,-127.345139,-328.583069,123.407,7.891,-0.31221,-0.50711
1784779226.556,-127.478203,-328.361145,122.449,7.657,-0.33349,-0.52557
1784779226.704,-127.604927,-328.140472,121.576,7.625,-0.30611,-0.66358
1784779226.844,-127.728424,-327.918549,120.643,7.606,-0.33530,-0.70473
1784779226.996,-127.848541,-327.695099,119.713,7.616,-0.29976,-0.90746
1784779227.140,-127.964767,-327.469696,118.813,7.598,-0.34030,-0.95748
1784779227.284,-128.077606,-327.242798,117.899,7.610,-0.30062,-1.18600
1784779227.430,-128.186691,-327.014252,116.999,7.585,-0.52869,-0.44027
1784779227.580,-128.292557,-326.783630,116.013,7.627,-0.69702,-0.37324
1784779227.722,-128.392410,-326.553741,114.508,7.385,-0.69021,-0.36147
1784779227.871,-128.480087,-326.328552,112.374,7.182,-0.65742,-0.32218
1784779228.020,-128.554077,-326.101318,110.301,7.161,-0.61400,-0.31219
1784779228.166,-128.619965,-325.869995,108.379,7.270,-0.57408,-0.31080
1784779228.315,-128.682236,-325.632690,106.547,7.431,-0.53820,-0.31786
1784779228.473,-128.740189,-325.389008,104.827,7.587,-0.51811,-0.33556
1784779228.632,-128.792542,-325.139099,103.194,7.721,-0.50368,-0.29096
1784779228.785,-128.838455,-324.883820,101.590,7.845,-0.48079,-0.30107
1784779228.934,-128.877548,-324.623108,100.022,7.965,-0.47205,-0.28883
1784779229.079,-128.909973,-324.357361,98.486,8.093,-0.45178,-0.29399
1784779229.228,-128.936020,-324.086731,96.986,8.214,-0.44494,-0.31613
1784779229.377,-128.955658,-323.811554,95.523,8.331,-0.43895,-0.30140
1784779229.521,-128.968658,-323.532318,94.067,8.436,-0.42180,-0.31623
1784779229.668,-128.974716,-323.249390,92.616,8.542,-0.40395,-0.35429
1784779229.816,-128.973663,-322.962738,91.204,8.648,-0.38715,-0.41168
1784779229.961,-128.965607,-322.672729,89.820,8.754,-0.38665,-0.36123
1784779230.110,-128.950668,-322.379364,88.481,8.861,-0.39986,-0.33235
1784779230.260,-128.928940,-322.083191,87.154,8.951,-0.39915,-0.32777
1784779230.407,-128.900208,-321.785004,85.777,9.019,-0.38514,-0.34035
1784779230.560,-128.863678,-321.485352,84.365,9.091,-0.37953,-0.33734
1784779230.711,-128.819031,-321.184204,82.983,9.173,-0.36276,-0.35816
1784779230.856,-128.766830,-320.881531,81.639,9.253,-0.34556,-0.41029
1784779231.005,-128.707565,-320.577454,80.334,9.330,-0.32803,-0.48531
1784779231.155,-128.641266,-320.272217,79.066,9.409,-0.32864,-0.36218
1784779231.301,-128.567902,-319.965820,77.858,9.489,-0.31751,-0.35787
1784779231.449,-128.487701,-319.658630,76.670,9.556,-0.30373,-0.37337
1784779231.597,-128.400742,-319.350983,75.488,9.626,-0.28674,-0.36032
1784779231.746,-128.306702,-319.043060,74.357,9.674,-0.26552,-0.39332
1784779231.905,-128.206619,-318.736572,73.291,9.672,-0.24809,-0.36831
1784779232.063,-128.101166,-318.431549,72.298,9.715,-0.22630,-0.35218
1784779232.216,-127.989235,-318.123718,71.365,9.961,-0.20694,-0.34394
1784779232.378,-127.868942,-317.807404,70.480,10.322,-0.18732,-0.33450
1784779232.538,-127.739792,-317.481812,69.651,10.670,-0.17151,-0.32947
1784779232.693,-127.602036,-317.147736,68.875,10.998,-0.15459,-0.30953
1784779232.853,-127.456009,-316.805664,68.147,11.308,-0.13896,-0.28817
1784779233.013,-127.301895,-316.456116,67.473,11.601,-0.12478,-0.26670
1784779233.170,-127.140007,-316.099609,66.854,11.879,-0.11273,-0.24626
1784779233.271,-127.056297,-315.918915,66.564,12.011,-0.10665,-0.23676
1784779233.405,-126.883537,-315.552917,66.019,12.261,-0.09613,-0.21932
1784779233.513,-126.794571,-315.367798,65.762,12.381,-0.09108,-0.21126
1784779233.650,-126.611763,-314.993347,65.280,12.609,-0.08115,-0.19605
1784779233.811,-126.422829,-314.613708,64.841,12.825,-0.07227,-0.18238
1784779233.976,-126.228157,-314.229187,64.442,13.027,-0.06403,-0.17150
1784779234.131,-126.028046,-313.840088,64.082,13.219,-0.05607,-0.16348
1784779234.233,-125.926048,-313.643860,63.916,13.310,-0.05254,-0.16045
1784779234.370,-125.718430,-313.248352,63.611,13.483,-0.04590,-0.15621
1784779234.482,-125.612885,-313.049133,63.472,13.566,-0.04281,-0.15498
1784779234.620,-125.398483,-312.647827,63.219,13.723,-0.03706,-0.15351
1784779234.781,-125.180115,-312.242981,62.994,13.870,-0.03193,-0.15285
1784779234.940,-124.958115,-311.834717,62.799,14.008,-0.02729,-0.15275
1784779235.097,-124.732750,-311.423218,62.630,14.138,-0.02306,-0.15312
1784779235.258,-124.504257,-311.008667,62.483,14.260,-0.01959,-0.15379
1784779235.420,-124.272980,-310.591187,62.357,14.373,-0.01661,-0.15439
1784779235.579,-124.039078,-310.170990,62.251,14.479,-0.01360,-0.15477
1784779235.740,-123.802719,-309.748291,62.158,14.579,-0.01125,-0.15492
1784779235.902,-123.564178,-309.323059,62.081,14.672,-0.00869,-0.15461
1784779236.060,-123.324181,-308.896301,62.016,14.694,-0.00693,-0.15456
1784779236.218,-123.083694,-308.469421,61.966,14.703,-0.00492,-0.15492
1784779236.382,-122.842743,-308.042511,61.926,14.710,-0.00374,-0.15575
1784779236.539,-122.601410,-307.615540,61.898,14.714,-0.00218,-0.15701
1784779236.699,-122.359955,-307.188416,61.879,14.719,-0.00156,-0.15847
1784779236.858,-122.118279,-306.761230,61.868,14.723,-0.00043,-0.16027
1784779237.015,-121.876419,-306.334106,61.862,14.728,0.00048,-0.16243
1784779237.178,-121.634422,-305.906799,61.860,14.732,0.00059,-0.16465
1784779237.340,-121.392349,-305.479431,61.862,14.738,0.00130,-0.16687
1784779237.497,-121.150269,-305.052002,61.862,14.740,0.00179,-0.16903
1784779237.658,-120.908272,-304.624542,61.866,14.734,0.00293,-0.17105
1784779237.817,-120.666389,-304.197021,61.873,14.731,0.00347,-0.17287
1784779237.976,-120.424622,-303.769531,61.887,14.728,0.00422,-0.17455
1784779238.137,-120.183044,-303.342133,61.904,14.724,0.00407,-0.17610
1784779238.297,-119.941635,-302.914764,61.927,14.722,0.00446,-0.17759
1784779238.455,-119.700356,-302.487366,61.952,14.718,0.00409,-0.17902
1784779238.617,-119.459183,-302.060242,61.974,14.705,0.00448,-0.18056
1784779238.776,-119.218536,-301.633392,61.997,14.691,0.00486,-0.18189
1784779238.932,-118.978470,-301.206818,62.018,14.676,0.00440,-0.18294
1784779239.134,-118.738914,-300.780518,62.044,14.656,0.00461,-0.18371
1784779239.297,-118.499924,-300.354767,62.065,14.631,0.00407,-0.18432
1784779239.453,-118.261185,-299.929840,62.090,14.602,0.00428,-0.18519
1784779239.611,-118.022903,-299.505920,62.107,14.569,0.00387,-0.18619
1784779239.773,-117.784958,-299.081879,62.125,14.604,0.00417,-0.18683
1784779239.932,-117.546722,-298.656311,62.143,14.625,0.00360,-0.18698
1784779240.093,-117.309113,-298.231262,62.160,14.592,0.00379,-0.18779
1784779240.253,-117.072006,-297.807129,62.182,14.590,0.00389,-0.19069
1784779240.412,-116.834320,-297.382080,62.203,14.641,0.00319,-0.19477
1784779240.574,-116.596283,-296.956543,62.224,14.619,0.00334,-0.19843
1784779240.736,-116.359169,-296.531921,62.241,14.582,0.00268,-0.20055
1784779240.893,-116.122787,-296.108002,62.259,14.573,0.00275,-0.20163
1784779241.052,-115.885925,-295.683014,62.275,14.636,0.00206,-0.20258
1784779241.213,-115.648163,-295.256714,62.288,14.652,0.00228,-0.20369
1784779241.370,-115.410370,-294.830780,62.294,14.629,0.00270,-0.20499
1784779241.532,-115.173233,-294.405151,62.296,14.605,0.00229,-0.20587
1784779241.692,-114.937027,-293.979797,62.302,14.581,0.00252,-0.20607
1784779241.852,-114.700958,-293.554138,62.306,14.627,0.00193,-0.20600
1784779242.012,-114.463753,-293.126862,62.317,14.666,0.00205,-0.20614
1784779242.173,-114.226105,-292.699493,62.334,14.667,0.00129,-0.20663
1784779242.330,-113.988510,-292.272247,62.356,14.653,0.00121,-0.20712
1784779242.491,-113.751732,-291.845642,62.368,14.633,0.00128,-0.20720
1784779242.651,-113.515564,-291.419495,62.383,14.613,0.00044,-0.20690
1784779242.810,-113.279770,-290.993835,62.397,14.593,0.00041,-0.20644
1784779242.971,-113.044212,-290.568604,62.406,14.602,-0.00044,-0.20597
1784779243.136,-112.808502,-290.141937,62.407,14.641,-0.00021,-0.20494
1784779243.307,-112.573135,-289.714630,62.404,14.639,-0.00103,-0.20330
1784779243.465,-112.337418,-289.287476,62.405,14.640,-0.00089,-0.20204
1784779243.624,-112.101494,-288.860352,62.405,14.645,-0.00164,-0.20097
1784779243.783,-111.865128,-288.433411,62.402,14.649,-0.00125,-0.20038
1784779243.941,-111.628555,-288.006256,62.396,14.661,-0.00076,-0.19986
1784779244.100,-111.391754,-287.578674,62.388,14.676,-0.00119,-0.19934
1784779244.258,-111.154617,-287.150696,62.383,14.692,-0.00068,-0.19891
1784779244.416,-110.917282,-286.722168,62.371,14.714,-0.00098,-0.19840
1784779244.577,-110.679581,-286.292725,62.365,14.743,-0.00049,-0.19775
1784779244.736,-110.441223,-285.862549,62.358,14.771,-0.00088,-0.19733
1784779244.896,-110.202240,-285.431519,62.354,14.804,-0.00038,-0.19704
1784779245.056,-109.962440,-284.999573,62.351,14.841,-0.00082,-0.19701
1784779245.213,-109.721893,-284.566620,62.348,14.878,-0.00117,-0.19715
1784779245.368,-109.480621,-284.132568,62.344,14.918,-0.00146,-0.19740
1784779245.529,-109.239006,-283.697144,62.333,14.960,-0.00076,-0.19727
1784779245.687,-108.996674,-283.260529,62.325,15.002,-0.00098,-0.19720
1784779245.845,-108.753479,-282.822815,62.318,15.044,-0.00029,-0.19734
1784779246.005,-108.509415,-282.384003,62.313,15.087,-0.00037,-0.19771
1784779246.164,-108.264526,-281.943909,62.307,15.133,0.00039,-0.19818
1784779246.323,-108.019012,-281.502441,62.303,15.179,0.00037,-0.19854
1784779246.485,-107.772881,-281.059509,62.304,15.228,0.00079,-0.19872
1784779246.647,-107.525818,-280.615234,62.307,15.278,0.00038,-0.19906
1784779246.807,-107.277863,-280.169495,62.311,15.327,0.00071,-0.19947
1784779246.969,-107.029099,-279.722290,62.315,15.381,0.00029,-0.19988
1784779247.127,-106.779594,-279.273438,62.318,15.441,-0.00015,-0.20013
1784779247.287,-106.529190,-278.822693,62.320,15.503,-0.00063,-0.20025
1784779247.446,-106.277832,-278.370178,62.321,15.563,-0.00108,-0.20035
1784779247.607,-106.025551,-277.915833,62.317,15.624,-0.00046,-0.20037
1784779247.772,-105.772308,-277.459717,62.314,15.684,-0.00050,-0.20036
1784779247.931,-105.518074,-277.001648,62.312,15.757,0.00021,-0.20028
1784779248.089,-105.262489,-276.541443,62.314,15.831,0.00013,-0.20034
1784779248.248,-105.005829,-276.079620,62.314,15.815,0.00010,-0.20055
1784779248.409,-104.751602,-275.621918,62.314,15.621,0.00067,-0.20065
1784779248.566,-104.498978,-275.166901,62.316,15.647,0.00057,-0.20102
1784779248.726,-104.245148,-274.709839,62.317,15.717,0.00116,-0.20203
1784779248.887,-103.990112,-274.250610,62.317,15.789,0.00119,-0.20322
1784779249.047,-103.733940,-273.789490,62.321,15.861,0.00119,-0.20386
1784779249.208,-103.478271,-273.329071,62.325,15.713,0.00178,-0.20362
1784779249.368,-103.225372,-272.873657,62.331,15.613,0.00168,-0.20322
1784779249.525,-102.971939,-272.417694,62.338,15.677,0.00159,-0.20302
1784779249.685,-102.717445,-271.960022,62.344,15.731,0.00220,-0.20291
1784779249.845,-102.462578,-271.500427,62.350,15.786,0.00205,-0.20219
1784779250.004,-102.207092,-271.039093,62.361,15.843,0.00246,-0.20117
1784779250.165,-101.952194,-270.578979,62.376,15.682,0.00210,-0.20040
1784779250.327,-101.698776,-270.122070,62.391,15.696,0.00165,-0.20075
1784779250.487,-101.444458,-269.663757,62.402,15.736,0.00184,-0.20185
1784779250.647,-101.189934,-269.204254,62.410,15.773,0.00109,-0.20259
1784779250.807,-100.935181,-268.743591,62.418,15.809,0.00031,-0.20297
1784779250.965,-100.680252,-268.282104,62.421,15.763,0.00040,-0.20310
1784779251.124,-100.427551,-267.825317,62.422,15.630,-0.00031,-0.20356
1784779251.286,-100.174736,-267.369019,62.421,15.666,0.00001,-0.20453
1784779251.444,-99.921112,-266.911957,62.414,15.684,-0.00051,-0.20620
1784779251.603,-99.667389,-266.454285,62.409,15.698,-0.00105,-0.20784
1784779251.763,-99.413651,-265.996002,62.401,15.713,-0.00050,-0.20920
1784779251.920,-99.159630,-265.537292,62.396,15.728,-0.00086,-0.21060
1784779252.081,-98.905228,-265.078125,62.391,15.742,-0.00115,-0.21211
1784779252.240,-98.650574,-264.618652,62.388,15.753,-0.00057,-0.21370
1784779252.397,-98.396111,-264.159302,62.384,15.745,-0.00090,-0.21518
1784779252.555,-98.141899,-263.700439,62.383,15.736,-0.00041,-0.21667
1784779252.715,-97.887665,-263.241882,62.383,15.728,-0.00072,-0.21833
1784779252.871,-97.633629,-262.783600,62.378,15.717,-0.00075,-0.21975
1784779253.031,-97.379822,-262.325623,62.372,15.707,0.00006,-0.21961
1784779253.189,-97.126190,-261.867889,62.367,15.699,0.00004,-0.21794
1784779253.347,-96.872658,-261.410278,62.365,15.689,-0.00008,-0.21608
1784779253.507,-96.619049,-260.953064,62.363,15.678,0.00051,-0.21447
1784779253.669,-96.365570,-260.496124,62.362,15.668,0.00043,-0.21289
1784779253.825,-96.112228,-260.039520,62.366,15.657,0.00091,-0.21135
1784779253.984,-95.859200,-259.583130,62.369,15.646,0.00070,-0.20964
1784779254.143,-95.606628,-259.126831,62.375,15.637,0.00041,-0.20757
1784779254.302,-95.354294,-258.671021,62.381,15.625,0.00076,-0.20581
1784779254.460,-95.102066,-258.215729,62.387,15.609,0.00049,-0.20489
1784779254.619,-94.849991,-257.760986,62.393,15.588,0.00088,-0.20449
1784779254.777,-94.598404,-257.306915,62.393,15.558,0.00071,-0.20400
1784779254.935,-94.347626,-256.853455,62.394,15.529,0.00047,-0.20310
1784779255.095,-94.097366,-256.400574,62.398,15.511,0.00082,-0.20203
1784779255.252,-93.847153,-255.948257,62.400,15.492,0.00055,-0.20138
1784779255.411,-93.597137,-255.496658,62.403,15.474,0.00096,-0.20153
1784779255.513,-93.472305,-255.271118,62.406,15.461,0.00046,-0.20178
1784779255.648,-93.223175,-254.820679,62.411,15.431,0.00080,-0.20216
1784779255.756,-93.098839,-254.595795,62.413,15.416,0.00170,-0.20232
1784779255.896,-92.850555,-254.146606,62.417,15.386,0.00132,-0.20257
1784779256.058,-92.602737,-253.698273,62.425,15.357,0.00087,-0.20282
1784779256.219,-92.355408,-253.250702,62.435,15.331,0.00110,-0.20302
1784779256.378,-92.108612,-252.803528,62.439,15.320,0.00068,-0.20293
1784779256.538,-91.862663,-252.356384,62.449,15.310,0.00074,-0.20213
1784779256.698,-91.616684,-251.909760,62.458,15.300,0.00015,-0.20160
1784779256.798,-91.493690,-251.686554,62.461,15.295,0.00025,-0.20139
1784779256.938,-91.247681,-251.240448,62.469,15.287,-0.00035,-0.20114
1784779257.044,-91.124718,-251.017487,62.473,15.283,-0.00023,-0.20102
1784779257.182,-90.878922,-250.571671,62.477,15.280,0.00007,-0.20073
1784779257.343,-90.633408,-250.125427,62.477,15.294,-0.00047,-0.19999
1784779257.506,-90.387772,-249.678528,62.481,15.312,-0.00118,-0.19903
1784779257.669,-90.141586,-249.231262,62.482,15.330,-0.00084,-0.19838
1784779257.837,-89.895050,-248.783478,62.480,15.349,-0.00129,-0.19778
1784779258.008,-89.648224,-248.335098,62.475,15.369,-0.00079,-0.19715
1784779258.174,-89.400940,-247.886078,62.472,15.396,-0.00118,-0.19661
1784779258.337,-89.153198,-247.436005,62.468,15.429,-0.00159,-0.19597
1784779258.503,-88.904938,-246.984955,62.465,15.461,-0.00197,-0.19530
1784779258.668,-88.656143,-246.533020,62.458,15.493,-0.00140,-0.19468
1784779258.831,-88.406677,-246.080246,62.447,15.525,-0.00152,-0.19424
1784779258.996,-88.156586,-245.626587,62.440,15.558,-0.00173,-0.19392
1784779259.158,-87.905853,-245.171951,62.433,15.594,-0.00106,-0.19368
1784779259.322,-87.654541,-244.716278,62.425,15.630,-0.00122,-0.19346
1784779259.488,-87.402596,-244.259583,62.418,15.667,-0.00055,-0.19329
1784779259.652,-87.150002,-243.801880,62.412,15.704,-0.00072,-0.19320
1784779259.815,-86.896751,-243.343109,62.409,15.742,-0.00095,-0.19318
1784779259.983,-86.642784,-242.883209,62.405,15.780,-0.00031,-0.19323
1784779260.143,-86.388077,-242.422302,62.401,15.814,-0.00047,-0.19345
1784779260.305,-86.132973,-241.960876,62.398,15.761,-0.00063,-0.19376
1784779260.470,-85.880424,-241.504089,62.394,15.621,0.00005,-0.19408
1784779260.631,-85.628166,-241.047699,62.390,15.657,-0.00012,-0.19433
1784779260.792,-85.375351,-240.590179,62.389,15.694,0.00036,-0.19453
1784779260.962,-85.121887,-240.131744,62.388,15.727,0.00018,-0.19485
1784779261.126,-84.867813,-239.672592,62.389,15.757,-0.00002,-0.19536
1784779261.226,-84.740570,-239.442749,62.389,15.772,0.00023,-0.19567
1784779261.366,-84.485687,-238.982330,62.389,15.802,0.00008,-0.19627
1784779261.478,-84.358078,-238.751801,62.389,15.816,0.00033,-0.19657
1784779261.621,-84.104301,-238.292862,62.388,15.627,0.00015,-0.19692
1784779261.726,-83.978592,-238.065414,62.389,15.598,0.00035,-0.19704
1784779261.862,-83.726761,-237.609863,62.390,15.630,0.00075,-0.19733
1784779261.972,-83.600555,-237.381775,62.391,15.647,0.00031,-0.19757
1784779262.111,-83.347504,-236.925079,62.393,15.681,0.00078,-0.19837
1784779262.274,-83.093918,-236.467438,62.391,15.716,0.00067,-0.19919
1784779262.440,-82.840118,-236.008606,62.392,15.751,0.00059,-0.19961
1784779262.616,-82.585869,-235.548615,62.393,15.793,0.00142,-0.19987
1784779262.776,-82.330444,-235.087677,62.394,15.836,0.00224,-0.20070
1784779262.936,-82.075600,-234.628433,62.399,15.656,0.00346,-0.20184
1784779263.096,-81.822754,-234.172821,62.406,15.650,0.00419,-0.20298
1784779263.254,-81.569962,-233.715546,62.422,15.691,0.00459,-0.20328
1784779263.414,-81.316940,-233.256805,62.444,15.740,0.00531,-0.20306
1784779263.572,-81.062836,-232.796738,62.476,15.784,0.00535,-0.20316
1784779263.674,-80.935425,-232.566315,62.491,15.805,0.00575,-0.20333
1784779263.812,-80.680550,-232.104858,62.520,15.761,0.00659,-0.20343
1784779263.918,-80.554176,-231.875763,62.536,15.647,0.00738,-0.20333
1784779264.057,-80.303177,-231.419464,62.569,15.641,0.00878,-0.20253
1784779264.217,-80.052063,-230.961639,62.612,15.680,0.01018,-0.20109
1784779264.379,-79.800697,-230.502502,62.663,15.716,0.01121,-0.19924
1784779264.535,-79.549347,-230.042343,62.725,15.740,0.01231,-0.19687
1784779264.693,-79.297775,-229.581329,62.793,15.766,0.01362,-0.19429
1784779264.853,-79.046249,-229.119232,62.864,15.790,0.01451,-0.19115
1784779265.011,-78.795074,-228.656006,62.944,15.815,0.01584,-0.18726
1784779265.168,-78.545982,-228.194489,63.027,15.617,0.01774,-0.18448
1784779265.327,-78.300079,-227.736755,63.119,15.590,0.01934,-0.18392
1784779265.487,-78.054672,-227.278183,63.224,15.602,0.02094,-0.18349
1784779265.645,-77.809662,-226.819092,63.339,15.611,0.02234,-0.18245
1784779265.804,-77.565521,-226.359375,63.462,15.618,0.02338,-0.18036
1784779265.964,-77.322456,-225.898865,63.593,15.624,0.02450,-0.17694
1784779266.120,-77.080505,-225.437531,63.730,15.631,0.02552,-0.17215
1784779266.282,-76.839622,-224.975464,63.874,15.636,0.02664,-0.16678
1784779266.441,-76.599792,-224.512634,64.025,15.642,0.02778,-0.16452
1784779266.602,-76.361107,-224.048996,64.181,15.648,0.02857,-0.16537
1784779266.760,-76.123657,-223.584503,64.345,15.655,0.03007,-0.16523
1784779266.916,-75.887466,-223.119141,64.513,15.661,0.03164,-0.16406
1784779267.074,-75.652550,-222.652832,64.691,15.668,0.03304,-0.16341
1784779267.233,-75.418991,-222.185593,64.878,15.675,0.03372,-0.16271
1784779267.387,-75.186935,-221.717300,65.073,15.684,0.03427,-0.16032
1784779267.541,-74.956467,-221.247833,65.273,15.695,0.03539,-0.15792
1784779267.700,-74.727493,-220.777283,65.478,15.705,0.03613,-0.15915
1784779267.856,-74.500008,-220.305603,65.687,15.716,0.03642,-0.16190
1784779268.011,-74.274078,-219.832794,65.901,15.727,0.03691,-0.16375
1784779268.168,-74.049774,-219.358795,66.118,15.739,0.03677,-0.16573
1784779268.326,-73.827179,-218.883575,66.337,15.750,0.03726,-0.16659
1784779268.484,-73.606247,-218.407120,66.556,15.761,0.03699,-0.16543
1784779268.642,-73.386940,-217.929474,66.776,15.772,0.03635,-0.16494
1784779268.798,-73.169289,-217.450653,66.996,15.784,0.03630,-0.16639
1784779268.955,-72.953339,-216.970581,67.214,15.797,0.03616,-0.16705
1784779269.113,-72.739113,-216.489288,67.429,15.810,0.03675,-0.16601
1784779269.266,-72.527878,-216.009811,67.644,15.604,0.03754,-0.16768
1784779269.422,-72.320381,-215.534149,67.863,15.572,0.03746,-0.17325
1784779269.579,-72.114525,-215.057327,68.086,15.583,0.03767,-0.17791
1784779269.733,-71.910385,-214.579437,68.308,15.595,0.03691,-0.18057
1784779269.890,-71.708015,-214.100372,68.528,15.609,0.03610,-0.18180
1784779270.048,-71.507439,-213.620087,68.745,15.622,0.03635,-0.18466
1784779270.204,-71.308533,-213.138672,68.960,15.635,0.03618,-0.18925
1784779270.360,-71.111137,-212.656097,69.174,15.649,0.03641,-0.19239
1784779270.518,-70.915268,-212.172424,69.390,15.663,0.03569,-0.19371
1784779270.674,-70.721062,-211.687531,69.605,15.676,0.03465,-0.19374
1784779270.828,-70.528595,-211.201431,69.816,15.692,0.03451,-0.19428
1784779270.986,-70.337845,-210.714111,70.023,15.706,0.03394,-0.19470
1784779271.143,-70.148621,-210.225708,70.229,15.720,0.03409,-0.19335
1784779271.297,-69.960861,-209.736221,70.433,15.735,0.03332,-0.19024
1784779271.455,-69.774628,-209.245667,70.635,15.748,0.03235,-0.18858
1784779271.608,-69.590057,-208.754044,70.833,15.761,0.03240,-0.19199
1784779271.764,-69.407089,-208.261292,71.028,15.775,0.03222,-0.19714
1784779271.922,-69.225677,-207.767548,71.221,15.787,0.03261,-0.20049
1784779272.076,-69.045685,-207.272797,71.415,15.800,0.03213,-0.20217
1784779272.234,-68.867134,-206.777069,71.610,15.812,0.03137,-0.20216
1784779272.390,-68.691238,-206.283417,71.800,15.605,0.03126,-0.20053
1784779272.544,-68.518745,-205.793900,71.986,15.575,0.03093,-0.20039
1784779272.701,-68.347786,-205.303314,72.170,15.588,0.03167,-0.20283
1784779272.858,-68.178345,-204.811798,72.354,15.601,0.03182,-0.20454
1784779273.012,-68.010223,-204.319458,72.542,15.614,0.03158,-0.20473
1784779273.168,-67.843475,-203.826233,72.732,15.627,0.03183,-0.20334
1784779273.329,-67.678238,-203.332092,72.921,15.638,0.03176,-0.20067
1784779273.484,-67.514626,-202.836914,73.108,15.653,0.03185,-0.19957
1784779273.643,-67.352669,-202.340698,73.296,15.666,0.03225,-0.19978
1784779273.800,-67.192223,-201.843506,73.487,15.680,0.03174,-0.19864
1784779273.956,-67.033096,-201.345367,73.679,15.695,0.03187,-0.19595
1784779274.111,-66.875397,-200.846252,73.870,15.710,0.03169,-0.19279
1784779274.267,-66.719223,-200.346130,74.058,15.725,0.03163,-0.19248
1784779274.424,-66.564545,-199.845032,74.245,15.742,0.03195,-0.19366
1784779274.579,-66.411438,-199.342896,74.435,15.758,0.03143,-0.19323
1784779274.735,-66.259872,-198.839722,74.625,15.774,0.03152,-0.19102
1784779274.888,-66.109756,-198.335541,74.814,15.790,0.03076,-0.18714
1784779275.044,-65.961128,-197.830338,75.002,15.809,0.02980,-0.18453
1784779275.202,-65.813980,-197.324615,75.184,15.741,0.03002,-0.18634
1784779275.356,-65.669968,-196.823975,75.359,15.588,0.03035,-0.18929
1784779275.511,-65.527763,-196.323792,75.535,15.609,0.03062,-0.19062
1784779275.667,-65.386986,-195.822449,75.713,15.631,0.03118,-0.19032
1784779275.821,-65.247681,-195.320007,75.894,15.653,0.03142,-0.19087
1784779275.976,-65.109749,-194.816437,76.078,15.676,0.03232,-0.19341
1784779276.132,-64.973145,-194.311707,76.264,15.698,0.03262,-0.19541
1784779276.294,-64.837860,-193.805847,76.456,15.719,0.03250,-0.19584
1784779276.456,-64.703949,-193.298798,76.648,15.743,0.03284,-0.19498
1784779276.558,-64.637619,-193.044830,76.744,15.754,0.03223,-0.19495
1784779276.694,-64.506271,-192.535965,76.936,15.777,0.03275,-0.19615
1784779276.798,-64.441223,-192.281067,77.032,15.788,0.03316,-0.19706
1784779276.933,-64.312286,-191.770386,77.224,15.812,0.03396,-0.19754
1784779277.090,-64.185562,-191.261765,77.420,15.614,0.03440,-0.19660
1784779277.245,-64.061516,-190.757401,77.620,15.590,0.03499,-0.19513
1784779277.401,-63.938980,-190.251923,77.823,15.611,0.03491,-0.19282
1784779277.560,-63.818344,-189.745285,78.028,15.632,0.03510,-0.18846
1784779277.715,-63.699471,-189.237595,78.234,15.653,0.03572,-0.18385
1784779277.871,-63.582245,-188.728790,78.442,15.674,0.03551,-0.18338
1784779278.027,-63.466629,-188.218933,78.653,15.694,0.03568,-0.18501
1784779278.181,-63.352688,-187.707932,78.864,15.717,0.03534,-0.18496
1784779278.334,-63.240540,-187.195801,79.074,15.740,0.03566,-0.18470
1784779278.491,-63.130150,-186.682526,79.283,15.762,0.03642,-0.18649
1784779278.645,-63.021507,-186.168106,79.496,15.783,0.03640,-0.18850
1784779278.802,-62.914581,-185.652649,79.713,15.803,0.03698,-0.18863
1784779278.962,-62.809532,-185.136719,79.931,15.736,0.03732,-0.18681
1784779279.116,-62.707558,-184.625946,80.147,15.583,0.03745,-0.18327
1784779279.272,-62.607803,-184.115723,80.367,15.604,0.03780,-0.18200
1784779279.429,-62.509903,-183.604401,80.589,15.627,0.03731,-0.18513
1784779279.584,-62.413818,-183.092041,80.810,15.649,0.03739,-0.18820
1784779279.738,-62.319466,-182.578644,81.030,15.669,0.03655,-0.18939
1784779279.896,-62.226967,-182.064270,81.249,15.687,0.03582,-0.18887
1784779280.051,-62.136444,-181.548950,81.464,15.705,0.03591,-0.18921
1784779280.210,-62.047768,-181.032684,81.678,15.722,0.03517,-0.19090
1784779280.370,-61.960842,-180.515488,81.890,15.742,0.03531,-0.19125
1784779280.529,-61.875614,-179.997375,82.099,15.760,0.03489,-0.18977
1784779280.686,-61.792149,-179.478424,82.308,15.777,0.03420,-0.18755
1784779280.847,-61.710587,-178.958633,82.514,15.793,0.03411,-0.18852
1784779281.003,-61.630836,-178.438019,82.718,15.808,0.03329,-0.19178
1784779281.162,-61.553314,-177.919830,82.919,15.606,0.03322,-0.19353
1784779281.321,-61.478291,-177.406219,83.114,15.578,0.03384,-0.19482
1784779281.476,-61.404930,-176.891785,83.310,15.592,0.03366,-0.19840
1784779281.630,-61.333260,-176.376694,83.508,15.606,0.03387,-0.20276
1784779281.787,-61.263279,-175.860931,83.706,15.620,0.03300,-0.20546
1784779281.942,-61.195011,-175.344513,83.904,15.633,0.03160,-0.20676
1784779282.096,-61.128502,-174.827423,84.098,15.646,0.03099,-0.20705
1784779282.252,-61.063713,-174.309723,84.286,15.657,0.02970,-0.20597
1784779282.407,-61.000565,-173.791443,84.467,15.668,0.02968,-0.20477
1784779282.566,-60.938934,-173.272644,84.642,15.678,0.02897,-0.20467
1784779282.727,-60.878773,-172.753357,84.817,15.687,0.02805,-0.20419
1784779282.885,-60.820118,-172.233612,84.987,15.695,0.02799,-0.20415
1784779283.043,-60.763000,-171.713394,85.155,15.704,0.02720,-0.20547
1784779283.200,-60.707397,-171.192734,85.319,15.712,0.02711,-0.20609
1784779283.356,-60.653255,-170.671661,85.480,15.721,0.02613,-0.20521
1784779283.516,-60.600563,-170.150131,85.640,15.729,0.02564,-0.20336
1784779283.674,-60.549278,-169.628220,85.794,15.738,0.02616,-0.20483
1784779283.831,-60.499283,-169.105896,85.946,15.746,0.02599,-0.21010
1784779283.990,-60.450600,-168.583160,86.100,15.756,0.02554,-0.21479
1784779284.148,-60.403214,-168.059952,86.253,15.767,0.02567,-0.21815
1784779284.303,-60.357128,-167.536285,86.405,15.776,0.02493,-0.21988
1784779284.461,-60.312630,-167.012177,86.555,15.782,0.02491,-0.21869
1784779284.618,-60.269711,-166.487701,86.704,15.790,0.02392,-0.21489
1784779284.773,-60.228119,-165.962830,86.852,15.800,0.02277,-0.21099
1784779284.934,-60.187523,-165.437500,86.997,15.812,0.02244,-0.21017
1784779285.094,-60.148193,-164.914886,87.133,15.607,0.02120,-0.21085
1784779285.252,-60.110558,-164.397308,87.263,15.570,0.02038,-0.21026
1784779285.410,-60.074501,-163.879364,87.388,15.576,0.02138,-0.20884
1784779285.573,-60.039654,-163.361130,87.511,15.586,0.02346,-0.20788
1784779285.734,-60.005638,-162.842529,87.638,15.597,0.02562,-0.20682
1784779285.891,-59.972580,-162.323547,87.777,15.607,0.02743,-0.20479
1784779286.049,-59.940857,-161.804138,87.927,15.617,0.02869,-0.20417
1784779286.207,-59.910683,-161.284302,88.089,15.627,0.02981,-0.20624
1784779286.365,-59.882080,-160.764023,88.259,15.637,0.03018,-0.20823
1784779286.526,-59.855019,-160.243317,88.433,15.647,0.03076,-0.20866
1784779286.686,-59.829514,-159.722198,88.611,15.658,0.03046,-0.20752
1784779286.845,-59.805622,-159.200623,88.791,15.670,0.02984,-0.20479
1784779287.005,-59.783253,-158.678604,88.971,15.680,0.02980,-0.20113
1784779287.165,-59.762413,-158.156158,89.148,15.693,0.02878,-0.19663
1784779287.326,-59.743114,-157.633224,89.324,15.709,0.02846,-0.19070
1784779287.483,-59.725197,-157.109711,89.492,15.725,0.02721,-0.18336
1784779287.639,-59.709000,-156.585602,89.656,15.741,0.02578,-0.17427
1784779287.798,-59.694389,-156.060913,89.815,15.757,0.02423,-0.16434
1784779287.955,-59.681183,-155.535599,89.968,15.775,0.02360,-0.15906
1784779288.109,-59.669411,-155.009583,90.113,15.798,0.02301,-0.16458
1784779288.266,-59.658676,-154.482697,90.255,15.821,0.02127,-0.17579
1784779288.425,-59.649120,-153.958282,90.390,15.625,0.01949,-0.18622
1784779288.582,-59.641075,-153.438507,90.515,15.604,0.01875,-0.19514
1784779288.738,-59.634178,-152.917908,90.634,15.628,0.01693,-0.20291
1784779288.896,-59.628326,-152.396454,90.743,15.656,0.01518,-0.20964
1784779289.053,-59.623367,-151.874115,90.843,15.684,0.01453,-0.21547
1784779289.214,-59.619164,-151.350937,90.934,15.712,0.01294,-0.22055
1784779289.372,-59.615738,-150.826843,91.020,15.739,0.01238,-0.22486
1784779289.528,-59.613098,-150.301819,91.098,15.766,0.01084,-0.22838
1784779289.688,-59.611229,-149.775864,91.169,15.794,0.00939,-0.23113
1784779289.848,-59.609894,-149.248932,91.233,15.822,0.00898,-0.23335
1784779290.004,-59.608994,-148.724274,91.290,15.632,0.00767,-0.23513
1784779290.161,-59.608589,-148.204056,91.340,15.619,0.00737,-0.23641
1784779290.319,-59.608681,-147.682770,91.384,15.649,0.00619,-0.23719
1784779290.479,-59.609150,-147.160522,91.425,15.680,0.00503,-0.23760
1784779290.584,-59.609524,-146.899048,91.443,15.695,0.00493,-0.23766
1784779290.720,-59.610523,-146.375397,91.477,15.720,0.00389,-0.23754
1784779290.826,-59.611115,-146.113251,91.491,15.733,0.00383,-0.23739
1784779290.960,-59.612442,-145.588348,91.519,15.759,0.00287,-0.23694
1784779291.117,-59.614162,-145.062637,91.543,15.780,0.00279,-0.23610
1784779291.272,-59.615944,-144.536133,91.561,15.803,0.00199,-0.23521
1784779291.425,-59.617832,-144.009445,91.576,15.737,0.00205,-0.23420
1784779291.582,-59.619816,-143.488586,91.589,15.582,0.00129,-0.23309
1784779291.740,-59.621937,-142.968796,91.598,15.600,0.00061,-0.23184
1784779291.897,-59.624405,-142.448318,91.603,15.615,0.00076,-0.23025
1784779292.055,-59.626930,-141.927567,91.611,15.626,0.00006,-0.22860
1784779292.215,-59.629230,-141.406464,91.615,15.638,0.00023,-0.22717
1784779292.370,-59.631474,-140.884949,91.616,15.651,-0.00037,-0.22580
1784779292.528,-59.633713,-140.363022,91.617,15.662,-0.00103,-0.22444
1784779292.685,-59.636086,-139.840759,91.614,15.672,-0.00065,-0.22294
1784779292.845,-59.638626,-139.318237,91.610,15.679,-0.00121,-0.22128
1784779293.001,-59.641037,-138.795441,91.604,15.687,-0.00170,-0.21974
1784779293.162,-59.643234,-138.272369,91.596,15.696,-0.00116,-0.21842
1784779293.315,-59.645332,-137.749023,91.588,15.706,-0.00151,-0.21720
1784779293.470,-59.647400,-137.225327,91.581,15.717,-0.00097,-0.21601
1784779293.630,-59.649551,-136.701294,91.575,15.730,-0.00138,-0.21474
1784779293.785,-59.651657,-136.176849,91.569,15.741,-0.00179,-0.21352
1784779293.944,-59.653580,-135.652008,91.562,15.753,-0.00123,-0.21247
1784779294.102,-59.655380,-135.126740,91.555,15.767,-0.00152,-0.21155
1784779294.257,-59.657143,-134.600998,91.547,15.782,-0.00091,-0.21067
1784779294.358,-59.658043,-134.337906,91.542,15.791,-0.00147,-0.21022
1784779294.501,-59.659958,-133.811218,91.535,15.811,-0.00088,-0.20918
1784779294.610,-59.660881,-133.548187,91.533,15.732,-0.00142,-0.20870
1784779294.751,-59.662560,-133.027573,91.527,15.577,0.00032,-0.20790
1784779294.908,-59.664093,-132.507965,91.521,15.595,0.00336,-0.20724
1784779295.064,-59.665596,-131.987701,91.523,15.615,0.00677,-0.20661
1784779295.226,-59.667210,-131.466812,91.542,15.637,0.00953,-0.20587
1784779295.387,-59.669167,-130.945267,91.582,15.657,0.01201,-0.20478
1784779295.547,-59.671555,-130.423065,91.638,15.675,0.01400,-0.20327
1784779295.703,-59.674515,-129.900238,91.707,15.694,0.01397,-0.20119
1784779295.861,-59.678291,-129.376755,91.788,15.714,0.01175,-0.19829
1784779296.018,-59.682869,-128.852615,91.870,15.734,0.01050,-0.19459
1784779296.172,-59.688164,-128.327789,91.942,15.755,0.00812,-0.19018
1784779296.333,-59.694008,-127.802315,92.001,15.774,0.00713,-0.18521
1784779296.501,-59.700272,-127.276230,92.049,15.795,0.00511,-0.17983
1784779296.666,-59.707180,-126.749550,92.095,15.810,0.00313,-0.17381
1784779296.824,-59.714188,-126.225494,92.125,15.610,0.00244,-0.16768
1784779296.984,-59.721214,-125.706253,92.145,15.584,0.00073,-0.16152
1784779297.142,-59.728371,-125.186378,92.159,15.601,-0.00121,-0.15524
1784779297.302,-59.735794,-124.665970,92.161,15.622,-0.00181,-0.15236
1784779297.469,-59.743557,-124.144836,92.154,15.643,-0.00352,-0.16145
1784779297.625,-59.751232,-123.623276,92.144,15.657,-0.00388,-0.17891
1784779297.781,-59.758305,-123.101181,92.127,15.675,-0.00517,-0.19735
1784779297.939,-59.765190,-122.578468,92.103,15.692,-0.00614,-0.21601
1784779298.096,-59.771866,-122.055176,92.074,15.708,-0.00583,-0.23481
1784779298.253,-59.778374,-121.531387,92.040,15.723,-0.00568,-0.24787
1784779298.413,-59.784725,-121.007034,92.005,15.739,-0.00754,-0.24888
1784779298.574,-59.790787,-120.482101,91.972,15.757,-0.00970,-0.24508
1784779298.727,-59.796371,-119.956543,91.926,15.776,-0.01131,-0.24176
1784779298.883,-59.801380,-119.430389,91.867,15.794,-0.01120,-0.23902
1784779299.036,-59.805779,-118.903618,91.802,15.813,-0.01203,-0.23690
1784779299.228,-59.809597,-118.379547,91.733,15.611,-0.01258,-0.23534
1784779299.382,-59.812668,-117.860382,91.662,15.582,-0.01194,-0.23442
1784779299.533,-59.814960,-117.340584,91.588,15.600,-0.01275,-0.23348
1784779299.685,-59.816650,-116.820198,91.516,15.618,-0.01259,-0.23224
1784779299.840,-59.817787,-116.299271,91.442,15.637,-0.01365,-0.23141
1784779299.993,-59.818260,-115.777718,91.366,15.657,-0.01443,-0.23124
1784779300.147,-59.817894,-115.255493,91.284,15.676,-0.01378,-0.23191
1784779300.301,-59.816650,-114.732643,91.201,15.695,-0.01406,-0.23345
1784779300.453,-59.814659,-114.209183,91.118,15.714,-0.01325,-0.23574
1784779300.608,-59.812019,-113.685074,91.034,15.733,-0.01385,-0.23869
1784779300.765,-59.808655,-113.160339,90.954,15.753,-0.01460,-0.24114
1784779300.919,-59.804535,-112.634926,90.871,15.773,-0.01397,-0.24045
1784779301.072,-59.799553,-112.108849,90.787,15.794,-0.01428,-0.23814
1784779301.226,-59.793724,-111.582077,90.701,15.814,-0.01435,-0.23658
1784779301.378,-59.787163,-111.057869,90.615,15.617,-0.01326,-0.23579
1784779301.532,-59.779953,-110.538406,90.531,15.593,-0.01308,-0.23572
1784779301.688,-59.772041,-110.018227,90.451,15.614,-0.01096,-0.23634
1784779301.844,-59.763344,-109.497345,90.374,15.637,-0.00718,-0.23772
1784779301.998,-59.753822,-108.975830,90.310,15.658,-0.00293,-0.23809
1784779302.153,-59.743607,-108.453659,90.266,15.676,0.00055,-0.23642
1784779302.307,-59.733307,-107.930855,90.248,15.697,0.00280,-0.23391
1784779302.462,-59.723145,-107.407326,90.249,15.720,0.00454,-0.23124
1784779302.619,-59.713158,-106.883041,90.264,15.745,0.00617,-0.22839
1784779302.773,-59.703316,-106.357956,90.291,15.768,0.00730,-0.22532
1784779302.929,-59.693607,-105.832115,90.326,15.789,0.00856,-0.22149
1784779303.089,-59.684120,-105.305649,90.369,15.806,0.00923,-0.21568
1784779303.242,-59.675014,-104.779083,90.417,15.738,0.00962,-0.20796
1784779303.396,-59.666466,-104.258163,90.468,15.588,0.01040,-0.19961
1784779303.551,-59.658669,-103.738098,90.523,15.611,0.01041,-0.19053
1784779303.703,-59.651459,-103.217224,90.580,15.635,0.01093,-0.18084
1784779303.857,-59.644730,-102.695648,90.640,15.656,0.01068,-0.17064
1784779304.014,-59.638321,-102.173492,90.705,15.673,0.01026,-0.16011
1784779304.169,-59.632420,-101.650787,90.768,15.690,0.00988,-0.15192
1784779304.326,-59.627197,-101.127487,90.830,15.708,0.01017,-0.15297
1784779304.484,-59.622578,-100.603600,90.890,15.725,0.00980,-0.16054
1784779304.639,-59.618484,-100.079124,90.950,15.742,0.01005,-0.16773
1784779304.797,-59.614944,-99.554092,91.009,15.758,0.00953,-0.17437
1784779304.897,-59.613415,-99.291405,91.038,15.766,0.00963,-0.17746
1784779305.036,-59.610855,-98.765625,91.095,15.778,0.00900,-0.18312
1784779305.139,-59.609802,-98.502579,91.124,15.784,0.00904,-0.18573
1784779305.271,-59.607941,-97.976212,91.181,15.794,0.00831,-0.19070
1784779305.424,-59.606445,-97.449471,91.234,15.805,0.00830,-0.19529
1784779305.579,-59.605377,-96.922943,91.284,15.727,0.00728,-0.19920
1784779305.731,-59.604828,-96.402512,91.330,15.566,0.00622,-0.20216
1784779305.888,-59.604820,-95.883362,91.371,15.577,0.00604,-0.20445
1784779306.043,-59.605259,-95.363907,91.408,15.587,0.00503,-0.20630
1784779306.198,-59.605877,-94.844223,91.441,15.597,0.00493,-0.20797
1784779306.351,-59.606735,-94.324219,91.472,15.608,0.00398,-0.20940
1784779306.501,-59.607796,-93.803879,91.500,15.618,0.00309,-0.21063
1784779306.657,-59.609123,-93.283150,91.522,15.629,0.00315,-0.21168
1784779306.814,-59.610542,-92.761986,91.541,15.641,0.00272,-0.21321
1784779306.966,-59.612152,-92.240341,91.557,15.654,0.00315,-0.21511
1784779307.121,-59.614006,-91.718254,91.574,15.668,0.00289,-0.21684
1784779307.275,-59.616081,-91.195679,91.589,15.683,0.00261,-0.21835
1784779307.425,-59.618195,-90.672623,91.605,15.697,0.00300,-0.21983
1784779307.578,-59.620369,-90.149170,91.622,15.709,0.00270,-0.22125
1784779307.732,-59.622787,-89.625397,91.639,15.719,0.00304,-0.22243
1784779307.885,-59.625443,-89.101288,91.656,15.729,0.00262,-0.22295
1784779308.039,-59.628235,-88.576805,91.673,15.740,0.00215,-0.22208
1784779308.194,-59.631100,-88.051971,91.689,15.750,0.00241,-0.22044
1784779308.343,-59.634094,-87.526756,91.703,15.763,0.00197,-0.21865
1784779308.496,-59.637348,-87.001122,91.716,15.776,0.00154,-0.21660
1784779308.650,-59.640862,-86.475098,91.728,15.786,0.00179,-0.21429
1784779308.804,-59.644409,-85.948723,91.739,15.798,0.00133,-0.21194
1784779308.958,-59.647919,-85.421936,91.749,15.810,0.00152,-0.20964
1784779309.112,-59.651436,-84.897987,91.759,15.604,0.00082,-0.20736
1784779309.264,-59.655056,-84.379013,91.766,15.575,0.00013,-0.20617
1784779309.417,-59.658836,-83.859482,91.770,15.591,0.00024,-0.20630
1784779309.570,-59.662613,-83.339523,91.772,15.606,-0.00048,-0.20682
1784779309.721,-59.666332,-82.819107,91.771,15.621,-0.00018,-0.20741
1784779309.875,-59.670013,-82.298203,91.768,15.636,-0.00077,-0.20803
1784779310.026,-59.673687,-81.776779,91.765,15.653,-0.00103,-0.20866
1784779310.177,-59.677433,-81.254715,91.761,15.674,-0.00025,-0.20923
1784779310.332,-59.681328,-80.731995,91.759,15.693,-0.00034,-0.20962
1784779310.485,-59.685070,-80.208603,91.758,15.713,0.00027,-0.20994
1784779310.637,-59.688694,-79.684547,91.758,15.734,0.00020,-0.21020
1784779310.791,-59.692284,-79.159805,91.761,15.754,0.00007,-0.21049
1784779310.945,-59.696011,-78.634338,91.762,15.778,0.00056,-0.21064
1784779311.095,-59.700066,-78.108002,91.762,15.800,0.00024,-0.21047
1784779311.249,-59.704113,-77.580986,91.766,15.819,-0.00025,-0.21031
1784779311.405,-59.707886,-77.056549,91.766,15.621,0.00016,-0.20998
1784779311.560,-59.711555,-76.536850,91.766,15.598,-0.00023,-0.20875
1784779311.713,-59.715294,-76.016403,91.765,15.618,0.00020,-0.20695
1784779311.866,-59.719151,-75.495361,91.763,15.638,-0.00015,-0.20503
1784779312.022,-59.723072,-74.973785,91.764,15.654,-0.00068,-0.20304
1784779312.181,-59.726837,-74.451706,91.764,15.669,-0.00026,-0.20122
1784779312.340,-59.730515,-73.929153,91.762,15.684,-0.00071,-0.19950
1784779312.494,-59.734219,-73.406128,91.759,15.698,-0.00114,-0.19876
1784779312.650,-59.737957,-72.882599,91.755,15.713,-0.00061,-0.19937
1784779312.806,-59.741707,-72.358582,91.750,15.728,-0.00098,-0.20036
1784779312.961,-59.745430,-71.834106,91.746,15.741,-0.00047,-0.20138
1784779313.114,-59.749069,-71.309158,91.743,15.755,-0.00098,-0.20249
1784779313.267,-59.752663,-70.783760,91.739,15.769,-0.00155,-0.20364
1784779313.418,-59.756203,-70.257896,91.734,15.783,-0.00112,-0.20475
1784779313.571,-59.759716,-69.731590,91.727,15.796,-0.00159,-0.20522
1784779313.727,-59.763191,-69.204834,91.718,15.809,-0.00200,-0.20511
1784779313.880,-59.766548,-68.680908,91.709,15.603,-0.00147,-0.20505
1784779314.033,-59.769760,-68.161972,91.699,15.572,-0.00168,-0.20509
1784779314.187,-59.772881,-67.642563,91.690,15.585,-0.00081,-0.20524
1784779314.336,-59.775928,-67.122772,91.683,15.598,-0.00054,-0.20545
1784779314.489,-59.778915,-66.602631,91.676,15.610,-0.00031,-0.20566
1784779314.645,-59.781769,-66.082108,91.673,15.623,0.00046,-0.20582
1784779314.797,-59.784607,-65.561150,91.671,15.637,0.00054,-0.20588
1784779314.951,-59.787521,-65.039749,91.672,15.650,0.00114,-0.20586
1784779315.107,-59.790516,-64.517914,91.676,15.663,0.00096,-0.20577
1784779315.262,-59.793545,-63.995632,91.681,15.675,0.00052,-0.20564
1784779315.416,-59.796494,-63.472916,91.686,15.688,0.00076,-0.20559
1784779315.574,-59.799385,-62.949718,91.690,15.703,0.00034,-0.20525
1784779315.727,-59.802429,-62.426014,91.692,15.719,0.00063,-0.20420
1784779315.881,-59.805595,-61.901787,91.695,15.735,0.00017,-0.20284
1784779316.036,-59.808807,-61.377033,91.697,15.751,-0.00033,-0.20143
1784779316.187,-59.811958,-60.851799,91.697,15.764,0.00007,-0.20009
1784779316.339,-59.814957,-60.326149,91.696,15.777,-0.00045,-0.19890
1784779316.493,-59.817879,-59.799995,91.694,15.792,-0.00097,-0.19796
1784779316.647,-59.820881,-59.273354,91.690,15.806,-0.00050,-0.19828
1784779316.801,-59.823929,-58.746773,91.684,15.733,-0.00098,-0.19995
1784779316.954,-59.826908,-58.226181,91.680,15.573,-0.00053,-0.20181
1784779317.106,-59.829765,-57.706783,91.676,15.586,-0.00106,-0.20378
1784779317.258,-59.832485,-57.186920,91.671,15.600,-0.00143,-0.20589
1784779317.412,-59.835133,-56.666649,91.664,15.614,-0.00074,-0.20808
1784779317.567,-59.837753,-56.145954,91.657,15.627,-0.00081,-0.20992
1784779317.725,-59.840393,-55.624840,91.652,15.640,-0.00009,-0.21048
1784779317.884,-59.843021,-55.103279,91.648,15.653,-0.00029,-0.21020
1784779318.039,-59.845650,-54.581295,91.647,15.666,-0.00053,-0.20988
1784779318.192,-59.848312,-54.058876,91.645,15.679,0.00007,-0.20953
1784779318.346,-59.850975,-53.536026,91.644,15.692,-0.00017,-0.20918
1784779318.498,-59.853607,-53.012756,91.644,15.705,0.00032,-0.20886
1784779318.655,-59.856182,-52.489048,91.644,15.718,0.00012,-0.20860
1784779318.817,-59.858757,-51.964916,91.645,15.731,-0.00014,-0.20812
1784779318.919,-59.860096,-51.702698,91.645,15.737,0.00011,-0.20770
1784779319.053,-59.862930,-51.177948,91.646,15.748,-0.00018,-0.20650
1784779319.155,-59.864372,-50.915428,91.647,15.753,0.00005,-0.20587
1784779319.290,-59.867188,-50.390121,91.649,15.764,-0.00028,-0.20467
1784779319.443,-59.869877,-49.864414,91.649,15.775,0.00023,-0.20360
1784779319.595,-59.872505,-49.338326,91.650,15.787,0.00002,-0.20259
1784779319.751,-59.875202,-48.811863,91.649,15.800,0.00049,-0.20158
1784779319.903,-59.877949,-48.285004,91.648,15.810,0.00030,-0.20107
1784779320.056,-59.880669,-47.761131,91.649,15.599,0.00005,-0.20118
1784779320.213,-59.883324,-47.242443,91.650,15.562,0.00046,-0.20140
1784779320.366,-59.886002,-46.723469,91.651,15.569,0.00021,-0.20160
1784779320.520,-59.888710,-46.204285,91.652,15.577,-0.00005,-0.20177
1784779320.676,-59.891434,-45.684845,91.653,15.587,0.00035,-0.20193
1784779320.825,-59.894203,-45.165119,91.654,15.596,0.00008,-0.20205
1784779320.978,-59.897011,-44.645164,91.657,15.604,0.00044,-0.20214
1784779321.135,-59.899788,-44.124950,91.659,15.611,0.00015,-0.20227
1784779321.289,-59.902580,-43.604477,91.661,15.619,-0.00019,-0.20240
1784779321.445,-59.905590,-43.083752,91.663,15.625,0.00021,-0.20231
1784779321.600,-59.908760,-42.562851,91.666,15.630,-0.00019,-0.20206
1784779321.752,-59.911858,-42.041706,91.668,15.636,0.00017,-0.20189
1784779321.905,-59.914738,-41.520302,91.671,15.643,-0.00018,-0.20194
1784779322.059,-59.917606,-40.998688,91.672,15.648,-0.00053,-0.20200
1784779322.212,-59.920692,-40.476967,91.670,15.652,0.00002,-0.20184
1784779322.366,-59.924118,-39.955101,91.669,15.655,-0.00037,-0.20135
1784779322.523,-59.927616,-39.433250,91.670,15.655,0.00001,-0.20078
1784779322.677,-59.930965,-38.911392,91.674,15.657,-0.00053,-0.20036
1784779322.831,-59.934082,-38.389496,91.677,15.659,-0.00097,-0.20018
1784779322.985,-59.937096,-37.867561,91.676,15.659,-0.00044,-0.20009
1784779323.137,-59.940216,-37.345634,91.674,15.663,-0.00074,-0.19990
1784779323.290,-59.943417,-36.823544,91.671,15.670,-0.00019,-0.19964
1784779323.448,-59.946846,-36.301262,91.669,15.675,-0.00057,-0.19914
1784779323.602,-59.950260,-35.778744,91.668,15.683,-0.00095,-0.19866
1784779323.756,-59.953392,-35.255936,91.665,15.691,-0.00039,-0.19846
1784779323.909,-59.956421,-34.732853,91.663,15.699,-0.00066,-0.19837
1784779324.060,-59.959404,-34.209389,91.661,15.710,-0.00010,-0.19833
1784779324.215,-59.962418,-33.685482,91.659,15.720,-0.00037,-0.19825
1784779324.370,-59.965416,-33.161240,91.658,15.729,-0.00067,-0.19820
1784779324.522,-59.968430,-32.636711,91.656,15.737,-0.00010,-0.19813
1784779324.676,-59.971466,-32.111889,91.655,15.747,-0.00041,-0.19804
1784779324.832,-59.974609,-31.586782,91.654,15.755,-0.00075,-0.19785
1784779324.984,-59.977924,-31.061562,91.655,15.756,-0.00030,-0.19748
1784779325.140,-59.980896,-30.536295,91.654,15.758,-0.00061,-0.19746
1784779325.296,-59.983688,-30.011019,91.652,15.759,0.00002,-0.19762
1784779325.450,-59.986584,-29.485733,91.649,15.759,-0.00021,-0.19767
1784779325.605,-59.989643,-28.960377,91.648,15.762,-0.00051,-0.19756
1784779325.764,-59.992928,-28.434925,91.645,15.762,0.00003,-0.19723
1784779325.916,-59.996201,-27.909592,91.646,15.761,-0.00036,-0.19690
1784779326.069,-59.999229,-27.384212,91.646,15.767,-0.00071,-0.19683
1784779326.223,-60.002197,-26.858643,91.646,15.773,-0.00016,-0.19681
1784779326.376,-60.005127,-26.332886,91.645,15.778,-0.00045,-0.19683
1784779326.532,-60.008110,-25.806959,91.644,15.784,0.00010,-0.19680
1784779326.690,-60.011169,-25.280827,91.641,15.790,-0.00015,-0.19670
1784779326.845,-60.014091,-24.754429,91.641,15.801,-0.00045,-0.19673
1784779327.000,-60.016930,-24.228075,91.638,15.728,0.00015,-0.19685
1784779327.153,-60.019611,-23.707676,91.634,15.569,0.00001,-0.19709
1784779327.303,-60.022308,-23.188438,91.631,15.583,-0.00021,-0.19731
1784779327.455,-60.025085,-22.668678,91.628,15.599,0.00030,-0.19745
1784779327.610,-60.027794,-22.148445,91.628,15.614,0.00008,-0.19766
1784779327.762,-60.030334,-21.627726,91.628,15.629,0.00052,-0.19804
1784779327.914,-60.032784,-21.106419,91.631,15.647,0.00028,-0.19852
1784779328.067,-60.035263,-20.584587,91.633,15.662,0.00005,-0.19897
1784779328.220,-60.037888,-20.062241,91.633,15.678,0.00049,-0.19928
1784779328.374,-60.040638,-19.539330,91.634,15.695,0.00024,-0.19947
1784779328.532,-60.043625,-19.015919,91.636,15.709,0.00060,-0.19942
1784779328.683,-60.046791,-18.492029,91.640,15.724,0.00022,-0.19919
1784779328.835,-60.049770,-17.967636,91.647,15.740,-0.00022,-0.19916
1784779328.987,-60.052544,-17.442749,91.651,15.756,0.00019,-0.19933
1784779329.139,-60.055294,-16.917280,91.654,15.776,-0.00013,-0.19953
1784779329.291,-60.058296,-16.391106,91.653,15.799,-0.00043,-0.19949
1784779329.448,-60.061474,-15.864231,91.651,15.822,0.00010,-0.19927
1784779329.600,-60.064709,-15.339779,91.649,15.632,-0.00020,-0.19898
1784779329.752,-60.067604,-14.819811,91.648,15.617,0.00028,-0.19900
1784779329.906,-60.070389,-14.298774,91.646,15.650,0.00008,-0.19914
1784779330.058,-60.073242,-13.776628,91.646,15.684,-0.00023,-0.19922
1784779330.214,-60.076138,-13.253275,91.648,15.723,0.00020,-0.19926
1784779330.369,-60.078976,-12.728537,91.648,15.764,-0.00004,-0.19937
1784779330.523,-60.081833,-12.202372,91.650,15.806,-0.00039,-0.19947
1784779330.675,-60.084709,-11.675333,91.649,15.760,0.00014,-0.19955
1784779330.829,-60.087563,-11.153349,91.648,15.627,-0.00010,-0.19963
1784779330.983,-60.090347,-10.631643,91.647,15.667,0.00035,-0.19978
1784779331.136,-60.093185,-10.108564,91.648,15.706,0.00011,-0.19987
1784779331.289,-60.096069,-9.584274,91.647,15.745,-0.00016,-0.19993
1784779331.441,-60.099014,-9.058748,91.647,15.783,0.00030,-0.19994
1784779331.598,-60.101879,-8.532057,91.647,15.815,0.00006,-0.20003
1784779331.763,-60.104496,-8.004865,91.648,15.757,-0.00017,-0.20038
1784779331.912,-60.106995,-7.483192,91.646,15.611,0.00036,-0.20081
1784779332.066,-60.109638,-6.962194,91.644,15.640,0.00019,-0.20109
1784779332.218,-60.112415,-6.440201,91.644,15.669,0.00066,-0.20124
1784779332.368,-60.115265,-5.917304,91.644,15.698,0.00051,-0.20133
1784779332.519,-60.117989,-5.393604,91.647,15.723,0.00032,-0.20155
1784779332.675,-60.120358,-4.869097,91.649,15.750,0.00085,-0.20212
1784779332.824,-60.122566,-4.343697,91.649,15.775,0.00080,-0.20286
1784779332.977,-60.125000,-3.817473,91.648,15.798,0.00139,-0.20339
1784779333.130,-60.127785,-3.290491,91.649,15.820,0.00124,-0.20356
1784779333.282,-60.130623,-2.766054,91.654,15.621,0.00099,-0.20367
1784779333.434,-60.133194,-2.246303,91.661,15.601,0.00141,-0.20401
1784779333.585,-60.135540,-1.725676,91.666,15.626,0.00132,-0.20459
1784779333.734,-60.137981,-1.204333,91.671,15.647,0.00098,-0.20508
1784779333.885,-60.140785,-0.682393,91.676,15.667,0.00106,-0.20520
1784779334.040,-60.143799,-0.159851,91.682,15.684,0.00021,-0.20512
1784779334.190,-60.146847,0.363263,91.688,15.701,0.00020,-0.20501
1784779334.339,-60.149830,0.886953,91.692,15.717,-0.00060,-0.20497
1784779334.493,-60.152763,1.411171,91.692,15.733,-0.00113,-0.20500
1784779334.642,-60.155678,1.935904,91.688,15.748,-0.00061,-0.20527
1784779334.796,-60.158596,2.461110,91.683,15.762,-0.00095,-0.20585
1784779334.946,-60.161549,2.986762,91.677,15.776,-0.00029,-0.20648
1784779335.096,-60.164490,3.512866,91.671,15.789,-0.00030,-0.20712
1784779335.246,-60.167316,4.039380,91.668,15.802,-0.00032,-0.20788
1784779335.397,-60.170090,4.565763,91.665,15.728,0.00027,-0.20869
1784779335.544,-60.172817,5.086128,91.664,15.567,-0.00015,-0.20951
1784779335.696,-60.175545,5.605291,91.663,15.580,-0.00075,-0.21032
1784779335.848,-60.178295,6.124939,91.663,15.595,-0.00039,-0.21120
1784779335.999,-60.180958,6.645048,91.660,15.611,-0.00088,-0.21261
1784779336.151,-60.183605,7.165672,91.658,15.628,-0.00040,-0.21378
1784779336.303,-60.186249,7.686837,91.655,15.644,-0.00083,-0.21289
1784779336.453,-60.188889,8.208546,91.651,15.660,-0.00123,-0.21046
1784779336.606,-60.191566,8.730817,91.646,15.678,-0.00068,-0.20798
1784779336.758,-60.194260,9.253721,91.642,15.695,-0.00107,-0.20589
1784779336.905,-60.196766,9.777204,91.637,15.712,-0.00050,-0.20499
1784779337.056,-60.199158,10.301243,91.631,15.729,-0.00075,-0.20470
1784779337.208,-60.201527,10.825838,91.627,15.745,-0.00108,-0.20445
1784779337.358,-60.203957,11.351015,91.621,15.763,-0.00046,-0.20435
1784779337.508,-60.206436,11.876786,91.616,15.781,-0.00075,-0.20509
1784779337.659,-60.208908,12.403068,91.611,15.796,-0.00106,-0.20653
1784779337.811,-60.211205,12.929873,91.607,15.814,-0.00047,-0.20776
1784779337.964,-60.213428,13.453999,91.604,15.613,-0.00076,-0.20783
1784779338.115,-60.215576,13.973280,91.601,15.587,-0.00009,-0.20722
1784779338.264,-60.217731,14.493208,91.599,15.605,0.00003,-0.20658
1784779338.419,-60.219898,15.013708,91.598,15.623,0.00019,-0.20602
1784779338.571,-60.222069,15.534786,91.597,15.641,0.00088,-0.20563
1784779338.723,-60.224213,16.056490,91.598,15.660,0.00101,-0.20535
1784779338.873,-60.226364,16.578821,91.601,15.678,0.00166,-0.20507
1784779339.025,-60.228600,17.101765,91.606,15.696,0.00167,-0.20470
1784779339.174,-60.230927,17.625313,91.614,15.713,0.00161,-0.20425
1784779339.324,-60.233315,18.149395,91.623,15.727,0.00214,-0.20373
1784779339.479,-60.235626,18.673922,91.633,15.739,0.00203,-0.20330
1784779339.629,-60.238041,19.198820,91.643,15.750,0.00191,-0.20276
1784779339.780,-60.240688,19.724091,91.653,15.762,0.00239,-0.20200
1784779339.932,-60.243473,20.249722,91.665,15.774,0.00218,-0.20109
1784779340.087,-60.246227,20.775700,91.677,15.787,0.00262,-0.20022
1784779340.237,-60.249012,21.302090,91.689,15.801,0.00241,-0.19932
1784779340.388,-60.252071,21.828362,91.703,15.729,0.00210,-0.19814
1784779340.537,-60.255325,22.348663,91.717,15.571,0.00242,-0.19706
1784779340.689,-60.258652,22.867847,91.730,15.586,0.00205,-0.19728
1784779340.842,-60.262009,23.387682,91.746,15.604,0.00225,-0.19858
1784779340.990,-60.265629,23.908092,91.759,15.622,0.00138,-0.19967
1784779341.140,-60.269543,24.429165,91.773,15.640,0.00025,-0.20047
1784779341.292,-60.273529,24.950953,91.782,15.661,0.00008,-0.20121
1784779341.442,-60.277367,25.473454,91.787,15.681,-0.00111,-0.20210
1784779341.593,-60.281200,25.996613,91.786,15.700,-0.00211,-0.20300
1784779341.744,-60.285225,26.520336,91.776,15.717,-0.00186,-0.20372
1784779341.893,-60.289280,27.044514,91.765,15.728,-0.00261,-0.20441
1784779342.046,-60.292950,27.568975,91.753,15.738,-0.00217,-0.20548
1784779342.198,-60.296333,28.093712,91.738,15.745,-0.00236,-0.20685
1784779342.345,-60.299667,28.618725,91.722,15.753,-0.00246,-0.20827
1784779342.494,-60.302921,29.143999,91.707,15.762,-0.00169,-0.20977
1784779342.647,-60.305904,29.669527,91.693,15.771,-0.00180,-0.21154
1784779342.796,-60.308617,30.195370,91.680,15.782,-0.00173,-0.21359
1784779342.945,-60.311340,30.721556,91.668,15.793,-0.00055,-0.21563
1784779343.095,-60.314137,31.248074,91.658,15.804,0.00015,-0.21760
1784779343.246,-60.316906,31.774395,91.654,15.727,0.00110,-0.21927
1784779343.395,-60.319492,32.294689,91.657,15.566,0.00141,-0.21918
1784779343.545,-60.322025,32.813801,91.663,15.580,0.00164,-0.21726
1784779343.693,-60.324692,33.333511,91.670,15.597,0.00237,-0.21500
1784779343.844,-60.327637,33.853752,91.681,15.615,0.00244,-0.21247
1784779343.995,-60.330650,34.374561,91.694,15.633,0.00301,-0.20987
1784779344.142,-60.333748,34.895958,91.708,15.651,0.00284,-0.20718
1784779344.294,-60.336975,35.417961,91.724,15.670,0.00256,-0.20437
1784779344.448,-60.340363,35.940567,91.740,15.688,0.00293,-0.20171
1784779344.595,-60.343925,36.463795,91.755,15.708,0.00262,-0.19976
1784779344.743,-60.347664,36.987671,91.771,15.728,0.00297,-0.19817
1784779344.896,-60.351524,37.512211,91.786,15.748,0.00263,-0.19647
1784779345.048,-60.355484,38.037430,91.802,15.769,0.00222,-0.19467
1784779345.199,-60.359573,38.563374,91.817,15.790,0.00238,-0.19279
1784779345.348,-60.363831,39.090076,91.831,15.814,0.00145,-0.19211
1784779345.494,-60.368286,39.614319,91.844,15.620,0.00044,-0.19359
1784779345.651,-60.372822,40.133972,91.853,15.601,0.00032,-0.19571
1784779345.813,-60.377335,40.654510,91.857,15.626,-0.00071,-0.19787
1784779345.964,-60.381836,41.175854,91.857,15.652,-0.00060,-0.20005
1784779346.112,-60.386406,41.697998,91.853,15.678,-0.00080,-0.20217
1784779346.262,-60.391029,42.220970,91.850,15.702,-0.00034,-0.20424
1784779346.408,-60.395599,42.744804,91.845,15.728,0.00064,-0.20631
1784779346.558,-60.400040,43.269516,91.845,15.754,0.00097,-0.20800
1784779346.707,-60.404449,43.795094,91.848,15.779,0.00123,-0.20918
1784779346.854,-60.409004,44.321510,91.853,15.804,0.00198,-0.21015
1784779347.005,-60.413757,44.848198,91.861,15.740,0.00208,-0.21093
1784779347.156,-60.418541,45.369164,91.873,15.588,0.00266,-0.21161
1784779347.302,-60.423309,45.889214,91.886,15.610,0.00268,-0.21230
1784779347.452,-60.428173,46.410027,91.900,15.632,0.00269,-0.21291
1784779347.601,-60.433205,46.931511,91.915,15.653,0.00326,-0.21264
1784779347.748,-60.438431,47.453636,91.930,15.674,0.00318,-0.21011
1784779347.896,-60.443817,47.976440,91.949,15.694,0.00366,-0.20616
1784779348.046,-60.449310,48.499878,91.968,15.713,0.00346,-0.20208
1784779348.193,-60.454964,49.023941,91.988,15.731,0.00323,-0.19783
1784779348.340,-60.460869,49.548615,92.007,15.750,0.00350,-0.19339
1784779348.491,-60.466980,50.073895,92.027,15.768,0.00275,-0.19069
1784779348.639,-60.473228,50.599770,92.045,15.786,0.00193,-0.19137
1784779348.785,-60.479576,51.126247,92.061,15.804,0.00199,-0.19322
1784779348.934,-60.486053,51.652779,92.073,15.735,0.00129,-0.19493
1784779349.083,-60.492607,52.173439,92.083,15.579,0.00137,-0.19648
1784779349.232,-60.499260,52.693047,92.091,15.596,0.00069,-0.19791
1784779349.381,-60.505974,53.213284,92.098,15.614,0.00012,-0.19929
1784779349.528,-60.512718,53.734051,92.101,15.632,0.00050,-0.20069
1784779349.678,-60.519493,54.255386,92.103,15.650,0.00044,-0.20232
1784779349.828,-60.526295,54.777313,92.105,15.668,0.00101,-0.20423
1784779349.977,-60.533089,55.299850,92.107,15.685,0.00096,-0.20620
1784779350.127,-60.539928,55.822975,92.112,15.703,0.00085,-0.20812
1784779350.277,-60.546860,56.346695,92.116,15.721,0.00137,-0.20997
1784779350.423,-60.553856,56.870998,92.122,15.739,0.00123,-0.21177
1784779350.572,-60.560875,57.395859,92.128,15.755,0.00172,-0.21355
1784779350.723,-60.567913,57.921253,92.134,15.772,0.00163,-0.21475
1784779350.868,-60.575058,58.447197,92.143,15.788,0.00150,-0.21408
1784779351.018,-60.582321,58.973694,92.151,15.805,0.00200,-0.21222
1784779351.169,-60.589603,59.500198,92.160,15.734,0.00183,-0.21029
1784779351.315,-60.596756,60.020836,92.170,15.579,0.00164,-0.20844
1784779351.462,-60.603981,60.540428,92.179,15.596,0.00210,-0.20651
1784779351.612,-60.611362,61.060623,92.188,15.613,0.00183,-0.20442
1784779351.759,-60.618950,61.581318,92.197,15.630,0.00055,-0.20218
1784779351.905,-60.626629,62.102581,92.208,15.649,-0.00066,-0.20083
1784779352.055,-60.634445,62.624474,92.214,15.667,-0.00384,-0.20098
1784779352.203,-60.642273,63.146912,92.212,15.681,-0.00515,-0.20164
1784779352.349,-60.649689,63.669933,92.190,15.699,-0.00741,-0.20272
1784779352.495,-60.656868,64.193504,92.155,15.717,-0.00916,-0.20404
1784779352.645,-60.663803,64.717628,92.110,15.734,-0.00925,-0.20562
1784779352.793,-60.670494,65.242439,92.054,15.757,-0.01029,-0.20745
1784779352.941,-60.676891,65.767899,91.998,15.773,-0.01005,-0.20964
1784779353.093,-60.682579,66.293732,91.944,15.785,-0.01091,-0.21281
1784779353.240,-60.687351,66.820145,91.884,15.801,-0.01140,-0.21720
1784779353.389,-60.691505,67.346603,91.819,15.730,-0.01057,-0.22224
1784779353.540,-60.695099,67.867165,91.755,15.573,-0.01074,-0.22773
1784779353.689,-60.698311,68.386711,91.689,15.593,-0.00978,-0.23358
1784779353.839,-60.701122,68.906982,91.624,15.612,-0.00975,-0.23985
1784779353.988,-60.703407,69.427666,91.565,15.626,-0.00881,-0.24666
1784779354.135,-60.704803,69.948746,91.507,15.640,-0.00872,-0.25170
1784779354.285,-60.705688,70.470322,91.454,15.655,-0.00873,-0.25030
1784779354.434,-60.706169,70.992393,91.402,15.668,-0.00968,-0.24516
1784779354.584,-60.706272,71.514908,91.352,15.680,-0.00996,-0.24035
1784779354.734,-60.705956,72.037857,91.296,15.693,-0.01224,-0.23596
1784779354.882,-60.705070,72.561218,91.237,15.707,-0.01483,-0.23213
1784779355.029,-60.703541,73.085007,91.167,15.719,-0.02202,-0.22894
1784779355.179,-60.701279,73.609207,91.074,15.732,-0.03007,-0.22648
1784779355.328,-60.698013,74.133743,90.941,15.741,-0.03746,-0.22503
1784779355.476,-60.693390,74.658539,90.768,15.748,-0.05356,-0.22492
1784779355.623,-60.686893,75.183578,90.537,15.755,-0.06351,-0.22669
1784779355.770,-60.677612,75.708755,90.214,15.758,-0.07721,-0.23124
1784779355.918,-60.664783,76.233978,89.828,15.761,-0.09159,-0.23934
1784779356.067,-60.647949,76.759155,89.363,15.763,-0.10035,-0.25144
1784779356.216,-60.626472,77.284134,88.824,15.763,-0.11676,-0.26819
1784779356.365,-60.599720,77.808807,88.213,15.759,-0.13361,-0.29021
1784779356.515,-60.566780,78.332909,87.512,15.752,-0.06768,-0.31843
1784779356.665,-60.527451,78.848122,86.812,15.114,-0.07352,-0.35312
1784779356.815,-60.484810,79.332336,86.468,14.134,-0.08122,-0.38895
1784779356.967,-60.443287,79.786720,86.059,13.305,-0.10316,-0.42039
1784779357.115,-60.401657,80.216446,85.637,12.629,-0.12707,-0.45461
1784779357.263,-60.358318,80.625473,85.158,12.070,-0.13641,-0.48153
1784779357.415,-60.312790,81.017159,84.580,11.609,-0.12621,-0.50233
1784779357.564,-60.264221,81.394470,83.960,11.235,-0.16510,-0.52247
1784779357.712,-60.212837,81.760162,83.382,10.936,-0.17465,-0.54039
1784779357.860,-60.159378,82.116165,82.761,10.676,-0.16512,-0.55748
1784779358.009,-60.103085,82.466461,82.059,10.642,-0.14914,-0.62655
1784779358.158,-60.042042,82.816254,81.416,10.652,-0.15832,-0.71675
1784779358.310,-59.977066,83.165588,80.790,10.662,-0.24784,-0.55497
1784779358.457,-59.908474,83.514221,80.097,10.647,-0.26045,-0.54786
1784779358.608,-59.835354,83.860512,79.090,10.599,-0.26009,-0.56082
1784779358.757,-59.754883,84.204132,77.991,10.579,-0.27085,-0.55120
1784779358.902,-59.666641,84.545303,76.927,10.564,-0.28142,-0.54469
1784779359.054,-59.572720,84.884308,75.839,10.542,-0.27547,-0.58303
1784779359.204,-59.473106,85.220825,74.706,10.520,-0.27924,-0.56443
1784779359.312,-59.420921,85.388138,74.150,10.511,-0.28148,-0.55447
1784779359.419,-59.367111,85.554771,73.597,10.501,-0.28383,-0.54410
1784779359.553,-59.254856,85.885864,72.477,10.476,-0.28754,-0.52293
1784779359.671,-59.196388,86.050262,71.908,10.463,-0.28882,-0.51318
1784779359.799,-59.074638,86.376602,70.760,10.437,-0.29049,-0.49598
1784779359.901,-59.011368,86.538513,70.183,10.423,-0.29094,-0.48869
1784779360.034,-58.880135,86.859741,69.025,10.397,-0.28056,-0.51296
1784779360.188,-58.742752,87.177498,67.869,10.376,-0.27946,-0.48562
1784779360.339,-58.599319,87.491951,66.755,10.358,-0.28704,-0.44546
1784779360.491,-58.450279,87.803024,65.643,10.334,-0.28601,-0.43136
1784779360.645,-58.295776,88.110329,64.502,10.305,-0.27511,-0.41924
1784779360.796,-58.135422,88.413651,63.374,10.283,-0.27385,-0.40836
1784779360.949,-57.969402,88.713181,62.291,10.263,-0.26312,-0.41274
1784779361.103,-57.798309,89.009003,61.217,10.240,-0.26004,-0.38677
1784779361.255,-57.622238,89.301086,60.163,10.222,-0.26022,-0.37761
1784779361.409,-57.441200,89.589409,59.135,10.205,-0.25367,-0.37389
1784779361.561,-57.255440,89.874031,58.128,10.189,-0.26469,-0.37129
1784779361.711,-57.065063,90.154984,57.142,10.171,-0.26297,-0.37055
1784779361.863,-56.870346,90.431992,56.124,10.148,-0.27326,-0.36517
1784779362.016,-56.671059,90.704819,55.106,10.123,-0.27996,-0.36183
1784779362.170,-56.467323,90.973160,54.049,10.093,-0.28523,-0.35898
1784779362.324,-56.259174,91.236809,52.963,10.064,-0.28942,-0.35712
1784779362.475,-56.046516,91.495575,51.861,10.034,-0.28116,-0.35752
1784779362.628,-55.829514,91.749466,50.753,10.009,-0.28227,-0.36059
1784779362.783,-55.608135,91.998581,49.674,9.988,-0.27290,-0.36695
1784779362.940,-55.382694,92.242996,48.600,9.967,-0.27299,-0.36971
1784779363.093,-55.153191,92.482803,47.558,9.949,-0.27287,-0.37239
1784779363.246,-54.919903,92.717918,46.519,9.925,-0.27134,-0.37587
1784779363.398,-54.682999,92.948303,45.478,9.904,-0.26058,-0.38457
1784779363.548,-54.442368,93.173874,44.450,9.888,-0.24939,-0.40994
1784779363.698,-54.198112,93.394913,43.468,9.878,-0.23990,-0.47261
1784779363.853,-53.950493,93.611748,42.534,9.871,-0.23333,-0.55955
1784779364.006,-53.699757,93.824661,41.639,9.866,-0.28049,-0.38023
1784779364.158,-53.445923,94.033684,40.774,9.864,-0.27944,-0.36951
1784779364.313,-53.189472,94.238312,39.811,9.822,-0.27308,-0.36348
1784779364.464,-52.930161,94.437416,38.726,9.799,-0.26700,-0.35802
1784779364.618,-52.666931,94.630417,37.689,9.785,-0.25270,-0.36138
1784779364.774,-52.400635,94.818520,36.692,9.777,-0.25218,-0.34786
1784779364.925,-52.131744,95.002563,35.740,9.771,-0.24079,-0.34251
1784779365.080,-51.860352,95.182358,34.798,9.763,-0.23695,-0.33858
1784779365.232,-51.586266,95.357704,33.897,9.759,-0.22693,-0.33638
1784779365.384,-51.309570,95.528549,33.013,9.753,-0.22511,-0.33546
1784779365.538,-51.030373,95.695122,32.152,9.755,-0.22527,-0.33601
1784779365.694,-50.748611,95.857498,31.317,9.756,-0.21822,-0.33786
1784779365.845,-50.464542,96.015854,30.482,9.758,-0.21064,-0.35770
1784779365.995,-50.178078,96.170128,29.668,9.763,-0.20416,-0.41785
1784779366.150,-49.889378,96.320457,28.868,9.768,-0.22926,-0.32946
1784779366.303,-49.598534,96.467087,28.092,9.775,-0.24989,-0.31848
1784779366.457,-49.305828,96.609787,27.268,9.763,-0.27237,-0.30803
1784779366.612,-49.011440,96.747772,26.329,9.747,-0.28992,-0.30125
1784779366.764,-48.715046,96.879890,25.315,9.726,-0.28867,-0.29906
1784779366.915,-48.416786,97.005875,24.234,9.703,-0.29623,-0.30172
1784779367.068,-48.116592,97.125732,23.136,9.693,-0.28851,-0.30973
1784779367.215,-47.814510,97.239685,22.048,9.682,-0.29071,-0.32047
1784779367.367,-47.510674,97.348114,20.976,9.674,-0.28086,-0.33216
1784779367.520,-47.205238,97.450996,19.903,9.665,-0.27745,-0.34399
1784779367.668,-46.898178,97.548195,18.863,9.658,-0.27395,-0.35749
1784779367.816,-46.589626,97.639664,17.836,9.651,-0.27148,-0.37268
1784779367.968,-46.279709,97.725571,16.822,9.645,-0.26119,-0.38719
1784779368.115,-45.968491,97.805969,15.818,9.640,-0.25784,-0.40190
1784779368.264,-45.655956,97.880981,14.840,9.642,-0.24555,-0.41615
1784779368.414,-45.342140,97.950821,13.895,9.647,-0.23268,-0.43816
1784779368.562,-45.027027,98.015839,12.990,9.657,-0.21136,-0.60978
1784779368.712,-44.710636,98.076279,12.135,9.667,-0.22436,-0.70910
1784779368.861,-44.391708,98.132706,11.328,9.791,-0.21410,-0.81568
1784779369.010,-44.064682,98.185928,10.472,10.096,-0.19833,-0.37708
1784779369.160,-43.725494,98.235931,9.630,10.451,-0.18043,-0.35589
1784779369.313,-43.374260,98.282318,8.829,10.790,-0.16418,-0.33665
1784779369.460,-43.011604,98.325462,8.075,11.112,-0.14747,-0.31928
1784779369.609,-42.638084,98.365402,7.375,11.416,-0.13414,-0.30432
1784779369.760,-42.254288,98.402176,6.729,11.705,-0.11961,-0.29306
1784779369.906,-41.860870,98.435791,6.129,11.975,-0.10691,-0.28229
1784779370.054,-41.458488,98.466270,5.580,12.228,-0.09430,-0.26604
1784779370.203,-41.047676,98.493645,5.081,12.467,-0.08277,-0.24421
1784779370.351,-40.628922,98.518181,4.632,12.694,-0.07311,-0.22301
1784779370.512,-40.202698,98.540146,4.230,12.907,-0.06535,-0.20445
1784779370.651,-39.769440,98.559738,3.871,13.108,-0.05846,-0.18831
1784779370.799,-39.329594,98.577148,3.544,13.297,-0.05220,-0.17440
1784779370.948,-38.883572,98.592445,3.248,13.475,-0.04629,-0.16266
1784779371.100,-38.431770,98.605774,2.980,13.641,-0.04101,-0.15316
1784779371.250,-37.974541,98.617210,2.741,13.797,-0.03623,-0.14665
1784779371.401,-37.512184,98.627007,2.526,13.944,-0.03162,-0.14299
1784779371.552,-37.045029,98.635323,2.335,14.083,-0.02768,-0.14109
1784779371.701,-36.573376,98.642288,2.166,14.213,-0.02382,-0.14059
1784779371.852,-36.097492,98.648056,2.017,14.336,-0.02055,-0.14136
1784779372.004,-35.617622,98.652748,1.888,14.452,-0.01750,-0.14325
1784779372.152,-35.134041,98.656509,1.775,14.560,-0.01440,-0.14613
1784779372.301,-34.647026,98.659470,1.679,14.660,-0.01200,-0.14985
1784779372.455,-34.157764,98.661697,1.599,14.688,-0.00950,-0.15434
1784779372.603,-33.667992,98.663330,1.533,14.702,-0.00722,-0.15939
1784779372.752,-33.177689,98.664459,1.481,14.718,-0.00582,-0.16336
1784779372.904,-32.686829,98.665176,1.440,14.733,-0.00406,-0.16468
1784779373.052,-32.195419,98.665543,1.407,14.750,-0.00314,-0.16496
1784779373.207,-31.703436,98.665665,1.382,14.769,-0.00167,-0.16548
1784779373.368,-31.210846,98.665703,1.363,14.788,-0.00090,-0.16608
1784779373.516,-30.717642,98.665695,1.352,14.806,0.00038,-0.16674
1784779373.666,-30.223801,98.665619,1.346,14.826,0.00087,-0.16746
1784779373.817,-29.729321,98.665451,1.348,14.845,0.00172,-0.16827
1784779373.965,-29.234213,98.665207,1.353,14.865,0.00142,-0.16917
1784779374.117,-28.738371,98.665070,1.362,14.886,0.00209,-0.16996
1784779374.269,-28.241787,98.665138,1.372,14.908,0.00220,-0.17082
1784779374.420,-27.744482,98.665314,1.383,14.929,0.00290,-0.17220
1784779374.570,-27.246452,98.665565,1.396,14.952,0.00304,-0.17391
1784779374.724,-26.747650,98.665855,1.412,14.976,0.00370,-0.17558
1784779374.872,-26.248070,98.666245,1.428,14.997,0.00373,-0.17715
1784779375.022,-25.747822,98.666962,1.448,15.016,0.00428,-0.17840
1784779375.173,-25.246933,98.667877,1.470,15.034,0.00403,-0.17945
1784779375.321,-24.745426,98.668991,1.493,15.053,0.00424,-0.18031
1784779375.471,-24.243277,98.670258,1.518,15.073,0.00346,-0.18102
1784779375.623,-23.740442,98.671669,1.541,15.093,0.00350,-0.18158
1784779375.772,-23.237038,98.673172,1.562,15.107,0.00279,-0.18251
1784779375.921,-22.733200,98.674911,1.578,15.120,0.00292,-0.18424
1784779376.073,-22.228922,98.676910,1.594,15.134,0.00223,-0.18632
1784779376.222,-21.724188,98.679108,1.609,15.148,0.00235,-0.18821
1784779376.373,-21.218983,98.681358,1.622,15.163,0.00208,-0.19004
1784779376.524,-20.713285,98.683655,1.634,15.176,0.00332,-0.19184
1784779376.671,-20.207291,98.685928,1.647,15.184,0.00513,-0.19366
1784779376.820,-19.701000,98.688271,1.665,15.193,0.00746,-0.19570
1784779376.973,-19.194386,98.690926,1.693,15.202,0.01233,-0.19800
1784779377.121,-18.687454,98.693985,1.735,15.211,0.01755,-0.20019
1784779377.270,-18.180243,98.697578,1.805,15.219,0.02421,-0.20185
1784779377.419,-17.672783,98.701981,1.906,15.226,0.03108,-0.20270
1784779377.567,-17.165150,98.707489,2.046,15.231,0.04218,-0.20244
1784779377.721,-16.657400,98.714462,2.228,15.234,0.05621,-0.19984
1784779377.873,-16.149647,98.723289,2.473,15.234,0.06705,-0.19392
1784779378.027,-15.641991,98.734756,2.791,15.232,0.08070,-0.18472
1784779378.176,-15.134501,98.749527,3.180,15.230,0.09185,-0.17221
1784779378.326,-14.627281,98.768318,3.638,15.226,0.10797,-0.15569
1784779378.472,-14.120449,98.791626,4.171,15.219,0.08785,-0.13464
1784779378.622,-13.615559,98.820030,4.783,14.994,0.09807,-0.10849
1784779378.772,-13.132033,98.852661,5.333,14.108,0.10605,-0.07816
1784779378.919,-12.678261,98.887817,5.831,13.273,0.12291,-0.04897
1784779379.070,-12.249426,98.924301,6.363,12.590,0.13426,-0.02363
1784779379.220,-11.841324,98.963051,6.919,12.027,0.14621,0.00146
1784779379.367,-11.450524,99.004265,7.521,11.568,0.15797,0.02736
1784779379.514,-11.074108,99.048424,8.151,11.188,0.17497,0.04827
1784779379.663,-10.709663,99.095581,8.826,10.876,0.17874,0.06436
1784779379.813,-10.355215,99.145981,9.540,10.617,0.19398,0.08005
1784779379.964,-10.006716,99.200203,10.283,10.569,0.20988,0.09849
1784779380.113,-9.659513,99.259003,11.057,10.550,0.22658,0.11309
1784779380.262,-9.314002,99.322449,11.901,10.524,0.24281,0.12343
1784779380.412,-8.970541,99.391266,12.812,10.492,0.25256,0.12975
1784779380.563,-8.629474,99.465775,13.789,10.454,0.26735,0.13134
1784779380.712,-8.290990,99.546082,14.811,10.417,0.28045,0.12754
1784779380.862,-7.955353,99.632324,15.876,10.374,0.29177,0.12458
1784779381.016,-7.622879,99.724594,16.993,10.327,0.29795,0.12676
1784779381.165,-7.293868,99.823105,18.149,10.279,0.30751,0.12777
1784779381.316,-6.968511,99.928040,19.326,10.230,0.30937,0.12593
1784779381.467,-6.647145,100.039261,20.532,10.174,0.31886,0.12189
1784779381.618,-6.330009,100.156807,21.748,10.120,0.32385,0.11768
1784779381.771,-6.017283,100.280510,22.985,10.060,0.32941,0.10545
1784779381.921,-5.709133,100.410233,24.246,10.002,0.33134,0.09517
1784779382.073,-5.405732,100.545959,25.517,9.945,0.33425,0.09144
1784779382.223,-5.107109,100.687561,26.790,9.889,0.33606,0.08926
1784779382.376,-4.813438,100.834946,28.063,9.830,0.33981,0.08523
1784779382.524,-4.524862,100.987946,29.337,9.770,0.34435,0.07994
1784779382.672,-4.241573,101.146416,30.617,9.709,0.34707,0.07256
1784779382.826,-3.963694,101.310287,31.905,9.650,0.34808,0.06350
1784779382.976,-3.691274,101.479416,33.196,9.593,0.34729,0.05329
1784779383.128,-3.424138,101.653717,34.487,9.567,0.34690,0.04256
1784779383.282,-3.160531,101.834274,35.775,9.602,0.34696,0.03359
1784779383.429,-2.900217,102.021255,37.063,9.608,0.34743,0.02588
1784779383.580,-2.645095,102.213348,38.348,9.559,0.34898,0.01818
1784779383.733,-2.394886,102.410797,39.633,9.577,0.35134,0.00977
1784779383.880,-2.148308,102.614456,40.928,9.609,0.35175,-0.00089
1784779384.031,-1.905778,102.824158,42.234,9.611,0.35053,-0.00930
1784779384.185,-1.669010,103.038597,43.539,9.563,0.34844,-0.01114
1784779384.336,-1.437478,103.258087,44.838,9.593,0.34755,-0.01149
1784779384.486,-1.209739,103.483643,46.132,9.637,0.34708,-0.01233
1784779384.636,-0.986839,103.714462,47.423,9.610,0.34733,-0.01474
1784779384.783,-0.770127,103.949310,48.708,9.571,0.34838,-0.01808
1784779384.933,-0.559001,104.188812,49.992,9.598,0.35016,-0.02358
1784779385.086,-0.352498,104.434090,51.286,9.637,0.35101,-0.03101
1784779385.232,-0.151483,104.684242,52.586,9.609,0.35155,-0.03581
1784779385.381,0.042904,104.937820,53.885,9.568,0.35149,-0.03443
1784779385.535,0.231356,105.195435,55.187,9.596,0.35155,-0.03228
1784779385.686,0.414977,105.458374,56.497,9.640,0.35418,-0.03159
1784779385.834,0.593006,105.725639,57.805,9.616,0.35687,-0.03228
1784779385.986,0.764152,105.995850,59.115,9.578,0.36118,-0.03401
1784779386.135,0.928721,106.269745,60.436,9.603,0.36191,-0.03808
1784779386.288,1.087310,106.548386,61.778,9.614,0.35904,-0.04276
1784779386.436,1.238776,106.829910,63.119,9.572,0.35386,-0.04332
1784779386.587,1.383429,107.114639,64.449,9.602,0.35158,-0.03808
1784779386.737,1.522178,107.403854,65.765,9.623,0.34963,-0.03293
1784779386.896,1.654135,107.695511,67.065,9.587,0.34930,-0.02980
1784779387.060,1.779146,107.988998,68.359,9.574,0.34575,-0.02754
1784779387.210,1.897989,108.285995,69.652,9.617,0.34242,-0.02734
1784779387.366,2.010539,108.586792,70.938,9.634,0.33363,-0.02874
1784779387.516,2.115977,108.889381,72.202,9.596,0.32205,-0.03125
1784779387.671,2.214333,109.193321,73.438,9.592,0.31445,-0.03347
1784779387.825,2.306815,109.500519,74.636,9.651,0.30179,-0.03449
1784779387.972,2.393490,109.810394,75.797,9.642,0.29592,-0.03541
1784779388.119,2.473993,110.121201,76.919,9.624,0.28727,-0.04032
1784779388.272,2.548402,110.432899,78.005,9.605,0.27908,-0.05068
1784779388.419,2.616892,110.745331,79.070,9.587,0.24534,-0.06768
1784779388.569,2.679746,111.059647,80.108,9.677,0.23789,-0.08352
1784779388.719,2.738321,111.381821,81.072,9.980,0.22583,-0.09396
1784779388.867,2.793799,111.716164,81.979,10.331,0.21871,-0.09976
1784779389.017,2.846208,112.062286,82.885,10.658,0.21492,-0.11360
1784779389.168,2.894650,112.419571,83.790,10.966,0.19892,-0.12101
1784779389.315,2.938575,112.787445,84.690,11.255,0.18989,-0.14292
1784779389.466,2.977697,113.165405,85.570,11.535,0.17699,-0.16319
1784779389.615,3.011983,113.552948,86.408,11.800,0.16892,-0.17816
1784779389.756,3.041631,113.949501,87.217,12.051,0.15779,-0.18805
1784779389.900,3.066406,114.354477,87.995,12.285,0.15021,-0.19265
1784779390.046,3.086206,114.767296,88.745,12.506,0.14638,-0.19632
1784779390.185,3.100865,115.187469,89.465,12.712,0.13521,-0.20692
1784779390.327,3.110487,115.614410,90.178,12.905,0.12504,-0.22454
1784779390.471,3.115118,116.047836,90.844,13.093,0.11936,-0.24007
1784779390.610,3.115115,116.487366,91.468,13.270,0.11146,-0.25112
1784779390.752,3.110643,116.932571,92.072,13.437,0.10615,-0.25785
1784779390.895,3.101530,117.383072,92.643,13.592,0.10128,-0.26428
1784779391.038,3.087720,117.838455,93.191,13.738,0.09177,-0.27518
1784779391.179,3.069265,118.298439,93.721,13.876,0.08695,-0.28878
1784779391.328,3.046519,118.762604,94.216,14.004,0.08036,-0.29859
1784779391.489,3.019916,119.230743,94.677,14.126,0.07712,-0.30482
1784779391.589,3.005254,119.466232,94.899,14.185,0.07579,-0.30667
1784779391.732,2.973183,119.939903,95.323,14.297,0.07031,-0.30784
1784779391.845,2.955766,120.178017,95.530,14.350,0.06904,-0.30755
1784779391.996,2.918165,120.656601,95.935,14.451,0.06640,-0.30712
1784779392.099,2.897954,120.897034,96.126,14.501,0.06517,-0.30710
1784779392.244,2.854844,121.380112,96.497,14.596,0.06264,-0.30588
1784779392.351,2.832008,121.622696,96.680,14.641,0.06247,-0.30411
1784779392.489,2.783871,122.109673,97.037,14.702,0.06216,-0.29825
1784779392.644,2.732757,122.597137,97.386,14.711,0.06216,-0.28988
1784779392.800,2.678836,123.084595,97.735,14.720,0.06206,-0.28385
1784779392.955,2.621956,123.572037,98.083,14.729,0.06194,-0.28154
1784779393.113,2.561999,124.059464,98.429,14.740,0.06267,-0.27826
1784779393.271,2.498903,124.546860,98.775,14.751,0.06245,-0.27197
1784779393.428,2.432746,125.034233,99.126,14.763,0.06242,-0.26430
1784779393.587,2.363524,125.521675,99.477,14.778,0.06249,-0.25618
1784779393.746,2.291399,126.009224,99.828,14.793,0.06206,-0.24609
1784779393.905,2.216274,126.496803,100.179,14.807,0.06110,-0.23323
1784779394.064,2.138011,126.984421,100.527,14.822,0.06056,-0.22137
1784779394.224,2.056625,127.472054,100.873,14.837,0.05975,-0.21325
1784779394.380,1.972249,127.959641,101.215,14.851,0.05775,-0.20501
1784779394.538,1.884991,128.447235,101.552,14.867,0.05751,-0.19392
1784779394.697,1.794858,128.934845,101.877,14.882,0.05857,-0.17999
1784779394.853,1.701883,129.422363,102.201,14.895,0.05949,-0.17013
1784779395.011,1.606015,129.909760,102.533,14.907,0.05942,-0.16949
1784779395.169,1.507201,130.396973,102.869,14.919,0.05942,-0.17136
1784779395.325,1.405457,130.883972,103.205,14.929,0.05913,-0.17035
1784779395.481,1.300807,131.370682,103.542,14.940,0.06062,-0.17000
1784779395.639,1.193226,131.857162,103.877,14.951,0.06307,-0.17367
1784779395.794,1.082708,132.343323,104.221,14.962,0.06481,-0.17762
1784779395.954,0.969148,132.829117,104.579,14.972,0.06621,-0.17856
1784779396.115,0.852392,133.314514,104.948,14.981,0.06811,-0.17838
1784779396.271,0.732363,133.799377,105.325,14.988,0.07025,-0.17920
1784779396.427,0.609020,134.283646,105.714,14.995,0.07166,-0.17867
1784779396.589,0.482284,134.767319,106.114,15.003,0.07208,-0.17473
1784779396.746,0.352065,135.250320,106.522,15.012,0.07231,-0.16725
1784779396.903,0.218369,135.732697,106.933,15.019,0.07195,-0.15625
1784779397.064,0.081132,136.214294,107.343,15.025,0.07291,-0.14731
1784779397.222,-0.059756,136.695038,107.752,15.030,0.07411,-0.14658
1784779397.379,-0.204211,137.174866,108.168,15.036,0.07498,-0.14786
1784779397.537,-0.352185,137.653854,108.592,15.043,0.07516,-0.14559
1784779397.694,-0.503657,138.132034,109.021,15.052,0.07541,-0.13973
1784779397.854,-0.658693,138.609344,109.453,15.058,0.07445,-0.13021
1784779398.013,-0.817393,139.085541,109.882,15.062,0.07380,-0.12351
1784779398.167,-0.979803,139.560638,110.308,15.068,0.07236,-0.12684
1784779398.324,-1.145911,140.034760,110.729,15.075,0.07257,-0.13292
1784779398.482,-1.315494,140.507935,111.143,15.083,0.07289,-0.13547
1784779398.636,-1.488525,140.980164,111.557,15.092,0.07319,-0.13867
1784779398.796,-1.664966,141.451447,111.975,15.100,0.07274,-0.14701
1784779398.951,-1.844881,141.921692,112.393,15.109,0.07334,-0.15575
1784779399.110,-2.028335,142.390900,112.810,15.118,0.07375,-0.16085
1784779399.270,-2.215379,142.858978,113.229,15.127,0.07406,-0.16220
1784779399.433,-2.406037,143.325897,113.651,15.135,0.07307,-0.15976
1784779399.589,-2.600280,143.791672,114.076,15.145,0.07260,-0.15905
1784779399.748,-2.798058,144.256332,114.495,15.154,0.07163,-0.16494
1784779399.908,-2.999318,144.719833,114.912,15.164,0.07138,-0.17174
1784779400.066,-3.204066,145.182220,115.324,15.176,0.06990,-0.17627
1784779400.227,-3.412327,145.643433,115.735,15.188,0.06891,-0.17954
1784779400.387,-3.624027,146.103546,116.139,15.201,0.06645,-0.18031
1784779400.545,-3.839075,146.562561,116.534,15.215,0.06528,-0.17758
1784779400.704,-4.057353,147.020584,116.917,15.230,0.06424,-0.17150
1784779400.864,-4.278818,147.477631,117.292,15.245,0.06367,-0.16856
1784779400.964,-4.390748,147.705750,117.476,15.251,0.06361,-0.16963
1784779401.107,-4.617049,148.161194,117.845,15.265,0.06326,-0.17483
1784779401.219,-4.731427,148.388519,118.029,15.273,0.06197,-0.17651
1784779401.356,-4.962545,148.842422,118.396,15.289,0.06102,-0.17743
1784779401.513,-5.196698,149.295456,118.758,15.308,0.05959,-0.18061
1784779401.676,-5.433840,149.747635,119.112,15.327,0.05998,-0.18818
1784779401.836,-5.673985,150.198944,119.458,15.344,0.06026,-0.19521
1784779401.993,-5.917159,150.649246,119.807,15.360,0.06056,-0.19910
1784779402.150,-6.163480,151.098404,120.160,15.376,0.05966,-0.19994
1784779402.311,-6.412884,151.546539,120.512,15.393,0.05915,-0.20130
1784779402.468,-6.665253,151.993683,120.860,15.411,0.05735,-0.20441
1784779402.626,-6.920564,152.439835,121.205,15.428,0.05594,-0.20578
1784779402.788,-7.178799,152.884888,121.540,15.444,0.05535,-0.20407
1784779402.945,-7.439886,153.328888,121.869,15.460,0.05453,-0.19935
1784779403.105,-7.703742,153.771881,122.193,15.477,0.05419,-0.19265
1784779403.265,-7.970307,154.213928,122.514,15.494,0.05267,-0.19069
1784779403.422,-8.239580,154.654999,122.830,15.511,0.05187,-0.19381
1784779403.582,-8.511584,155.095016,123.139,15.527,0.05026,-0.19544
1784779403.741,-8.786323,155.533966,123.443,15.542,0.05062,-0.19418
1784779403.897,-9.063676,155.971909,123.738,15.559,0.05175,-0.19018
1784779404.054,-9.343504,156.408951,124.038,15.577,0.05242,-0.18570
1784779404.213,-9.625833,156.845093,124.345,15.595,0.05302,-0.18791
1784779404.368,-9.910829,157.280167,124.656,15.610,0.05328,-0.19516
1784779404.525,-10.198602,157.714005,124.969,15.625,0.05473,-0.20010
1784779404.681,-10.489059,158.146606,125.286,15.639,0.05666,-0.20212
1784779404.836,-10.782147,158.578033,125.611,15.654,0.05783,-0.20130
1784779404.993,-11.077977,159.008224,125.948,15.668,0.05868,-0.19752
1784779405.152,-11.376682,159.436996,126.292,15.683,0.05903,-0.19320
1784779405.308,-11.678306,159.864304,126.640,15.698,0.05998,-0.19260
1784779405.466,-11.982807,160.290161,126.991,15.712,0.06046,-0.19249
1784779405.628,-12.290157,160.714508,127.347,15.726,0.06023,-0.18922
1784779405.786,-12.600420,161.137299,127.708,15.740,0.06016,-0.18268
1784779405.945,-12.913651,161.558441,128.069,15.754,0.06015,-0.17276
1784779406.102,-13.229803,161.978012,128.428,15.769,0.06134,-0.16001
1784779406.258,-13.548828,162.396027,128.787,15.784,0.06251,-0.15238
1784779406.416,-13.870781,162.812469,129.154,15.799,0.06280,-0.15395
1784779406.580,-14.195803,163.227173,129.528,15.815,0.06303,-0.15560
1784779406.736,-14.521914,163.637589,129.901,15.613,0.06234,-0.15373
1784779406.897,-14.847647,164.042084,130.273,15.586,0.06303,-0.14945
1784779407.057,-15.176353,164.444916,130.642,15.602,0.06475,-0.15068
1784779407.212,-15.507979,164.845978,131.015,15.617,0.06596,-0.15821
1784779407.371,-15.842508,165.245239,131.399,15.632,0.06679,-0.16383
1784779407.529,-16.180031,165.642578,131.791,15.647,0.06653,-0.16593
1784779407.687,-16.520601,166.037964,132.188,15.661,0.06556,-0.16557
1784779407.844,-16.864254,166.431305,132.583,15.675,0.06497,-0.16671
1784779408.005,-17.210941,166.822510,132.975,15.687,0.06301,-0.16857
1784779408.165,-17.560581,167.211655,133.360,15.700,0.06219,-0.16722
1784779408.323,-17.913057,167.598785,133.736,15.712,0.06160,-0.16242
1784779408.484,-18.268209,167.983978,134.107,15.723,0.06146,-0.15792
1784779408.640,-18.626032,168.367218,134.473,15.734,0.06157,-0.16076
1784779408.801,-18.986546,168.748383,134.840,15.743,0.06051,-0.16679
1784779408.959,-19.349800,169.127380,135.208,15.752,0.05898,-0.16941
1784779409.120,-19.715778,169.504181,135.570,15.761,0.05894,-0.16855
1784779409.281,-20.084290,169.878906,135.926,15.769,0.05961,-0.16443
1784779409.443,-20.455151,170.251648,136.279,15.776,0.06064,-0.16485
1784779409.602,-20.828407,170.622314,136.637,15.783,0.06083,-0.17476
1784779409.760,-21.204174,170.990692,136.999,15.788,0.06032,-0.18582
1784779409.922,-21.582476,171.356689,137.363,15.793,0.06012,-0.19341
1784779410.080,-21.963255,171.720352,137.727,15.798,0.05993,-0.19761
1784779410.239,-22.346375,172.081757,138.087,15.802,0.06051,-0.19855
1784779410.401,-22.729408,172.438690,138.443,15.588,0.06117,-0.19630
1784779410.560,-23.110786,172.789642,138.800,15.549,0.06077,-0.19082
1784779410.718,-23.494505,173.138336,139.162,15.553,0.05972,-0.18339
1784779410.881,-23.880518,173.484680,139.522,15.559,0.05955,-0.18079
1784779411.040,-24.268776,173.828659,139.875,15.564,0.06022,-0.18313
1784779411.197,-24.659231,174.170380,140.226,15.570,0.06144,-0.18337
1784779411.356,-25.051903,174.509827,140.582,15.574,0.06207,-0.18043
1784779411.515,-25.446836,174.846909,140.944,15.580,0.06194,-0.17423
1784779411.674,-25.844074,175.181610,141.312,15.586,0.06190,-0.16762
1784779411.836,-26.243582,175.513885,141.679,15.592,0.06160,-0.16873
1784779411.993,-26.645351,175.843796,142.044,15.600,0.06001,-0.17455
1784779412.150,-27.049421,176.171280,142.406,15.607,0.05907,-0.17760
1784779412.312,-27.455778,176.496307,142.760,15.615,0.06001,-0.17730
1784779412.472,-27.864334,176.819016,143.110,15.624,0.06117,-0.17382
1784779412.631,-28.275038,177.139481,143.466,15.633,0.06163,-0.17112
1784779412.791,-28.687916,177.457611,143.828,15.642,0.06201,-0.17387
1784779412.948,-29.103090,177.773254,144.194,15.652,0.06130,-0.17806
1784779413.113,-29.520615,178.086380,144.562,15.662,0.06130,-0.17882
1784779413.272,-29.940434,178.396973,144.928,15.672,0.06096,-0.17618
1784779413.431,-30.362503,178.705109,145.291,15.683,0.06033,-0.17057
1784779413.588,-30.786781,179.010864,145.653,15.695,0.06004,-0.16883
1784779413.752,-31.213280,179.314209,146.014,15.706,0.05851,-0.17539
1784779413.909,-31.641993,179.615112,146.370,15.719,0.05762,-0.18224
1784779414.068,-32.072906,179.913513,146.720,15.731,0.05563,-0.18578
1784779414.230,-32.505974,180.209564,147.062,15.744,0.05566,-0.18617
1784779414.388,-32.941124,180.503326,147.393,15.757,0.05723,-0.18349
1784779414.547,-33.378258,180.794861,147.726,15.769,0.05835,-0.17785
1784779414.708,-33.817375,181.084137,148.068,15.781,0.05874,-0.17116
1784779414.868,-34.258602,181.370941,148.417,15.793,0.05908,-0.17244
1784779415.028,-34.701977,181.655167,148.770,15.805,0.05828,-0.18158
1784779415.187,-35.147015,181.936523,149.122,15.731,0.05837,-0.18851
1784779415.343,-35.588646,182.212006,149.468,15.571,0.05949,-0.19223
1784779415.504,-36.030846,182.484283,149.812,15.583,0.06127,-0.19291
1784779415.606,-36.252701,182.619537,149.986,15.588,0.06199,-0.19236
1784779415.756,-36.697910,182.887970,150.343,15.599,0.06309,-0.19234
1784779415.860,-36.921272,183.021179,150.526,15.605,0.06298,-0.19310
1784779416.001,-37.369522,183.285553,150.897,15.618,0.06326,-0.19417
1784779416.162,-37.819809,183.547272,151.272,15.631,0.06346,-0.19209
1784779416.320,-38.272179,183.806335,151.647,15.645,0.06504,-0.18666
1784779416.477,-38.726593,184.062622,152.023,15.656,0.06690,-0.17780
1784779416.640,-39.183067,184.315918,152.410,15.666,0.06783,-0.16532
1784779416.800,-39.641609,184.566223,152.808,15.678,0.06787,-0.15710
1784779416.957,-40.102219,184.813522,153.211,15.690,0.06791,-0.15988
1784779417.120,-40.564911,185.057770,153.616,15.702,0.06763,-0.16479
1784779417.278,-41.029671,185.298935,154.020,15.714,0.06710,-0.16605
1784779417.440,-41.496468,185.537018,154.422,15.726,0.06751,-0.16363
1784779417.602,-41.965248,185.772003,154.822,15.736,0.06808,-0.15754
1784779417.761,-42.435989,186.003845,155.225,15.747,0.06756,-0.14859
1784779417.923,-42.908691,186.232483,155.631,15.758,0.06635,-0.14663
1784779418.086,-43.383331,186.457977,156.034,15.769,0.06563,-0.15303
1784779418.246,-43.859879,186.680328,156.430,15.780,0.06368,-0.15833
1784779418.407,-44.338226,186.899567,156.823,15.790,0.06279,-0.16005
1784779418.569,-44.818336,187.115662,157.206,15.799,0.06101,-0.15818
1784779418.731,-45.300159,187.328705,157.580,15.809,0.05890,-0.15543
1784779418.890,-45.780685,187.537476,157.941,15.603,0.05770,-0.16073
1784779419.052,-46.257835,187.741364,158.287,15.570,0.05508,-0.17207
1784779419.212,-46.736519,187.942627,158.627,15.580,0.05352,-0.18116
1784779419.410,-47.216660,188.141205,158.950,15.592,0.05075,-0.18722
1784779419.568,-47.698242,188.337173,159.264,15.605,0.04785,-0.19031
1784779419.727,-48.181274,188.530701,159.564,15.619,0.04486,-0.19061
1784779419.886,-48.665718,188.722076,159.850,15.636,0.04311,-0.19196
1784779420.047,-49.151546,188.911514,160.117,15.653,0.04150,-0.20037
1784779420.205,-49.638695,189.098938,160.372,15.668,0.03827,-0.21141
1784779420.367,-50.127148,189.284515,160.616,15.685,0.03465,-0.22032
1784779420.530,-50.617004,189.468140,160.840,15.704,0.03257,-0.22691
1784779420.689,-51.108170,189.650146,161.047,15.724,0.02906,-0.23154
1784779420.850,-51.600597,189.830765,161.238,15.746,0.02570,-0.23455
1784779421.011,-52.094177,190.010254,161.409,15.766,0.02397,-0.23841
1784779421.170,-52.588829,190.188751,161.564,15.787,0.02099,-0.24451
1784779421.331,-53.084618,190.366272,161.703,15.810,0.01954,-0.25033
1784779421.492,-53.581020,190.542557,161.829,15.743,0.01672,-0.25478
1784779421.649,-54.072414,190.715759,161.940,15.593,0.01323,-0.25796
1784779421.810,-54.563297,190.887909,162.038,15.617,0.01098,-0.26044
1784779421.969,-55.055157,191.059799,162.118,15.640,0.00734,-0.26330
1784779422.128,-55.547852,191.231491,162.179,15.666,0.00559,-0.26668
1784779422.290,-56.041512,191.403046,162.219,15.693,0.00272,-0.26976
1784779422.450,-56.536171,191.574432,162.247,15.719,-0.00085,-0.27236
1784779422.609,-57.031788,191.745850,162.261,15.747,-0.00481,-0.27467
1784779422.709,-57.279938,191.831726,162.263,15.762,-0.01034,-0.27580
1784779422.847,-57.776821,192.003815,162.245,15.788,-0.01489,-0.27697
1784779422.953,-58.025501,192.090134,162.223,15.801,-0.02052,-0.27698
1784779423.092,-58.522797,192.263397,162.144,15.741,-0.02567,-0.27683
1784779423.251,-59.014580,192.435699,162.026,15.594,-0.03389,-0.27753
1784779423.411,-59.505257,192.608826,161.869,15.620,-0.03759,-0.27936
1784779423.569,-59.996277,192.783783,161.673,15.648,-0.04420,-0.28281
1784779423.732,-60.487373,192.960953,161.443,15.673,-0.05167,-0.28832
1784779423.892,-60.978340,193.140747,161.179,15.697,-0.05490,-0.29636
1784779424.050,-61.469101,193.323425,160.877,15.722,-0.05981,-0.30718
1784779424.209,-61.959602,193.509140,160.546,15.745,-0.06059,-0.31775
1784779424.369,-62.449722,193.697968,160.192,15.767,-0.06577,-0.32637
1784779424.527,-62.939384,193.890076,159.823,15.791,-0.07364,-0.33660
1784779424.688,-63.428421,194.085815,159.427,15.812,-0.07676,-0.35044
1784779424.849,-63.913544,194.284210,158.996,15.612,-0.08185,-0.36814
1784779425.007,-64.392624,194.484741,158.535,15.588,-0.08219,-0.38886
1784779425.166,-64.870605,194.689575,158.043,15.606,-0.08534,-0.40346
1784779425.327,-65.347359,194.898712,157.547,15.626,-0.08884,-0.41119
1784779425.483,-65.822838,195.112152,157.049,15.644,-0.08862,-0.41997
1784779425.643,-66.296928,195.329987,156.525,15.659,-0.09037,-0.42382
1784779425.807,-66.769394,195.552658,155.996,15.677,-0.09434,-0.42428
1784779425.965,-67.240265,195.780029,155.463,15.693,-0.09552,-0.42896
1784779426.124,-67.709442,196.011963,154.904,15.707,-0.09551,-0.43556
1784779426.281,-68.176796,196.248657,154.331,15.722,-0.10003,-0.43592
1784779426.439,-68.642136,196.490295,153.758,15.735,-0.09845,-0.43531
1784779426.598,-69.105270,196.736923,153.163,15.746,-0.09889,-0.43990
1784779426.760,-69.566063,196.988754,152.570,15.758,-0.09626,-0.45020
1784779426.920,-70.024551,197.245544,151.976,15.770,-0.09283,-0.46066
1784779427.080,-70.480804,197.507111,151.401,15.783,-0.09314,-0.44793
1784779427.240,-70.934921,197.773254,150.848,15.796,-0.09333,-0.43837
1784779427.397,-71.386848,198.043930,150.289,15.808,-0.09210,-0.43383
1784779427.554,-71.833588,198.317596,149.738,15.602,-0.09057,-0.43405
1784779427.712,-72.273354,198.593018,149.192,15.570,-0.09087,-0.43286
1784779427.868,-72.710861,198.872803,148.652,15.581,-0.09045,-0.42918
1784779428.028,-73.146111,199.156708,148.109,15.593,-0.08882,-0.42864
1784779428.186,-73.578979,199.444916,147.573,15.607,-0.08839,-0.43813
1784779428.344,-74.009453,199.737396,147.046,15.619,-0.09409,-0.42428
1784779428.508,-74.437576,200.034073,146.519,15.632,-0.09567,-0.40969
1784779428.670,-74.863251,200.334946,145.964,15.643,-0.09418,-0.39875
1784779428.827,-75.286247,200.640213,145.398,15.655,-0.09480,-0.39294
1784779428.986,-75.706482,200.949936,144.837,15.668,-0.09223,-0.39075
1784779429.145,-76.124023,201.263977,144.278,15.679,-0.09138,-0.38825
1784779429.302,-76.538864,201.582245,143.726,15.692,-0.09082,-0.38708
1784779429.461,-76.950989,201.904770,143.181,15.705,-0.08786,-0.39090
1784779429.621,-77.360413,202.231445,142.645,15.719,-0.08442,-0.39967
1784779429.777,-77.767151,202.562195,142.120,15.734,-0.08355,-0.40625
1784779429.936,-78.171280,202.896896,141.616,15.749,-0.08592,-0.40397
1784779430.109,-78.572906,203.235291,141.117,15.761,-0.08862,-0.40040
1784779430.264,-78.971954,203.577332,140.598,15.772,-0.08724,-0.40128
1784779430.420,-79.368027,203.923370,140.067,15.783,-0.08552,-0.41020
1784779430.578,-79.761070,204.273499,139.544,15.796,-0.08743,-0.40640
1784779430.733,-80.151215,204.627472,139.029,15.809,-0.09128,-0.39700
1784779430.887,-80.536118,204.982941,138.504,15.602,-0.08929,-0.38980
1784779431.044,-80.914055,205.338455,137.967,15.570,-0.08728,-0.38668
1784779431.203,-81.288963,205.697784,137.437,15.581,-0.08875,-0.38272
1784779431.359,-81.660721,206.060837,136.918,15.592,-0.08958,-0.37836
1784779431.515,-82.029396,206.427444,136.389,15.603,-0.08698,-0.37811
1784779431.670,-82.394913,206.797699,135.858,15.614,-0.08591,-0.38152
1784779431.827,-82.757278,207.171585,135.341,15.626,-0.08601,-0.38481
1784779431.986,-83.116623,207.548950,134.830,15.639,-0.08619,-0.38881
1784779432.144,-83.472931,207.929749,134.325,15.650,-0.08441,-0.39726
1784779432.300,-83.826111,208.313965,133.816,15.661,-0.08301,-0.40500
1784779432.456,-84.176086,208.701660,133.316,15.674,-0.08489,-0.40215
1784779432.610,-84.522995,209.092621,132.829,15.686,-0.08599,-0.39565
1784779432.765,-84.866867,209.486755,132.325,15.697,-0.08481,-0.39345
1784779432.923,-85.207504,209.884201,131.810,15.708,-0.08809,-0.39148
1784779433.077,-85.544685,210.285049,131.301,15.719,-0.09158,-0.38656
1784779433.233,-85.878464,210.689178,130.772,15.729,-0.09069,-0.38355
1784779433.391,-86.208618,211.096710,130.223,15.740,-0.09105,-0.38519
1784779433.548,-86.535019,211.507721,129.680,15.751,-0.09029,-0.38513
1784779433.704,-86.857742,211.922134,129.134,15.764,-0.08918,-0.38106
1784779433.861,-87.176819,212.339905,128.598,15.777,-0.08782,-0.38013
1784779434.016,-87.492310,212.760941,128.067,15.791,-0.09100,-0.38403
1784779434.172,-87.804214,213.185226,127.540,15.805,-0.09057,-0.39147
1784779434.328,-88.112122,213.612320,127.002,15.731,-0.09157,-0.39659
1784779434.481,-88.412437,214.037460,126.465,15.572,-0.08904,-0.40009
1784779434.635,-88.708038,214.464523,125.927,15.588,-0.08793,-0.40571
1784779434.794,-89.000015,214.894775,125.398,15.606,-0.08714,-0.40714
1784779434.948,-89.288391,215.328125,124.881,15.624,-0.08627,-0.40633
1784779435.105,-89.573273,215.764465,124.367,15.642,-0.08390,-0.40998
1784779435.262,-89.854584,216.203842,123.858,15.661,-0.08245,-0.41279
1784779435.417,-90.132317,216.646240,123.358,15.681,-0.08794,-0.40523
1784779435.569,-90.406570,217.091629,122.865,15.701,-0.08768,-0.39480
1784779435.724,-90.677338,217.539917,122.344,15.721,-0.08881,-0.38877
1784779435.879,-90.944305,217.991226,121.820,15.742,-0.08732,-0.38755
1784779436.033,-91.207367,218.445633,121.295,15.763,-0.08873,-0.39127
1784779436.189,-91.466599,218.903061,120.768,15.784,-0.08701,-0.39912
1784779436.344,-91.721939,219.363495,120.236,15.806,-0.08592,-0.40648
1784779436.499,-91.973076,219.826477,119.714,15.740,-0.09474,-0.38934
1784779436.654,-92.217300,220.286621,119.197,15.588,-0.09924,-0.38008
1784779436.805,-92.456917,220.748123,118.630,15.608,-0.09831,-0.37653
1784779436.960,-92.692123,221.212753,118.047,15.630,-0.09856,-0.37938
1784779437.114,-92.922745,221.680420,117.460,15.653,-0.09545,-0.38699
1784779437.269,-93.148849,222.151062,116.879,15.674,-0.09383,-0.39533
1784779437.425,-93.370522,222.624634,116.311,15.697,-0.09032,-0.40457
1784779437.581,-93.587845,223.101044,115.756,15.720,-0.08691,-0.42187
1784779437.741,-93.800980,223.580231,115.215,15.743,-0.08683,-0.41959
1784779437.900,-94.010071,224.061996,114.694,15.764,-0.08356,-0.41790
1784779438.059,-94.215240,224.546234,114.176,15.786,-0.08421,-0.41660
1784779438.212,-94.416344,225.032928,113.672,15.806,-0.08588,-0.41758
1784779438.365,-94.613113,225.521439,113.167,15.737,-0.08418,-0.41984
1784779438.523,-94.803291,226.006302,112.665,15.580,-0.08385,-0.42011
1784779438.676,-94.988831,226.491806,112.161,15.597,-0.08129,-0.42187
1784779438.833,-95.170456,226.979431,111.662,15.615,-0.07911,-0.43064
1784779438.991,-95.348129,227.469086,111.180,15.633,-0.08221,-0.40039
1784779439.145,-95.521942,227.960709,110.708,15.650,-0.08220,-0.38280
1784779439.301,-95.691811,228.454208,110.221,15.664,-0.08041,-0.37010
1784779439.455,-95.857506,228.949661,109.730,15.679,-0.08181,-0.36269
1784779439.606,-96.019073,229.446991,109.249,15.693,-0.08268,-0.35995
1784779439.762,-96.176712,229.946045,108.760,15.707,-0.08041,-0.36096
1784779439.917,-96.330284,230.446838,108.272,15.719,-0.08006,-0.36261
1784779440.072,-96.479668,230.949341,107.791,15.732,-0.08202,-0.36494
1784779440.228,-96.624863,231.453491,107.317,15.743,-0.08207,-0.37126
1784779440.386,-96.765991,231.959167,106.831,15.754,-0.08129,-0.37881
1784779440.540,-96.902954,232.466339,106.338,15.764,-0.08222,-0.37769
1784779440.695,-97.035660,232.975021,105.851,15.775,-0.08334,-0.37161
1784779440.853,-97.164108,233.485107,105.361,15.783,-0.08671,-0.36942
1784779441.008,-97.288193,233.996521,104.859,15.792,-0.08691,-0.37178
1784779441.162,-97.407692,234.509308,104.347,15.799,-0.08898,-0.37565
1784779441.323,-97.522606,235.023376,103.823,15.807,-0.08967,-0.37631
1784779441.479,-97.632141,235.535583,103.300,15.597,-0.08822,-0.37843
1784779441.637,-97.735901,236.043701,102.772,15.562,-0.08706,-0.38530
1784779441.796,-97.835075,236.553101,102.249,15.572,-0.08880,-0.39013
1784779441.953,-97.929688,237.063690,101.731,15.582,-0.08946,-0.38958
1784779442.110,-98.019836,237.575378,101.202,15.593,-0.08883,-0.39048
1784779442.273,-98.105225,238.088242,100.672,15.605,-0.08618,-0.39627
1784779442.430,-98.185852,238.602295,100.150,15.617,-0.08381,-0.40610
1784779442.586,-98.261902,239.117493,99.639,15.631,-0.08350,-0.40938
1784779442.747,-98.333511,239.633804,99.143,15.646,-0.08247,-0.40515
1784779442.900,-98.400879,240.151215,98.650,15.661,-0.08070,-0.40306
1784779443.056,-98.463913,240.669693,98.156,15.677,-0.07710,-0.40539
1784779443.211,-98.522491,241.189240,97.676,15.693,-0.07357,-0.41100
1784779443.365,-98.576843,241.709824,97.217,15.711,-0.07309,-0.40513
1784779443.519,-98.627243,242.231415,96.777,15.729,-0.06936,-0.39378
1784779443.673,-98.673859,242.753967,96.344,15.747,-0.06630,-0.38577
1784779443.832,-98.716599,243.277466,95.928,15.765,-0.06177,-0.38169
1784779444.003,-98.755646,243.801819,95.532,15.783,-0.05797,-0.37749
1784779444.163,-98.791260,244.327057,95.162,15.802,-0.05420,-0.36727
1784779444.317,-98.823708,244.852600,94.817,15.733,-0.05046,-0.35503
1784779444.472,-98.852875,245.372467,94.499,15.577,-0.04612,-0.34584
1784779444.628,-98.879196,245.891449,94.201,15.594,-0.04232,-0.33946
1784779444.785,-98.902885,246.411148,93.927,15.612,-0.03807,-0.33161
1784779444.939,-98.924301,246.931488,93.678,15.630,-0.03464,-0.31975
1784779445.096,-98.943695,247.452454,93.451,15.647,-0.03154,-0.30785
1784779445.250,-98.961273,247.974030,93.245,15.664,-0.02840,-0.29778
1784779445.404,-98.977135,248.496155,93.059,15.678,-0.02672,-0.28920
1784779445.558,-98.991318,249.018845,92.890,15.693,-0.02437,-0.27926
1784779445.712,-99.004013,249.542084,92.733,15.707,-0.02298,-0.26743
1784779445.867,-99.015373,250.065796,92.587,15.721,-0.02141,-0.25624
1784779446.026,-99.025528,250.589996,92.449,15.735,-0.01866,-0.24626
1784779446.179,-99.034584,251.114685,92.323,15.749,-0.01605,-0.23751
1784779446.333,-99.042557,251.639801,92.211,15.761,-0.01363,-0.23066
1784779446.489,-99.049515,252.165375,92.115,15.774,-0.01099,-0.22550
1784779446.642,-99.055664,252.691376,92.035,15.787,-0.00929,-0.22121
1784779446.797,-99.061188,253.217804,91.969,15.800,-0.00832,-0.21754
1784779446.953,-99.066238,253.744110,91.912,15.725,-0.00691,-0.21462
1784779447.108,-99.070755,254.264389,91.865,15.565,-0.00648,-0.21298
1784779447.264,-99.074860,254.783493,91.822,15.578,-0.00528,-0.21222
1784779447.421,-99.078606,255.303070,91.783,15.592,-0.00496,-0.21183
1784779447.573,-99.082031,255.823044,91.750,15.606,-0.00465,-0.21177
1784779447.731,-99.085205,256.343445,91.721,15.619,-0.00347,-0.21064
1784779447.885,-99.088127,256.864288,91.694,15.633,-0.00306,-0.20718
1784779448.037,-99.090881,257.385590,91.673,15.646,-0.00199,-0.20284
1784779448.192,-99.093483,257.907349,91.657,15.660,-0.00182,-0.19864
1784779448.353,-99.095970,258.429626,91.644,15.674,-0.00176,-0.19469
1784779448.506,-99.098297,258.952362,91.633,15.689,-0.00100,-0.19321
1784779448.661,-99.100555,259.475525,91.624,15.702,-0.00134,-0.19502
1784779448.817,-99.102829,259.999207,91.616,15.716,-0.00077,-0.19771
1784779448.969,-99.105080,260.523285,91.607,15.729,-0.00114,-0.20043
1784779449.124,-99.107224,261.047821,91.602,15.743,-0.00156,-0.20307
1784779449.280,-99.109283,261.572845,91.594,15.758,-0.00099,-0.20422
1784779449.434,-99.111206,262.098328,91.587,15.772,-0.00121,-0.20390
1784779449.589,-99.113075,262.624329,91.579,15.787,-0.00096,-0.20342
1784779449.746,-99.114929,263.150787,91.571,15.803,0.00016,-0.20297
1784779449.901,-99.116776,263.677216,91.567,15.730,0.00045,-0.20252
1784779450.056,-99.118546,264.197723,91.568,15.572,0.00119,-0.20233
1784779450.212,-99.120293,264.717102,91.570,15.587,0.00132,-0.20281
1784779450.366,-99.122070,265.237030,91.576,15.603,0.00122,-0.20375
1784779450.520,-99.123947,265.757507,91.582,15.622,0.00155,-0.20460
1784779450.675,-99.125999,266.278503,91.590,15.639,0.00101,-0.20528
1784779450.828,-99.128113,266.800140,91.598,15.656,0.00122,-0.20590
1784779450.985,-99.130249,267.322327,91.604,15.673,0.00073,-0.20606
1784779451.142,-99.132355,267.845062,91.610,15.690,0.00024,-0.20527
1784779451.297,-99.134552,268.368317,91.613,15.707,0.00052,-0.20398
1784779451.450,-99.136841,268.892181,91.614,15.724,0.00021,-0.20260
1784779451.605,-99.139160,269.416565,91.616,15.740,0.00004,-0.20119
1784779451.757,-99.141418,269.941528,91.617,15.755,0.00054,-0.19984
1784779451.911,-99.143646,270.466980,91.617,15.771,0.00042,-0.19863
1784779452.066,-99.145889,270.992920,91.618,15.786,0.00094,-0.19887
1784779452.218,-99.148178,271.519348,91.619,15.800,0.00079,-0.20088
1784779452.372,-99.150505,272.045715,91.623,15.727,0.00059,-0.20326
1784779452.528,-99.152817,272.566162,91.627,15.569,0.00107,-0.20560
1784779452.682,-99.155167,273.085388,91.630,15.583,0.00092,-0.20790
1784779452.838,-99.157562,273.605194,91.635,15.598,0.00140,-0.20987
1784779452.996,-99.160004,274.125427,91.639,15.613,0.00123,-0.21038
1784779453.152,-99.162460,274.646057,91.646,15.628,0.00100,-0.20956
1784779453.305,-99.164917,275.167206,91.652,15.642,0.00137,-0.20863
1784779453.459,-99.167435,275.688843,91.658,15.657,0.00074,-0.20763
1784779453.609,-99.170013,276.211029,91.663,15.672,-0.00004,-0.20658
1784779453.766,-99.172699,276.733704,91.665,15.686,0.00004,-0.20542
1784779453.921,-99.175400,277.256805,91.665,15.701,-0.00086,-0.20454
1784779454.073,-99.178070,277.780457,91.664,15.715,-0.00067,-0.20453
1784779454.228,-99.180664,278.304565,91.660,15.730,-0.00145,-0.20506
1784779454.383,-99.183197,278.829163,91.653,15.745,-0.00189,-0.20567
1784779454.534,-99.185699,279.354187,91.644,15.758,-0.00111,-0.20631
1784779454.685,-99.188118,279.879700,91.634,15.772,-0.00108,-0.20704
1784779454.839,-99.190460,280.405640,91.626,15.785,-0.00107,-0.20785
1784779454.991,-99.192764,280.932007,91.619,15.798,-0.00027,-0.20891
1784779455.143,-99.195068,281.458801,91.615,15.810,-0.00038,-0.21026
1784779455.295,-99.197319,281.982849,91.613,15.605,0.00019,-0.21174
1784779455.444,-99.199509,282.501801,91.613,15.574,-0.00008,-0.21324
1784779455.597,-99.201660,283.021332,91.612,15.588,-0.00042,-0.21478
1784779455.751,-99.203842,283.541199,91.610,15.601,0.00012,-0.21610
1784779455.904,-99.205994,284.061523,91.608,15.615,-0.00046,-0.21585
1784779456.056,-99.208130,284.582184,91.608,15.627,-0.00063,-0.21398
1784779456.210,-99.210220,285.103271,91.606,15.639,-0.00247,-0.21190
1784779456.360,-99.212311,285.624756,91.599,15.650,-0.00410,-0.20982
1784779456.511,-99.214310,286.146637,91.582,15.663,-0.00422,-0.20783
1784779456.666,-99.216049,286.668945,91.559,15.677,-0.00526,-0.20610
1784779456.817,-99.217300,287.191711,91.531,15.689,-0.00484,-0.20523
1784779456.967,-99.218231,287.714966,91.497,15.702,-0.00524,-0.20603
1784779457.121,-99.219009,288.238586,91.465,15.717,-0.00564,-0.20797
1784779457.272,-99.219521,288.762695,91.431,15.731,-0.00493,-0.21020
1784779457.428,-99.219788,289.287292,91.397,15.747,-0.00518,-0.21268
1784779457.583,-99.219727,289.812439,91.367,15.764,-0.00526,-0.21548
1784779457.743,-99.219208,290.338104,91.335,15.779,-0.00418,-0.21863
1784779457.845,-99.218849,290.601166,91.320,15.788,-0.00362,-0.22020
1784779457.973,-99.218002,291.127686,91.291,15.807,-0.00340,-0.22333
1784779458.076,-99.217453,291.391205,91.280,15.817,-0.00292,-0.22499
1784779458.208,-99.216156,291.915466,91.258,15.617,-0.00282,-0.22845
1784779458.359,-99.214920,292.434937,91.239,15.595,-0.00281,-0.23147
1784779458.513,-99.213577,292.955261,91.221,15.618,-0.00172,-0.23143
1784779458.664,-99.212013,293.476318,91.205,15.641,0.00040,-0.22834
1784779458.818,-99.210251,293.998047,91.194,15.664,0.00295,-0.22503
1784779458.971,-99.208412,294.520599,91.194,15.687,0.00540,-0.22178
1784779459.124,-99.206635,295.043884,91.211,15.711,0.00744,-0.21858
1784779459.277,-99.205132,295.567993,91.240,15.735,0.00929,-0.21556
1784779459.434,-99.204048,296.092865,91.283,15.760,0.01063,-0.21248
1784779459.589,-99.203445,296.618591,91.337,15.784,0.01112,-0.20894
1784779459.744,-99.203384,297.145111,91.398,15.808,0.01132,-0.20485
1784779459.896,-99.203964,297.671936,91.465,15.744,0.01016,-0.20012
1784779460.047,-99.205170,298.192993,91.531,15.594,0.00984,-0.19524
1784779460.197,-99.207001,298.713257,91.591,15.617,0.00860,-0.19065
1784779460.352,-99.209244,299.234344,91.648,15.642,0.00739,-0.18612
1784779460.503,-99.211929,299.756195,91.698,15.666,0.00717,-0.18114
1784779460.656,-99.215073,300.278809,91.743,15.690,0.00552,-0.17571
1784779460.809,-99.218689,300.802246,91.782,15.713,0.00318,-0.16979
1784779460.960,-99.222649,301.326447,91.813,15.736,0.00213,-0.16369
1784779461.116,-99.226776,301.851349,91.833,15.759,0.00007,-0.16415
1784779461.271,-99.230988,302.377014,91.841,15.782,-0.00086,-0.17337
1784779461.423,-99.235229,302.903442,91.839,15.802,-0.00301,-0.18473
1784779461.575,-99.239479,303.429932,91.831,15.733,-0.00494,-0.19609
1784779461.728,-99.243584,303.950623,91.813,15.578,-0.00527,-0.20743
1784779461.880,-99.247429,304.470276,91.787,15.596,-0.00703,-0.21899
1784779462.035,-99.250931,304.990601,91.757,15.614,-0.00825,-0.23000
1784779462.191,-99.254059,305.511505,91.719,15.632,-0.01209,-0.23656
1784779462.344,-99.256874,306.032898,91.666,15.648,-0.01541,-0.23885
1784779462.496,-99.259209,306.554810,91.593,15.664,-0.01633,-0.24121
1784779462.647,-99.260803,307.077209,91.504,15.678,-0.01833,-0.24431
1784779462.799,-99.261398,307.600037,91.403,15.692,-0.01828,-0.24842
1784779462.952,-99.260910,308.123291,91.293,15.705,-0.01923,-0.25362
1784779463.108,-99.259430,308.647003,91.182,15.717,-0.01991,-0.25809
1784779463.261,-99.257042,309.171082,91.067,15.729,-0.02199,-0.25861
1784779463.411,-99.253624,309.695557,90.950,15.739,-0.03734,-0.25744
1784779463.564,-99.248978,310.220398,90.813,15.751,-0.05891,-0.25750
1784779463.716,-99.242798,310.745544,90.588,15.760,-0.07233,-0.25908
1784779463.872,-99.233994,311.270874,90.247,15.764,-0.08967,-0.26329
1784779464.031,-99.221344,311.796265,89.801,15.767,-0.09878,-0.27134
1784779464.183,-99.203812,312.321533,89.260,15.768,-0.11475,-0.28427
1784779464.336,-99.180664,312.846588,88.661,15.767,-0.13065,-0.30242
1784779464.488,-99.151596,313.371185,87.963,15.761,-0.14529,-0.32088
1784779464.640,-99.115662,313.895172,87.176,15.755,-0.08026,-0.33925
1784779464.793,-99.072166,314.416779,86.322,15.508,-0.09454,-0.36369
1784779464.952,-99.023117,314.915161,85.730,14.560,-0.09505,-0.39453
1784779465.105,-98.972900,315.381409,85.310,13.654,-0.08800,-0.42771
1784779465.259,-98.924026,315.820740,84.826,12.910,-0.10962,-0.46053
1784779465.413,-98.873779,316.237671,84.377,12.300,-0.12052,-0.49554
1784779465.564,-98.822151,316.635742,83.850,11.798,-0.20150,-0.69332
1784779465.717,-98.768456,317.018188,83.294,11.386,-0.18306,-0.57544
1784779465.872,-98.712402,317.387024,82.551,11.015,-0.19144,-0.61264
1784779466.025,-98.652863,317.744507,81.727,10.739,-0.14986,-0.64990
1784779466.178,-98.588715,318.093079,80.968,10.581,-0.15641,-0.71414
1784779466.330,-98.520729,318.439606,80.344,10.586,-0.14031,-0.93071
1784779466.482,-98.449707,318.785370,79.713,10.586,-0.24060,-0.60655
1784779466.635,-98.375488,319.130463,79.139,10.592,-0.34808,-0.59026
1784779466.792,-98.297821,319.473145,78.307,10.473,-0.37073,-0.57610
1784779466.944,-98.214905,319.809540,76.838,10.342,-0.36552,-0.58290
1784779467.098,-98.120453,320.139648,75.316,10.268,-0.15965,-0.63287
1784779467.256,-98.018219,320.458618,73.955,9.792,-0.13925,-0.61125
1784779467.408,-97.916252,320.759216,73.293,9.285,-0.26138,-0.55885
1784779467.562,-97.819763,321.044525,72.816,8.806,-0.26386,-0.55751
1784779467.716,-97.728676,321.315094,71.958,8.347,-0.29130,-0.56738
1784779467.872,-97.635468,321.570984,71.003,8.013,-0.25959,-0.58916
1784779468.028,-97.538513,321.814789,70.115,7.736,-0.21719,-0.73878
1784779468.183,-97.440712,322.050232,69.269,7.611,-0.24328,-0.78117
1784779468.336,-97.340912,322.284027,68.615,7.619,-0.21278,-0.98425
1784779468.491,-97.240005,322.517029,67.897,7.615,-0.16767,-1.20717
1784779468.647,-97.136490,322.748962,67.260,7.628,-0.25497,-0.49379
1784779468.800,-97.029678,322.980286,66.773,7.688,-0.53177,-0.49843
1784779468.957,-96.920074,323.213501,66.065,7.721,-0.71553,-0.50981
1784779469.117,-96.808975,323.440247,64.475,7.418,-0.70532,-0.40376
1784779469.275,-96.691772,323.652130,62.280,7.185,-0.64858,-0.33214
1784779469.435,-96.563568,323.854065,60.160,7.199,-0.58507,-0.31317
1784779469.595,-96.426346,324.054749,58.229,7.365,-0.53051,-0.30165
1784779469.754,-96.282349,324.257690,56.462,7.547,-0.47862,-0.29118
1784779469.913,-96.130959,324.462280,54.856,7.717,-0.43634,-0.28515
1784779470.078,-95.971321,324.667419,53.397,7.876,-0.39822,-0.29411
1784779470.238,-95.803284,324.872498,52.048,8.031,-0.33645,-0.31995
1784779470.399,-95.626053,325.078857,50.796,8.325,-0.29945,-0.26476
1784779470.562,-95.435944,325.291595,49.685,8.773,-0.26195,-0.24771
1784779470.720,-95.232483,325.512115,48.657,9.208,-0.23051,-0.24162
1784779470.885,-95.016037,325.739685,47.705,9.622,-0.19909,-0.22154
1784779471.055,-94.786736,325.973450,46.846,10.014,-0.16080,-0.20450
1784779471.159,-94.667427,326.092529,46.448,10.203,-0.14493,-0.19543
1784779471.302,-94.419876,326.334900,45.737,10.572,-0.10659,-0.17665
1784779471.406,-94.291840,326.458191,45.430,10.749,-0.09203,-0.16754
1784779471.547,-94.027916,326.709167,44.914,11.087,-0.05874,-0.14971
1784779471.704,-93.754456,326.965881,44.527,11.407,-0.03575,-0.13131
1784779471.863,-93.472244,327.228455,44.268,11.710,-0.01145,-0.11249
1784779472.022,-93.182175,327.496887,44.111,11.995,0.00510,-0.09334
1784779472.180,-92.884949,327.771179,44.059,12.257,0.02281,-0.07341
1784779472.340,-92.581436,328.051056,44.087,12.504,0.03505,-0.05240
1784779472.501,-92.272507,328.336761,44.193,12.734,0.01909,-0.03035
1784779472.657,-91.960205,328.627411,44.363,12.701,0.03165,-0.00732
1784779472.816,-91.658295,328.910400,44.509,12.175,0.04017,0.01581
1784779472.975,-91.368820,329.182800,44.628,11.716,0.05555,0.03807
1784779473.136,-91.089508,329.446289,44.815,11.338,0.06496,0.05815
1784779473.297,-90.819565,329.703125,45.043,11.025,0.07823,0.07428
1784779473.458,-90.557816,329.954773,45.310,10.768,0.10024,0.08587
1784779473.615,-90.300262,330.205170,45.635,10.838,0.10611,0.09304
1784779473.775,-90.039459,330.462219,46.060,11.122,0.10882,0.09608
1784779473.936,-89.773788,330.728455,46.514,11.419,0.11015,0.09464
1784779474.094,-89.503799,331.003540,46.988,11.697,0.10884,0.08959
1784779474.252,-89.229782,331.287231,47.479,11.959,0.10704,0.08223
1784779474.413,-88.952400,331.579346,47.975,12.204,0.10125,0.07388
1784779474.572,-88.672218,331.879669,48.471,12.433,0.09444,0.06608
1784779474.731,-88.389549,332.187866,48.951,12.651,0.07895,0.06035
1784779474.892,-88.104683,332.503540,49.406,12.855,0.06559,0.04947
1784779475.050,-87.817917,332.826324,49.805,13.046,0.05021,0.02910
1784779475.211,-87.529007,333.155579,50.127,13.229,0.01730,0.00224
1784779475.370,-87.237640,333.490479,50.382,13.402,-0.00275,-0.02652
1784779475.530,-86.943596,333.830566,50.501,13.566,-0.02888,-0.05853
1784779475.690,-86.646202,334.174744,50.476,13.719,-0.06472,-0.09588
1784779475.851,-86.344696,334.521790,50.330,13.861,-0.00846,-0.13724
1784779476.008,-86.039978,334.869812,50.009,13.725,-0.02873,-0.18247
1784779476.167,-85.744675,335.202667,49.814,13.025,-0.02067,-0.23030
1784779476.327,-85.463005,335.517914,49.750,12.401,-0.05757,-0.27719
1784779476.484,-85.194382,335.820190,49.618,11.891,-0.09560,-0.32029
1784779476.641,-84.934921,336.110046,49.392,11.470,-0.09519,-0.36166
1784779476.802,-84.682281,336.388855,49.027,11.120,0.02696,-0.40168
1784779476.962,-84.438217,336.653259,48.677,10.440,-0.07694,-0.60511
1784779477.122,-84.208893,336.898834,48.821,9.775,-0.08958,-0.55101
1784779477.283,-83.995094,337.131409,48.628,9.212,-0.08640,-0.50497
1784779477.441,-83.792358,337.351624,48.196,8.772,-0.06765,-0.52247
1784779477.601,-83.594925,337.558777,47.938,8.416,-0.05211,-0.53959
1784779477.763,-83.403931,337.757324,47.725,8.127,-0.09831,-0.56251
1784779477.922,-83.218895,337.949524,47.562,7.892,-0.01784,-0.68763
1784779478.083,-83.038734,338.136383,47.375,7.695,-0.16259,-0.61276
1784779478.243,-82.860680,338.320251,47.266,7.685,-0.25296,-0.63822
1784779478.401,-82.681786,338.503479,46.892,7.674,-0.33891,-0.66526
1784779478.561,-82.501602,338.684204,46.191,7.644,-0.47687,-0.56976
1784779478.723,-82.318634,338.859558,45.238,7.555,-0.58289,-0.49075
1784779478.882,-82.134895,339.027344,43.859,7.384,-0.60662,-0.49513
1784779479.042,-81.950348,339.185364,42.172,7.222,-0.55741,-0.50591
1784779479.205,-81.763657,339.333801,40.430,7.085,-0.59512,-0.42813
1784779479.365,-81.575058,339.474731,38.743,7.036,-0.62279,-0.39671
1784779479.481,-81.480042,339.542847,37.941,6.989,-0.63576,-0.39230
1784779479.587,-81.385056,339.609344,37.118,6.924,-0.61572,-0.38900
1784779479.730,-81.195511,339.736847,35.393,6.787,-0.59819,-0.38674
1784779479.888,-81.005234,339.855957,33.677,6.690,-0.53881,-0.46920
1784779480.051,-80.813400,339.967529,32.066,6.633,-0.51735,-0.48960
1784779480.212,-80.619751,340.073608,30.617,6.604,-0.58922,-0.51011
1784779480.372,-80.424782,340.175354,29.258,6.620,-0.57414,-0.52942
1784779480.536,-80.225990,340.274048,27.828,6.703,-0.54137,-0.70293
1784779480.695,-80.020935,340.369202,26.234,6.862,-0.52074,-0.73131
1784779480.852,-79.807205,340.459717,24.721,7.051,-0.48800,-0.76471
1784779481.011,-79.585495,340.546875,23.249,7.239,-0.45414,-0.80252
1784779481.171,-79.355942,340.631470,21.846,7.433,-0.44460,-0.37521
1784779481.325,-79.118698,340.713257,20.506,7.610,-0.42136,-0.31440
1784779481.484,-78.874542,340.791504,19.162,7.773,-0.39166,-0.31863
1784779481.646,-78.623276,340.865601,17.868,7.942,-0.35819,-0.28554
1784779481.802,-78.364670,340.935638,16.647,8.154,-0.32586,-0.27274
1784779481.964,-78.094528,341.003296,15.483,8.561,-0.30101,-0.26035
1784779482.123,-77.808846,341.069580,14.380,9.007,-0.27143,-0.24853
1784779482.280,-77.508102,341.133759,13.319,9.428,-0.24586,-0.23882
1784779482.440,-77.192940,341.195251,12.318,9.827,-0.21869,-0.23012
1784779482.597,-76.864075,341.253906,11.380,10.205,-0.19619,-0.22084
1784779482.753,-76.522186,341.309631,10.509,10.565,-0.17275,-0.20966
1784779482.915,-76.167999,341.362274,9.712,10.907,-0.15381,-0.19906
1784779483.075,-75.802185,341.411987,8.984,11.230,-0.13648,-0.18951
1784779483.233,-75.425446,341.458740,8.316,11.537,-0.11853,-0.17891
1784779483.390,-75.038322,341.502533,7.712,11.828,-0.10393,-0.16834
1784779483.547,-74.641418,341.543396,7.171,12.101,-0.08849,-0.15793
1784779483.707,-74.235413,341.581696,6.687,12.356,-0.07546,-0.14688
1784779483.864,-73.820992,341.617859,6.264,12.593,-0.06241,-0.13517
1784779484.021,-73.398712,341.652039,5.901,12.816,-0.05119,-0.12480
1784779484.175,-72.969048,341.684509,5.591,13.027,-0.04197,-0.11581
1784779484.335,-72.532440,341.715332,5.336,13.226,-0.03218,-0.10859
1784779484.490,-72.089218,341.744812,5.128,13.418,-0.02437,-0.10332
1784779484.647,-71.639801,341.773224,4.964,13.591,-0.01751,-0.09988
1784779484.810,-71.184959,341.800659,4.839,13.739,-0.01054,-0.09798
1784779484.974,-70.725243,341.827850,4.746,13.878,-0.00560,-0.09660
1784779485.078,-70.493660,341.841431,4.714,13.945,-0.00348,-0.09602
1784779485.213,-70.027267,341.868561,4.673,14.072,0.00014,-0.09508
1784779485.316,-69.792519,341.882141,4.661,14.132,0.00128,-0.09468
1784779485.453,-69.319931,341.909393,4.651,14.261,0.00337,-0.09397
1784779485.609,-68.843109,341.936584,4.656,14.387,0.00501,-0.09355
1784779485.769,-68.362617,341.963867,4.674,14.492,0.00631,-0.09324
1784779485.925,-67.878983,341.991516,4.698,14.589,0.00775,-0.09301
1784779486.083,-67.392120,342.020020,4.731,14.689,0.00851,-0.09431
1784779486.243,-66.903030,342.048889,4.771,14.719,0.00956,-0.09781
1784779486.403,-66.413300,342.078064,4.821,14.745,0.00983,-0.10162
1784779486.562,-65.922325,342.107391,4.876,14.779,0.01054,-0.10537
1784779486.721,-65.430115,342.137451,4.930,14.812,0.01057,-0.10956
1784779486.881,-64.936905,342.168365,4.987,14.845,0.01107,-0.11636
1784779487.040,-64.442352,342.199951,5.049,14.888,0.01068,-0.12519
1784779487.198,-63.946220,342.231873,5.110,14.934,0.01029,-0.13386
1784779487.359,-63.448578,342.264465,5.165,14.982,0.01066,-0.14198
1784779487.516,-62.949505,342.297882,5.218,15.024,0.01023,-0.14941
1784779487.677,-62.449188,342.332153,5.274,15.061,0.01040,-0.15608
1784779487.836,-61.947723,342.367188,5.331,15.095,0.00963,-0.16208
1784779487.991,-61.445148,342.402588,5.389,15.128,0.00945,-0.16781
1784779488.149,-60.941483,342.438263,5.442,15.161,0.00818,-0.17336
1784779488.305,-60.436691,342.474152,5.495,15.196,0.00787,-0.17878
1784779488.460,-59.930897,342.510803,5.537,15.226,0.00669,-0.18353
1784779488.621,-59.424191,342.548126,5.577,15.256,0.00551,-0.18768
1784779488.776,-58.916687,342.585876,5.614,15.276,0.00527,-0.19147
1784779488.929,-58.408440,342.623596,5.644,15.298,0.00428,-0.19535
1784779489.090,-57.899441,342.661316,5.668,15.319,0.00433,-0.19929
1784779489.246,-57.389790,342.699402,5.692,15.340,0.00346,-0.20292
1784779489.402,-56.879494,342.737915,5.712,15.360,0.00347,-0.20618
1784779489.561,-56.368553,342.776672,5.731,15.379,0.00262,-0.20924
1784779489.720,-55.857132,342.815521,5.749,15.392,0.00267,-0.21226
1784779489.876,-55.345222,342.854126,5.761,15.409,0.00201,-0.21556
1784779490.035,-54.832817,342.893005,5.772,15.424,0.00136,-0.21862
1784779490.193,-54.319927,342.932312,5.780,15.440,0.00073,-0.22130
1784779490.349,-53.806553,342.971802,5.786,15.455,0.00016,-0.22384
1784779490.507,-53.292694,343.011353,5.787,15.468,0.00042,-0.22529
1784779490.662,-52.778378,343.050659,5.788,15.482,-0.00000,-0.22523
1784779490.815,-52.263504,343.089966,5.787,15.498,0.00035,-0.22456
1784779490.972,-51.748123,343.129395,5.785,15.513,-0.00003,-0.22381
1784779491.130,-51.232254,343.168976,5.784,15.528,-0.00058,-0.22294
1784779491.285,-50.715885,343.208557,5.783,15.543,-0.00011,-0.22211
1784779491.442,-50.199009,343.248169,5.780,15.558,-0.00058,-0.22129
1784779491.599,-49.681679,343.287720,5.776,15.572,-0.00004,-0.22056
1784779491.756,-49.163918,343.327362,5.772,15.585,-0.00046,-0.21977
1784779491.916,-48.645706,343.366943,5.770,15.598,-0.00092,-0.21907
1784779492.073,-48.127045,343.406586,5.766,15.611,-0.00038,-0.21835
1784779492.229,-47.607933,343.446106,5.762,15.625,-0.00074,-0.21779
1784779492.390,-47.088356,343.485748,5.757,15.639,-0.00014,-0.21713
1784779492.548,-46.568382,343.525452,5.752,15.649,-0.00050,-0.21645
1784779492.701,-46.048058,343.565186,5.750,15.659,-0.00095,-0.21576
1784779492.859,-45.527382,343.604797,5.747,15.669,-0.00039,-0.21522
1784779493.015,-45.006371,343.644348,5.743,15.678,-0.00107,-0.21477
1784779493.170,-44.485008,343.683899,5.738,15.690,-0.00130,-0.21434
1784779493.329,-43.963276,343.723572,5.730,15.701,-0.00327,-0.21382
1784779493.485,-43.441307,343.763306,5.721,15.709,-0.00514,-0.21325
1784779493.640,-42.919083,343.802795,5.700,15.716,-0.00537,-0.21295
1784779493.799,-42.396576,343.841949,5.672,15.724,-0.00657,-0.21301
1784779493.957,-41.873791,343.880829,5.639,15.731,-0.00750,-0.21335
1784779494.112,-41.350700,343.919373,5.598,15.741,-0.00707,-0.21406
1784779494.270,-40.827236,343.957703,5.555,15.751,-0.00761,-0.21501
1784779494.426,-40.303402,343.995605,5.512,15.761,-0.00700,-0.21641
1784779494.581,-39.779205,344.033020,5.467,15.771,-0.00732,-0.21832
1784779494.742,-39.254646,344.070068,5.422,15.781,-0.00752,-0.22063
1784779494.899,-38.729721,344.106750,5.377,15.792,-0.00665,-0.22333
1784779495.002,-38.467110,344.124939,5.355,15.797,-0.00717,-0.22484
1784779495.132,-37.941608,344.161133,5.310,15.807,-0.00625,-0.22807
1784779495.237,-37.679283,344.179077,5.290,15.724,-0.00674,-0.22981
1784779495.384,-37.160244,344.214264,5.249,15.561,-0.00586,-0.23356
1784779495.543,-36.642448,344.249023,5.211,15.572,-0.00592,-0.23715
1784779495.710,-36.124214,344.283447,5.176,15.584,-0.00505,-0.23740
1784779495.872,-35.605644,344.317566,5.145,15.595,-0.00516,-0.23447
1784779496.029,-35.086716,344.351379,5.114,15.607,-0.00521,-0.23150
1784779496.188,-34.567417,344.385040,5.083,15.619,-0.00433,-0.22870
1784779496.346,-34.047695,344.418701,5.056,15.633,-0.00442,-0.22592
1784779496.502,-33.527458,344.452026,5.030,15.648,-0.00360,-0.22351
1784779496.661,-33.006706,344.485107,5.003,15.662,-0.00359,-0.22138
1784779496.819,-32.485477,344.517944,4.981,15.676,-0.00366,-0.21952
1784779496.973,-31.963734,344.550598,4.960,15.692,-0.00283,-0.21787
1784779497.131,-31.441441,344.583191,4.940,15.707,-0.00291,-0.21631
1784779497.291,-30.918577,344.615875,4.922,15.725,-0.00216,-0.21469
1784779497.455,-30.395084,344.648315,4.906,15.744,-0.00228,-0.21336
1784779497.619,-29.870975,344.680481,4.892,15.762,-0.00243,-0.21234
1784779497.783,-29.346245,344.712677,4.879,15.780,-0.00168,-0.21132
1784779497.946,-28.820957,344.744812,4.865,15.795,-0.00191,-0.21040
1784779498.108,-28.295143,344.776917,4.853,15.812,-0.00369,-0.20954
1784779498.265,-27.771996,344.808807,4.841,15.611,-0.00518,-0.20874
1784779498.423,-27.253654,344.840210,4.822,15.586,-0.00840,-0.20813
1784779498.578,-26.734650,344.871368,4.788,15.604,-0.00946,-0.20781
1784779498.738,-26.215076,344.902100,4.738,15.620,-0.01157,-0.20795
1784779498.898,-25.695004,344.932281,4.680,15.636,-0.01329,-0.20867
1784779499.059,-25.174372,344.961853,4.610,15.652,-0.01317,-0.21003
1784779499.215,-24.653133,344.990784,4.532,15.670,-0.01403,-0.21207
1784779499.381,-24.131275,345.019043,4.450,15.687,-0.01340,-0.21481
1784779499.486,-23.870119,345.032959,4.407,15.695,-0.01417,-0.21641
1784779499.621,-23.347347,345.060120,4.323,15.712,-0.01331,-0.22031
1784779499.725,-23.085743,345.073456,4.282,15.721,-0.01398,-0.22251
1784779499.858,-22.562088,345.099457,4.198,15.739,-0.01296,-0.22762
1784779500.017,-22.037785,345.124634,4.117,15.758,-0.01287,-0.23358
1784779500.171,-21.512814,345.149200,4.037,15.776,-0.01269,-0.24020
1784779500.325,-20.987202,345.173157,3.959,15.795,-0.01149,-0.24746
1784779500.484,-20.460941,345.196442,3.886,15.814,-0.01123,-0.25543
1784779500.643,-19.937235,345.218994,3.818,15.615,-0.01004,-0.26016
1784779500.796,-19.418232,345.240784,3.755,15.590,-0.01001,-0.25754
1784779500.953,-18.898504,345.262024,3.695,15.609,-0.01071,-0.25160
1784779501.110,-18.378159,345.282715,3.636,15.629,-0.01059,-0.24623
1784779501.266,-17.857214,345.302917,3.576,15.648,-0.01211,-0.24136
1784779501.421,-17.335608,345.322601,3.511,15.667,-0.01351,-0.23703
1784779501.578,-16.813427,345.341736,3.437,15.681,-0.01327,-0.23327
1784779501.733,-16.290789,345.360199,3.358,15.693,-0.01442,-0.23019
1784779501.889,-15.767711,345.377808,3.277,15.705,-0.01441,-0.22797
1784779502.045,-15.244195,345.394653,3.193,15.718,-0.01573,-0.22654
1784779502.200,-14.720232,345.410828,3.104,15.732,-0.01675,-0.22579
1784779502.359,-14.195836,345.426147,3.008,15.743,-0.01643,-0.22590
1784779502.517,-13.671082,345.440430,2.912,15.755,-0.01757,-0.22706
1784779502.672,-13.145957,345.453857,2.812,15.767,-0.01715,-0.22909
1784779502.831,-12.620422,345.466370,2.707,15.778,-0.01777,-0.23204
1784779502.986,-12.094448,345.477936,2.603,15.791,-0.01827,-0.23595
1784779503.142,-11.568013,345.488647,2.496,15.804,-0.01742,-0.24080
1784779503.302,-11.041658,345.498352,2.390,15.729,-0.01756,-0.24657
1784779503.461,-10.521237,345.507141,2.286,15.570,-0.01756,-0.25022
1784779503.618,-10.001923,345.514954,2.183,15.585,-0.01639,-0.25171
1784779503.774,-9.482063,345.521667,2.082,15.600,-0.01606,-0.25193
1784779503.931,-8.961756,345.527466,1.985,15.615,-0.01486,-0.25134
1784779504.084,-8.441033,345.532532,1.892,15.629,-0.01518,-0.25141
1784779504.241,-7.919865,345.536926,1.802,15.642,-0.01575,-0.25132
1784779504.396,-7.398277,345.540588,1.712,15.655,-0.01505,-0.24942
1784779504.552,-6.876218,345.543304,1.622,15.670,-0.01528,-0.24687
1784779504.713,-6.353670,345.545105,1.532,15.685,-0.01426,-0.24523
1784779504.871,-5.830629,345.545990,1.442,15.700,-0.01498,-0.24354
1784779505.024,-5.307092,345.546143,1.356,15.715,-0.01731,-0.24050
1784779505.180,-4.783040,345.545593,1.266,15.730,-0.01805,-0.23729
1784779505.334,-4.258460,345.544250,1.166,15.747,-0.02014,-0.23486
1784779505.489,-3.733271,345.541992,1.056,15.765,-0.02269,-0.23301
1784779505.646,-3.207468,345.538483,0.935,15.784,-0.02373,-0.23195
1784779505.800,-2.681056,345.533752,0.804,15.803,-0.02631,-0.23197
1784779505.955,-2.154598,345.527771,0.659,15.732,-0.02663,-0.23325
1784779506.111,-1.634033,345.520508,0.503,15.575,-0.02960,-0.23585
1784779506.268,-1.114560,345.511871,0.343,15.591,-0.03359,-0.23984
1784779506.421,-0.594519,345.501648,0.167,15.608,-0.03489,-0.24508
1784779506.582,-0.074003,345.489746,-0.026,15.626,-0.03886,-0.24978
1784779506.748,0.447014,345.475952,-0.236,15.644,-0.04280,-0.25413
1784779506.903,0.968512,345.460052,-0.467,15.659,-0.04390,-0.26031
1784779507.059,1.490367,345.442017,-0.717,15.672,-0.04788,-0.26861
1784779507.212,2.012572,345.421509,-0.979,15.685,-0.04927,-0.27938
1784779507.364,2.535118,345.398499,-1.258,15.698,-0.05296,-0.29070
1784779507.524,3.057997,345.372864,-1.552,15.712,-0.05746,-0.29748
1784779507.678,3.581171,345.344360,-1.862,15.725,-0.05889,-0.30256
1784779507.836,4.104605,345.312927,-2.200,15.738,-0.06261,-0.31033
1784779507.994,4.628260,345.278137,-2.553,15.751,-0.06389,-0.31892
1784779508.152,5.152105,345.239990,-2.921,15.763,-0.06775,-0.32541
1784779508.253,5.414091,345.219696,-3.113,15.770,-0.06814,-0.32849
1784779508.399,5.938145,345.176270,-3.510,15.781,-0.07246,-0.33748
1784779508.509,6.200201,345.153198,-3.715,15.788,-0.07328,-0.34312
1784779508.657,6.724347,345.104065,-4.138,15.800,-0.07739,-0.35268
1784779508.758,6.986431,345.077972,-4.357,15.806,-0.07777,-0.35571
1784779508.882,7.510038,345.022644,-4.803,15.730,-0.08205,-0.36140
1784779509.024,8.027122,344.963806,-5.267,15.566,-0.08266,-0.36880
1784779509.161,8.542400,344.900818,-5.756,15.576,-0.08483,-0.37440
1784779509.310,9.057496,344.833435,-6.248,15.586,-0.08711,-0.38059
1784779509.420,9.314919,344.798065,-6.500,15.591,-0.08711,-0.38461
1784779509.567,9.829493,344.723816,-7.004,15.600,-0.09072,-0.39091
1784779509.738,10.343637,344.644928,-7.521,15.609,-0.09051,-0.39568
1784779509.906,10.857311,344.561249,-8.053,15.616,-0.09349,-0.40314
1784779510.072,11.370432,344.472687,-8.591,15.624,-0.09339,-0.40784
1784779510.236,11.882912,344.379272,-9.138,15.630,-0.09523,-0.41112
1784779510.339,12.138894,344.330750,-9.417,15.634,-0.09433,-0.41404
1784779510.484,12.650233,344.229858,-9.980,15.638,-0.09572,-0.41872
1784779510.595,12.905573,344.177490,-10.262,15.640,-0.09528,-0.41992
1784779510.742,13.415567,344.068848,-10.820,15.644,-0.09768,-0.42308
1784779510.843,13.670214,344.012634,-11.104,15.646,-0.09698,-0.42576
1784779510.987,14.178743,343.896606,-11.682,15.649,-0.09743,-0.42748
1784779511.096,14.432604,343.836639,-11.972,15.651,-0.09659,-0.42633
1784779511.241,14.939480,343.712738,-12.545,15.655,-0.09902,-0.42535
1784779511.409,15.445187,343.583801,-13.123,15.657,-0.09819,-0.42535
1784779511.514,15.697548,343.517395,-13.418,15.656,-0.10066,-0.42444
1784779511.668,16.201199,343.380554,-14.006,15.656,-0.10366,-0.42209
1784779511.780,16.452478,343.310181,-14.300,15.656,-0.10375,-0.42263
1784779511.939,16.953917,343.165649,-14.902,15.654,-0.10310,-0.42722
1784779512.042,17.204041,343.091431,-15.211,15.653,-0.10231,-0.42927
1784779512.190,17.703035,342.938904,-15.828,15.653,-0.10333,-0.42839
1784779512.298,17.951897,342.860596,-16.133,15.653,-0.10571,-0.42655
1784779512.448,18.448278,342.700012,-16.746,15.649,-0.10475,-0.42570
1784779512.620,18.942772,342.534088,-17.370,15.644,-0.10563,-0.42423
1784779512.786,19.435329,342.362946,-17.992,15.641,-0.10562,-0.42108
1784779512.889,19.680855,342.275360,-18.301,15.639,-0.10458,-0.42110
1784779513.033,20.170366,342.096222,-18.923,15.635,-0.10258,-0.42539
1784779513.144,20.414343,342.004639,-19.235,15.634,-0.10156,-0.42827
1784779513.292,20.900721,341.817627,-19.849,15.632,-0.10179,-0.42987
1784779513.394,21.143116,341.722168,-20.151,15.631,-0.10264,-0.42909
1784779513.540,21.626320,341.527435,-20.756,15.628,-0.09971,-0.43041
1784779513.649,21.867107,341.428223,-21.060,15.625,-0.09819,-0.43309
1784779513.791,22.347012,341.226013,-21.661,15.622,-0.09749,-0.43923
1784779513.892,22.586136,341.123108,-21.955,15.620,-0.09587,-0.44012
1784779514.041,23.062752,340.913605,-22.530,15.617,-0.09573,-0.43743
1784779514.154,23.300240,340.807129,-22.816,15.615,-0.09470,-0.43678
1784779514.310,23.773582,340.590637,-23.386,15.612,-0.09526,-0.43467
1784779514.480,24.244734,340.369568,-23.946,15.610,-0.09480,-0.42685
1784779514.646,24.713627,340.143921,-24.504,15.608,-0.09480,-0.41842
1784779514.748,24.947182,340.029358,-24.783,15.607,-0.09392,-0.41617
1784779514.893,25.412558,339.796936,-25.339,15.606,-0.09232,-0.41360
1784779515.004,25.644375,339.679077,-25.618,15.605,-0.09127,-0.41127
1784779515.148,26.106255,339.439941,-26.171,15.603,-0.09491,-0.40342
1784779515.313,26.565754,339.196594,-26.714,15.600,-0.09414,-0.39730
1784779515.415,26.794601,339.073303,-26.991,15.598,-0.09346,-0.39610
1784779515.562,27.250502,338.823456,-27.552,15.598,-0.09447,-0.39471
1784779515.672,27.477518,338.696838,-27.829,15.598,-0.09393,-0.39262
1784779515.815,27.929680,338.440125,-28.378,15.599,-0.09616,-0.38662
1784779515.981,28.379358,338.179077,-28.937,15.599,-0.09465,-0.38367
1784779516.147,28.826477,337.913696,-29.507,15.600,-0.09469,-0.38509
1784779516.312,29.270996,337.643677,-30.068,15.604,-0.09551,-0.38697
1784779516.476,29.713039,337.369415,-30.630,15.609,-0.09404,-0.38880
1784779516.644,30.152525,337.090881,-31.188,15.613,-0.09438,-0.39351
1784779516.745,30.371273,336.949982,-31.468,15.615,-0.09302,-0.39468
1784779516.893,30.806755,336.664856,-32.021,15.620,-0.09341,-0.39460
1784779517.004,31.023502,336.520691,-32.298,15.622,-0.09265,-0.39493
1784779517.150,31.455002,336.229126,-32.852,15.628,-0.09382,-0.39939
1784779517.314,31.883875,335.933289,-33.402,15.636,-0.09172,-0.40587
1784779517.482,32.310204,335.633240,-33.953,15.646,-0.09181,-0.40743
1784779517.649,32.733997,335.328979,-34.498,15.658,-0.09044,-0.40749
1784779517.815,33.155128,335.020416,-35.037,15.670,-0.09230,-0.40865
1784779517.916,33.364723,334.864563,-35.307,15.677,-0.09453,-0.40787
1784779518.059,33.781925,334.549591,-35.852,15.690,-0.09419,-0.40462
1784779518.169,33.989536,334.390533,-36.130,15.697,-0.09420,-0.40429
1784779518.313,34.402725,334.069153,-36.692,15.713,-0.09716,-0.40245
1784779518.415,34.608311,333.906860,-36.972,15.721,-0.09948,-0.40018
1784779518.560,35.017414,333.579010,-37.545,15.737,-0.09809,-0.39491
1784779518.674,35.220890,333.413391,-37.839,15.746,-0.10006,-0.39405
1784779518.823,35.625523,333.078766,-38.428,15.763,-0.09860,-0.39607
1784779518.924,35.826668,332.909698,-38.723,15.772,-0.09768,-0.39702
1784779519.070,36.226658,332.568054,-39.316,15.791,-0.09751,-0.39656
1784779519.180,36.425529,332.395599,-39.610,15.801,-0.09799,-0.39569
1784779519.329,36.820618,332.047607,-40.197,15.734,-0.09430,-0.39794
1784779519.435,37.015244,331.873566,-40.486,15.614,-0.09223,-0.40101
1784779519.576,37.399796,331.524445,-41.055,15.591,-0.09076,-0.40616
1784779519.685,37.591011,331.348236,-41.332,15.603,-0.08965,-0.40686
1784779519.829,37.971352,330.992737,-41.868,15.627,-0.09108,-0.40645
1784779519.929,38.160488,330.813507,-42.134,15.639,-0.09028,-0.40762
1784779520.073,38.536682,330.452026,-42.673,15.662,-0.08866,-0.41363
1784779520.183,38.723686,330.269806,-42.943,15.673,-0.09084,-0.41594
1784779520.330,39.095459,329.902252,-43.474,15.696,-0.09247,-0.41714
1784779520.432,39.280247,329.716949,-43.739,15.707,-0.09168,-0.41593
1784779520.573,39.647640,329.343445,-44.282,15.728,-0.08929,-0.41616
1784779520.683,39.830208,329.155243,-44.558,15.738,-0.08773,-0.41937
1784779520.828,40.193008,328.775757,-45.100,15.760,-0.08897,-0.40645
1784779520.932,40.373238,328.584534,-45.364,15.771,-0.08796,-0.40087
1784779521.080,40.731468,328.199249,-45.889,15.792,-0.08860,-0.39323
1784779521.192,40.909447,328.005188,-46.155,15.803,-0.08742,-0.39109
1784779521.346,41.262630,327.614563,-46.687,15.735,-0.08656,-0.38653
1784779521.450,41.436386,327.419617,-46.948,15.615,-0.08524,-0.38325
1784779521.593,41.779388,327.029541,-47.459,15.591,-0.08582,-0.37662
1784779521.705,41.949806,326.833130,-47.714,15.601,-0.08508,-0.37480
1784779521.852,42.288399,326.437866,-48.223,15.621,-0.08540,-0.37444
1784779521.955,42.456520,326.238892,-48.477,15.630,-0.08417,-0.37602
1784779522.098,42.790367,325.838470,-48.978,15.648,-0.08183,-0.38262
1784779522.212,42.956070,325.636963,-49.229,15.656,-0.08070,-0.38691
1784779522.357,43.285103,325.231506,-49.724,15.674,-0.08143,-0.38939
1784779522.462,43.448463,325.027557,-49.965,15.682,-0.08283,-0.38773
1784779522.606,43.772957,324.617310,-50.441,15.699,-0.08124,-0.38358
1784779522.720,43.934082,324.411102,-50.685,15.707,-0.08031,-0.38212
1784779522.865,44.253956,323.996216,-51.176,15.724,-0.08069,-0.37674
1784779522.969,44.412640,323.787506,-51.417,15.733,-0.08165,-0.37310
1784779523.113,44.727554,323.367798,-51.898,15.748,-0.07895,-0.36800
1784779523.228,44.883781,323.156799,-52.141,15.755,-0.07947,-0.36711
1784779523.374,45.193794,322.732544,-52.623,15.770,-0.07703,-0.36865
1784779523.478,45.347595,322.519348,-52.859,15.777,-0.07602,-0.37059
1784779523.624,45.652824,322.090759,-53.327,15.792,-0.07573,-0.37156
1784779523.736,45.804260,321.875397,-53.556,15.800,-0.07618,-0.37024
1784779523.883,46.104774,321.442566,-54.012,15.814,-0.07312,-0.36749
1784779523.989,46.253532,321.225616,-54.239,15.732,-0.07138,-0.36757
1784779524.136,46.545292,320.794464,-54.681,15.572,-0.06940,-0.36970
1784779524.250,46.689529,320.578613,-54.895,15.578,-0.06817,-0.36953
1784779524.399,46.975883,320.145020,-55.312,15.592,-0.06949,-0.36531
1784779524.504,47.118019,319.927307,-55.516,15.600,-0.07165,-0.36254
1784779524.653,47.400192,319.490173,-55.924,15.613,-0.07072,-0.35970
1784779524.767,47.540207,319.270782,-56.132,15.619,-0.06995,-0.35941
1784779524.914,47.817986,318.830200,-56.555,15.631,-0.06973,-0.35748
1784779525.086,48.092613,318.387146,-56.969,15.644,-0.06882,-0.35252
1784779525.190,48.228779,318.164703,-57.174,15.650,-0.06739,-0.35047
1784779525.298,48.364220,317.941711,-57.379,15.656,-0.06581,-0.34908
1784779525.453,48.632923,317.494080,-57.786,15.669,-0.06364,-0.34543
1784779525.560,48.766182,317.269409,-57.984,15.676,-0.06180,-0.34292
1784779525.716,49.030563,316.818451,-58.366,15.689,-0.06069,-0.33885
1784779525.832,49.161728,316.592194,-58.553,15.696,-0.05998,-0.33808
1784779525.981,49.422066,316.138062,-58.918,15.710,-0.05937,-0.33831
1784779526.081,49.551247,315.910278,-59.098,15.717,-0.06145,-0.33755
1784779526.210,49.807693,315.453186,-59.453,15.732,-0.06265,-0.33333
1784779526.354,50.061569,314.994049,-59.814,15.747,-0.06116,-0.32960
1784779526.496,50.312733,314.532837,-60.186,15.762,-0.06057,-0.32922
1784779526.636,50.561028,314.069489,-60.553,15.779,-0.05786,-0.33239
1784779526.780,50.806572,313.604065,-60.916,15.795,-0.05887,-0.33843
1784779526.927,51.049690,313.136749,-61.265,15.811,-0.06320,-0.33799
1784779527.037,51.170120,312.902893,-61.440,15.731,-0.06387,-0.33368
1784779527.177,51.406387,312.439026,-61.792,15.575,-0.06749,-0.32356
1784779527.343,51.639069,311.974518,-62.171,15.592,-0.06937,-0.31687
1784779527.507,51.868614,311.507812,-62.569,15.611,-0.06798,-0.31396
1784779527.671,52.095020,311.038818,-62.975,15.630,-0.06779,-0.31487
1784779527.834,52.318542,310.567902,-63.379,15.651,-0.06703,-0.31922
1784779527.998,52.539238,310.094910,-63.776,15.672,-0.07150,-0.32702
1784779528.165,52.757088,309.619751,-64.177,15.696,-0.07295,-0.33786
1784779528.330,52.971664,309.142242,-64.602,15.719,-0.07608,-0.34434
1784779528.431,53.077660,308.902618,-64.818,15.730,-0.07590,-0.34421
1784779528.575,53.287025,308.421509,-65.256,15.756,-0.07726,-0.34205
1784779528.687,53.390438,308.180054,-65.483,15.769,-0.07826,-0.34227
1784779528.838,53.594666,307.695190,-65.946,15.797,-0.07564,-0.34586
1784779528.944,53.695473,307.451843,-66.178,15.811,-0.07407,-0.34922
1784779529.097,53.894257,306.963806,-66.640,15.753,-0.07208,-0.35907
1784779529.212,53.991386,306.721069,-66.862,15.637,-0.07028,-0.36556
1784779529.361,54.181885,306.236847,-67.296,15.623,-0.06648,-0.37921
1784779529.468,54.275948,305.993774,-67.508,15.639,-0.06464,-0.38844
1784779529.620,54.461693,305.506042,-67.913,15.672,-0.06472,-0.37701
1784779529.734,54.553425,305.261261,-68.107,15.688,-0.06333,-0.37323
1784779529.886,54.734768,304.770203,-68.489,15.720,-0.06166,-0.36818
1784779529.988,54.824387,304.523865,-68.680,15.736,-0.05995,-0.36692
1784779530.140,55.001488,304.029602,-69.056,15.767,-0.05744,-0.36694
1784779530.247,55.088970,303.781677,-69.237,15.783,-0.05557,-0.36823
1784779530.389,55.261856,303.284241,-69.589,15.813,-0.05223,-0.37329
1784779530.550,55.432003,302.785339,-69.921,15.758,-0.04999,-0.38815
1784779530.712,55.597771,302.290680,-70.227,15.613,-0.05294,-0.36017
1784779530.873,55.760777,301.795837,-70.522,15.640,-0.05346,-0.34122
1784779531.037,55.921387,301.299255,-70.833,15.666,-0.05155,-0.32506
1784779531.199,56.079468,300.800964,-71.146,15.692,-0.05042,-0.31180
1784779531.359,56.235069,300.301056,-71.454,15.718,-0.04881,-0.30138
1784779531.522,56.388481,299.799500,-71.754,15.744,-0.04593,-0.29351
1784779531.687,56.539669,299.296570,-72.042,15.762,-0.04540,-0.28817
1784779531.849,56.688156,298.792206,-72.320,15.780,-0.04418,-0.28582
1784779532.013,56.834419,298.286499,-72.592,15.799,-0.04458,-0.28558
1784779532.177,56.978603,297.779633,-72.859,15.817,-0.04458,-0.28419
1784779532.339,57.119827,297.274689,-73.126,15.619,-0.04269,-0.28155
1784779532.502,57.257362,296.773773,-73.386,15.587,-0.04187,-0.28089
1784779532.663,57.392387,296.271729,-73.640,15.604,-0.04061,-0.28294
1784779532.826,57.525375,295.768524,-73.891,15.625,-0.03793,-0.28726
1784779532.992,57.656601,295.264221,-74.131,15.646,-0.03561,-0.29144
1784779533.153,57.786064,294.758698,-74.358,15.671,-0.03742,-0.28918
1784779533.312,57.913540,294.251831,-74.573,15.695,-0.04136,-0.28318
1784779533.476,58.039040,293.743652,-74.801,15.717,-0.04429,-0.27903
1784779533.637,58.162403,293.234100,-75.053,15.741,-0.04404,-0.27728
1784779533.800,58.283890,292.723175,-75.319,15.765,-0.04497,-0.27767
1784779533.963,58.403442,292.210999,-75.589,15.791,-0.04522,-0.28024
1784779534.132,58.520676,291.697235,-75.859,15.818,-0.04348,-0.28531
1784779534.234,58.578232,291.440338,-75.993,15.742,-0.04267,-0.28771
1784779534.377,58.690247,290.931427,-76.256,15.591,-0.04342,-0.28889
1784779534.485,58.745232,290.677307,-76.384,15.603,-0.04320,-0.28775
1784779534.628,58.853600,290.168091,-76.641,15.619,-0.04441,-0.28625
1784779534.790,58.960155,289.658020,-76.902,15.636,-0.04498,-0.28670
1784779534.953,59.064579,289.147003,-77.167,15.653,-0.04345,-0.28944
1784779535.116,59.166714,288.635010,-77.431,15.668,-0.04297,-0.29461
1784779535.278,59.266529,288.122070,-77.692,15.681,-0.04244,-0.30224
1784779535.378,59.315582,287.865295,-77.821,15.687,-0.04180,-0.30696
1784779535.521,59.412025,287.351196,-78.073,15.697,-0.04117,-0.31813
1784779535.630,59.459404,287.093872,-78.198,15.702,-0.04101,-0.32313
1784779535.770,59.552563,286.578583,-78.445,15.711,-0.04261,-0.32397
1784779535.872,59.598335,286.320709,-78.567,15.716,-0.04434,-0.31995
1784779536.013,59.688301,285.804443,-78.813,15.726,-0.04403,-0.31100
1784779536.121,59.732483,285.546021,-78.942,15.731,-0.04536,-0.30735
1784779536.263,59.819115,285.028717,-79.208,15.742,-0.04406,-0.30182
1784779536.428,59.903336,284.510651,-79.476,15.755,-0.04383,-0.29879
1784779536.591,59.985249,283.991760,-79.740,15.769,-0.04311,-0.29818
1784779536.754,60.064800,283.472046,-80.002,15.784,-0.04097,-0.30002
1784779536.919,60.142033,282.951447,-80.257,15.799,-0.04024,-0.30184
1784779537.081,60.217049,282.429993,-80.502,15.817,-0.03823,-0.29931
1784779537.241,60.289520,281.910706,-80.738,15.618,-0.03731,-0.29562
1784779537.404,60.359322,281.395874,-80.966,15.595,-0.03613,-0.29397
1784779537.567,60.427322,280.880005,-81.188,15.618,-0.03371,-0.29424
1784779537.729,60.493408,280.363098,-81.401,15.641,-0.03314,-0.29654
1784779537.897,60.557716,279.845245,-81.604,15.664,-0.03208,-0.30045
1784779538.061,60.620327,279.326447,-81.801,15.687,-0.03267,-0.30084
1784779538.222,60.681225,278.806702,-81.992,15.709,-0.03298,-0.29509
1784779538.322,60.711037,278.546509,-82.087,15.719,-0.03234,-0.29178
1784779538.463,60.769440,278.025452,-82.282,15.739,-0.03251,-0.28563
1784779538.570,60.798035,277.764587,-82.380,15.749,-0.03204,-0.28234
1784779538.712,60.853958,277.242249,-82.572,15.769,-0.03297,-0.27545
1784779538.878,60.908195,276.719055,-82.765,15.791,-0.03208,-0.26996
1784779539.044,60.960629,276.195007,-82.960,15.808,-0.03227,-0.26634
1784779539.205,61.010994,275.673462,-83.154,15.607,-0.03259,-0.26455
1784779539.306,61.035324,275.415039,-83.250,15.572,-0.03235,-0.26429
1784779539.447,61.082787,274.897766,-83.440,15.589,-0.03238,-0.26371
1784779539.580,61.105892,274.638794,-83.536,15.597,-0.03431,-0.26333
1784779539.680,61.128578,274.379700,-83.632,15.606,-0.03425,-0.26290
1784779539.821,61.172619,273.860962,-83.825,15.625,-0.03560,-0.26324
1784779539.928,61.193962,273.601257,-83.926,15.635,-0.03522,-0.26411
1784779540.069,61.235210,273.081451,-84.132,15.650,-0.03556,-0.26732
1784779540.231,61.274628,272.561035,-84.344,15.663,-0.03404,-0.27240
1784779540.395,61.312225,272.040039,-84.554,15.677,-0.03354,-0.27720
1784779540.556,61.348000,271.518433,-84.758,15.691,-0.03174,-0.27801
1784779540.719,61.381985,270.996277,-84.956,15.705,-0.03125,-0.27757
1784779540.884,61.414200,270.473541,-85.148,15.718,-0.03065,-0.27891
1784779541.047,61.444550,269.950226,-85.335,15.731,-0.02869,-0.28206
1784779541.209,61.473167,269.426422,-85.517,15.741,-0.02764,-0.28439
1784779541.375,61.500370,268.902191,-85.691,15.752,-0.02651,-0.28365
1784779541.476,61.513443,268.639893,-85.773,15.757,-0.02550,-0.28309
1784779541.619,61.538528,268.115051,-85.935,15.767,-0.02428,-0.28303
1784779541.725,61.550522,267.852448,-86.013,15.772,-0.02320,-0.28355
1784779541.870,61.573441,267.327026,-86.160,15.781,-0.02108,-0.28523
1784779542.032,61.595001,266.801270,-86.299,15.788,-0.01984,-0.28272
1784779542.193,61.615395,266.275330,-86.425,15.794,-0.01872,-0.27484
1784779542.357,61.634739,265.749084,-86.542,15.800,-0.01683,-0.26701
1784779542.518,61.653053,265.223145,-86.653,15.718,-0.01578,-0.26021
1784779542.681,61.670189,264.703461,-86.754,15.550,-0.01494,-0.25444
1784779542.845,61.686424,264.185272,-86.848,15.554,-0.01334,-0.24955
1784779543.008,61.701828,263.666809,-86.935,15.559,-0.01264,-0.24549
1784779543.171,61.716446,263.148254,-87.017,15.565,-0.01109,-0.24189
1784779543.272,61.723495,262.888916,-87.056,15.567,-0.01115,-0.23992
1784779543.414,61.737122,262.370087,-87.128,15.572,-0.00955,-0.23555
1784779543.523,61.743710,262.110626,-87.161,15.575,-0.00945,-0.23343
1784779543.664,61.756474,261.591553,-87.223,15.579,-0.00776,-0.22961
1784779543.828,61.768692,261.072327,-87.278,15.584,-0.00689,-0.22633
1784779543.992,61.780556,260.552856,-87.325,15.591,-0.00556,-0.22342
1784779544.153,61.792091,260.033203,-87.365,15.600,-0.00555,-0.22084
1784779544.317,61.803223,259.513275,-87.397,15.608,-0.00582,-0.21866
1784779544.479,61.813969,258.993042,-87.429,15.618,-0.00508,-0.21688
1784779544.641,61.824203,258.472473,-87.462,15.628,-0.00514,-0.21561
1784779544.807,61.834206,257.951538,-87.496,15.640,-0.00418,-0.21458
1784779544.977,61.844276,257.430176,-87.528,15.655,-0.00403,-0.21349
1784779545.143,61.854130,256.908142,-87.558,15.670,-0.00358,-0.21261
1784779545.245,61.858925,256.646942,-87.572,15.678,-0.00295,-0.21220
1784779545.389,61.868233,256.124146,-87.595,15.696,-0.00254,-0.21124
1784779545.503,61.872719,255.862488,-87.605,15.707,-0.00196,-0.21075
1784779545.649,61.881508,255.338593,-87.621,15.729,-0.00083,-0.20992
1784779545.751,61.885887,255.076416,-87.628,15.739,-0.00111,-0.20951
1784779545.899,61.894741,254.551544,-87.637,15.759,-0.00017,-0.20862
1784779546.011,61.899181,254.288879,-87.640,15.769,-0.00059,-0.20826
1784779546.157,61.908070,253.763031,-87.645,15.789,0.00017,-0.20841
1784779546.259,61.912498,253.499817,-87.646,15.801,-0.00024,-0.20895
1784779546.404,61.921257,252.973419,-87.648,15.736,0.00040,-0.21044
1784779546.516,61.925529,252.712341,-87.648,15.616,-0.00013,-0.21125
1784779546.663,61.934036,252.192902,-87.650,15.593,0.00012,-0.21258
1784779546.766,61.938332,251.932892,-87.651,15.604,0.00014,-0.21265
1784779546.913,61.946991,251.412323,-87.654,15.625,-0.00098,-0.21151
1784779547.025,61.951340,251.151825,-87.655,15.636,-0.00099,-0.21061
1784779547.169,61.960003,250.630249,-87.660,15.659,-0.00206,-0.20885
1784779547.272,61.964302,250.369202,-87.664,15.670,-0.00200,-0.20801
1784779547.417,61.972816,249.846466,-87.675,15.692,-0.00311,-0.20642
1784779547.528,61.977043,249.584869,-87.682,15.701,-0.00313,-0.20566
1784779547.674,61.985451,249.061249,-87.699,15.718,-0.00435,-0.20467
1784779547.842,61.993690,248.537018,-87.719,15.737,-0.00426,-0.20529
1784779548.008,62.001652,248.012207,-87.745,15.755,-0.00511,-0.20700
1784779548.175,62.009338,247.486771,-87.772,15.772,-0.00598,-0.20902
1784779548.277,62.013123,247.223846,-87.788,15.778,-0.00582,-0.21009
1784779548.424,62.020718,246.697708,-87.822,15.790,-0.00673,-0.21222
1784779548.536,62.024498,246.434479,-87.838,15.796,-0.00661,-0.21330
1784779548.678,62.031754,245.907684,-87.872,15.811,-0.00741,-0.21577
1784779548.847,62.038322,245.383652,-87.911,15.608,-0.00689,-0.21888
1784779549.012,62.044300,244.864532,-87.951,15.579,-0.00675,-0.22250
1784779549.113,62.047150,244.604752,-87.972,15.586,-0.00604,-0.22444
1784779549.260,62.052643,244.084930,-88.015,15.596,-0.00511,-0.22773
1784779549.371,62.055374,243.824982,-88.035,15.600,-0.00434,-0.22847
1784779549.516,62.060730,243.304825,-88.066,15.610,-0.00370,-0.22823
1784779549.681,62.065666,242.784302,-88.092,15.620,-0.00249,-0.22788
1784779549.783,62.068008,242.523926,-88.103,15.626,-0.00302,-0.22783
1784779549.930,62.072506,242.002869,-88.122,15.636,-0.00264,-0.22792
1784779550.044,62.074699,241.742233,-88.130,15.641,-0.00254,-0.22784
1784779550.201,62.079044,241.220673,-88.147,15.652,-0.00346,-0.22671
1784779550.301,62.081192,240.959747,-88.156,15.658,-0.00335,-0.22564
1784779550.443,62.085320,240.437683,-88.178,15.669,-0.00403,-0.22338
1784779550.552,62.087280,240.176514,-88.188,15.675,-0.00369,-0.22236
1784779550.694,62.091042,239.653900,-88.212,15.686,-0.00314,-0.22047
1784779550.858,62.094597,239.130890,-88.236,15.696,-0.00197,-0.21854
1784779551.021,62.098015,238.607544,-88.255,15.707,-0.00035,-0.21581
1784779551.182,62.101421,238.083786,-88.266,15.721,0.00034,-0.21239
1784779551.347,62.104752,237.559479,-88.267,15.738,0.00112,-0.20903
1784779551.516,62.107986,237.034637,-88.264,15.755,0.00095,-0.20576
1784779551.676,62.111259,236.509232,-88.258,15.771,0.00057,-0.20376
1784779551.838,62.114651,235.983307,-88.255,15.789,0.00093,-0.20449
1784779552.008,62.118057,235.456757,-88.252,15.807,0.00047,-0.20665
1784779552.162,62.121422,234.930206,-88.250,15.736,-0.00019,-0.20886
1784779552.327,62.124687,234.409454,-88.249,15.580,0.00003,-0.21106
1784779552.491,62.128029,233.889709,-88.251,15.598,-0.00074,-0.21105
1784779552.655,62.131416,233.369354,-88.254,15.617,-0.00047,-0.20790
1784779552.821,62.134720,232.848358,-88.256,15.637,-0.00123,-0.20389
1784779552.983,62.137970,232.326752,-88.260,15.656,-0.00191,-0.19993
1784779553.145,62.141190,231.804565,-88.267,15.675,-0.00153,-0.19632
1784779553.308,62.144379,231.281769,-88.276,15.695,-0.00206,-0.19607
1784779553.472,62.147446,230.758331,-88.287,15.715,-0.00156,-0.19967
1784779553.631,62.150406,230.234222,-88.300,15.735,-0.00193,-0.20406
1784779553.732,62.151833,229.971924,-88.306,15.745,-0.00162,-0.20632
1784779553.868,62.154556,229.446854,-88.319,15.765,-0.00190,-0.21096
1784779553.976,62.155846,229.184082,-88.326,15.776,-0.00154,-0.21297
1784779554.119,62.158241,228.657913,-88.341,15.795,-0.00171,-0.21563
1784779554.283,62.160519,228.131012,-88.355,15.814,-0.00184,-0.21676
1784779554.448,62.162834,227.606689,-88.369,15.615,-0.00089,-0.21773
1784779554.609,62.165009,227.087128,-88.379,15.593,-0.00031,-0.21847
1784779554.712,62.166008,226.827026,-88.382,15.603,0.00030,-0.21853
1784779554.854,62.167969,226.306381,-88.386,15.621,0.00082,-0.21791
1784779554.964,62.168972,226.045837,-88.386,15.631,0.00129,-0.21746
1784779555.107,62.171036,225.524506,-88.383,15.643,0.00163,-0.21651
1784779555.272,62.173332,225.002838,-88.374,15.657,0.00212,-0.21533
1784779555.433,62.175629,224.480728,-88.363,15.670,0.00144,-0.21415
1784779555.594,62.177979,223.958191,-88.350,15.682,0.00143,-0.21288
1784779555.756,62.180527,223.435303,-88.342,15.697,0.00062,-0.21135
1784779555.918,62.182987,222.911957,-88.335,15.713,-0.00009,-0.20988
1784779556.077,62.185211,222.388031,-88.333,15.732,0.00039,-0.20864
1784779556.240,62.187332,221.863434,-88.338,15.749,0.00066,-0.20752
1784779556.403,62.189583,221.338257,-88.343,15.765,0.00101,-0.20633
1784779556.504,62.190811,221.075439,-88.345,15.773,0.00143,-0.20567
1784779556.643,62.193333,220.549316,-88.343,15.795,0.00218,-0.20431
1784779556.750,62.194527,220.285919,-88.340,15.810,0.00181,-0.20371
1784779556.893,62.196556,219.759033,-88.333,15.747,0.00220,-0.20285
1784779557.058,62.198463,219.237762,-88.324,15.597,0.00140,-0.20243
1784779557.224,62.200615,218.717438,-88.315,15.616,0.00055,-0.20429
1784779557.389,62.203278,218.196472,-88.311,15.632,0.00056,-0.20790
1784779557.551,62.206158,217.675125,-88.307,15.642,-0.00035,-0.21159
1784779557.718,62.209515,217.153198,-88.303,15.666,-0.00039,-0.21481
1784779557.880,62.212440,216.630615,-88.300,15.688,-0.00131,-0.21769
1784779558.043,62.214905,216.107407,-88.300,15.708,-0.00204,-0.21789
1784779558.207,62.217163,215.583542,-88.308,15.727,-0.00138,-0.21615
1784779558.368,62.219635,215.059143,-88.322,15.736,-0.00111,-0.21408
1784779558.530,62.222649,214.534683,-88.337,15.737,-0.00068,-0.21147
1784779558.631,62.224411,214.272324,-88.342,15.746,-0.00022,-0.21016
1784779558.774,62.227715,213.747009,-88.343,15.767,0.00037,-0.20974
1784779558.884,62.229053,213.484100,-88.343,15.777,0.00010,-0.21081
1784779559.026,62.231300,212.957764,-88.343,15.798,0.00077,-0.21400
1784779559.127,62.232288,212.694397,-88.342,15.806,0.00046,-0.21575
1784779559.266,62.234447,212.167755,-88.339,15.735,0.00099,-0.21905
1784779559.375,62.235664,211.906723,-88.337,15.609,0.00049,-0.22046
1784779559.515,62.238514,211.387695,-88.336,15.574,0.00086,-0.22105
1784779559.678,62.241711,210.868225,-88.331,15.591,0.00042,-0.21848
1784779559.842,62.244579,210.348145,-88.327,15.608,0.00072,-0.21537
1784779560.004,62.247131,209.827576,-88.325,15.625,0.00026,-0.21259
1784779560.105,62.248383,209.567078,-88.324,15.633,0.00034,-0.21122
1784779560.245,62.250961,209.045700,-88.324,15.653,-0.00037,-0.20857
1784779560.355,62.252277,208.784790,-88.325,15.663,-0.00023,-0.20738
1784779560.495,62.254692,208.262482,-88.328,15.682,-0.00091,-0.20548
1784779560.661,62.256882,207.739548,-88.336,15.695,-0.00123,-0.20387
1784779560.826,62.259209,207.216110,-88.347,15.707,-0.00021,-0.20242
1784779560.986,62.261673,206.692215,-88.357,15.720,0.00022,-0.20264
1784779561.150,62.264076,206.167877,-88.361,15.733,0.00105,-0.20451
1784779561.311,62.266281,205.643005,-88.356,15.746,0.00117,-0.20674
1784779561.413,62.267437,205.380402,-88.354,15.752,0.00149,-0.20780
1784779561.550,62.269875,204.854950,-88.346,15.763,0.00127,-0.20980
1784779561.659,62.271187,204.592194,-88.341,15.768,0.00141,-0.21070
1784779561.799,62.273800,204.066498,-88.332,15.777,0.00087,-0.21223
1784779561.959,62.276371,203.540497,-88.322,15.786,0.00109,-0.21293
1784779562.060,62.277695,203.277405,-88.319,15.788,0.00049,-0.21299
1784779562.203,62.280613,202.751251,-88.318,15.787,0.00082,-0.21283
1784779562.313,62.282238,202.488190,-88.317,15.787,0.00022,-0.21258
1784779562.452,62.285629,201.961884,-88.313,15.797,0.00042,-0.21193
1784779562.617,62.288559,201.435104,-88.310,15.812,-0.00001,-0.21107
1784779562.781,62.291180,200.911102,-88.310,15.607,-0.00043,-0.20929
1784779562.941,62.293781,200.392105,-88.312,15.576,0.00007,-0.20709
1784779563.105,62.296581,199.872589,-88.316,15.588,-0.00031,-0.20470
1784779563.267,62.299469,199.352768,-88.318,15.603,-0.00074,-0.20234
1784779563.431,62.302200,198.832367,-88.319,15.625,-0.00027,-0.20192
1784779563.597,62.304432,198.311264,-88.323,15.647,-0.00053,-0.20439
1784779563.757,62.306625,197.789490,-88.330,15.666,0.00016,-0.20742
1784779563.918,62.309097,197.267029,-88.334,15.685,-0.00008,-0.21017
1784779564.080,62.311749,196.743927,-88.338,15.703,0.00039,-0.21254
1784779564.241,62.314339,196.220200,-88.342,15.722,0.00014,-0.21363
1784779564.400,62.316635,195.695663,-88.343,15.744,-0.00015,-0.21366
1784779564.563,62.318802,195.170364,-88.345,15.764,0.00039,-0.21367
1784779564.724,62.321140,194.644485,-88.346,15.783,0.00025,-0.21352
1784779564.884,62.323612,194.117981,-88.346,15.802,0.00014,-0.21323
1784779565.047,62.326042,193.591431,-88.345,15.733,0.00064,-0.21298
1784779565.214,62.328362,193.070892,-88.343,15.573,0.00047,-0.21282
1784779565.315,62.329586,192.811279,-88.342,15.580,0.00071,-0.21268
1784779565.465,62.332100,192.291656,-88.340,15.595,0.00051,-0.21232
1784779565.573,62.333366,192.031677,-88.339,15.603,0.00073,-0.21213
1784779565.714,62.335869,191.511292,-88.335,15.619,0.00049,-0.21179
1784779565.875,62.338287,190.990356,-88.333,15.640,0.00097,-0.21153
1784779566.037,62.340469,190.468750,-88.332,15.663,0.00084,-0.21151
1784779566.196,62.342510,189.946365,-88.331,15.685,0.00143,-0.21164
1784779566.356,62.344604,189.423248,-88.333,15.705,0.00137,-0.21172
1784779566.517,62.347046,188.899414,-88.331,15.725,0.00119,-0.21145
1784779566.678,62.349670,188.374878,-88.328,15.748,0.00166,-0.21100
1784779566.837,62.352100,187.849503,-88.319,15.768,0.00133,-0.21075
1784779567.000,62.354694,187.323425,-88.311,15.788,0.00101,-0.21034
1784779567.160,62.357647,186.796600,-88.300,15.812,0.00127,-0.20962
1784779567.319,62.360550,186.272400,-88.289,15.617,0.00084,-0.20942
1784779567.483,62.363350,185.752899,-88.280,15.596,0.00113,-0.20981
1784779567.643,62.366158,185.232544,-88.273,15.618,0.00086,-0.21029
1784779567.802,62.369301,184.711777,-88.273,15.630,0.00116,-0.21044
1784779567.966,62.372841,184.190674,-88.271,15.648,0.00210,-0.21019
1784779568.128,62.376122,183.668701,-88.262,15.674,0.00249,-0.21020
1784779568.289,62.378723,183.145874,-88.254,15.697,0.00352,-0.21090
1784779568.456,62.381470,182.622269,-88.248,15.717,0.00401,-0.21146
1784779568.620,62.384727,182.097931,-88.233,15.738,0.00425,-0.21152
1784779568.783,62.388340,181.572952,-88.214,15.756,0.00494,-0.21122
1784779568.948,62.392071,181.047379,-88.191,15.770,0.00495,-0.21081
1784779569.110,62.396149,180.521149,-88.162,15.789,0.00476,-0.21006
1784779569.272,62.400269,179.994507,-88.131,15.801,0.00517,-0.20926
1784779569.436,62.404694,179.468124,-88.100,15.725,0.00489,-0.20816
1784779569.596,62.409286,178.947800,-88.069,15.563,0.00522,-0.20686
1784779569.754,62.414223,178.428802,-88.040,15.567,0.00484,-0.20520
1784779569.916,62.419846,177.909836,-88.012,15.570,0.00444,-0.20285
1784779570.077,62.426071,177.390747,-87.983,15.581,0.00483,-0.19990
1784779570.235,62.431961,176.871323,-87.955,15.592,0.00499,-0.19740
1784779570.397,62.437866,176.351517,-87.927,15.602,0.00576,-0.19688
1784779570.555,62.444031,175.831360,-87.899,15.612,0.00592,-0.19871
1784779570.717,62.450722,175.310913,-87.869,15.623,0.00597,-0.20071
1784779570.881,62.457794,174.790009,-87.836,15.638,0.00651,-0.20235
1784779571.042,62.464886,174.268524,-87.802,15.652,0.00640,-0.20398
1784779571.201,62.472343,173.746582,-87.767,15.666,0.00690,-0.20524
1784779571.364,62.480217,173.224182,-87.732,15.680,0.00665,-0.20610
1784779571.525,62.488472,172.701324,-87.694,15.694,0.00628,-0.20659
1784779571.685,62.497124,172.177948,-87.656,15.712,0.00656,-0.20668
1784779571.848,62.506096,171.653961,-87.617,15.729,0.00608,-0.20647
1784779572.009,62.515381,171.129532,-87.580,15.745,0.00559,-0.20595
1784779572.173,62.524994,170.604614,-87.544,15.760,0.00602,-0.20511
1784779572.338,62.534935,170.079132,-87.510,15.775,0.00636,-0.20396
1784779572.500,62.545254,169.553192,-87.476,15.790,0.00739,-0.20243
1784779572.661,62.556084,169.026733,-87.440,15.804,0.00782,-0.20135
1784779572.825,62.567406,168.500275,-87.397,15.732,0.00803,-0.20220
1784779572.986,62.578911,167.979736,-87.350,15.575,0.00863,-0.20390
1784779573.147,62.590668,167.460297,-87.302,15.591,0.00857,-0.20534
1784779573.311,62.602814,166.940277,-87.252,15.608,0.00907,-0.20640
1784779573.473,62.615440,166.419846,-87.202,15.623,0.00885,-0.20700
1784779573.633,62.628620,165.899017,-87.150,15.638,0.00850,-0.20705
1784779573.796,62.642242,165.377777,-87.099,15.652,0.00884,-0.20667
1784779573.957,62.656242,164.856018,-87.052,15.666,0.00879,-0.20593
1784779574.116,62.670746,164.333832,-87.003,15.679,0.00902,-0.20469
1784779574.278,62.685776,163.811157,-86.955,15.692,0.00975,-0.20294
1784779574.440,62.701263,163.288055,-86.903,15.706,0.00978,-0.20075
1784779574.600,62.717136,162.764450,-86.848,15.719,0.01033,-0.19818
1784779574.765,62.733570,162.240387,-86.790,15.732,0.01008,-0.19549
1784779574.926,62.750618,161.716003,-86.730,15.744,0.00971,-0.19558
1784779575.088,62.768272,161.191254,-86.671,15.756,0.00998,-0.19813
1784779575.188,62.777290,160.928741,-86.641,15.762,0.00936,-0.19941
1784779575.325,62.795700,160.403458,-86.583,15.774,0.00956,-0.20161
1784779575.433,62.805111,160.140701,-86.554,15.780,0.00970,-0.20251
1784779575.572,62.824348,159.614960,-86.499,15.791,0.00937,-0.20390
1784779575.674,62.834167,159.351959,-86.472,15.797,0.00959,-0.20440
1784779575.813,62.854153,158.825623,-86.417,15.810,0.00930,-0.20507
1784779575.922,62.864319,158.562851,-86.390,15.728,0.00949,-0.20522
1784779576.064,62.884804,158.042923,-86.336,15.567,0.00906,-0.20513
1784779576.227,62.905785,157.524170,-86.284,15.581,0.00857,-0.20451
1784779576.390,62.927307,157.004852,-86.232,15.597,0.00876,-0.20338
1784779576.550,62.949207,156.485046,-86.181,15.612,0.00818,-0.20306
1784779576.712,62.971554,155.964798,-86.132,15.627,0.00835,-0.20467
1784779576.873,62.994377,155.444092,-86.085,15.642,0.00794,-0.20692
1784779577.035,63.017666,154.922897,-86.037,15.659,0.00778,-0.20873
1784779577.198,63.041367,154.401154,-85.993,15.678,0.00832,-0.21015
1784779577.360,63.065323,153.878937,-85.949,15.693,0.00820,-0.21134
1784779577.520,63.089767,153.356216,-85.902,15.708,0.00865,-0.21207
1784779577.683,63.114807,152.833008,-85.855,15.724,0.00831,-0.21222
1784779577.844,63.140381,152.309296,-85.808,15.739,0.00788,-0.21187
1784779578.005,63.166351,151.785034,-85.759,15.758,0.00813,-0.21127
1784779578.169,63.192604,151.259995,-85.711,15.778,0.00760,-0.21150
1784779578.331,63.219292,150.734421,-85.667,15.791,0.00710,-0.21250
1784779578.491,63.246735,150.208405,-85.623,15.806,0.00731,-0.21293
1784779578.653,63.274593,149.682449,-85.579,15.733,0.00690,-0.21295
1784779578.816,63.302406,149.162506,-85.536,15.575,0.00726,-0.21269
1784779578.978,63.330475,148.643723,-85.494,15.589,0.00691,-0.21211
1784779579.144,63.359047,148.124557,-85.454,15.598,0.00651,-0.21105
1784779579.306,63.388138,147.605331,-85.414,15.604,0.00676,-0.20948
1784779579.466,63.417603,147.085907,-85.374,15.614,0.00624,-0.20821
1784779579.627,63.447239,146.566132,-85.336,15.623,0.00648,-0.20876
1784779579.790,63.477169,146.046082,-85.300,15.632,0.00597,-0.21022
1784779579.950,63.507534,145.525757,-85.264,15.639,0.00508,-0.21129
1784779580.113,63.538597,145.005203,-85.231,15.645,0.00466,-0.21169
1784779580.281,63.570129,144.484436,-85.197,15.657,0.00303,-0.21162
1784779580.459,63.601669,143.963318,-85.169,15.669,0.00252,-0.21157
1784779580.617,63.633183,143.441833,-85.150,15.680,0.00123,-0.21157
1784779580.780,63.664787,142.919968,-85.136,15.691,0.00005,-0.21151
1784779580.941,63.696663,142.397842,-85.132,15.701,-0.00007,-0.21118
1784779581.104,63.728638,141.875351,-85.132,15.713,-0.00128,-0.21083
1784779581.267,63.760651,141.352371,-85.136,15.729,-0.00234,-0.21142
1784779581.426,63.792511,140.828796,-85.147,15.745,-0.00209,-0.21338
1784779581.591,63.824287,140.304688,-85.161,15.761,-0.00254,-0.21574
1784779581.753,63.855942,139.780014,-85.175,15.777,-0.00184,-0.21826
1784779581.912,63.887306,139.254761,-85.188,15.792,-0.00200,-0.22111
1784779582.072,63.918617,138.728973,-85.201,15.805,-0.00213,-0.22404
1784779582.229,63.949928,138.203323,-85.214,15.730,-0.00138,-0.22697
1784779582.389,63.980835,137.683716,-85.225,15.569,-0.00161,-0.22990
1784779582.551,64.011566,137.165329,-85.235,15.581,-0.00094,-0.23215
1784779582.711,64.042168,136.646454,-85.245,15.594,-0.00116,-0.23159
1784779582.869,64.072678,136.127335,-85.253,15.606,-0.00140,-0.22885
1784779583.031,64.103035,135.607941,-85.261,15.615,-0.00069,-0.22619
1784779583.192,64.133331,135.088211,-85.270,15.624,-0.00081,-0.22361
1784779583.352,64.163681,134.568161,-85.277,15.633,-0.00087,-0.22099
1784779583.513,64.194069,134.047806,-85.285,15.642,-0.00006,-0.21835
1784779583.674,64.224396,133.527100,-85.289,15.654,-0.00017,-0.21579
1784779583.832,64.254608,133.005890,-85.290,15.668,0.00040,-0.21337
1784779583.992,64.284790,132.484253,-85.290,15.681,0.00025,-0.21100
1784779584.153,64.315079,131.962219,-85.290,15.694,0.00009,-0.20928
1784779584.313,64.345459,131.439819,-85.289,15.706,0.00056,-0.20862
1784779584.474,64.375877,130.916962,-85.287,15.721,0.00037,-0.20837
1784779584.633,64.406319,130.393646,-85.285,15.736,0.00083,-0.20813
1784779584.793,64.436798,129.869812,-85.284,15.751,0.00055,-0.20787
1784779584.954,64.467453,129.345444,-85.283,15.766,0.00016,-0.20747
1784779585.114,64.498306,128.820557,-85.281,15.782,0.00046,-0.20691
1784779585.273,64.529205,128.295135,-85.277,15.799,-0.00002,-0.20633
1784779585.435,64.559998,127.769012,-85.275,15.821,-0.00055,-0.20589
1784779585.597,64.590424,127.245438,-85.274,15.620,-0.00009,-0.20568
1784779585.757,64.620560,126.726791,-85.276,15.590,-0.00051,-0.20555
1784779585.919,64.651001,126.207626,-85.277,15.604,-0.00005,-0.20556
1784779586.081,64.681595,125.688004,-85.280,15.622,-0.00040,-0.20578
1784779586.238,64.712036,125.167763,-85.284,15.643,-0.00035,-0.20622
1784779586.399,64.742142,124.646889,-85.288,15.660,0.00050,-0.20703
1784779586.557,64.772270,124.125526,-85.292,15.671,0.00069,-0.20784
1784779586.719,64.802795,123.603806,-85.291,15.684,0.00133,-0.20828
1784779586.881,64.833420,123.081680,-85.288,15.698,0.00130,-0.20865
1784779587.041,64.863853,122.559021,-85.279,15.714,0.00118,-0.20924
1784779587.199,64.894203,122.035797,-85.271,15.730,0.00174,-0.20993
1784779587.364,64.924545,121.512085,-85.265,15.743,0.00168,-0.21036
1784779587.524,64.955147,120.988113,-85.261,15.752,0.00147,-0.20995
1784779587.682,64.986275,120.463776,-85.255,15.762,0.00173,-0.20879
1784779587.843,65.017601,119.939003,-85.245,15.777,0.00110,-0.20746
1784779588.003,65.048813,119.413780,-85.234,15.791,0.00124,-0.20627
1784779588.162,65.079895,118.888100,-85.224,15.807,0.00066,-0.20524
1784779588.324,65.110916,118.362404,-85.216,15.736,0.00014,-0.20426
1784779588.484,65.141647,117.842712,-85.212,15.578,0.00040,-0.20324
1784779588.642,65.172554,117.324173,-85.210,15.593,-0.00008,-0.20212
1784779588.805,65.203598,116.804993,-85.211,15.611,0.00027,-0.20211
1784779588.964,65.234596,116.285217,-85.215,15.629,-0.00010,-0.20338
1784779589.126,65.265572,115.764862,-85.217,15.648,-0.00048,-0.20488
1784779589.287,65.296570,115.243851,-85.221,15.668,0.00021,-0.20641
1784779589.448,65.327530,114.722046,-85.224,15.691,0.00029,-0.20802
1784779589.606,65.358505,114.199486,-85.225,15.712,0.00034,-0.20966
1784779589.769,65.389557,113.676285,-85.224,15.733,0.00094,-0.21126
1784779589.927,65.420601,113.152435,-85.221,15.753,0.00090,-0.21292
1784779590.086,65.451660,112.627930,-85.217,15.772,0.00146,-0.21414
1784779590.248,65.482803,112.102806,-85.211,15.793,0.00136,-0.21412
1784779590.407,65.514137,111.576996,-85.206,15.815,0.00123,-0.21321
1784779590.565,65.545471,111.053680,-85.199,15.620,0.00171,-0.21216
1784779590.728,65.576492,110.534988,-85.192,15.599,0.00119,-0.21115
1784779590.888,65.607574,110.015488,-85.185,15.622,0.00114,-0.21013
1784779591.050,65.638763,109.495255,-85.180,15.646,0.00011,-0.20904
1784779591.213,65.670021,108.974258,-85.175,15.667,-0.00118,-0.20793
1784779591.373,65.701363,108.452499,-85.177,15.687,-0.00120,-0.20678
1784779591.533,65.732666,107.930054,-85.183,15.706,-0.00219,-0.20571
1784779591.697,65.763969,107.406967,-85.194,15.726,-0.00302,-0.20475
1784779591.860,65.795204,106.883240,-85.209,15.745,-0.00267,-0.20491
1784779592.026,65.826340,106.358932,-85.227,15.759,-0.00337,-0.20642
1784779592.189,65.857422,105.834389,-85.244,15.763,-0.00339,-0.20823
1784779592.350,65.888161,105.309723,-85.262,15.765,-0.00502,-0.21039
1784779592.509,65.918686,104.784958,-85.285,15.768,-0.00647,-0.21278
1784779592.669,65.948975,104.260071,-85.317,15.771,-0.00641,-0.21540
1784779592.830,65.978973,103.735123,-85.354,15.772,-0.00735,-0.21833
1784779592.991,66.008705,103.210190,-85.395,15.769,-0.00806,-0.22151
1784779593.153,66.037895,102.685440,-85.442,15.765,-0.00744,-0.22523
1784779593.312,66.066551,102.160828,-85.490,15.761,-0.00776,-0.22853
1784779593.472,66.094795,101.636314,-85.538,15.757,-0.00698,-0.22941
1784779593.636,66.122650,101.111908,-85.584,15.754,-0.00719,-0.22904
1784779593.795,66.150078,100.587578,-85.630,15.751,-0.00733,-0.22904
1784779593.956,66.177170,100.063522,-85.677,15.737,-0.00639,-0.22936
1784779594.120,66.204605,99.539810,-85.717,15.725,-0.00670,-0.22932
1784779594.278,66.231903,99.016296,-85.745,15.722,-0.00729,-0.22941
1784779594.439,66.258163,98.492935,-85.776,15.718,-0.00669,-0.23053
1784779594.603,66.283569,97.969666,-85.809,15.716,-0.00713,-0.23239
1784779594.761,66.308739,97.446396,-85.846,15.709,-0.00751,-0.23242
1784779594.922,66.334824,96.923729,-85.887,15.692,-0.01086,-0.22877
1784779595.085,66.361725,96.401611,-85.925,15.691,-0.01449,-0.22358
1784779595.250,66.387230,95.879303,-85.982,15.695,-0.01571,-0.21979
1784779595.422,66.410965,95.356758,-86.061,15.699,-0.01752,-0.21778
1784779595.588,66.433624,94.833969,-86.154,15.706,-0.01863,-0.21686
1784779595.750,66.455658,94.311119,-86.262,15.712,-0.01796,-0.21656
1784779595.909,66.477257,93.787888,-86.371,15.731,-0.01840,-0.21671
1784779596.075,66.497826,93.263718,-86.482,15.754,-0.01743,-0.21793
1784779596.234,66.517166,92.738663,-86.592,15.777,-0.01738,-0.22041
1784779596.393,66.535522,92.212807,-86.701,15.800,-0.01712,-0.22391
1784779596.556,66.552544,91.685989,-86.804,15.827,-0.01578,-0.22879
1784779596.716,66.567856,91.161362,-86.905,15.644,-0.01520,-0.23528
1784779596.878,66.581802,90.640991,-87.007,15.622,-0.01431,-0.24296
1784779597.040,66.595627,90.119766,-87.106,15.644,-0.01256,-0.25080
1784779597.201,66.609375,89.597862,-87.195,15.665,-0.01105,-0.25853
1784779597.360,66.622620,89.075302,-87.271,15.685,-0.01077,-0.26118
1784779597.522,66.634743,88.552094,-87.338,15.704,-0.01053,-0.25674
1784779597.683,66.645943,88.028244,-87.404,15.724,-0.01017,-0.25084
1784779597.844,66.656403,87.503975,-87.462,15.737,-0.00926,-0.24569
1784779598.005,66.666779,86.979370,-87.518,15.751,-0.00967,-0.24062
1784779598.167,66.676735,86.454376,-87.575,15.766,-0.00896,-0.23598
1784779598.327,66.686012,85.928848,-87.633,15.782,-0.00916,-0.23202
1784779598.488,66.694656,85.402771,-87.689,15.799,-0.00926,-0.22871
1784779598.649,66.702911,84.876038,-87.747,15.819,-0.00823,-0.22578
1784779598.807,66.710701,84.351761,-87.805,15.622,-0.00812,-0.22330
1784779598.969,66.717834,83.832077,-87.857,15.605,-0.00805,-0.22143
1784779599.130,66.724274,83.311340,-87.906,15.633,-0.00689,-0.22026
1784779599.287,66.730133,82.789688,-87.955,15.661,-0.00621,-0.21968
1784779599.448,66.735497,82.267097,-87.998,15.691,-0.00465,-0.21960
1784779599.648,66.740532,81.743591,-88.038,15.716,-0.00390,-0.21987
1784779599.809,66.745506,81.219299,-88.071,15.739,-0.00335,-0.22020
1784779599.971,66.750458,80.694229,-88.097,15.761,-0.00218,-0.22056
1784779600.130,66.755280,80.168472,-88.116,15.780,-0.00198,-0.22106
1784779600.290,66.759903,79.642090,-88.130,15.798,-0.00109,-0.22173
1784779600.453,66.764313,79.115097,-88.141,15.815,-0.00128,-0.22150
1784779600.615,66.768433,78.590897,-88.147,15.609,-0.00160,-0.21966
1784779600.773,66.772537,78.071701,-88.154,15.577,-0.00100,-0.21720
1784779600.934,66.776764,77.552139,-88.163,15.588,-0.00128,-0.21462
1784779601.097,66.781044,77.032272,-88.171,15.599,-0.00160,-0.21199
1784779601.257,66.785324,76.512131,-88.178,15.608,-0.00102,-0.20936
1784779601.422,66.789490,75.991821,-88.184,15.612,-0.00138,-0.20685
1784779601.583,66.793320,75.471344,-88.191,15.615,-0.00070,-0.20467
1784779601.744,66.797073,74.950737,-88.200,15.618,-0.00091,-0.20273
1784779601.845,66.798950,74.690407,-88.202,15.618,-0.00061,-0.20226
1784779601.986,66.802849,74.169640,-88.208,15.623,-0.00090,-0.20225
1784779602.095,66.804886,73.909195,-88.211,15.626,-0.00062,-0.20250
1784779602.233,66.809074,73.388214,-88.216,15.628,-0.00099,-0.20291
1784779602.396,66.813126,72.867271,-88.218,15.628,-0.00051,-0.20345
1784779602.554,66.816879,72.346390,-88.221,15.627,-0.00087,-0.20429
1784779602.714,66.820511,71.825531,-88.223,15.627,-0.00120,-0.20525
1784779602.877,66.824173,71.304672,-88.229,15.629,-0.00057,-0.20599
1784779603.037,66.827919,70.783737,-88.234,15.631,-0.00084,-0.20603
1784779603.198,66.831749,70.262741,-88.240,15.633,-0.00023,-0.20556
1784779603.358,66.835571,69.741669,-88.246,15.638,-0.00050,-0.20509
1784779603.516,66.839226,69.220390,-88.248,15.644,-0.00084,-0.20479
1784779603.675,66.842705,68.698845,-88.251,15.653,-0.00024,-0.20467
1784779603.835,66.846039,68.177002,-88.255,15.662,-0.00048,-0.20469
1784779603.995,66.849350,67.654846,-88.258,15.671,0.00013,-0.20474
1784779604.156,66.852615,67.132355,-88.261,15.681,-0.00018,-0.20484
1784779604.315,66.855995,66.609459,-88.263,15.692,-0.00073,-0.20483
1784779604.476,66.859406,66.086197,-88.266,15.702,-0.00031,-0.20478
1784779604.635,66.862793,65.562561,-88.269,15.713,-0.00086,-0.20477
1784779604.797,66.866119,65.038559,-88.273,15.724,-0.00136,-0.20481
1784779604.957,66.869446,64.514183,-88.278,15.737,-0.00089,-0.20486
1784779605.116,66.872635,63.989418,-88.285,15.750,-0.00129,-0.20505
1784779605.277,66.875702,63.464306,-88.291,15.761,-0.00074,-0.20536
1784779605.435,66.878799,62.938850,-88.298,15.771,-0.00109,-0.20564
1784779605.594,66.881882,62.413025,-88.304,15.783,-0.00148,-0.20595
1784779605.753,66.884979,61.886757,-88.311,15.797,-0.00091,-0.20623
1784779605.913,66.887955,61.359962,-88.318,15.815,-0.00124,-0.20665
1784779606.070,66.890762,60.835808,-88.325,15.615,-0.00153,-0.20721
1784779606.232,66.893524,60.316444,-88.333,15.590,-0.00091,-0.20780
1784779606.390,66.896217,59.796387,-88.341,15.611,-0.00118,-0.20845
1784779606.548,66.898758,59.275654,-88.349,15.633,-0.00048,-0.20926
1784779606.711,66.900986,58.754192,-88.355,15.656,-0.00050,-0.21013
1784779606.871,66.903015,58.231941,-88.362,15.682,-0.00039,-0.21046
1784779607.028,66.905128,57.708851,-88.371,15.706,0.00043,-0.21033
1784779607.188,66.907440,57.184937,-88.376,15.730,0.00043,-0.20999
1784779607.347,66.909813,56.660179,-88.376,15.752,0.00096,-0.20960
1784779607.506,66.912216,56.134705,-88.375,15.769,0.00082,-0.20917
1784779607.666,66.914421,55.608620,-88.370,15.787,0.00064,-0.20895
1784779607.825,66.916481,55.081932,-88.365,15.803,0.00111,-0.20887
1784779607.983,66.918549,54.555305,-88.361,15.727,0.00096,-0.20879
1784779608.145,66.920837,54.034744,-88.357,15.564,0.00075,-0.20846
1784779608.302,66.923454,53.515625,-88.356,15.569,0.00122,-0.20780
1784779608.461,66.926163,52.996410,-88.351,15.574,0.00090,-0.20704
1784779608.621,66.928947,52.477158,-88.345,15.578,0.00126,-0.20621
1784779608.780,66.931747,51.957886,-88.340,15.582,0.00094,-0.20537
1784779608.941,66.934509,51.438576,-88.330,15.588,0.00053,-0.20456
1784779609.103,66.937210,50.919083,-88.323,15.596,0.00086,-0.20392
1784779609.261,66.939812,50.399281,-88.319,15.606,0.00059,-0.20398
1784779609.420,66.942337,49.879051,-88.316,15.618,0.00104,-0.20465
1784779609.583,66.944855,49.358398,-88.312,15.631,0.00079,-0.20539
1784779609.742,66.947578,48.837189,-88.312,15.647,0.00060,-0.20593
1784779609.901,66.950409,48.315315,-88.315,15.663,0.00113,-0.20636
1784779610.065,66.953209,47.792809,-88.312,15.679,0.00082,-0.20683
1784779610.231,66.956131,47.269756,-88.308,15.692,0.00108,-0.20718
1784779610.401,66.959122,46.746292,-88.303,15.703,0.00050,-0.20747
1784779610.562,66.962097,46.222466,-88.298,15.713,-0.00007,-0.20777
1784779610.721,66.964874,45.698418,-88.292,15.717,0.00015,-0.20827
1784779610.878,66.967758,45.174316,-88.290,15.720,-0.00047,-0.20867
1784779611.038,66.970917,44.650299,-88.294,15.719,-0.00098,-0.20879
1784779611.196,66.974152,44.126404,-88.296,15.718,-0.00061,-0.20883
1784779611.355,66.977386,43.602581,-88.300,15.717,-0.00114,-0.20888
1784779611.519,66.980614,43.078865,-88.303,15.714,-0.00073,-0.20893
1784779611.676,66.983612,42.555218,-88.307,15.712,-0.00122,-0.20920
1784779611.833,66.986427,42.031624,-88.313,15.711,-0.00161,-0.20966
1784779611.994,66.989059,41.507954,-88.319,15.715,-0.00103,-0.21031
1784779612.154,66.991669,40.984009,-88.328,15.725,-0.00129,-0.21098
1784779612.317,66.994415,40.459766,-88.336,15.733,-0.00067,-0.21151
1784779612.477,66.997208,39.935257,-88.344,15.742,-0.00099,-0.21200
1784779612.637,66.999870,39.410446,-88.349,15.751,-0.00132,-0.21250
1784779612.793,67.002388,38.885315,-88.354,15.760,-0.00061,-0.21242
1784779612.953,67.004814,38.359802,-88.359,15.772,-0.00064,-0.21181
1784779613.113,67.007401,37.833847,-88.365,15.784,-0.00069,-0.21098
1784779613.271,67.010117,37.307457,-88.368,15.797,0.00001,-0.21002
1784779613.432,67.012833,36.780621,-88.368,15.813,-0.00022,-0.20907
1784779613.591,67.015404,36.256531,-88.366,15.611,0.00028,-0.20825
1784779613.750,67.017822,35.737354,-88.367,15.583,0.00014,-0.20757
1784779613.912,67.020203,35.217587,-88.367,15.602,-0.00002,-0.20692
1784779614.072,67.022606,34.697254,-88.367,15.621,0.00047,-0.20626
1784779614.229,67.025093,34.176361,-88.366,15.639,0.00029,-0.20551
1784779614.390,67.027634,33.654835,-88.367,15.657,0.00079,-0.20471
1784779614.550,67.030075,33.132629,-88.369,15.676,0.00065,-0.20402
1784779614.708,67.032448,32.609688,-88.364,15.698,0.00041,-0.20339
1784779614.869,67.034851,32.085960,-88.362,15.720,0.00089,-0.20274
1784779615.029,67.037300,31.561478,-88.360,15.743,0.00068,-0.20204
1784779615.187,67.039825,31.036221,-88.359,15.769,0.00051,-0.20132
1784779615.348,67.042450,30.510197,-88.355,15.795,0.00091,-0.20104
1784779615.506,67.045174,29.983379,-88.351,15.821,0.00064,-0.20134
1784779615.667,67.047836,29.458977,-88.348,15.627,0.00106,-0.20182
1784779615.827,67.050247,28.939222,-88.345,15.607,0.00082,-0.20253
1784779615.987,67.052460,28.418577,-88.341,15.634,0.00061,-0.20343
1784779616.144,67.054817,27.896915,-88.342,15.667,0.00115,-0.20420
1784779616.304,67.057571,27.374107,-88.342,15.703,0.00094,-0.20458
1784779616.464,67.060310,26.850109,-88.339,15.740,0.00068,-0.20498
1784779616.622,67.062912,26.324867,-88.336,15.774,0.00111,-0.20553
1784779616.784,67.065208,25.798504,-88.333,15.806,0.00091,-0.20639
1784779616.945,67.067261,25.271564,-88.329,15.752,0.00143,-0.20750
1784779617.107,67.069389,24.749996,-88.326,15.607,0.00124,-0.20849
1784779617.267,67.071976,24.229065,-88.324,15.637,0.00099,-0.20903
1784779617.429,67.074814,23.707111,-88.321,15.666,0.00141,-0.20932
1784779617.586,67.077644,23.184374,-88.316,15.689,0.00107,-0.20962
1784779617.748,67.080368,22.660919,-88.310,15.712,0.00145,-0.21004
1784779617.905,67.083038,22.136753,-88.305,15.731,0.00113,-0.21051
1784779618.065,67.085693,21.612040,-88.297,15.747,0.00078,-0.21100
1784779618.226,67.088570,21.086796,-88.291,15.764,0.00113,-0.21127
1784779618.386,67.091568,20.561068,-88.286,15.777,0.00079,-0.21142
1784779618.544,67.094742,20.034945,-88.282,15.790,0.00043,-0.21140
1784779618.704,67.098061,19.508411,-88.278,15.802,0.00073,-0.21124
1784779618.864,67.101387,18.982075,-88.273,15.724,-0.00022,-0.21107
1784779619.021,67.104523,18.461819,-88.269,15.562,-0.00062,-0.21106
1784779619.183,67.107574,17.942825,-88.270,15.572,-0.00219,-0.21113
1784779619.342,67.110649,17.423477,-88.276,15.582,-0.00360,-0.21118
1784779619.501,67.113846,16.903826,-88.290,15.593,-0.00361,-0.21111
1784779619.662,67.116997,16.383865,-88.309,15.602,-0.00462,-0.21108
1784779619.822,67.119873,15.863644,-88.332,15.610,-0.00437,-0.21133
1784779619.979,67.122314,15.343135,-88.360,15.619,-0.00498,-0.21202
1784779620.080,67.123398,15.082771,-88.374,15.623,-0.00475,-0.21250
1784779620.219,67.125412,14.561843,-88.403,15.633,-0.00522,-0.21362
1784779620.325,67.126320,14.301262,-88.419,15.639,-0.00491,-0.21428
1784779620.463,67.127899,13.779838,-88.450,15.651,-0.00522,-0.21583
1784779620.626,67.129234,13.258034,-88.483,15.664,-0.00447,-0.21764
1784779620.785,67.130341,12.735792,-88.516,15.678,-0.00465,-0.21967
1784779620.941,67.131165,12.213074,-88.545,15.693,-0.00486,-0.22199
1784779621.104,67.131668,11.689829,-88.573,15.709,-0.00410,-0.22463
1784779621.265,67.131836,11.165915,-88.601,15.728,-0.00423,-0.22761
1784779621.422,67.131813,10.641335,-88.627,15.747,-0.00342,-0.22900
1784779621.584,67.131477,10.116035,-88.654,15.770,-0.00348,-0.22774
1784779621.742,67.131012,9.589891,-88.676,15.797,-0.00363,-0.22548
1784779621.900,67.130241,9.062846,-88.699,15.827,-0.00277,-0.22351
1784779622.061,67.129318,8.538187,-88.723,15.633,-0.00280,-0.22171
1784779622.221,67.128281,8.018170,-88.741,15.613,-0.00291,-0.22005
1784779622.380,67.127106,7.497284,-88.760,15.637,-0.00195,-0.21852
1784779622.542,67.125748,6.975619,-88.776,15.660,-0.00154,-0.21717
1784779622.702,67.124313,6.453125,-88.788,15.687,-0.00119,-0.21587
1784779622.857,67.122795,5.929653,-88.797,15.716,-0.00015,-0.21463
1784779623.018,67.121300,5.405268,-88.801,15.742,-0.00003,-0.21336
1784779623.182,67.119644,4.880020,-88.800,15.769,0.00059,-0.21224
1784779623.340,67.117989,4.353927,-88.799,15.793,0.00059,-0.21112
1784779623.503,67.116455,3.827086,-88.798,15.816,0.00059,-0.20987
1784779623.664,67.114975,3.302784,-88.795,15.618,0.00114,-0.20858
1784779623.821,67.113449,2.783211,-88.792,15.596,0.00106,-0.20736
1784779623.984,67.111946,2.262869,-88.789,15.618,0.00163,-0.20612
1784779624.145,67.110435,1.741810,-88.786,15.641,0.00153,-0.20488
1784779624.302,67.108994,1.220045,-88.779,15.664,0.00137,-0.20357
1784779624.462,67.107605,0.697541,-88.772,15.687,0.00182,-0.20220
1784779624.623,67.106255,0.174301,-88.763,15.709,0.00160,-0.20079
1784779624.781,67.105011,-0.349692,-88.753,15.731,0.00150,-0.19926
1784779624.943,67.103882,-0.874420,-88.744,15.751,0.00218,-0.19833
1784779625.103,67.102837,-1.399852,-88.734,15.772,0.00233,-0.19885
1784779625.268,67.101883,-1.925971,-88.721,15.793,0.00300,-0.19996
1784779625.373,67.101456,-2.189297,-88.714,15.803,0.00273,-0.20047
1784779625.512,67.100708,-2.715940,-88.701,15.736,0.00336,-0.20138
1784779625.622,67.100372,-2.977101,-88.693,15.614,0.00303,-0.20180
1784779625.759,67.099823,-3.496471,-88.678,15.582,0.00359,-0.20251
1784779625.918,67.099411,-4.016306,-88.662,15.594,0.00348,-0.20309
1784779626.076,67.099182,-4.536510,-88.645,15.606,0.00399,-0.20348
1784779626.231,67.099121,-5.057056,-88.628,15.618,0.00379,-0.20370
1784779626.391,67.099083,-5.577909,-88.606,15.628,0.00349,-0.20390
1784779626.549,67.099060,-6.099030,-88.586,15.636,0.00391,-0.20409
1784779626.709,67.099190,-6.620311,-88.568,15.643,0.00367,-0.20412
1784779626.871,67.099709,-7.141786,-88.549,15.650,0.00407,-0.20377
1784779627.029,67.100525,-7.663494,-88.530,15.657,0.00370,-0.20312
1784779627.187,67.101494,-8.185432,-88.509,15.664,0.00326,-0.20231
1784779627.348,67.102631,-8.707598,-88.487,15.672,0.00351,-0.20166
1784779627.509,67.103935,-9.230124,-88.464,15.685,0.00299,-0.20222
1784779627.668,67.105423,-9.753134,-88.442,15.698,0.00249,-0.20374
1784779627.831,67.107101,-10.276604,-88.423,15.711,0.00272,-0.20513
1784779627.989,67.108932,-10.800512,-88.406,15.724,0.00226,-0.20636
1784779628.148,67.110962,-11.324884,-88.391,15.738,0.00254,-0.20740
1784779628.308,67.113335,-11.849743,-88.378,15.753,0.00210,-0.20810
1784779628.469,67.115768,-12.375137,-88.366,15.769,0.00157,-0.20874
1784779628.628,67.118179,-12.901026,-88.356,15.784,0.00174,-0.20941
1784779628.789,67.120644,-13.427422,-88.347,15.800,0.00112,-0.21003
1784779628.947,67.123177,-13.954324,-88.340,15.814,0.00053,-0.21058
1784779629.108,67.125732,-14.478437,-88.335,15.609,0.00073,-0.21109
1784779629.268,67.128273,-14.997582,-88.331,15.579,0.00019,-0.21159
1784779629.426,67.130791,-15.517265,-88.329,15.594,0.00044,-0.21212
1784779629.584,67.133392,-16.037395,-88.329,15.609,-0.00006,-0.21256
1784779629.746,67.136009,-16.557961,-88.329,15.624,-0.00066,-0.21299
1784779629.905,67.138611,-17.078987,-88.331,15.638,-0.00025,-0.21344
1784779630.062,67.141159,-17.600470,-88.334,15.651,-0.00076,-0.21394
1784779630.224,67.143700,-18.122410,-88.337,15.666,-0.00031,-0.21446
1784779630.384,67.146194,-18.644817,-88.340,15.680,-0.00081,-0.21502
1784779630.542,67.148682,-19.167692,-88.344,15.694,-0.00125,-0.21560
1784779630.702,67.151138,-19.691032,-88.350,15.707,-0.00071,-0.21620
1784779630.861,67.153549,-20.214842,-88.356,15.722,-0.00105,-0.21686
1784779631.019,67.155960,-20.739166,-88.362,15.739,-0.00037,-0.21730
1784779631.183,67.158386,-21.264034,-88.368,15.754,-0.00052,-0.21690
1784779631.342,67.160728,-21.789423,-88.370,15.769,-0.00074,-0.21596
1784779631.500,67.162987,-22.315325,-88.373,15.784,-0.00007,-0.21510
1784779631.659,67.165222,-22.841724,-88.375,15.799,-0.00028,-0.21425
1784779631.819,67.167496,-23.368635,-88.378,15.814,-0.00047,-0.21338
1784779631.976,67.169701,-23.892811,-88.381,15.610,0.00015,-0.21256
1784779632.136,67.171829,-24.412014,-88.383,15.579,-0.00002,-0.21180
1784779632.237,67.172867,-24.671791,-88.384,15.585,0.00023,-0.21145
1784779632.376,67.174919,-25.191650,-88.387,15.597,0.00010,-0.21078
1784779632.481,67.175941,-25.451706,-88.389,15.603,0.00036,-0.21044
1784779632.622,67.178040,-25.972069,-88.390,15.615,0.00018,-0.20972
1784779632.779,67.180130,-26.492744,-88.389,15.626,0.00062,-0.20901
1784779632.937,67.182159,-27.013775,-88.388,15.639,0.00038,-0.20836
1784779633.098,67.184067,-27.535248,-88.388,15.655,0.00088,-0.20783
1784779633.255,67.186020,-28.057220,-88.388,15.670,0.00069,-0.20726
1784779633.409,67.188034,-28.579681,-88.385,15.685,0.00043,-0.20668
1784779633.572,67.190186,-29.102625,-88.383,15.699,0.00086,-0.20643
1784779633.729,67.192360,-29.626095,-88.382,15.714,0.00061,-0.20668
1784779633.883,67.194366,-30.150213,-88.379,15.732,0.00038,-0.20719
1784779634.044,67.196365,-30.675043,-88.379,15.753,0.00087,-0.20770
1784779634.202,67.198563,-31.200562,-88.377,15.774,0.00062,-0.20802
1784779634.359,67.200813,-31.726772,-88.375,15.795,0.00105,-0.20829
1784779634.518,67.203026,-32.253658,-88.371,15.814,0.00072,-0.20860
1784779634.676,67.205109,-32.777832,-88.366,15.611,0.00030,-0.20903
1784779634.837,67.207260,-33.297050,-88.363,15.582,0.00058,-0.20937
1784779634.997,67.209534,-33.816814,-88.362,15.596,0.00013,-0.20958
1784779635.155,67.211845,-34.337044,-88.361,15.612,0.00043,-0.20976
1784779635.314,67.214111,-34.857727,-88.362,15.627,0.00004,-0.20999
1784779635.474,67.216347,-35.378887,-88.361,15.642,-0.00049,-0.21025
1784779635.630,67.218582,-35.900505,-88.363,15.654,-0.00001,-0.21052
1784779635.787,67.220894,-36.422539,-88.366,15.666,-0.00048,-0.21071
1784779635.948,67.223206,-36.944958,-88.368,15.678,-0.00000,-0.21090
1784779636.107,67.225449,-37.467777,-88.371,15.690,-0.00043,-0.21116
1784779636.262,67.227592,-37.990990,-88.373,15.702,-0.00088,-0.21152
1784779636.422,67.229736,-38.514618,-88.376,15.715,-0.00035,-0.21189
1784779636.583,67.231987,-39.038628,-88.379,15.728,-0.00076,-0.21215
1784779636.743,67.234299,-39.563034,-88.383,15.740,-0.00117,-0.21235
1784779636.903,67.236542,-40.087887,-88.386,15.754,-0.00065,-0.21262
1784779637.061,67.238609,-40.613209,-88.391,15.769,-0.00098,-0.21301
1784779637.218,67.240578,-41.139019,-88.396,15.784,-0.00032,-0.21301
1784779637.378,67.242607,-41.665417,-88.402,15.802,-0.00050,-0.21248
1784779637.535,67.244751,-42.191853,-88.405,15.730,-0.00081,-0.21178
1784779637.694,67.246895,-42.712379,-88.407,15.572,-0.00027,-0.21106
1784779637.853,67.248886,-43.231850,-88.410,15.589,-0.00059,-0.21049
1784779638.011,67.250740,-43.751945,-88.413,15.608,-0.00086,-0.21006
1784779638.166,67.252487,-44.272556,-88.418,15.625,-0.00019,-0.20974
1784779638.267,67.253326,-44.533070,-88.420,15.632,0.00012,-0.20961
1784779638.399,67.254929,-45.054436,-88.426,15.646,0.00001,-0.20944
1784779638.504,67.255760,-45.315285,-88.428,15.653,0.00028,-0.20932
1784779638.638,67.257454,-45.837296,-88.432,15.667,0.00012,-0.20905
1784779638.795,67.259232,-46.359764,-88.436,15.681,-0.00007,-0.20870
1784779638.952,67.260910,-46.882774,-88.438,15.699,0.00043,-0.20846
1784779639.109,67.262299,-47.406288,-88.438,15.713,0.00024,-0.20850
1784779639.266,67.263512,-47.930168,-88.440,15.723,0.00078,-0.20872
1784779639.424,67.264992,-48.454445,-88.439,15.735,0.00055,-0.20868
1784779639.579,67.266808,-48.979202,-88.436,15.750,0.00023,-0.20830
1784779639.738,67.268585,-49.504425,-88.433,15.765,0.00061,-0.20811
1784779639.898,67.270142,-50.030228,-88.429,15.783,0.00030,-0.20834
1784779640.065,67.271591,-50.556648,-88.427,15.799,0.00007,-0.20873
1784779640.227,67.273178,-51.083496,-88.427,15.812,0.00054,-0.20899
1784779640.383,67.274994,-51.607491,-88.426,15.605,0.00026,-0.20901
1784779640.540,67.276764,-52.126526,-88.426,15.574,0.00069,-0.20905
1784779640.700,67.278458,-52.646061,-88.427,15.587,0.00064,-0.20918
1784779640.857,67.280136,-53.165958,-88.425,15.598,0.00067,-0.20932
1784779641.015,67.281921,-53.686157,-88.423,15.609,0.00128,-0.20935
1784779641.174,67.283775,-54.206669,-88.419,15.618,0.00123,-0.20932
1784779641.332,67.285599,-54.727440,-88.413,15.625,0.00177,-0.20932
1784779641.488,67.287445,-55.248444,-88.406,15.633,0.00165,-0.20930
1784779641.646,67.289368,-55.769657,-88.397,15.639,0.00149,-0.20920
1784779641.802,67.291435,-56.291039,-88.389,15.645,0.00204,-0.20896
1784779641.957,67.293602,-56.812599,-88.380,15.650,0.00214,-0.20861
1784779642.116,67.295837,-57.334335,-88.371,15.656,0.00287,-0.20820
1784779642.275,67.298149,-57.856270,-88.360,15.662,0.00298,-0.20772
1784779642.432,67.300537,-58.378410,-88.345,15.668,0.00299,-0.20716
1784779642.593,67.303093,-58.900795,-88.330,15.678,0.00358,-0.20643
1784779642.750,67.305656,-59.423553,-88.312,15.692,0.00350,-0.20570
1784779642.912,67.308304,-59.946716,-88.294,15.705,0.00338,-0.20488
1784779643.070,67.311180,-60.470364,-88.275,15.720,0.00387,-0.20385
1784779643.232,67.314362,-60.994503,-88.257,15.735,0.00336,-0.20325
1784779643.390,67.317780,-61.519142,-88.236,15.749,0.00335,-0.20346
1784779643.549,67.321312,-62.044380,-88.214,15.769,0.00239,-0.20384
1784779643.707,67.324928,-62.570393,-88.198,15.791,0.00155,-0.20414
1784779643.866,67.328690,-63.097153,-88.185,15.814,0.00162,-0.20431
1784779644.026,67.332520,-63.621414,-88.176,15.618,0.00090,-0.20439
1784779644.185,67.336487,-64.140976,-88.170,15.596,0.00101,-0.20429
1784779644.343,67.340530,-64.661339,-88.167,15.619,0.00037,-0.20431
1784779644.505,67.344604,-65.182411,-88.163,15.640,-0.00033,-0.20549
1784779644.662,67.348610,-65.704109,-88.164,15.661,-0.00002,-0.20774
1784779644.819,67.352501,-66.226486,-88.166,15.682,-0.00066,-0.21022
1784779644.980,67.356392,-66.749580,-88.170,15.704,-0.00121,-0.21270
1784779645.140,67.360344,-67.273399,-88.177,15.726,-0.00073,-0.21514
1784779645.296,67.364281,-67.797958,-88.185,15.748,-0.00120,-0.21759
1784779645.455,67.368111,-68.323212,-88.191,15.768,-0.00070,-0.22016
1784779645.615,67.371773,-68.849136,-88.197,15.789,-0.00116,-0.22291
1784779645.771,67.375336,-69.375778,-88.203,15.811,-0.00155,-0.22476
1784779645.929,67.378914,-69.902603,-88.212,15.744,-0.00096,-0.22448
1784779646.085,67.382401,-70.423660,-88.219,15.591,-0.00135,-0.22326
1784779646.240,67.385834,-70.943787,-88.227,15.611,-0.00077,-0.22209
1784779646.399,67.389252,-71.464638,-88.237,15.631,-0.00109,-0.22095
1784779646.555,67.392624,-71.986122,-88.243,15.652,-0.00148,-0.21984
1784779646.710,67.395927,-72.508202,-88.251,15.670,-0.00088,-0.21882
1784779646.870,67.399094,-73.030884,-88.258,15.688,-0.00103,-0.21793
1784779647.027,67.402176,-73.554169,-88.266,15.706,-0.00098,-0.21712
1784779647.186,67.405243,-74.077995,-88.274,15.720,-0.00007,-0.21634
1784779647.351,67.408340,-74.602234,-88.279,15.732,-0.00008,-0.21553
1784779647.512,67.411369,-75.126892,-88.281,15.744,0.00051,-0.21478
1784779647.667,67.414322,-75.651886,-88.281,15.753,0.00042,-0.21412
1784779647.827,67.417252,-76.177200,-88.281,15.761,0.00033,-0.21347
1784779647.986,67.420212,-76.702789,-88.281,15.770,0.00087,-0.21280
1784779648.146,67.423248,-77.228622,-88.280,15.778,0.00060,-0.21206
1784779648.306,67.426277,-77.754684,-88.277,15.787,-0.00019,-0.21132
1784779648.464,67.429352,-78.281013,-88.275,15.795,-0.00022,-0.21054
1784779648.619,67.432419,-78.807571,-88.275,15.802,-0.00139,-0.20977
1784779648.778,67.435463,-79.333786,-88.277,15.722,-0.00134,-0.20901
1784779648.934,67.438362,-79.853821,-88.283,15.557,-0.00235,-0.20838
1784779649.089,67.441200,-80.372589,-88.293,15.568,-0.00315,-0.20780
1784779649.245,67.444000,-80.891785,-88.309,15.581,-0.00258,-0.20728
1784779649.402,67.446716,-81.411346,-88.325,15.594,-0.00255,-0.20729
1784779649.555,67.449265,-81.931366,-88.342,15.608,-0.00157,-0.20834
1784779649.713,67.451553,-82.451836,-88.357,15.621,-0.00138,-0.21000
1784779649.871,67.453682,-82.972801,-88.368,15.636,-0.00130,-0.21183
1784779650.025,67.455795,-83.494263,-88.377,15.651,-0.00042,-0.21368
1784779650.188,67.457901,-84.016251,-88.385,15.666,-0.00043,-0.21554
1784779650.344,67.459976,-84.538704,-88.389,15.680,0.00027,-0.21744
1784779650.502,67.461952,-85.061623,-88.394,15.694,0.00020,-0.21943
1784779650.660,67.463913,-85.585007,-88.394,15.709,0.00007,-0.22123
1784779650.817,67.465866,-86.108879,-88.395,15.724,0.00060,-0.22098
1784779650.970,67.467758,-86.633278,-88.395,15.740,0.00046,-0.21859
1784779651.128,67.469620,-87.158203,-88.395,15.757,0.00033,-0.21589
1784779651.283,67.471527,-87.683701,-88.395,15.776,0.00086,-0.21315
1784779651.441,67.473526,-88.209801,-88.393,15.794,0.00068,-0.21031
1784779651.598,67.475555,-88.736526,-88.391,15.813,0.00048,-0.20745
1784779651.756,67.477516,-89.260666,-88.388,15.615,0.00094,-0.20517
1784779651.914,67.479431,-89.780060,-88.385,15.590,0.00071,-0.20472
1784779652.071,67.481339,-90.300217,-88.381,15.613,0.00116,-0.20545
1784779652.227,67.483383,-90.821121,-88.378,15.637,0.00091,-0.20610
1784779652.384,67.485504,-91.342773,-88.374,15.660,0.00134,-0.20668
1784779652.543,67.487671,-91.865189,-88.371,15.683,0.00107,-0.20722
1784779652.700,67.489853,-92.388321,-88.365,15.704,0.00076,-0.20774
1784779652.854,67.492096,-92.912155,-88.361,15.725,0.00117,-0.20821
1784779653.011,67.494324,-93.436676,-88.357,15.745,0.00091,-0.20870
1784779653.165,67.496605,-93.961899,-88.353,15.765,0.00067,-0.20913
1784779653.319,67.498924,-94.487778,-88.349,15.786,0.00111,-0.20954
1784779653.474,67.501320,-95.014313,-88.346,15.805,0.00086,-0.20986
1784779653.629,67.503761,-95.540909,-88.342,15.735,0.00129,-0.21015
1784779653.787,67.506180,-96.061661,-88.338,15.580,0.00099,-0.21042
1784779653.948,67.508621,-96.581352,-88.332,15.596,0.00066,-0.21067
1784779654.104,67.511101,-97.101608,-88.329,15.612,0.00105,-0.21089
1784779654.258,67.513626,-97.622345,-88.325,15.629,0.00056,-0.21105
1784779654.415,67.516182,-98.143631,-88.322,15.648,0.00074,-0.21120
1784779654.568,67.518700,-98.665527,-88.321,15.668,0.00014,-0.21138
1784779654.721,67.521263,-99.188065,-88.319,15.687,-0.00059,-0.21152
1784779654.884,67.523872,-99.711197,-88.320,15.706,-0.00028,-0.21162
1784779654.994,67.525177,-99.973007,-88.321,15.715,-0.00113,-0.21167
1784779655.131,67.527763,-100.497063,-88.325,15.733,-0.00073,-0.21179
1784779655.233,67.529015,-100.759338,-88.326,15.743,-0.00144,-0.21190
1784779655.374,67.531471,-101.284439,-88.333,15.765,-0.00077,-0.21220
1784779655.530,67.533875,-101.810333,-88.341,15.788,-0.00086,-0.21266
1784779655.683,67.536232,-102.336990,-88.348,15.810,-0.00007,-0.21324
1784779655.839,67.538544,-102.863861,-88.355,15.745,-0.00019,-0.21386
1784779655.998,67.540779,-103.384995,-88.356,15.593,-0.00046,-0.21454
1784779656.162,67.543015,-103.905235,-88.359,15.616,0.00015,-0.21520
1784779656.315,67.545235,-104.426239,-88.362,15.638,-0.00004,-0.21589
1784779656.472,67.547363,-104.947922,-88.364,15.661,-0.00028,-0.21667
1784779656.626,67.549454,-105.470322,-88.366,15.684,0.00030,-0.21748
1784779656.784,67.551582,-105.993484,-88.368,15.707,0.00013,-0.21749
1784779656.940,67.553741,-106.517403,-88.369,15.730,0.00060,-0.21640
1784779657.093,67.555893,-107.042114,-88.368,15.755,0.00037,-0.21502
1784779657.255,67.557968,-107.567665,-88.368,15.779,0.00016,-0.21371
1784779657.408,67.559990,-108.094032,-88.368,15.804,0.00065,-0.21246
1784779657.563,67.562027,-108.620728,-88.368,15.743,0.00046,-0.21119
1784779657.720,67.564125,-109.141830,-88.366,15.595,0.00021,-0.20998
1784779657.876,67.566269,-109.662170,-88.366,15.621,0.00065,-0.20947
1784779658.029,67.568428,-110.183403,-88.365,15.645,0.00040,-0.20967
1784779658.188,67.570641,-110.705399,-88.364,15.669,0.00083,-0.20990
1784779658.344,67.572845,-111.228149,-88.361,15.692,0.00053,-0.21013
1784779658.499,67.575058,-111.751678,-88.358,15.715,0.00024,-0.21036
1784779658.656,67.577263,-112.275970,-88.356,15.738,0.00069,-0.21061
1784779658.810,67.579529,-112.800995,-88.355,15.759,0.00056,-0.21079
1784779658.967,67.581886,-113.326614,-88.354,15.776,0.00110,-0.21089
1784779659.127,67.584290,-113.852768,-88.350,15.792,0.00093,-0.21094
1784779659.281,67.586700,-114.379440,-88.346,15.806,0.00076,-0.21099
1784779659.433,67.589035,-114.906013,-88.343,15.731,0.00126,-0.21111
1784779659.591,67.591354,-115.426567,-88.338,15.571,0.00106,-0.21122
1784779659.831,67.593765,-115.945900,-88.334,15.582,0.00084,-0.21124
1784779659.984,67.596268,-116.465637,-88.330,15.594,0.00129,-0.21116
1784779660.141,67.598801,-116.985687,-88.326,15.605,0.00109,-0.21105
1784779660.300,67.601349,-117.506058,-88.320,15.615,0.00169,-0.21093
1784779660.452,67.603920,-118.026718,-88.314,15.625,0.00190,-0.21079
1784779660.607,67.606583,-118.547729,-88.307,15.635,0.00212,-0.21056
1784779660.762,67.609329,-119.069046,-88.297,15.646,0.00284,-0.21025
1784779660.915,67.612167,-119.590736,-88.285,15.658,0.00292,-0.20985
1784779661.073,67.615204,-120.112808,-88.270,15.670,0.00351,-0.20925
1784779661.230,67.618439,-120.635300,-88.251,15.682,0.00331,-0.20852
1784779661.386,67.621796,-121.158188,-88.232,15.694,0.00265,-0.20814
1784779661.543,67.625275,-121.681488,-88.213,15.706,0.00260,-0.20807
1784779661.696,67.628922,-122.205238,-88.196,15.720,0.00171,-0.20789
1784779661.848,67.632835,-122.729523,-88.183,15.735,0.00172,-0.20745
1784779662.002,67.636963,-123.254318,-88.172,15.751,0.00090,-0.20679
1784779662.155,67.641136,-123.779587,-88.164,15.766,0.00015,-0.20609
1784779662.312,67.645264,-124.305374,-88.160,15.782,0.00028,-0.20544
1784779662.469,67.649368,-124.831680,-88.158,15.798,-0.00042,-0.20482
1784779662.625,67.653496,-125.358490,-88.159,15.813,-0.00112,-0.20418
1784779662.778,67.657654,-125.882545,-88.163,15.611,-0.00078,-0.20434
1784779662.935,67.661758,-126.401711,-88.167,15.583,-0.00143,-0.20631
1784779663.088,67.665787,-126.921524,-88.174,15.600,-0.00099,-0.20915
1784779663.240,67.669678,-127.441895,-88.184,15.618,-0.00145,-0.21214
1784779663.398,67.673447,-127.962799,-88.191,15.636,-0.00192,-0.21525
1784779663.553,67.677170,-128.484283,-88.202,15.654,-0.00135,-0.21843
1784779663.708,67.680748,-129.006409,-88.212,15.672,-0.00169,-0.22165
1784779663.809,67.682495,-129.267700,-88.218,15.681,-0.00135,-0.22274
1784779663.949,67.685905,-129.790665,-88.228,15.698,-0.00167,-0.22310
1784779664.058,67.687607,-130.052353,-88.234,15.706,-0.00121,-0.22254
1784779664.195,67.691032,-130.576202,-88.244,15.724,-0.00021,-0.22126
1784779664.359,67.694351,-131.100632,-88.253,15.739,0.00150,-0.22009
1784779664.521,67.697502,-131.625534,-88.255,15.753,0.00283,-0.21910
1784779664.676,67.700500,-132.150909,-88.248,15.768,0.00396,-0.21825
1784779664.964,67.703575,-132.676727,-88.234,15.780,0.00529,-0.21734
1784779665.134,67.707047,-133.202972,-88.213,15.791,0.00603,-0.21602
1784779665.285,67.710884,-133.729614,-88.184,15.803,0.00703,-0.21435
1784779665.449,67.715034,-134.256027,-88.149,15.725,0.00740,-0.21236
1784779665.556,67.717186,-134.516953,-88.130,15.600,0.00781,-0.21127
1784779665.695,67.721695,-135.035706,-88.089,15.565,0.00807,-0.20889
1784779665.805,67.724083,-135.295212,-88.067,15.569,0.00844,-0.20757
1784779665.952,67.729187,-135.814407,-88.022,15.578,0.00852,-0.20460
1784779666.112,67.734756,-136.333755,-87.974,15.586,0.00937,-0.20116
1784779666.270,67.740746,-136.853363,-87.925,15.594,0.01042,-0.19730
1784779666.427,67.747246,-137.373245,-87.871,15.603,0.01163,-0.19293
1784779666.588,67.754395,-137.893387,-87.811,15.611,0.01292,-0.18792
1784779666.746,67.762131,-138.413803,-87.742,15.621,0.01360,-0.18232
1784779666.905,67.770493,-138.934631,-87.667,15.631,0.01413,-0.17942
1784779667.066,67.779472,-139.455780,-87.587,15.642,0.01558,-0.18135
1784779667.224,67.789223,-139.977280,-87.504,15.653,0.01759,-0.18459
1784779667.382,67.799934,-140.499115,-87.415,15.663,0.01959,-0.18688
1784779667.541,67.811714,-141.021271,-87.311,15.674,0.02104,-0.18811
1784779667.695,67.824417,-141.543762,-87.194,15.685,0.02239,-0.18842
1784779667.855,67.838089,-142.066589,-87.069,15.696,0.02383,-0.18778
1784779668.033,67.852890,-142.589783,-86.936,15.710,0.02567,-0.18607
1784779668.203,67.868950,-143.113373,-86.795,15.724,0.02737,-0.18363
1784779668.310,67.877533,-143.375336,-86.721,15.731,0.02783,-0.18210
1784779668.462,67.895950,-143.899506,-86.564,15.745,0.02899,-0.17797
1784779668.591,67.905731,-144.161774,-86.482,15.753,0.02900,-0.17535
1784779668.696,67.915871,-144.424164,-86.399,15.760,0.02938,-0.17237
1784779668.839,67.937271,-144.949249,-86.228,15.775,0.02938,-0.16831
1784779668.952,67.948547,-145.211945,-86.142,15.782,0.02959,-0.16760
1784779669.105,67.972290,-145.737747,-85.966,15.799,0.02989,-0.16789
1784779669.240,67.984787,-146.000854,-85.878,15.808,0.02929,-0.16759
1784779669.379,68.011002,-146.526978,-85.703,15.738,0.02943,-0.16578
1784779669.494,68.024605,-146.787766,-85.615,15.615,0.02862,-0.16427
1784779669.654,68.052864,-147.306427,-85.443,15.587,0.02849,-0.16007
1784779669.825,68.082718,-147.825546,-85.274,15.602,0.02735,-0.15682
1784779669.930,68.098221,-148.085266,-85.191,15.610,0.02719,-0.15734
1784779670.094,68.130363,-148.604935,-85.029,15.624,0.02586,-0.16201
1784779670.200,68.146973,-148.864868,-84.950,15.630,0.02564,-0.16449
1784779670.301,68.163933,-149.124878,-84.871,15.636,0.02539,-0.16662
1784779670.421,68.181221,-149.384979,-84.793,15.642,0.02411,-0.16843
1784779670.577,68.216881,-149.905365,-84.644,15.653,0.02357,-0.17105
1784779670.680,68.235237,-150.165649,-84.571,15.658,0.02224,-0.17256
1784779670.836,68.272949,-150.686432,-84.432,15.669,0.02164,-0.17854
1784779670.952,68.292274,-150.946899,-84.365,15.674,0.02029,-0.18301
1784779671.094,68.331833,-151.468048,-84.237,15.683,0.01968,-0.19201
1784779671.251,68.372528,-151.989395,-84.115,15.692,0.01801,-0.19989
1784779671.406,68.414352,-152.510971,-84.001,15.703,0.01738,-0.20667
1784779671.562,68.457314,-153.032852,-83.891,15.716,0.01569,-0.21234
1784779671.720,68.501198,-153.555054,-83.789,15.729,0.01440,-0.21712
1784779671.875,68.545891,-154.077637,-83.697,15.742,0.01430,-0.22119
1784779672.029,68.591393,-154.600525,-83.610,15.754,0.01342,-0.22501
1784779672.186,68.637733,-155.123779,-83.529,15.766,0.01338,-0.22862
1784779672.346,68.684875,-155.647430,-83.452,15.782,0.01246,-0.23158
1784779672.501,68.732834,-156.171600,-83.375,15.799,0.01145,-0.23378
1784779672.656,68.781448,-156.696259,-83.303,15.817,0.01134,-0.23536
1784779672.809,68.830444,-157.218201,-83.235,15.615,0.01033,-0.23631
1784779672.965,68.879517,-157.735275,-83.171,15.590,0.00928,-0.23672
1784779673.120,68.929077,-158.252960,-83.111,15.611,0.00915,-0.23670
1784779673.276,68.979240,-158.771271,-83.056,15.632,0.00819,-0.23614
1784779673.434,69.030037,-159.290176,-83.004,15.653,0.00808,-0.23501
1784779673.588,69.081398,-159.809723,-82.955,15.674,0.00709,-0.23337
1784779673.744,69.133255,-160.329926,-82.910,15.696,0.00614,-0.23131
1784779673.900,69.185547,-160.850937,-82.870,15.722,0.00609,-0.22889
1784779674.056,69.238197,-161.372833,-82.833,15.748,0.00524,-0.22619
1784779674.210,69.291183,-161.895477,-82.800,15.771,0.00441,-0.22451
1784779674.366,69.344589,-162.418884,-82.772,15.795,0.00427,-0.22470
1784779674.523,69.398384,-162.943024,-82.746,15.818,0.00288,-0.22548
1784779674.680,69.452148,-163.464676,-82.724,15.621,0.00247,-0.22602
1784779674.838,69.505508,-163.981659,-82.707,15.599,0.00113,-0.22648
1784779674.994,69.558975,-164.499435,-82.697,15.621,-0.00002,-0.22692
1784779675.148,69.612564,-165.017853,-82.694,15.642,-0.00016,-0.22731
1784779675.305,69.666344,-165.536865,-82.695,15.663,-0.00142,-0.22756
1784779675.459,69.720215,-166.056519,-82.698,15.683,-0.00144,-0.22779
1784779675.612,69.774033,-166.576828,-82.704,15.701,-0.00252,-0.22814
1784779675.769,69.827904,-167.097672,-82.715,15.716,-0.00342,-0.22850
1784779675.924,69.881844,-167.619019,-82.729,15.730,-0.00317,-0.22884
1784779676.077,69.935608,-168.140930,-82.746,15.745,-0.00385,-0.22941
1784779676.235,69.989105,-168.663330,-82.765,15.760,-0.00337,-0.23029
1784779676.390,70.042404,-169.186279,-82.788,15.776,-0.00378,-0.23144
1784779676.542,70.095718,-169.709656,-82.811,15.787,-0.00419,-0.23261
1784779676.697,70.149216,-170.233368,-82.834,15.794,-0.00364,-0.23363
1784779676.853,70.202477,-170.757278,-82.855,15.800,-0.00409,-0.23401
1784779677.008,70.255180,-171.281464,-82.878,15.805,-0.00434,-0.23248
1784779677.163,70.307190,-171.802643,-82.904,15.592,-0.00354,-0.23012
1784779677.317,70.358559,-172.318604,-82.930,15.553,-0.00366,-0.22787
1784779677.468,70.409843,-172.834778,-82.955,15.557,-0.00283,-0.22572
1784779677.626,70.461014,-173.350937,-82.979,15.559,-0.00295,-0.22369
1784779677.781,70.511902,-173.867065,-82.999,15.561,-0.00313,-0.22194
1784779677.932,70.562607,-174.383240,-83.018,15.563,-0.00242,-0.22037
1784779678.087,70.613144,-174.899475,-83.033,15.567,-0.00266,-0.21898
1784779678.244,70.663521,-175.415878,-83.047,15.571,-0.00199,-0.21776
1784779678.398,70.713707,-175.932449,-83.062,15.576,-0.00219,-0.21674
1784779678.553,70.763771,-176.449265,-83.074,15.583,-0.00219,-0.21587
1784779678.706,70.813896,-176.966339,-83.087,15.590,-0.00062,-0.21497
1784779678.858,70.864044,-177.483719,-83.098,15.599,0.00095,-0.21406
1784779679.015,70.914131,-178.001465,-83.104,15.610,0.00256,-0.21314
1784779679.168,70.964226,-178.519623,-83.099,15.621,0.00370,-0.21215
1784779679.319,71.014496,-179.038101,-83.085,15.631,0.00459,-0.21100
1784779679.475,71.065033,-179.556900,-83.064,15.640,0.00569,-0.20961
1784779679.628,71.115829,-180.075943,-83.036,15.649,0.00609,-0.20798
1784779679.782,71.166924,-180.595215,-83.003,15.659,0.00664,-0.20608
1784779679.939,71.218277,-181.114792,-82.967,15.668,0.00624,-0.20395
1784779680.090,71.270004,-181.634613,-82.929,15.676,0.00575,-0.20148
1784779680.242,71.322189,-182.154602,-82.894,15.683,0.00598,-0.19856
1784779680.396,71.374741,-182.674805,-82.859,15.688,0.00542,-0.19530
1784779680.549,71.427567,-183.195221,-82.827,15.695,0.00490,-0.19178
1784779680.703,71.480614,-183.715851,-82.796,15.701,0.00512,-0.18807
1784779680.859,71.533966,-184.236679,-82.766,15.707,0.00459,-0.18406
1784779681.012,71.587646,-184.757645,-82.738,15.712,0.00404,-0.17983
1784779681.165,71.641678,-185.278717,-82.711,15.716,0.00420,-0.17817
1784779681.319,71.696030,-185.799866,-82.685,15.721,0.00360,-0.18185
1784779681.473,71.750664,-186.321091,-82.657,15.726,0.00369,-0.18738
1784779681.625,71.805481,-186.842468,-82.632,15.732,0.00305,-0.19274
1784779681.780,71.860458,-187.363998,-82.610,15.739,0.00321,-0.19795
1784779681.934,71.915543,-187.885727,-82.591,15.745,0.00267,-0.20309
1784779682.084,71.970795,-188.407654,-82.573,15.754,0.00213,-0.20791
1784779682.237,72.026550,-188.929916,-82.560,15.767,0.00238,-0.21056
1784779682.391,72.082527,-189.452667,-82.547,15.781,0.00187,-0.21114
1784779682.544,72.138580,-189.975891,-82.535,15.796,0.00140,-0.21135
1784779682.700,72.194633,-190.499649,-82.524,15.812,0.00165,-0.21162
1784779682.852,72.250381,-191.020782,-82.514,15.610,0.00124,-0.21191
1784779683.002,72.305832,-191.537048,-82.506,15.583,0.00158,-0.21197
1784779683.158,72.361519,-192.053955,-82.499,15.601,0.00129,-0.21187
1784779683.312,72.417297,-192.571411,-82.489,15.619,0.00096,-0.21174
1784779683.468,72.473160,-193.089401,-82.482,15.638,0.00133,-0.21158
1784779683.623,72.529137,-193.607971,-82.476,15.655,0.00105,-0.21137
1784779683.782,72.585312,-194.126999,-82.470,15.670,0.00144,-0.21101
1784779683.940,72.641586,-194.646530,-82.465,15.684,0.00116,-0.21061
1784779684.094,72.697922,-195.166534,-82.458,15.698,0.00085,-0.21020
1784779684.247,72.754333,-195.687012,-82.453,15.712,0.00124,-0.20976
1784779684.399,72.810860,-196.207977,-82.448,15.727,0.00094,-0.20926
1784779684.553,72.867462,-196.729416,-82.442,15.741,0.00065,-0.20873
1784779684.706,72.924179,-197.251312,-82.437,15.755,0.00103,-0.20814
1784779684.859,72.981010,-197.773651,-82.432,15.770,0.00073,-0.20749
1784779685.016,73.037994,-198.296417,-82.426,15.785,0.00107,-0.20672
1784779685.170,73.095062,-198.819702,-82.420,15.800,0.00072,-0.20593
1784779685.319,73.152222,-199.343445,-82.415,15.814,0.00040,-0.20514
1784779685.472,73.209106,-199.864410,-82.410,15.610,0.00075,-0.20476
1784779685.628,73.265556,-200.380524,-82.406,15.582,0.00041,-0.20476
1784779685.778,73.322220,-200.897217,-82.403,15.599,0.00007,-0.20471
1784779685.932,73.378868,-201.414490,-82.401,15.617,0.00041,-0.20473
1784779686.081,73.435562,-201.932312,-82.399,15.635,0.00012,-0.20476
1784779686.233,73.492317,-202.450684,-82.396,15.653,0.00047,-0.20480
1784779686.389,73.549248,-202.969666,-82.395,15.672,0.00017,-0.20472
1784779686.541,73.606323,-203.489227,-82.392,15.690,-0.00020,-0.20457
1784779686.690,73.663376,-204.009399,-82.391,15.707,0.00029,-0.20450
1784779686.843,73.720436,-204.530151,-82.390,15.723,0.00035,-0.20449
1784779686.996,73.777618,-205.051453,-82.390,15.740,0.00106,-0.20442
1784779687.149,73.834946,-205.573273,-82.387,15.756,0.00116,-0.20426
1784779687.305,73.892410,-206.095642,-82.382,15.772,0.00119,-0.20403
1784779687.457,73.950050,-206.618530,-82.375,15.790,0.00174,-0.20367
1784779687.607,74.007584,-207.141998,-82.367,15.805,0.00172,-0.20349
1784779687.762,74.065254,-207.665375,-82.358,15.732,0.00164,-0.20316
1784779687.916,74.122383,-208.182770,-82.347,15.572,0.00211,-0.20271
1784779688.068,74.179558,-208.698975,-82.337,15.584,0.00193,-0.20209
1784779688.226,74.236877,-209.215576,-82.325,15.596,0.00110,-0.20137
1784779688.377,74.294273,-209.732544,-82.312,15.608,-0.01220,-0.20062
1784779688.528,74.351761,-210.249847,-82.313,15.619,-0.03340,-0.19981
1784779688.682,74.409210,-210.767517,-82.386,15.629,-0.04621,-0.19907
1784779688.835,74.465569,-211.285583,-82.572,15.636,-0.06182,-0.19947
1784779688.987,74.519493,-211.804077,-82.852,15.639,-0.06955,-0.20233
1784779689.140,74.570107,-212.322998,-83.208,15.640,-0.07954,-0.20869
1784779689.292,74.617065,-212.842270,-83.628,15.641,-0.08653,-0.21998
1784779689.444,74.659821,-213.361908,-84.101,15.641,-0.08783,-0.23665
1784779689.598,74.698051,-213.881897,-84.607,15.641,-0.09055,-0.25801
1784779689.751,74.731560,-214.402191,-85.129,15.641,-0.05445,-0.28411
1784779689.904,74.759804,-214.914474,-85.614,15.005,-0.05511,-0.31451
1784779690.057,74.782669,-215.396606,-85.896,14.043,-0.05564,-0.34682
1784779690.209,74.802719,-215.849701,-86.196,13.231,-0.06247,-0.37862
1784779690.357,74.819855,-216.278793,-86.479,12.568,-0.06311,-0.41057
1784779690.512,74.833916,-216.688080,-86.762,12.025,-0.06333,-0.44331
1784779690.663,74.845306,-217.081085,-87.039,11.584,-0.09570,-0.47920
1784779690.812,74.854408,-217.466339,-87.333,11.610,-0.09536,-0.51141
1784779690.966,74.861488,-217.857788,-87.776,11.861,-0.08747,-0.55530
1784779691.119,74.865166,-218.257782,-88.217,12.121,-0.08088,-0.78404
1784779691.272,74.865494,-218.666031,-88.621,12.366,-0.08420,-0.48173
1784779691.427,74.863358,-219.082153,-89.005,12.597,-0.08110,-0.45040
1784779691.580,74.858658,-219.505707,-89.389,12.812,-0.07651,-0.42091
1784779691.730,74.851105,-219.936188,-89.790,13.015,-0.07081,-0.39270
1784779691.881,74.840164,-220.373169,-90.169,13.207,-0.06622,-0.36612
1784779692.033,74.826164,-220.816284,-90.527,13.389,-0.06061,-0.34159
1784779692.184,74.809303,-221.265198,-90.864,13.561,-0.05507,-0.31941
1784779692.337,74.789749,-221.719574,-91.179,13.722,-0.05017,-0.29943
1784779692.489,74.767693,-222.179047,-91.467,13.873,-0.04558,-0.28151
1784779692.638,74.743286,-222.643265,-91.732,14.015,-0.04089,-0.26551
1784779692.792,74.716560,-223.112000,-91.975,14.149,-0.03641,-0.25144
1784779692.945,74.687698,-223.584930,-92.195,14.275,-0.03273,-0.23912
1784779693.093,74.656837,-224.061829,-92.392,14.394,-0.02935,-0.22846
1784779693.248,74.624252,-224.542511,-92.571,14.506,-0.02623,-0.21918
1784779693.398,74.590088,-225.026611,-92.731,14.611,-0.02295,-0.21118
1784779693.549,74.554428,-225.513855,-92.874,14.683,-0.01987,-0.20439
1784779693.701,74.517532,-226.002106,-93.001,14.700,-0.01759,-0.19875
1784779693.852,74.479584,-226.490860,-93.111,14.717,-0.01514,-0.19412
1784779694.001,74.440712,-226.980148,-93.209,14.735,-0.01432,-0.19036
1784779694.155,74.400978,-227.469940,-93.294,14.752,-0.01320,-0.18741
1784779694.306,74.360588,-227.960297,-93.376,14.770,-0.01314,-0.18507
1784779694.455,74.319504,-228.451263,-93.451,14.788,-0.01210,-0.18337
1784779694.607,74.277779,-228.942780,-93.524,14.807,-0.01202,-0.18226
1784779694.757,74.235397,-229.434830,-93.593,14.827,-0.01092,-0.18175
1784779694.908,74.192230,-229.927582,-93.658,14.849,-0.01079,-0.18197
1784779695.061,74.148346,-230.421005,-93.720,14.870,-0.01056,-0.18284
1784779695.210,74.103836,-230.914993,-93.780,14.888,-0.01023,-0.18429
1784779695.361,74.058945,-231.409500,-93.842,14.906,-0.00894,-0.18607
1784779695.514,74.013565,-231.904648,-93.898,14.924,-0.00856,-0.18828
1784779695.664,73.967674,-232.400330,-93.950,14.943,-0.00738,-0.19096
1784779695.814,73.921234,-232.896637,-93.997,14.964,-0.00709,-0.19413
1784779695.965,73.874237,-233.393555,-94.040,14.986,-0.00597,-0.19780
1784779696.117,73.826828,-233.891113,-94.079,15.008,-0.00487,-0.20182
1784779696.271,73.779083,-234.389404,-94.114,15.031,-0.00472,-0.20608
1784779696.424,73.731064,-234.888428,-94.142,15.054,-0.00381,-0.20818
1784779696.576,73.682755,-235.388260,-94.171,15.078,-0.00387,-0.20741
1784779696.722,73.634079,-235.888855,-94.193,15.103,-0.00429,-0.20598
1784779696.879,73.585098,-236.390289,-94.215,15.127,-0.00375,-0.20478
1784779697.043,73.535767,-236.892578,-94.238,15.154,-0.00412,-0.20383
1784779697.193,73.486115,-237.395782,-94.262,15.180,-0.00345,-0.20311
1784779697.348,73.436272,-237.899857,-94.285,15.206,-0.00375,-0.20250
1784779697.500,73.386230,-238.404770,-94.307,15.231,-0.00310,-0.20200
1784779697.649,73.336021,-238.910461,-94.327,15.254,-0.00342,-0.20159
1784779697.801,73.285538,-239.416840,-94.345,15.274,-0.00281,-0.20138
1784779697.952,73.234596,-239.923798,-94.363,15.292,-0.00309,-0.20157
1784779698.102,73.183395,-240.431305,-94.381,15.309,-0.00236,-0.20197
1784779698.255,73.132088,-240.939362,-94.399,15.325,-0.00256,-0.20242
1784779698.407,73.080673,-241.447968,-94.415,15.344,-0.00185,-0.20292
1784779698.557,73.028992,-241.957123,-94.432,15.361,-0.00206,-0.20363
1784779698.712,72.976898,-242.466736,-94.444,15.378,-0.00227,-0.20470
1784779698.863,72.924576,-242.976868,-94.461,15.393,-0.00136,-0.20595
1784779699.014,72.872253,-243.487518,-94.475,15.409,-0.00131,-0.20701
1784779699.165,72.819923,-243.998657,-94.487,15.425,-0.00045,-0.20713
1784779699.316,72.767357,-244.510406,-94.492,15.444,-0.00146,-0.20656
1784779699.468,72.714539,-245.022766,-94.498,15.461,-0.00073,-0.20606
1784779699.620,72.661545,-245.535721,-94.507,15.477,-0.00069,-0.20569
1784779699.773,72.608368,-246.049255,-94.513,15.493,-0.00074,-0.20543
1784779699.921,72.555267,-246.563324,-94.518,15.510,0.00000,-0.20504
1784779700.073,72.502136,-247.077988,-94.521,15.526,-0.00016,-0.20463
1784779700.226,72.448959,-247.593109,-94.522,15.541,0.00038,-0.20421
1784779700.374,72.395714,-248.108688,-94.523,15.555,0.00030,-0.20381
1784779700.525,72.342384,-248.624664,-94.524,15.568,0.00044,-0.20345
1784779700.676,72.289040,-249.140991,-94.523,15.581,0.00117,-0.20307
1784779700.825,72.235672,-249.657761,-94.520,15.593,0.00131,-0.20267
1784779700.975,72.182259,-250.174957,-94.514,15.607,0.00196,-0.20227
1784779701.127,72.128784,-250.692612,-94.506,15.622,0.00197,-0.20188
1784779701.275,72.075272,-251.210815,-94.496,15.637,0.00195,-0.20176
1784779701.428,72.021767,-251.729614,-94.487,15.654,0.00255,-0.20206
1784779701.582,71.968430,-252.248962,-94.478,15.672,0.00248,-0.20237
1784779701.728,71.915184,-252.768982,-94.465,15.690,0.00299,-0.20253
1784779701.881,71.861984,-253.289612,-94.451,15.709,0.00281,-0.20257
1784779702.033,71.808777,-253.810898,-94.436,15.727,0.00266,-0.20256
1784779702.183,71.755539,-254.332748,-94.421,15.746,0.00316,-0.20252
1784779702.335,71.702309,-254.855225,-94.407,15.764,0.00300,-0.20240
1784779702.484,71.649361,-255.378357,-94.390,15.784,0.00276,-0.20194
1784779702.635,71.596558,-255.902115,-94.374,15.803,0.00317,-0.20128
1784779702.788,71.543831,-256.425964,-94.358,15.735,0.00305,-0.20069
1784779702.939,71.491699,-256.944092,-94.340,15.582,0.00390,-0.20121
1784779703.085,71.439735,-257.461243,-94.323,15.603,0.00465,-0.20269
1784779703.239,71.387955,-257.979187,-94.303,15.627,0.00533,-0.20402
1784779703.392,71.336433,-258.497955,-94.278,15.651,0.00629,-0.20501
1784779703.544,71.285095,-259.017517,-94.247,15.676,0.00664,-0.20574
1784779703.695,71.233887,-259.537903,-94.211,15.701,0.00739,-0.20626
1784779703.848,71.182922,-260.059204,-94.173,15.725,0.00777,-0.20646
1784779703.996,71.132256,-260.581360,-94.131,15.751,0.00883,-0.20627
1784779704.149,71.081963,-261.104431,-94.086,15.777,0.01029,-0.20562
1784779704.300,71.032028,-261.628418,-94.034,15.803,0.01125,-0.20465
1784779704.449,70.982574,-262.152771,-93.975,15.741,0.01193,-0.20344
1784779704.599,70.934227,-262.671631,-93.909,15.593,0.01284,-0.20178
1784779704.750,70.886536,-263.189636,-93.839,15.617,0.01316,-0.19956
1784779704.900,70.839439,-263.708588,-93.765,15.642,0.01450,-0.19665
1784779705.054,70.792976,-264.228394,-93.688,15.667,0.01652,-0.19303
1784779705.204,70.747192,-264.749054,-93.605,15.693,0.01851,-0.18882
1784779705.354,70.702118,-265.270569,-93.509,15.718,0.02026,-0.18644
1784779705.507,70.657845,-265.793091,-93.400,15.743,0.02164,-0.18675
1784779705.656,70.614563,-266.316467,-93.281,15.766,0.02383,-0.18690
1784779705.804,70.572487,-266.840759,-93.153,15.789,0.02690,-0.18578
1784779705.958,70.531616,-267.365875,-93.012,15.811,0.02954,-0.18338
1784779706.110,70.492058,-267.891296,-92.851,15.746,0.03161,-0.17966
1784779706.259,70.454422,-268.411102,-92.677,15.593,0.03302,-0.17518
1784779706.412,70.418549,-268.930054,-92.492,15.612,0.03383,-0.17324
1784779706.563,70.384399,-269.449768,-92.298,15.632,0.03468,-0.17304
1784779706.710,70.352013,-269.970215,-92.100,15.651,0.03466,-0.17135
1784779706.865,70.321442,-270.491333,-91.897,15.670,0.03497,-0.16780
1784779707.015,70.292717,-271.013153,-91.692,15.689,0.03426,-0.16236
1784779707.165,70.265816,-271.535736,-91.488,15.706,0.03347,-0.15505
1784779707.316,70.240768,-272.058960,-91.286,15.722,0.03356,-0.14891
1784779707.466,70.217583,-272.582794,-91.085,15.735,0.03280,-0.14883
1784779707.612,70.196167,-273.107178,-90.887,15.748,0.03267,-0.15137
1784779707.762,70.176460,-273.632080,-90.692,15.761,0.03150,-0.15230
1784779707.910,70.158478,-274.157471,-90.499,15.774,0.02981,-0.15155
1784779708.057,70.142273,-274.683319,-90.314,15.787,0.02887,-0.15443
1784779708.208,70.127831,-275.209534,-90.138,15.799,0.02661,-0.16481
1784779708.355,70.114990,-275.736176,-89.968,15.809,0.02428,-0.17680
1784779708.504,70.103577,-276.259888,-89.812,15.602,0.02321,-0.18736
1784779708.653,70.093582,-276.778564,-89.668,15.569,0.02099,-0.19652
1784779708.804,70.084793,-277.297668,-89.534,15.580,0.02008,-0.20442
1784779708.953,70.077148,-277.817200,-89.410,15.592,0.01820,-0.21111
1784779709.105,70.070496,-278.337067,-89.296,15.606,0.01643,-0.21681
1784779709.253,70.064819,-278.857483,-89.191,15.622,0.01579,-0.22153
1784779709.400,70.060120,-279.378418,-89.094,15.638,0.01415,-0.22527
1784779709.549,70.056282,-279.899963,-89.004,15.654,0.01367,-0.22853
1784779709.699,70.053223,-280.422058,-88.920,15.668,0.01230,-0.23307
1784779709.847,70.050903,-280.944519,-88.843,15.679,0.01097,-0.23881
1784779709.997,70.049286,-281.467377,-88.771,15.690,0.01062,-0.24402
1784779710.149,70.048294,-281.990662,-88.704,15.702,0.00934,-0.24862
1784779710.301,70.047783,-282.514343,-88.642,15.714,0.00893,-0.25204
1784779710.466,70.047775,-283.038391,-88.585,15.725,0.00719,-0.25267
1784779710.618,70.048309,-283.562744,-88.536,15.733,0.00536,-0.25116
1784779710.766,70.049416,-284.087341,-88.495,15.742,0.00472,-0.24907
1784779710.917,70.050964,-284.612183,-88.462,15.748,0.00311,-0.24654
1784779711.067,70.052597,-285.137207,-88.436,15.755,0.00170,-0.24393
1784779711.215,70.054291,-285.662445,-88.419,15.761,0.00164,-0.24176
1784779711.363,70.056076,-286.187927,-88.408,15.768,0.00128,-0.24046
1784779711.512,70.057968,-286.713684,-88.400,15.778,0.00175,-0.23941
1784779711.664,70.059883,-287.239685,-88.392,15.787,0.00156,-0.23834
1784779711.814,70.061905,-287.766052,-88.385,15.798,0.00134,-0.23720
1784779711.961,70.064011,-288.292816,-88.378,15.809,0.00170,-0.23661
1784779712.111,70.066208,-288.816620,-88.371,15.602,0.00115,-0.23670
1784779712.265,70.068436,-289.335449,-88.364,15.570,0.00058,-0.23691
1784779712.413,70.070648,-289.854797,-88.359,15.584,0.00080,-0.23714
1784779712.559,70.072769,-290.374573,-88.356,15.599,0.00035,-0.23747
1784779712.709,70.074936,-290.894806,-88.354,15.615,0.00066,-0.23737
1784779712.859,70.077240,-291.415527,-88.353,15.630,0.00025,-0.23503
1784779713.007,70.079620,-291.936768,-88.352,15.646,-0.00013,-0.23064
1784779713.156,70.081970,-292.458588,-88.353,15.661,0.00028,-0.22607
1784779713.304,70.084274,-292.980835,-88.353,15.676,-0.00004,-0.22155
1784779713.451,70.086601,-293.503632,-88.353,15.690,0.00034,-0.21701
1784779713.602,70.088928,-294.026855,-88.352,15.703,0.00000,-0.21337
1784779713.751,70.091255,-294.550598,-88.352,15.717,-0.00051,-0.21265
1784779713.899,70.093567,-295.074768,-88.353,15.731,-0.00014,-0.21369
1784779714.047,70.095863,-295.599365,-88.356,15.744,-0.00077,-0.21482
1784779714.198,70.098129,-296.124451,-88.359,15.758,-0.00036,-0.21598
1784779714.347,70.100296,-296.649902,-88.367,15.771,-0.00084,-0.21671
1784779714.498,70.102394,-297.175751,-88.372,15.783,-0.00132,-0.21643
1784779714.648,70.104507,-297.702026,-88.380,15.795,-0.00062,-0.21571
1784779714.795,70.106590,-298.228699,-88.388,15.808,-0.00059,-0.21503
1784779714.947,70.108536,-298.752625,-88.393,15.606,-0.00057,-0.21448
1784779715.095,70.110382,-299.271698,-88.397,15.579,0.00018,-0.21403
1784779715.241,70.112228,-299.791351,-88.398,15.598,0.00012,-0.21379
1784779715.392,70.114136,-300.311646,-88.398,15.618,0.00066,-0.21375
1784779715.545,70.116005,-300.832520,-88.398,15.637,0.00054,-0.21381
1784779715.694,70.117859,-301.353973,-88.396,15.657,0.00031,-0.21388
1784779715.844,70.119850,-301.876160,-88.395,15.676,0.00075,-0.21382
1784779715.994,70.122025,-302.399078,-88.393,15.696,0.00044,-0.21358
1784779716.143,70.124260,-302.922729,-88.389,15.719,0.00080,-0.21314
1784779716.294,70.126328,-303.447144,-88.388,15.742,0.00052,-0.21225
1784779716.440,70.128334,-303.972290,-88.384,15.764,0.00014,-0.21085
1784779716.589,70.130371,-304.498108,-88.382,15.784,0.00037,-0.20938
1784779716.740,70.132545,-305.024536,-88.382,15.801,-0.00038,-0.20778
1784779716.888,70.134811,-305.551025,-88.382,15.730,-0.00122,-0.20608
1784779717.035,70.136963,-306.071594,-88.384,15.573,-0.00099,-0.20498
1784779717.187,70.138992,-306.591064,-88.391,15.589,-0.00165,-0.20522
1784779717.337,70.140930,-307.111084,-88.399,15.606,-0.00121,-0.20623
1784779717.486,70.142784,-307.631653,-88.411,15.623,-0.00170,-0.20734
1784779717.637,70.144432,-308.152710,-88.420,15.641,-0.00194,-0.20866
1784779717.787,70.145874,-308.674286,-88.433,15.657,-0.00096,-0.21019
1784779717.935,70.147285,-309.196442,-88.446,15.672,-0.00073,-0.21175
1784779718.086,70.148743,-309.719055,-88.455,15.687,0.00016,-0.21301
1784779718.236,70.150177,-310.242188,-88.462,15.703,0.00020,-0.21392
1784779718.385,70.151505,-310.765930,-88.462,15.723,0.00011,-0.21481
1784779718.533,70.152664,-311.290344,-88.463,15.743,0.00068,-0.21588
1784779718.683,70.153793,-311.815430,-88.462,15.763,0.00061,-0.21699
1784779718.830,70.155106,-312.341125,-88.461,15.782,0.00049,-0.21779
1784779718.982,70.156487,-312.867462,-88.458,15.802,0.00100,-0.21743
1784779719.133,70.157883,-313.393921,-88.455,15.733,0.00084,-0.21591
1784779719.278,70.159302,-313.914642,-88.451,15.579,0.00129,-0.21423
1784779719.431,70.160835,-314.434387,-88.446,15.599,0.00098,-0.21243
1784779719.580,70.162422,-314.954803,-88.440,15.619,0.00066,-0.21058
1784779719.727,70.163986,-315.475830,-88.436,15.638,0.00105,-0.20875
1784779719.914,70.165543,-315.997498,-88.432,15.658,0.00075,-0.20693
1784779720.063,70.167160,-316.519775,-88.429,15.676,0.00116,-0.20546
1784779720.209,70.168777,-317.042603,-88.426,15.693,0.00085,-0.20530
1784779720.359,70.170319,-317.565979,-88.423,15.710,0.00043,-0.20613
1784779720.510,70.171913,-318.089935,-88.422,15.727,0.00077,-0.20691
1784779720.656,70.173615,-318.614441,-88.421,15.744,0.00033,-0.20759
1784779720.805,70.175377,-319.139587,-88.421,15.761,-0.00010,-0.20821
1784779720.956,70.177078,-319.665222,-88.420,15.780,0.00025,-0.20889
1784779721.105,70.178741,-320.191467,-88.420,15.798,-0.00015,-0.20962
1784779721.256,70.180450,-320.718353,-88.419,15.817,0.00024,-0.21035
1784779721.408,70.182205,-321.242645,-88.417,15.618,-0.00018,-0.21103
1784779721.559,70.183891,-321.762177,-88.416,15.594,-0.00066,-0.21175
1784779721.710,70.185532,-322.282349,-88.417,15.613,-0.00014,-0.21251
1784779721.864,70.187286,-322.803223,-88.421,15.633,-0.00049,-0.21299
1784779722.010,70.189224,-323.324707,-88.424,15.651,0.00003,-0.21308
1784779722.165,70.191147,-323.846741,-88.427,15.669,-0.00037,-0.21315
1784779722.316,70.192825,-324.369415,-88.428,15.687,-0.00077,-0.21347
1784779722.463,70.194405,-324.892639,-88.431,15.704,-0.00018,-0.21389
1784779722.616,70.195992,-325.416443,-88.435,15.720,-0.00050,-0.21420
1784779722.768,70.197624,-325.940704,-88.439,15.734,-0.00081,-0.21389
1784779722.916,70.199242,-326.465424,-88.443,15.746,-0.00016,-0.21311
1784779723.068,70.200798,-326.990540,-88.447,15.758,-0.00031,-0.21235
1784779723.220,70.202301,-327.515991,-88.450,15.770,0.00032,-0.21165
1784779723.368,70.203789,-328.041931,-88.451,15.781,0.00019,-0.21096
1784779723.520,70.205322,-328.568115,-88.451,15.792,0.00004,-0.21033
1784779723.674,70.206779,-329.094696,-88.451,15.802,0.00055,-0.21001
1784779723.837,70.208145,-329.621033,-88.452,15.727,0.00041,-0.20993
1784779723.989,70.209534,-330.141327,-88.451,15.566,-0.00121,-0.20981
1784779724.140,70.211014,-330.660431,-88.451,15.578,-0.00288,-0.20960
1784779724.288,70.212532,-331.179993,-88.458,15.590,-0.00657,-0.20935
1784779724.438,70.213936,-331.699860,-88.476,15.605,-0.00812,-0.20921
1784779724.590,70.215065,-332.220215,-88.511,15.619,-0.01087,-0.20933
1784779724.736,70.215759,-332.741089,-88.561,15.633,-0.01297,-0.20988
1784779724.886,70.215782,-333.262451,-88.626,15.646,-0.01289,-0.21109
1784779725.039,70.215118,-333.784271,-88.700,15.659,-0.01343,-0.21298
1784779725.190,70.213791,-334.306519,-88.777,15.673,-0.01260,-0.21554
1784779725.338,70.211906,-334.829285,-88.856,15.687,-0.01271,-0.21870
1784779725.490,70.209457,-335.352478,-88.933,15.698,-0.01271,-0.22281
1784779725.636,70.206161,-335.875946,-89.009,15.706,-0.01161,-0.22816
1784779725.789,70.201996,-336.399628,-89.084,15.712,-0.01138,-0.23445
1784779725.944,70.197212,-336.923462,-89.155,15.718,-0.01014,-0.24136
1784779726.096,70.191902,-337.447479,-89.224,15.722,-0.00984,-0.24880
1784779726.249,70.186127,-337.971588,-89.286,15.725,-0.00871,-0.25670
1784779726.403,70.179993,-338.495850,-89.344,15.725,-0.00855,-0.26254
1784779726.551,70.173256,-339.020020,-89.394,15.726,-0.00848,-0.26031
1784779726.703,70.165909,-339.544312,-89.443,15.727,-0.00830,-0.25239
1784779726.854,70.157990,-340.068542,-89.490,15.729,-0.00689,-0.24503
1784779727.000,70.149704,-340.592773,-89.538,15.730,-0.00527,-0.23803
1784779727.153,70.141174,-341.117004,-89.581,15.732,-0.00351,-0.23129
1784779727.306,70.132446,-341.641174,-89.612,15.732,-0.00156,-0.22557
1784779727.452,70.123421,-342.165588,-89.632,15.735,-0.00034,-0.22183
1784779727.605,70.114136,-342.689941,-89.642,15.737,0.00088,-0.21900
1784779727.758,70.104774,-343.214478,-89.643,15.740,0.00139,-0.21625
1784779727.907,70.095436,-343.739136,-89.640,15.747,0.00189,-0.21347
1784779728.057,70.086235,-344.264038,-89.633,15.755,0.00318,-0.21055
1784779728.210,70.077286,-344.789276,-89.621,15.767,0.00450,-0.20736
1784779728.358,70.068474,-345.314880,-89.602,15.780,0.00598,-0.20404
1784779728.509,70.059715,-345.840881,-89.573,15.792,0.00700,-0.20065
1784779728.661,70.051186,-346.367310,-89.538,15.806,0.00779,-0.19702
1784779728.808,70.042938,-346.893738,-89.496,15.735,0.00883,-0.19311
1784779728.959,70.035294,-347.414307,-89.451,15.582,0.00925,-0.18873
1784779729.111,70.028297,-347.934113,-89.402,15.607,0.00928,-0.18372
1784779729.264,70.021706,-348.454773,-89.349,15.632,0.00953,-0.17913
1784779729.417,70.015549,-348.976196,-89.295,15.658,0.00873,-0.17780
1784779729.566,70.009804,-349.498535,-89.240,15.686,0.00870,-0.17887
1784779729.714,70.004410,-350.021851,-89.189,15.714,0.00787,-0.17972
1784779729.867,69.999374,-350.546082,-89.140,15.746,0.00702,-0.18020
1784779730.018,69.994804,-351.071350,-89.097,15.779,0.00727,-0.18021
1784779730.165,69.990746,-351.597778,-89.056,15.813,0.00717,-0.17969
1784779730.321,69.987129,-352.124817,-89.016,15.758,0.00719,-0.17875
1784779730.475,69.983841,-352.646515,-88.975,15.616,0.00774,-0.17964
1784779730.625,69.980804,-353.167694,-88.933,15.648,0.00760,-0.18450
1784779730.777,69.978058,-353.690002,-88.890,15.685,0.00806,-0.19072
1784779730.928,69.975723,-354.213531,-88.845,15.723,0.00776,-0.19654
1784779731.076,69.973946,-354.738281,-88.801,15.760,0.00738,-0.20181
1784779731.231,69.972610,-355.264252,-88.757,15.798,0.00765,-0.20665
1784779731.384,69.971649,-355.791443,-88.713,15.830,0.00680,-0.21112
1784779731.530,69.970886,-356.316406,-88.670,15.640,0.00658,-0.21518
1784779731.681,69.970528,-356.836914,-88.630,15.627,0.00536,-0.21678
1784779731.836,69.970642,-357.358582,-88.595,15.658,0.00420,-0.21556
1784779731.987,69.971085,-357.881134,-88.567,15.689,0.00405,-0.21369
1784779732.139,69.971756,-358.404694,-88.542,15.721,0.00321,-0.21158
1784779732.291,69.972458,-358.929260,-88.519,15.754,0.00264,-0.20943
1784779732.440,69.973206,-359.454895,-88.503,15.786,0.00293,-0.20785
1784779732.592,69.974243,-359.981567,-88.488,15.819,0.00248,-0.20874
1784779732.748,69.975525,-360.506104,-88.473,15.634,0.00274,-0.21148
1784779732.898,69.976974,-361.026245,-88.460,15.623,0.00226,-0.21411
1784779733.049,69.978500,-361.547638,-88.444,15.660,0.00179,-0.21667
1784779733.200,69.979950,-362.070374,-88.433,15.702,0.00217,-0.21932
1784779733.348,69.981476,-362.594543,-88.423,15.747,0.00188,-0.22190
1784779733.498,69.983109,-363.120239,-88.413,15.800,0.00229,-0.22439
1784779733.651,69.984650,-363.647095,-88.405,15.767,0.00203,-0.22696
1784779733.800,69.986320,-364.169250,-88.394,15.648,0.00165,-0.22806
1784779733.952,69.988121,-364.691589,-88.386,15.700,0.00200,-0.22677
1784779734.101,69.990036,-365.215790,-88.381,15.750,0.00162,-0.22449
1784779734.247,69.992004,-365.741638,-88.374,15.807,0.00123,-0.22213
1784779734.396,69.993645,-366.269165,-88.367,15.787,0.00161,-0.22007
1784779734.547,69.995079,-366.792358,-88.364,15.676,0.00136,-0.21887
1784779734.693,69.996796,-367.315979,-88.364,15.739,0.00186,-0.21866
1784779734.842,69.998795,-367.841797,-88.362,15.800,0.00241,-0.21867
1784779734.993,70.000931,-368.369507,-88.355,15.855,0.00401,-0.21856
1784779735.142,70.003059,-368.895630,-88.344,15.684,0.00585,-0.21844
1784779735.294,70.005470,-369.418091,-88.321,15.689,0.00717,-0.21805
1784779735.443,70.008011,-369.942078,-88.286,15.731,0.00820,-0.21788
1784779735.589,70.010941,-370.467468,-88.244,15.774,0.00942,-0.21770
1784779735.740,70.014252,-370.994202,-88.195,15.815,0.01002,-0.21722
1784779735.891,70.018127,-371.521606,-88.140,15.759,0.01092,-0.21619
1784779736.037,70.023010,-372.043335,-88.082,15.614,0.01106,-0.21411
1784779736.191,70.028885,-372.564270,-88.018,15.637,0.01089,-0.21097
1784779736.340,70.034973,-373.085999,-87.950,15.658,0.01125,-0.20726
1784779736.485,70.041260,-373.608307,-87.881,15.678,0.01093,-0.20305
1784779736.634,70.047989,-374.131226,-87.815,15.697,0.01059,-0.19838
1784779736.788,70.055595,-374.654755,-87.752,15.717,0.01091,-0.19284
1784779736.942,70.064087,-375.178955,-87.689,15.737,0.01039,-0.18642
1784779737.043,70.068604,-375.441315,-87.657,15.748,0.01047,-0.18293
1784779737.167,70.078094,-375.966492,-87.593,15.768,0.00979,-0.17618
1784779737.270,70.083061,-376.229309,-87.562,15.779,0.00983,-0.17459
1784779737.396,70.093132,-376.755432,-87.503,15.799,0.00918,-0.17718
1784779737.545,70.103592,-377.282288,-87.446,15.823,0.00931,-0.18290
1784779737.693,70.114349,-377.806671,-87.391,15.631,0.00861,-0.18829
1784779737.840,70.125435,-378.326538,-87.338,15.617,0.00872,-0.19321
1784779737.991,70.137146,-378.847412,-87.291,15.646,0.00802,-0.19754
1784779738.144,70.149475,-379.369324,-87.244,15.677,0.00714,-0.20128
1784779738.292,70.162292,-379.892212,-87.200,15.707,0.00659,-0.20457
1784779738.441,70.175423,-380.416168,-87.157,15.742,0.00406,-0.20757
1784779738.591,70.188858,-380.941406,-87.121,15.779,0.00159,-0.21031
1784779738.736,70.202797,-381.467896,-87.098,15.817,0.00056,-0.21259
1784779738.885,70.216965,-381.994995,-87.086,15.764,-0.00201,-0.21472
1784779739.035,70.231033,-382.516785,-87.083,15.625,-0.00304,-0.21684
1784779739.183,70.244881,-383.038086,-87.094,15.662,-0.00511,-0.21918
1784779739.331,70.258575,-383.560638,-87.114,15.699,-0.00680,-0.22170
1784779739.481,70.271973,-384.084381,-87.146,15.737,-0.00683,-0.22456
1784779739.629,70.284470,-384.609375,-87.188,15.781,-0.00766,-0.22836
1784779739.784,70.296608,-385.135803,-87.242,15.823,-0.00806,-0.23257
1784779739.931,70.308632,-385.660522,-87.295,15.648,-0.00732,-0.23683
1784779740.078,70.320389,-386.181274,-87.349,15.653,-0.00767,-0.24124
1784779740.228,70.331314,-386.703857,-87.398,15.709,-0.00689,-0.24654
1784779740.379,70.340332,-387.228210,-87.446,15.756,-0.00687,-0.25379
1784779740.524,70.348442,-387.754211,-87.501,15.798,-0.00537,-0.26201
1784779740.673,70.357414,-388.281616,-87.554,15.836,-0.00517,-0.26615
1784779740.826,70.366859,-388.807007,-87.596,15.654,-0.00536,-0.26349
1784779740.971,70.375771,-389.328278,-87.630,15.651,-0.00571,-0.25887
1784779741.120,70.383904,-389.851074,-87.662,15.687,-0.00501,-0.25504
1784779741.270,70.391594,-390.374725,-87.698,15.704,-0.00518,-0.25165
1784779741.416,70.399780,-390.898651,-87.726,15.725,-0.00467,-0.24777
1784779741.564,70.407776,-391.423096,-87.747,15.747,-0.00536,-0.24409
1784779741.716,70.415131,-391.948303,-87.771,15.767,-0.00579,-0.24105
1784779741.863,70.422241,-392.473907,-87.805,15.780,-0.00491,-0.23826
1784779742.014,70.429260,-392.999878,-87.838,15.795,-0.00504,-0.23549
1784779742.164,70.436028,-393.526306,-87.870,15.810,-0.00509,-0.23290
1784779742.311,70.442551,-394.050354,-87.903,15.619,-0.00413,-0.23053
1784779742.460,70.448242,-394.569916,-87.935,15.602,-0.00392,-0.22895
1784779742.608,70.453690,-395.090454,-87.966,15.629,-0.00279,-0.22763
1784779742.753,70.458862,-395.612000,-87.989,15.661,-0.00273,-0.22659
1784779742.905,70.463760,-396.134583,-88.011,15.690,-0.00264,-0.22583
1784779743.055,70.468521,-396.658203,-88.031,15.720,-0.00166,-0.22522
1784779743.198,70.473251,-397.182770,-88.048,15.749,-0.00153,-0.22465
1784779743.348,70.477898,-397.708282,-88.061,15.777,-0.00050,-0.22416
1784779743.496,70.482521,-398.234680,-88.070,15.804,-0.00036,-0.22352
1784779743.640,70.487030,-398.761353,-88.076,15.738,-0.00031,-0.22256
1784779743.790,70.491478,-399.282227,-88.080,15.582,0.00039,-0.22142
1784779743.939,70.496170,-399.802063,-88.082,15.601,0.00028,-0.22004
1784779744.085,70.500824,-400.322571,-88.082,15.622,0.00057,-0.21869
1784779744.236,70.505241,-400.843658,-88.081,15.643,-0.00271,-0.21758
1784779744.390,70.509567,-401.365448,-88.081,15.664,-0.00869,-0.21658
1784779744.536,70.513954,-401.887848,-88.100,15.681,-0.01178,-0.21552
1784779744.689,70.518295,-402.410797,-88.148,15.698,-0.01639,-0.21475
1784779744.838,70.522102,-402.934387,-88.223,15.717,-0.01997,-0.21481
1784779744.987,70.524841,-403.458618,-88.323,15.736,-0.02081,-0.21600
1784779745.139,70.526360,-403.983521,-88.440,15.756,-0.02272,-0.21843
1784779745.290,70.526718,-404.509064,-88.567,15.776,-0.02251,-0.22201
1784779745.441,70.525940,-405.035248,-88.702,15.794,-0.02429,-0.22674
1784779745.593,70.523972,-405.562042,-88.841,15.812,-0.02757,-0.23303
1784779745.747,70.520760,-406.086182,-88.987,15.611,-0.02880,-0.24136
1784779745.892,70.516144,-406.605438,-89.146,15.582,-0.03154,-0.25146
1784779746.044,70.509880,-407.125214,-89.322,15.596,-0.03330,-0.26322
1784779746.197,70.501892,-407.645386,-89.512,15.610,-0.03268,-0.27671
1784779746.348,70.492142,-408.166016,-89.708,15.628,-0.03316,-0.29196
1784779746.499,70.480476,-408.687073,-89.905,15.646,-0.03182,-0.30864
1784779746.653,70.466888,-409.208649,-90.101,15.664,-0.03021,-0.31745
1784779746.801,70.451523,-409.730774,-90.294,15.680,-0.03302,-0.31356
1784779746.953,70.434509,-410.253296,-90.479,15.695,-0.03361,-0.30785
1784779747.108,70.415985,-410.776306,-90.676,15.710,-0.03581,-0.30363
1784779747.255,70.395462,-411.299866,-90.879,15.732,-0.03557,-0.30138
1784779747.404,70.372696,-411.824188,-91.096,15.754,-0.03672,-0.30134
1784779747.554,70.347694,-412.349121,-91.313,15.780,-0.03942,-0.30350
1784779747.697,70.320786,-412.874817,-91.537,15.803,-0.04039,-0.30754
1784779747.845,70.292046,-413.400665,-91.772,15.738,-0.04320,-0.31166
1784779747.994,70.261497,-413.920715,-92.014,15.590,-0.04516,-0.30978
1784779748.144,70.228554,-414.439911,-92.268,15.620,-0.04447,-0.30457
1784779748.292,70.192734,-414.959839,-92.536,15.649,-0.04533,-0.30182
1784779748.442,70.154190,-415.480377,-92.812,15.667,-0.04465,-0.30174
1784779748.586,70.113785,-416.001465,-93.092,15.685,-0.04642,-0.30348
1784779748.734,70.071411,-416.523102,-93.360,15.710,-0.04797,-0.30714
1784779748.883,70.026207,-417.045349,-93.636,15.739,-0.04695,-0.31358
1784779749.028,69.977692,-417.568329,-93.916,15.769,-0.04703,-0.32326
1784779749.177,69.926147,-418.091980,-94.198,15.791,-0.04588,-0.33078
1784779749.325,69.872208,-418.615784,-94.480,15.803,-0.04827,-0.33206
1784779749.472,69.816620,-419.139252,-94.758,15.729,-0.05093,-0.33182
1784779749.621,69.759354,-419.656677,-95.046,15.577,-0.05069,-0.33390
1784779749.769,69.698914,-420.172913,-95.350,15.599,-0.05141,-0.33881
1784779749.916,69.635345,-420.689453,-95.652,15.619,-0.04985,-0.33953
1784779750.069,69.569000,-421.206146,-95.956,15.634,-0.05040,-0.33446
1784779750.220,69.500168,-421.723022,-96.257,15.650,-0.05154,-0.33009
1784779750.369,69.428650,-422.240112,-96.559,15.668,-0.05207,-0.32834
1784779750.516,69.354179,-422.757385,-96.867,15.687,-0.05027,-0.32950
1784779750.667,69.276672,-423.274841,-97.175,15.705,-0.04815,-0.33243
1784779750.817,69.196304,-423.792450,-97.477,15.719,-0.04831,-0.33177
1784779750.920,69.155167,-424.051239,-97.624,15.725,-0.04969,-0.32997
1784779751.042,69.071083,-424.568848,-97.914,15.737,-0.04851,-0.32729
1784779751.151,69.028069,-424.827667,-98.060,15.744,-0.04939,-0.32690
1784779751.272,68.939888,-425.345367,-98.354,15.758,-0.04750,-0.32825
1784779751.420,68.848755,-425.862946,-98.646,15.773,-0.04662,-0.33252
1784779751.570,68.754822,-426.380493,-98.931,15.787,-0.04486,-0.33550
1784779751.715,68.658401,-426.898010,-99.209,15.797,-0.04692,-0.33088
1784779751.864,68.559692,-427.415405,-99.482,15.804,-0.04974,-0.32320
1784779752.013,68.459030,-427.929382,-99.765,15.595,-0.05154,-0.31813
1784779752.161,68.356628,-428.437805,-100.061,15.561,-0.05052,-0.31587
1784779752.311,68.251389,-428.946045,-100.365,15.569,-0.04892,-0.31632
1784779752.460,68.143471,-429.453949,-100.667,15.577,-0.04835,-0.31592
1784779752.607,68.033005,-429.961456,-100.959,15.583,-0.04707,-0.31288
1784779752.756,67.919983,-430.468628,-101.246,15.588,-0.04526,-0.31082
1784779752.907,67.804306,-430.975281,-101.525,15.594,-0.04219,-0.31147
1784779753.050,67.686111,-431.481628,-101.790,15.599,-0.03908,-0.31422
1784779753.201,67.565666,-431.987549,-102.041,15.604,-0.03853,-0.31498
1784779753.351,67.443146,-432.493103,-102.275,15.609,-0.03979,-0.31308
1784779753.497,67.318649,-432.998291,-102.505,15.610,-0.04078,-0.31232
1784779753.648,67.191971,-433.502991,-102.742,15.609,-0.03964,-0.31380
1784779753.800,67.063011,-434.007141,-102.985,15.608,-0.03822,-0.31762
1784779753.947,66.932045,-434.510773,-103.223,15.605,-0.03846,-0.32116
1784779754.097,66.799179,-435.013794,-103.454,15.603,-0.03890,-0.31625
1784779754.247,66.664513,-435.516266,-103.684,15.601,-0.04038,-0.30440
1784779754.395,66.527954,-436.018005,-103.913,15.596,-0.04025,-0.29410
1784779754.544,66.389252,-436.518982,-104.148,15.591,-0.04140,-0.28608
1784779754.693,66.248459,-437.019043,-104.386,15.583,-0.04214,-0.28032
1784779754.840,66.105606,-437.518250,-104.632,15.574,-0.04095,-0.27737
1784779754.995,65.960587,-438.016479,-104.877,15.569,-0.04101,-0.27839
1784779755.146,65.813538,-438.513977,-105.120,15.565,-0.03930,-0.28239
1784779755.292,65.664490,-439.010803,-105.358,15.561,-0.03933,-0.28853
1784779755.443,65.513504,-439.507019,-105.595,15.560,-0.03818,-0.29659
1784779755.593,65.360374,-440.002441,-105.830,15.554,-0.03862,-0.30241
1784779755.738,65.205116,-440.497131,-106.054,15.552,-0.03929,-0.30171
1784779755.888,65.047958,-440.991302,-106.282,15.554,-0.03839,-0.29977
1784779756.040,64.888992,-441.484863,-106.514,15.554,-0.03873,-0.29968
1784779756.187,64.728058,-441.977814,-106.743,15.555,-0.03731,-0.30041
1784779756.342,64.565102,-442.470001,-106.968,15.554,-0.03812,-0.30157
1784779756.492,64.400284,-442.961487,-107.191,15.552,-0.03782,-0.30381
1784779756.638,64.233635,-443.452271,-107.416,15.548,-0.03924,-0.30315
1784779756.792,64.065193,-443.942322,-107.642,15.545,-0.04010,-0.29850
1784779756.941,63.894489,-444.431671,-107.871,15.551,-0.03895,-0.29501
1784779757.089,63.721001,-444.919983,-108.119,15.548,-0.03896,-0.29430
1784779757.243,63.545937,-445.407837,-108.359,15.548,-0.03943,-0.29373
1784779757.395,63.369385,-445.895172,-108.596,15.547,-0.03810,-0.29334
1784779757.541,63.191059,-446.381775,-108.831,15.545,-0.03801,-0.29467
1784779757.692,63.010628,-446.867493,-109.058,15.549,-0.03662,-0.29739
1784779757.841,62.827469,-447.352722,-109.276,15.554,-0.03802,-0.29895
1784779757.987,62.641998,-447.836853,-109.496,15.549,-0.03782,-0.29969
1784779758.137,62.455544,-448.320374,-109.722,15.544,-0.03934,-0.30059
1784779758.287,62.267559,-448.803070,-109.946,15.538,-0.04038,-0.30044
1784779758.437,62.077812,-449.285034,-110.179,15.536,-0.03921,-0.30027
1784779758.590,61.886185,-449.766174,-110.414,15.533,-0.04009,-0.30208
1784779758.743,61.692696,-450.246399,-110.646,15.525,-0.04038,-0.30350
1784779758.891,61.497066,-450.725403,-110.879,15.518,-0.04334,-0.30140
1784779759.042,61.299362,-451.203369,-111.118,15.511,-0.04550,-0.29823
1784779759.195,61.099895,-451.680206,-111.376,15.500,-0.04482,-0.29711
1784779759.345,60.898506,-452.155853,-111.640,15.491,-0.04542,-0.29824
1784779759.495,60.695061,-452.630249,-111.908,15.479,-0.04545,-0.29960
1784779759.646,60.489357,-453.103210,-112.178,15.467,-0.05063,-0.30005
1784779759.796,60.281487,-453.574768,-112.451,15.455,-0.05609,-0.30158
1784779759.952,60.071510,-454.044983,-112.752,15.444,-0.05744,-0.30559
1784779760.102,59.859116,-454.513763,-113.077,15.436,-0.05781,-0.31218
1784779760.251,59.643860,-454.981018,-113.417,15.431,-0.06216,-0.31684
1784779760.404,59.425194,-455.446350,-113.758,15.428,-0.06924,-0.31849
1784779760.557,59.203533,-455.910034,-114.135,15.419,-0.07158,-0.32160
1784779760.703,58.979286,-456.372253,-114.545,15.411,-0.07275,-0.32767
1784779760.856,58.752190,-456.832825,-114.961,15.401,-0.07866,-0.33703
1784779761.008,58.521835,-457.291504,-115.394,15.397,-0.08207,-0.34930
1784779761.157,58.287586,-457.748199,-115.846,15.393,-0.08928,-0.35849
1784779761.310,58.049126,-458.202698,-116.330,15.393,-0.09073,-0.36403
1784779761.463,57.806610,-458.654877,-116.848,15.385,-0.09552,-0.37293
1784779761.610,57.560532,-459.104736,-117.390,15.376,-0.10099,-0.38606
1784779761.762,57.310448,-459.552002,-117.952,15.367,-0.10493,-0.40394
1784779761.916,57.056061,-459.996399,-118.537,15.354,-0.10100,-0.42410
1784779762.063,56.797157,-460.437622,-119.143,15.337,-0.10185,-0.43442
1784779762.215,56.533367,-460.875305,-119.737,15.325,-0.10166,-0.43792
1784779762.369,56.265244,-461.309937,-120.334,15.316,-0.10215,-0.44558
1784779762.519,55.993179,-461.741699,-120.934,15.308,-0.09720,-0.45851
1784779762.672,55.716896,-462.170563,-121.527,15.301,-0.09517,-0.49125
1784779762.828,55.436264,-462.596313,-122.104,15.297,-0.09809,-0.47354
1784779762.976,55.151291,-463.018829,-122.658,15.285,-0.09723,-0.47069
1784779763.130,54.862251,-463.438232,-123.229,15.276,-0.09310,-0.47249
1784779763.285,54.569389,-463.854858,-123.799,15.271,-0.08894,-0.47370
1784779763.437,54.272556,-464.268402,-124.341,15.268,-0.08998,-0.46502
1784779763.591,53.971954,-464.679199,-124.858,15.269,-0.08667,-0.45356
1784779763.748,53.667618,-465.087219,-125.373,15.268,-0.08269,-0.44654
1784779763.896,53.359619,-465.492401,-125.882,15.263,-0.07964,-0.43866
1784779764.052,53.048134,-465.894653,-126.367,15.258,-0.07657,-0.42462
1784779764.216,52.733582,-466.294128,-126.833,15.251,-0.07267,-0.40976
1784779764.381,52.416180,-466.691162,-127.280,15.248,-0.07100,-0.39862
1784779764.536,52.095844,-467.085815,-127.707,15.244,-0.06748,-0.39126
1784779764.693,51.772751,-467.478027,-128.123,15.237,-0.06512,-0.38748
1784779764.845,51.446899,-467.867493,-128.516,15.229,-0.06124,-0.38144
1784779765.002,51.118397,-468.254578,-128.894,15.224,-0.05877,-0.36949
1784779765.162,50.787678,-468.639435,-129.255,15.218,-0.05739,-0.35724
1784779765.314,50.454948,-469.022247,-129.600,15.212,-0.05476,-0.34786
1784779765.469,50.120201,-469.403015,-129.937,15.208,-0.05339,-0.34134
1784779765.624,49.783287,-469.781616,-130.256,15.206,-0.05049,-0.33762
1784779765.775,49.444363,-470.158173,-130.565,15.202,-0.04928,-0.33258
1784779765.929,49.103462,-470.532837,-130.857,15.198,-0.04773,-0.32429
1784779766.087,48.760757,-470.905762,-131.141,15.194,-0.04892,-0.31690
1784779766.240,48.416374,-471.277039,-131.422,15.191,-0.04956,-0.31186
1784779766.399,48.070114,-471.646545,-131.706,15.195,-0.04787,-0.30940
1784779766.557,47.721825,-472.014526,-131.994,15.201,-0.04606,-0.30911
1784779766.710,47.371582,-472.380981,-132.277,15.209,-0.04756,-0.30730
1784779766.867,47.019371,-472.745819,-132.552,15.220,-0.04980,-0.30313
1784779767.024,46.665382,-473.109406,-132.829,15.232,-0.04935,-0.30001
1784779767.178,46.309345,-473.471497,-133.114,15.246,-0.05020,-0.29939
1784779767.333,45.950989,-473.832031,-133.405,15.261,-0.04852,-0.30153
1784779767.490,45.590233,-474.190765,-133.697,15.274,-0.04907,-0.30614
1784779767.642,45.227016,-474.547821,-133.981,15.292,-0.04893,-0.30937
1784779767.802,44.861629,-474.903687,-134.266,15.316,-0.05178,-0.31059
1784779767.960,44.494118,-475.258636,-134.564,15.339,-0.05358,-0.31317
1784779768.113,44.124184,-475.612366,-134.875,15.363,-0.05239,-0.31833
1784779768.270,43.751663,-475.964539,-135.191,15.388,-0.05064,-0.32575
1784779768.427,43.376579,-476.315125,-135.505,15.407,-0.05027,-0.32982
1784779768.580,42.998840,-476.663879,-135.809,15.429,-0.05274,-0.33003
1784779768.738,42.618671,-477.011108,-136.115,15.454,-0.05202,-0.33175
1784779768.896,42.236214,-477.356750,-136.427,15.473,-0.05282,-0.33619
1784779769.050,41.851730,-477.701019,-136.744,15.490,-0.05113,-0.34164
1784779769.209,41.465012,-478.043640,-137.061,15.506,-0.05071,-0.34238
1784779769.368,41.075951,-478.384216,-137.367,15.518,-0.04989,-0.33940
1784779769.523,40.684544,-478.722778,-137.671,15.531,-0.04722,-0.33880
1784779769.682,40.290897,-479.059509,-137.971,15.544,-0.04612,-0.34105
1784779769.844,39.895233,-479.394531,-138.259,15.555,-0.04364,-0.34591
1784779769.997,39.497898,-479.728088,-138.537,15.560,-0.04253,-0.34988
1784779770.156,39.099201,-480.060364,-138.802,15.563,-0.04134,-0.34584
1784779770.314,38.699097,-480.390991,-139.055,15.565,-0.03884,-0.33755
1784779770.472,38.297497,-480.719849,-139.302,15.564,-0.03770,-0.33141
1784779770.630,37.894276,-481.046692,-139.531,15.565,-0.03737,-0.32785
1784779770.789,37.489666,-481.371582,-139.754,15.562,-0.03560,-0.32669
1784779770.945,37.084351,-481.695007,-139.978,15.554,-0.03356,-0.32712
1784779771.105,36.678188,-482.016876,-140.190,15.546,-0.03291,-0.32489
1784779771.265,36.271015,-482.337006,-140.391,15.537,-0.03289,-0.31705
1784779771.425,35.862911,-482.655426,-140.592,15.532,-0.03416,-0.30807
1784779771.585,35.453743,-482.972473,-140.790,15.532,-0.03377,-0.30083
1784779771.744,35.043346,-483.287964,-140.991,15.534,-0.03477,-0.29558
1784779771.900,34.631588,-483.602020,-141.197,15.543,-0.03401,-0.29229
1784779772.063,34.218163,-483.914368,-141.407,15.552,-0.03528,-0.29126
1784779772.226,33.803078,-484.225037,-141.615,15.564,-0.03629,-0.29057
1784779772.384,33.386456,-484.534485,-141.836,15.580,-0.03487,-0.28948
1784779772.544,32.968563,-484.843201,-142.059,15.597,-0.03485,-0.28920
1784779772.707,32.549248,-485.150970,-142.276,15.615,-0.03360,-0.29053
1784779772.864,32.128025,-485.457428,-142.484,15.634,-0.03458,-0.29405
1784779773.027,31.705040,-485.762512,-142.693,15.652,-0.03349,-0.29911
1784779773.191,31.280296,-486.066254,-142.905,15.672,-0.03379,-0.30289
1784779773.350,30.853882,-486.368896,-143.109,15.689,-0.03527,-0.30544
1784779773.451,30.640169,-486.519897,-143.213,15.697,-0.03531,-0.30712
1784779773.588,30.211689,-486.820984,-143.427,15.714,-0.03726,-0.31183
1784779773.699,29.996914,-486.971069,-143.536,15.719,-0.03703,-0.31487
1784779773.835,29.566391,-487.270233,-143.755,15.730,-0.03639,-0.32105
1784779774.000,29.134567,-487.568115,-143.980,15.742,-0.03710,-0.32227
1784779774.163,28.701416,-487.864594,-144.203,15.750,-0.03777,-0.31972
1784779774.324,28.266792,-488.159424,-144.425,15.762,-0.03711,-0.31887
1784779774.489,27.830521,-488.452454,-144.649,15.774,-0.03847,-0.31913
1784779774.652,27.392662,-488.743744,-144.873,15.786,-0.03929,-0.31767
1784779774.813,26.953369,-489.033722,-145.106,15.802,-0.03935,-0.31548
1784779774.913,26.733154,-489.178223,-145.223,15.810,-0.03852,-0.31508
1784779775.053,26.294262,-489.464355,-145.455,15.608,-0.03665,-0.31584
1784779775.164,26.076462,-489.605408,-145.570,15.572,-0.03699,-0.31701
1784779775.306,25.639589,-489.886414,-145.799,15.590,-0.03522,-0.31899
1784779775.470,25.200897,-490.165955,-146.022,15.610,-0.03581,-0.31957
1784779775.634,24.760633,-490.444092,-146.239,15.629,-0.03644,-0.32065
1784779775.794,24.318857,-490.721130,-146.458,15.650,-0.03508,-0.32330
1784779775.957,23.875544,-490.996948,-146.676,15.670,-0.03495,-0.32313
1784779776.124,23.430691,-491.271454,-146.888,15.686,-0.03321,-0.31811
1784779776.285,22.984303,-491.544281,-147.096,15.699,-0.03261,-0.31348
1784779776.386,22.760612,-491.680176,-147.198,15.706,-0.03167,-0.31186
1784779776.533,22.312273,-491.951050,-147.399,15.717,-0.03138,-0.30990
1784779776.643,22.087685,-492.085999,-147.497,15.723,-0.03057,-0.30956
1784779776.782,21.637699,-492.355164,-147.689,15.735,-0.03028,-0.30938
1784779776.887,21.412304,-492.489349,-147.783,15.742,-0.02943,-0.30825
1784779777.030,20.960693,-492.756897,-147.964,15.752,-0.02899,-0.30349
1784779777.140,20.734425,-492.890137,-148.052,15.759,-0.02811,-0.30072
1784779777.280,20.280865,-493.155457,-148.224,15.772,-0.02731,-0.29667
1784779777.382,20.053589,-493.287659,-148.309,15.778,-0.02627,-0.29529
1784779777.523,19.598217,-493.551086,-148.478,15.789,-0.02497,-0.29377
1784779777.632,19.370159,-493.682495,-148.560,15.795,-0.02376,-0.29347
1784779777.773,18.913296,-493.944611,-148.715,15.807,-0.02237,-0.29384
1784779777.878,18.684963,-494.075012,-148.789,15.724,-0.02122,-0.29425
1784779778.017,18.232704,-494.332214,-148.926,15.561,-0.01996,-0.29194
1784779778.128,18.006926,-494.460083,-148.993,15.567,-0.01884,-0.28929
1784779778.270,17.554556,-494.715088,-149.120,15.579,-0.01748,-0.28296
1784779778.432,17.101385,-494.969360,-149.238,15.588,-0.01529,-0.27766
1784779778.598,16.647598,-495.223022,-149.343,15.597,-0.01424,-0.27319
1784779778.756,16.193291,-495.476135,-149.437,15.606,-0.01251,-0.26945
1784779778.920,15.738461,-495.728851,-149.519,15.610,-0.01192,-0.26631
1784779779.087,15.283079,-495.980774,-149.592,15.613,-0.01138,-0.26267
1784779779.248,14.827200,-496.231964,-149.662,15.616,-0.00988,-0.25765
1784779779.413,14.371047,-496.482635,-149.728,15.612,-0.00929,-0.25240
1784779779.578,13.914948,-496.733337,-149.790,15.611,-0.00791,-0.24710
1784779779.743,13.458929,-496.984253,-149.844,15.612,-0.00785,-0.24158
1784779779.850,13.230877,-497.109619,-149.864,15.615,-0.00756,-0.23892
1784779780.044,12.774279,-497.359497,-149.904,15.621,-0.00788,-0.23458
1784779780.154,12.545672,-497.484039,-149.924,15.624,-0.00743,-0.23295
1784779780.296,12.088083,-497.732635,-149.970,15.626,-0.00722,-0.23062
1784779780.397,11.859282,-497.856903,-149.995,15.625,-0.00659,-0.22966
1784779780.535,11.401825,-498.105652,-150.044,15.625,-0.00634,-0.22764
1784779780.646,11.173170,-498.230103,-150.066,15.625,-0.00584,-0.22652
1784779780.788,10.715790,-498.479065,-150.104,15.630,-0.00583,-0.22427
1784779780.891,10.486837,-498.603455,-150.122,15.636,-0.00526,-0.22335
1784779781.028,10.028152,-498.851501,-150.157,15.649,-0.00448,-0.22252
1784779781.140,9.798531,-498.975220,-150.174,15.653,-0.00366,-0.22251
1784779781.283,9.339082,-499.222717,-150.203,15.658,-0.00210,-0.22247
1784779781.447,8.879560,-499.470642,-150.229,15.667,-0.00146,-0.22187
1784779781.613,8.419926,-499.718933,-150.243,15.674,-0.00120,-0.22081
1784779781.715,8.190014,-499.843109,-150.248,15.678,-0.00071,-0.22030
1784779781.857,7.729912,-500.091248,-150.253,15.684,-0.00044,-0.21960
1784779781.962,7.499722,-500.215271,-150.255,15.687,0.00009,-0.21935
1784779782.106,7.039132,-500.463135,-150.257,15.691,0.00040,-0.21912
1784779782.268,6.578611,-500.711243,-150.259,15.689,0.00122,-0.21863
1784779782.368,6.348446,-500.835388,-150.258,15.690,0.00158,-0.21817
1784779782.506,5.888186,-501.084045,-150.253,15.695,0.00160,-0.21630
1784779782.616,5.658016,-501.208405,-150.248,15.698,0.00188,-0.21504
1784779782.754,5.197575,-501.457001,-150.238,15.699,0.00179,-0.21252
1784779782.854,4.967316,-501.581238,-150.232,15.698,0.00204,-0.21133
1784779782.992,4.506770,-501.829559,-150.222,15.695,0.00181,-0.20910
1784779783.102,4.276594,-501.953735,-150.219,15.691,0.00202,-0.20792
1784779783.245,3.816556,-502.202271,-150.211,15.684,0.00167,-0.20526
1784779783.411,3.356778,-502.451233,-150.201,15.685,0.00121,-0.20220
1784779783.575,2.897056,-502.700500,-150.191,15.684,0.00143,-0.20015
1784779783.737,2.437406,-502.949615,-150.181,15.681,0.00093,-0.19994
1784779783.839,2.207583,-503.074036,-150.176,15.680,0.00102,-0.20015
1784779783.978,1.747964,-503.322754,-150.164,15.678,0.00044,-0.20066
1784779784.089,1.518178,-503.447083,-150.160,15.676,0.00054,-0.20092
1784779784.227,1.058813,-503.695892,-150.156,15.673,0.00005,-0.20123
1784779784.328,0.829238,-503.820435,-150.154,15.672,0.00016,-0.20121
1784779784.466,0.370301,-504.069672,-150.151,15.668,0.00036,-0.20142
1784779784.579,0.140888,-504.194275,-150.150,15.665,-0.00036,-0.20183
1784779784.717,-0.317950,-504.443420,-150.149,15.664,-0.00003,-0.20321
1784779784.881,-0.776976,-504.692200,-150.149,15.664,-0.00044,-0.20507
1784779785.045,-1.236058,-504.940918,-150.150,15.663,-0.00070,-0.20701
1784779785.205,-1.695113,-505.189819,-150.155,15.666,-0.00001,-0.20877
1784779785.306,-1.924600,-505.314362,-150.156,15.666,0.00022,-0.20956
1784779785.447,-2.383500,-505.563660,-150.158,15.665,-0.00008,-0.21085
1784779785.557,-2.612941,-505.688263,-150.156,15.665,0.00010,-0.21126
1784779785.698,-3.071864,-505.937317,-150.154,15.664,-0.00037,-0.21153
1784779785.864,-3.530888,-506.186218,-150.152,15.664,-0.00093,-0.21139
1784779786.027,-3.989922,-506.434998,-150.154,15.664,-0.00048,-0.21136
1784779786.187,-4.448908,-506.683899,-150.158,15.666,-0.00092,-0.21120
1784779786.352,-4.907891,-506.932922,-150.162,15.668,-0.00044,-0.21092
1784779786.514,-5.366879,-507.181946,-150.168,15.668,-0.00083,-0.21038
1784779786.671,-5.825968,-507.430908,-150.171,15.669,-0.00103,-0.20948
1784779786.772,-6.055556,-507.555298,-150.174,15.669,-0.00059,-0.20904
1784779786.909,-6.514780,-507.804077,-150.179,15.671,-0.00042,-0.20820
1784779787.020,-6.744440,-507.928467,-150.181,15.672,0.00003,-0.20780
1784779787.158,-7.203838,-508.177338,-150.184,15.675,0.00009,-0.20695
1784779787.319,-7.663217,-508.426453,-150.184,15.676,0.00067,-0.20592
1784779787.422,-7.892894,-508.551086,-150.183,15.677,0.00094,-0.20549
1784779787.567,-8.352293,-508.800354,-150.179,15.681,0.00073,-0.20507
1784779787.672,-8.582050,-508.924927,-150.176,15.683,0.00090,-0.20511
1784779787.815,-9.041684,-509.174072,-150.169,15.687,0.00050,-0.20524
1784779787.980,-9.501390,-509.423279,-150.164,15.690,0.00012,-0.20536
1784779788.141,-9.960970,-509.672852,-150.161,15.691,0.00041,-0.20509
1784779788.242,-10.190720,-509.797729,-150.159,15.692,0.00054,-0.20485
1784779788.384,-10.650271,-510.047455,-150.157,15.696,0.00003,-0.20411
1784779788.496,-10.880131,-510.172333,-150.155,15.699,0.00009,-0.20356
1784779788.636,-11.340117,-510.422058,-150.152,15.706,-0.00075,-0.20235
1784779788.736,-11.570208,-510.546936,-150.151,15.710,-0.00063,-0.20176
1784779788.878,-12.030543,-510.796753,-150.155,15.719,-0.00129,-0.20059
1784779788.993,-12.260794,-510.921783,-150.157,15.723,-0.00111,-0.19995
1784779789.144,-12.721416,-511.172058,-150.164,15.731,-0.00173,-0.19852
1784779789.248,-12.951815,-511.297241,-150.167,15.736,-0.00155,-0.19791
1784779789.396,-13.412891,-511.547668,-150.176,15.748,-0.00216,-0.19771
1784779789.508,-13.643610,-511.672791,-150.180,15.755,-0.00198,-0.19827
1784779789.648,-14.105434,-511.923096,-150.191,15.768,-0.00250,-0.19991
1784779789.749,-14.336519,-512.048279,-150.197,15.774,-0.00226,-0.20079
1784779789.896,-14.799017,-512.298828,-150.207,15.788,-0.00294,-0.20253
1784779790.006,-15.030414,-512.424194,-150.214,15.795,-0.00289,-0.20340
1784779790.145,-15.493481,-512.675232,-150.227,15.809,-0.00431,-0.20497
1784779790.247,-15.724694,-512.800476,-150.234,15.728,-0.00441,-0.20568
1784779790.385,-16.182354,-513.048462,-150.252,15.571,-0.00577,-0.20631
1784779790.495,-16.410706,-513.171875,-150.263,15.579,-0.00568,-0.20663
1784779790.631,-16.867992,-513.419006,-150.291,15.596,-0.00506,-0.20720
1784779790.793,-17.325853,-513.665955,-150.323,15.614,-0.00447,-0.20820
1784779790.955,-17.784225,-513.913147,-150.352,15.631,-0.00383,-0.20916
1784779791.114,-18.243088,-514.160400,-150.377,15.646,-0.00261,-0.20964
1784779791.275,-18.702572,-514.407593,-150.397,15.663,-0.00210,-0.20970
1784779791.437,-19.162697,-514.654907,-150.413,15.681,-0.00152,-0.20982
1784779791.595,-19.623428,-514.902344,-150.424,15.699,-0.00029,-0.21013
1784779791.758,-20.084743,-515.150146,-150.432,15.721,0.00015,-0.21039
1784779791.920,-20.546608,-515.398315,-150.433,15.740,0.00087,-0.21050
1784779792.077,-21.009010,-515.646851,-150.430,15.759,0.00081,-0.21017
1784779792.241,-21.472031,-515.895630,-150.425,15.780,0.00019,-0.20960
1784779792.404,-21.935677,-516.144775,-150.419,15.801,0.00015,-0.20899
1784779792.562,-22.399437,-516.393982,-150.415,15.734,-0.00088,-0.20747
1784779792.724,-22.858133,-516.640564,-150.415,15.584,-0.00086,-0.20326
1784779792.887,-23.316029,-516.886719,-150.417,15.606,-0.00179,-0.19757
1784779793.048,-23.774635,-517.133362,-150.422,15.628,-0.00252,-0.19174
1784779793.149,-24.004192,-517.256714,-150.427,15.640,-0.00232,-0.18933
1784779793.289,-24.463825,-517.503540,-150.437,15.662,-0.00280,-0.18742
1784779793.403,-24.693905,-517.627136,-150.444,15.674,-0.00255,-0.18770
1784779793.541,-25.154600,-517.874390,-150.458,15.697,-0.00292,-0.18917
1784779793.642,-25.385223,-517.998108,-150.465,15.708,-0.00264,-0.18996
1784779793.780,-25.847008,-518.245789,-150.480,15.730,-0.00214,-0.19159
1784779793.889,-26.078175,-518.369751,-150.487,15.741,-0.00285,-0.19245
1784779794.028,-26.541050,-518.617615,-150.501,15.763,-0.00236,-0.19497
1784779794.128,-26.772753,-518.741699,-150.507,15.773,-0.00306,-0.19651
1784779794.267,-27.236660,-518.989929,-150.522,15.795,-0.00250,-0.20009
1784779794.376,-27.468868,-519.114197,-150.529,15.805,-0.00295,-0.20189
1784779794.514,-27.933281,-519.362549,-150.545,15.737,-0.00163,-0.20563
1784779794.674,-28.392609,-519.608093,-150.560,15.582,-0.00017,-0.20911
1784779794.836,-28.851124,-519.853027,-150.569,15.601,0.00121,-0.21018
1784779794.994,-29.310253,-520.098267,-150.568,15.621,0.00202,-0.20877
1784779795.159,-29.769855,-520.343689,-150.561,15.640,0.00253,-0.20704
1784779795.321,-30.229927,-520.589600,-150.549,15.659,0.00310,-0.20510
1784779795.479,-30.690441,-520.835999,-150.532,15.676,0.00267,-0.20302
1784779795.642,-31.151365,-521.082764,-150.514,15.693,0.00219,-0.20115
1784779795.806,-31.612709,-521.329956,-150.498,15.711,0.00241,-0.19937
1784779795.965,-32.074520,-521.577515,-150.482,15.729,0.00194,-0.19750
1784779796.128,-32.536835,-521.825562,-150.467,15.747,0.00208,-0.19543
1784779796.229,-32.768181,-521.949707,-150.459,15.756,0.00131,-0.19434
1784779796.373,-33.231224,-522.198242,-150.448,15.776,0.00131,-0.19177
1784779796.480,-33.462933,-522.322632,-150.442,15.786,0.00051,-0.19029
1784779796.624,-33.926773,-522.571594,-150.435,15.804,0.00058,-0.18724
1784779796.792,-34.390606,-522.820740,-150.432,15.732,0.00016,-0.18402
1784779796.953,-34.849163,-523.067261,-150.431,15.576,0.00007,-0.18075
1784779797.056,-35.077900,-523.190308,-150.430,15.585,0.00033,-0.17979
1784779797.208,-35.535877,-523.436401,-150.429,15.604,0.00088,-0.18164
1784779797.319,-35.765114,-523.559570,-150.427,15.615,0.00056,-0.18414
1784779797.463,-36.224087,-523.806030,-150.422,15.638,0.00106,-0.18986
1784779797.563,-36.453808,-523.929382,-150.419,15.648,0.00071,-0.19273
1784779797.705,-36.913601,-524.176331,-150.414,15.667,0.00123,-0.19842
1784779797.816,-37.143642,-524.299988,-150.412,15.676,0.00147,-0.20101
1784779797.955,-37.604080,-524.547668,-150.406,15.697,0.00090,-0.20418
1784779798.121,-38.065125,-524.795776,-150.398,15.718,-0.00022,-0.20470
1784779798.285,-38.526779,-525.044250,-150.393,15.738,-0.00046,-0.20469
1784779798.448,-38.989052,-525.292908,-150.393,15.759,-0.00171,-0.20480
1784779798.550,-39.220436,-525.417358,-150.394,15.769,-0.00173,-0.20487
1784779798.692,-39.683693,-525.666504,-150.401,15.789,-0.00269,-0.20502
1784779798.805,-39.915565,-525.791199,-150.407,15.800,-0.00258,-0.20486
1784779798.947,-40.379791,-526.040894,-150.420,15.821,-0.00328,-0.20354
1784779799.048,-40.611671,-526.165466,-150.428,15.743,-0.00308,-0.20253
1784779799.186,-41.070702,-526.411987,-150.446,15.588,-0.00362,-0.20048
1784779799.298,-41.299721,-526.534912,-150.455,15.597,-0.00338,-0.19952
1784779799.436,-41.758347,-526.780762,-150.475,15.616,-0.00354,-0.19849
1784779799.537,-41.987885,-526.903687,-150.485,15.625,-0.00304,-0.19878
1784779799.677,-42.447334,-527.149841,-150.504,15.642,-0.00262,-0.20069
1784779799.790,-42.677254,-527.272888,-150.514,15.649,-0.00203,-0.20198
1784779799.930,-43.137478,-527.519104,-150.529,15.665,-0.00159,-0.20463
1784779800.031,-43.367783,-527.642334,-150.536,15.673,-0.00107,-0.20594
1784779800.179,-43.828754,-527.888733,-150.545,15.688,-0.00006,-0.20878
1784779800.291,-44.059418,-528.012085,-150.548,15.695,-0.00036,-0.21015
1784779800.429,-44.521099,-528.258728,-150.551,15.709,0.00036,-0.21307
1784779800.592,-44.983200,-528.505554,-150.551,15.723,0.00036,-0.21443
1784779800.754,-45.445648,-528.752686,-150.550,15.736,0.00033,-0.21267
1784779800.914,-45.908424,-529.000000,-150.548,15.748,0.00092,-0.20985
1784779801.015,-46.139942,-529.123779,-150.547,15.755,0.00065,-0.20839
1784779801.153,-46.603249,-529.371460,-150.543,15.767,0.00125,-0.20549
1784779801.262,-46.835037,-529.495361,-150.540,15.773,0.00097,-0.20406
1784779801.404,-47.298866,-529.743408,-150.534,15.785,0.00154,-0.20126
1784779801.506,-47.530914,-529.867493,-150.531,15.791,0.00182,-0.19996
1784779801.644,-47.995262,-530.115845,-150.523,15.804,0.00154,-0.19738
1784779801.754,-48.227562,-530.240112,-150.518,15.811,0.00160,-0.19607
1784779801.894,-48.689545,-530.487427,-150.508,15.605,0.00066,-0.19331
1784779801.994,-48.918274,-530.609863,-150.503,15.568,0.00060,-0.19198
1784779802.139,-49.375977,-530.855164,-150.497,15.580,-0.00044,-0.19009
1784779802.249,-49.604973,-530.977783,-150.496,15.586,-0.00046,-0.19004
1784779802.392,-50.063210,-531.223206,-150.495,15.599,-0.00144,-0.19100
1784779802.495,-50.292450,-531.345947,-150.497,15.604,-0.00132,-0.19160
1784779802.634,-50.751175,-531.591431,-150.503,15.616,-0.00181,-0.19291
1784779802.743,-50.980671,-531.714233,-150.508,15.621,-0.00155,-0.19358
1784779802.884,-51.439941,-531.960083,-150.515,15.632,-0.00199,-0.19480
1784779803.047,-51.899574,-532.206055,-150.524,15.644,-0.00148,-0.19600
1784779803.212,-52.359566,-532.451965,-150.533,15.654,-0.00203,-0.19738
1784779803.371,-52.819916,-532.697876,-150.542,15.664,-0.00186,-0.19892
1784779803.472,-53.050240,-532.820923,-150.548,15.669,-0.00296,-0.19973
1784779803.610,-53.511089,-533.067017,-150.560,15.678,-0.00281,-0.20182
1784779803.723,-53.741623,-533.190186,-150.566,15.683,-0.00342,-0.20300
1784779803.863,-54.202934,-533.436646,-150.584,15.693,-0.00236,-0.20551
1784779803.964,-54.433735,-533.559814,-150.594,15.699,-0.00234,-0.20689
1784779804.101,-54.895645,-533.805908,-150.611,15.708,-0.00103,-0.21002
1784779804.211,-55.126740,-533.928894,-150.618,15.713,-0.00038,-0.21164
1784779804.353,-55.589226,-534.175171,-150.627,15.724,0.00006,-0.21322
1784779804.455,-55.820595,-534.298340,-150.629,15.730,0.00045,-0.21298
1784779804.591,-56.283535,-534.544861,-150.630,15.741,0.00053,-0.21117
1784779804.700,-56.515121,-534.668274,-150.630,15.747,0.00078,-0.21010
1784779804.836,-56.978561,-534.915039,-150.627,15.759,0.00049,-0.20815
1784779804.997,-57.442375,-535.162109,-150.623,15.771,0.00013,-0.20616
1784779805.158,-57.906578,-535.409302,-150.620,15.784,0.00048,-0.20488
1784779805.315,-58.371208,-535.656738,-150.619,15.799,0.00019,-0.20431
1784779805.476,-58.836220,-535.904419,-150.618,15.814,-0.00013,-0.20383
1784779805.636,-59.298782,-536.150818,-150.618,15.611,0.00029,-0.20333
1784779805.794,-59.757027,-536.395020,-150.619,15.584,-0.00002,-0.20237
1784779805.957,-60.215874,-536.639404,-150.618,15.599,0.00034,-0.19968
1784779806.117,-60.675194,-536.883789,-150.618,15.615,0.00007,-0.19567
1784779806.277,-61.134926,-537.128418,-150.618,15.631,-0.00041,-0.19242
1784779806.438,-61.595043,-537.373413,-150.620,15.646,-0.00020,-0.19232
1784779806.600,-62.055603,-537.618774,-150.622,15.662,-0.00119,-0.19453
1784779806.759,-62.516720,-537.864197,-150.623,15.678,-0.00111,-0.19704
1784779806.860,-62.747475,-537.986938,-150.624,15.685,-0.00206,-0.19837
1784779806.995,-63.209381,-538.232544,-150.631,15.699,-0.00166,-0.20110
1784779807.103,-63.440521,-538.355469,-150.636,15.706,-0.00230,-0.20244
1784779807.241,-63.903076,-538.601257,-150.650,15.720,-0.00161,-0.20470
1784779807.401,-64.366013,-538.847229,-150.662,15.734,-0.00187,-0.20567
1784779807.559,-64.829353,-539.093506,-150.675,15.747,-0.00139,-0.20597
1784779807.716,-65.293137,-539.339844,-150.687,15.759,-0.00224,-0.20642
1784779807.877,-65.757347,-539.586121,-150.697,15.769,-0.00333,-0.20712
1784779808.036,-66.222008,-539.832275,-150.711,15.783,-0.00372,-0.20814
1784779808.195,-66.687065,-540.078735,-150.730,15.796,-0.00638,-0.20906
1784779808.297,-66.919762,-540.202026,-150.742,15.802,-0.00692,-0.20953
1784779808.435,-67.385033,-540.448242,-150.774,15.728,-0.01036,-0.21073
1784779808.545,-67.615738,-540.570190,-150.794,15.604,-0.01161,-0.21145
1784779808.681,-68.074745,-540.812256,-150.846,15.573,-0.01761,-0.21336
1784779808.844,-68.534561,-541.053955,-150.920,15.589,-0.02117,-0.21578
1784779809.002,-68.995178,-541.295227,-151.027,15.605,-0.02711,-0.21762
1784779809.155,-69.456688,-541.535706,-151.157,15.621,-0.03236,-0.21918
1784779809.312,-69.919212,-541.775269,-151.321,15.635,-0.03417,-0.22186
1784779809.472,-70.382904,-542.013550,-151.509,15.647,-0.03772,-0.22638
1784779809.624,-70.847931,-542.250305,-151.715,15.662,-0.03896,-0.23359
1784779809.783,-71.314415,-542.485474,-151.941,15.680,-0.04274,-0.24343
1784779809.946,-71.782333,-542.718994,-152.175,15.696,-0.04689,-0.25544
1784779810.098,-72.251678,-542.950806,-152.431,15.712,-0.04843,-0.26903
1784779810.258,-72.722511,-543.180664,-152.706,15.725,-0.05289,-0.28332
1784779810.419,-73.194870,-543.408325,-153.000,15.735,-0.05701,-0.29916
1784779810.573,-73.668823,-543.633545,-153.318,15.747,-0.05778,-0.31543
1784779810.732,-74.144417,-543.856201,-153.654,15.758,-0.06088,-0.32928
1784779810.891,-74.621696,-544.076172,-154.001,15.771,-0.06134,-0.34358
1784779811.046,-75.100716,-544.293274,-154.360,15.783,-0.06375,-0.35540
1784779811.206,-75.581421,-544.507385,-154.729,15.791,-0.06607,-0.35950
1784779811.366,-76.063797,-544.718384,-155.107,15.798,-0.06628,-0.35951
1784779811.520,-76.547737,-544.926331,-155.500,15.805,-0.06868,-0.35886
1784779811.676,-77.030350,-545.129700,-155.898,15.594,-0.07014,-0.35980
1784779811.834,-77.509605,-545.327698,-156.305,15.558,-0.06880,-0.36301
1784779811.986,-77.990570,-545.522339,-156.715,15.565,-0.06903,-0.36912
1784779812.144,-78.473099,-545.713623,-157.123,15.572,-0.06698,-0.37423
1784779812.303,-78.957077,-545.901489,-157.526,15.579,-0.06774,-0.37789
1784779812.459,-79.442551,-546.086182,-157.925,15.586,-0.06685,-0.37986
1784779812.619,-79.929504,-546.267578,-158.325,15.592,-0.06759,-0.38010
1784779812.776,-80.417877,-546.445557,-158.723,15.597,-0.06792,-0.37813
1784779812.928,-80.907578,-546.620422,-159.124,15.602,-0.06655,-0.37426
1784779813.084,-81.398682,-546.792053,-159.520,15.609,-0.06755,-0.37132
1784779813.243,-81.891205,-546.960144,-159.915,15.617,-0.06845,-0.36886
1784779813.403,-82.385162,-547.124878,-160.314,15.625,-0.06773,-0.36523
1784779813.568,-82.880516,-547.286133,-160.714,15.632,-0.06965,-0.36270
1784779813.727,-83.377182,-547.444092,-161.126,15.640,-0.06871,-0.36102
1784779813.880,-83.875191,-547.598633,-161.539,15.649,-0.07014,-0.35617
1784779814.035,-84.374588,-547.749573,-161.949,15.658,-0.07166,-0.34997
1784779814.192,-84.875420,-547.896912,-162.368,15.667,-0.07087,-0.34646
1784779814.346,-85.377647,-548.040649,-162.796,15.676,-0.07253,-0.34555
1784779814.501,-85.881241,-548.180664,-163.219,15.685,-0.07575,-0.34664
1784779814.659,-86.386169,-548.317139,-163.652,15.697,-0.07704,-0.35052
1784779814.812,-86.892517,-548.449829,-164.096,15.708,-0.08221,-0.35278
1784779814.969,-87.400246,-548.578613,-164.557,15.720,-0.08826,-0.35188
1784779815.129,-87.909348,-548.703247,-165.038,15.729,-0.09040,-0.35397
1784779815.282,-88.419792,-548.823486,-165.559,15.737,-0.09582,-0.35993
1784779815.440,-88.931602,-548.938965,-166.100,15.745,-0.09773,-0.36532
1784779815.598,-89.444778,-549.049561,-166.665,15.753,-0.10297,-0.37083
1784779815.750,-89.959282,-549.155029,-167.255,15.761,-0.10354,-0.37952
1784779815.907,-90.475128,-549.255127,-167.871,15.770,-0.10642,-0.38649
1784779816.066,-90.992371,-549.349609,-168.493,15.779,-0.10856,-0.39270
1784779816.219,-91.510948,-549.438416,-169.135,15.789,-0.10956,-0.40176
1784779816.376,-92.030823,-549.521240,-169.786,15.799,-0.10712,-0.41314
1784779816.533,-92.551971,-549.598145,-170.437,15.810,-0.10697,-0.42690
1784779816.689,-93.071136,-549.668823,-171.075,15.605,-0.10423,-0.44090
1784779816.847,-93.586075,-549.733154,-171.702,15.573,-0.10426,-0.45532
1784779817.004,-94.102173,-549.791992,-172.323,15.586,-0.10189,-0.46714
1784779817.157,-94.619278,-549.845337,-172.941,15.601,-0.10183,-0.47182
1784779817.314,-95.137360,-549.893066,-173.546,15.615,-0.09920,-0.47762
1784779817.471,-95.656372,-549.935425,-174.150,15.629,-0.10237,-0.47019
1784779817.629,-96.176270,-549.972412,-174.741,15.643,-0.10174,-0.46502
1784779817.786,-96.696945,-550.004028,-175.345,15.655,-0.10530,-0.45811
1784779817.947,-97.218353,-550.030273,-175.952,15.669,-0.10787,-0.44667
1784779818.102,-97.740440,-550.050903,-176.570,15.680,-0.10636,-0.43478
1784779818.260,-98.263084,-550.065674,-177.208,15.691,-0.10679,-0.42494
1784779818.418,-98.786255,-550.074463,-177.846,15.703,-0.10661,-0.41812
1784779818.570,-99.309860,-550.077332,-178.484,15.713,-0.10306,-0.41363
1784779818.729,-99.833832,-550.074524,180.883,15.724,-0.10071,-0.41126
1784779818.887,-100.358147,-550.066162,180.264,15.737,-0.09617,-0.41083
1784779819.037,-100.882782,-550.052246,179.662,15.750,-0.09377,-0.41221
1784779819.193,-101.407677,-550.032593,179.085,15.764,-0.09143,-0.41505
1784779819.349,-101.932823,-550.007751,178.523,15.779,-0.08691,-0.41764
1784779819.503,-102.458145,-549.977905,177.978,15.791,-0.08417,-0.41893
1784779819.659,-102.983597,-549.943237,177.453,15.805,-0.08047,-0.42197
1784779819.820,-103.508659,-549.904053,176.948,15.732,-0.07994,-0.42510
1784779819.976,-104.027412,-549.860596,176.470,15.572,-0.07835,-0.42789
1784779820.076,-104.285973,-549.837341,176.232,15.579,-0.08018,-0.42336
1784779820.212,-104.803284,-549.787476,175.761,15.595,-0.08101,-0.41173
1784779820.318,-105.061981,-549.761047,175.527,15.603,-0.08049,-0.40287
1784779820.452,-105.579315,-549.704956,175.052,15.617,-0.08227,-0.38786
1784779820.613,-106.096603,-549.644653,174.570,15.630,-0.08198,-0.37662
1784779820.771,-106.613785,-549.579834,174.081,15.642,-0.08530,-0.36602
1784779820.923,-107.130775,-549.510437,173.590,15.654,-0.08774,-0.35587
1784779821.080,-107.647522,-549.436279,173.078,15.665,-0.08868,-0.34982
1784779821.237,-108.163979,-549.357605,172.554,15.678,-0.08690,-0.34828
1784779821.389,-108.680054,-549.273926,172.030,15.689,-0.08720,-0.35080
1784779821.546,-109.195740,-549.185547,171.510,15.701,-0.08456,-0.35374
1784779821.703,-109.710953,-549.092590,170.996,15.710,-0.08372,-0.35795
1784779821.856,-110.225616,-548.995056,170.488,15.720,-0.08121,-0.36652
1784779822.016,-110.739731,-548.892822,169.988,15.730,-0.08099,-0.37762
1784779822.173,-111.253281,-548.786072,169.501,15.739,-0.07823,-0.38717
1784779822.324,-111.766220,-548.674805,169.017,15.750,-0.07662,-0.39374
1784779822.479,-112.278580,-548.559387,168.548,15.761,-0.07587,-0.39614
1784779822.632,-112.790359,-548.439697,168.086,15.773,-0.07453,-0.39873
1784779822.783,-113.301476,-548.315918,167.632,15.781,-0.07699,-0.40095
1784779822.937,-113.811874,-548.188049,167.181,15.788,-0.07987,-0.39993
1784779823.094,-114.321503,-548.056030,166.718,15.796,-0.07953,-0.39388
1784779823.246,-114.830276,-547.919861,166.244,15.802,-0.08419,-0.38253
1784779823.405,-115.337570,-547.779480,165.764,15.721,-0.08348,-0.37344
1784779823.562,-115.837708,-547.636597,165.272,15.554,-0.08477,-0.36833
1784779823.712,-116.335136,-547.489746,164.778,15.559,-0.08305,-0.36387
1784779823.866,-116.831360,-547.338318,164.284,15.563,-0.08430,-0.36015
1784779824.022,-117.326370,-547.182678,163.789,15.568,-0.08398,-0.36022
1784779824.175,-117.820145,-547.022766,163.291,15.570,-0.08672,-0.36367
1784779824.331,-118.312592,-546.858765,162.789,15.571,-0.08877,-0.36587
1784779824.488,-118.803635,-546.690491,162.274,15.571,-0.08800,-0.36789
1784779824.640,-119.293167,-546.517700,161.756,15.574,-0.09002,-0.37435
1784779824.795,-119.781052,-546.340210,161.233,15.575,-0.08889,-0.38578
1784779824.949,-120.267265,-546.158142,160.700,15.577,-0.08719,-0.40099
1784779825.101,-120.751846,-545.971497,160.176,15.579,-0.08761,-0.40302
1784779825.259,-121.234825,-545.780518,159.658,15.581,-0.08780,-0.40279
1784779825.418,-121.716103,-545.585571,159.137,15.580,-0.08788,-0.40137
1784779825.570,-122.195633,-545.386108,158.616,15.583,-0.08816,-0.40019
1784779825.727,-122.673363,-545.182007,158.096,15.586,-0.08571,-0.40053
1784779825.883,-123.149307,-544.973633,157.580,15.590,-0.08534,-0.40136
1784779826.035,-123.623505,-544.760864,157.072,15.593,-0.08305,-0.40207
1784779826.190,-124.096024,-544.544006,156.572,15.599,-0.08400,-0.40535
1784779826.348,-124.566879,-544.323120,156.078,15.606,-0.08330,-0.40816
1784779826.502,-125.035904,-544.097778,155.581,15.614,-0.08490,-0.40475
1784779826.656,-125.503151,-543.868347,155.085,15.620,-0.08553,-0.39829
1784779826.813,-125.968582,-543.634766,154.577,15.626,-0.08378,-0.39437
1784779826.965,-126.432137,-543.397095,154.068,15.632,-0.08497,-0.38990
1784779827.122,-126.893753,-543.155334,153.568,15.638,-0.08587,-0.38407
1784779827.278,-127.353470,-542.909302,153.063,15.647,-0.08444,-0.37880
1784779827.435,-127.811203,-542.658936,152.557,15.656,-0.08566,-0.37532
1784779827.590,-128.266937,-542.404419,152.051,15.664,-0.08628,-0.37541
1784779827.747,-128.720642,-542.145752,151.540,15.672,-0.08458,-0.37711
1784779827.900,-129.172302,-541.883057,151.032,15.679,-0.08527,-0.37942
1784779828.062,-129.621811,-541.616089,150.527,15.686,-0.08612,-0.38058
1784779828.164,-129.845734,-541.481079,150.277,15.690,-0.08574,-0.38109
1784779828.300,-130.292007,-541.208069,149.771,15.697,-0.08525,-0.38476
1784779828.403,-130.514313,-541.070129,149.515,15.701,-0.08758,-0.38693
1784779828.537,-130.957199,-540.791016,149.005,15.709,-0.08662,-0.39087
1784779828.695,-131.397797,-540.507812,148.489,15.716,-0.08848,-0.39243
1784779828.849,-131.836044,-540.220520,147.971,15.724,-0.08970,-0.38935
1784779829.007,-132.271851,-539.929199,147.449,15.731,-0.08808,-0.38705
1784779829.162,-132.705154,-539.633789,146.917,15.738,-0.08846,-0.38939
1784779829.312,-133.135834,-539.334106,146.388,15.745,-0.08597,-0.39144
1784779829.469,-133.563965,-539.030151,145.859,15.753,-0.08475,-0.39090
1784779829.625,-133.989532,-538.722290,145.344,15.763,-0.08345,-0.39259
1784779829.779,-134.412628,-538.410339,144.836,15.772,-0.08029,-0.39346
1784779829.939,-134.833176,-538.094666,144.340,15.778,-0.07996,-0.39269
1784779830.097,-135.251236,-537.775330,143.855,15.785,-0.08037,-0.39449
1784779830.252,-135.666809,-537.452332,143.376,15.792,-0.07998,-0.39522
1784779830.411,-136.079895,-537.125732,142.899,15.798,-0.07758,-0.39556
1784779830.570,-136.490448,-536.795654,142.422,15.806,-0.07584,-0.39719
1784779830.723,-136.895874,-536.463989,141.961,15.592,-0.07817,-0.39271
1784779830.883,-137.294495,-536.132568,141.509,15.549,-0.08135,-0.38534
1784779831.041,-137.690613,-535.797974,141.043,15.550,-0.08122,-0.37958
1784779831.192,-138.083954,-535.460205,140.561,15.551,-0.08299,-0.37222
1784779831.349,-138.474304,-535.119019,140.080,15.552,-0.08453,-0.36612
1784779831.509,-138.861771,-534.774658,139.587,15.552,-0.08286,-0.36220
1784779831.662,-139.246170,-534.426880,139.087,15.550,-0.08340,-0.35867
1784779831.824,-139.627472,-534.075867,138.596,15.548,-0.08517,-0.35755
1784779831.984,-140.005737,-533.721680,138.101,15.546,-0.08393,-0.36074
1784779832.140,-140.380875,-533.364136,137.598,15.546,-0.08417,-0.36652
1784779832.300,-140.752808,-533.003357,137.102,15.545,-0.08278,-0.37312
1784779832.460,-141.121613,-532.639282,136.605,15.546,-0.08541,-0.37829
1784779832.615,-141.487350,-532.272156,136.114,15.546,-0.08847,-0.38078
1784779832.774,-141.850037,-531.902039,135.610,15.547,-0.08811,-0.38553
1784779832.935,-142.209351,-531.528625,135.096,15.547,-0.08694,-0.39460
1784779833.094,-142.565155,-531.151917,134.576,15.548,-0.08770,-0.39929
1784779833.258,-142.917480,-530.771851,134.062,15.550,-0.08808,-0.39886
1784779833.421,-143.266525,-530.388550,133.541,15.553,-0.08791,-0.39580
1784779833.578,-143.612274,-530.002197,133.021,15.555,-0.08533,-0.39150
1784779833.680,-143.783859,-529.807861,132.765,15.557,-0.08593,-0.39072
1784779833.814,-144.124466,-529.416809,132.254,15.562,-0.08440,-0.39036
1784779833.924,-144.293457,-529.220032,132.003,15.564,-0.08775,-0.39056
1784779834.058,-144.628922,-528.824219,131.501,15.570,-0.08868,-0.39223
1784779834.223,-144.961014,-528.425354,130.991,15.575,-0.08891,-0.39605
1784779834.384,-145.289703,-528.023438,130.465,15.581,-0.09132,-0.39584
1784779834.539,-145.614777,-527.618225,129.938,15.586,-0.09262,-0.39469
1784779834.704,-145.936157,-527.209900,129.394,15.592,-0.09020,-0.39803
1784779834.864,-146.253677,-526.798279,128.845,15.599,-0.08998,-0.40175
1784779835.022,-146.567352,-526.383545,128.313,15.606,-0.09268,-0.39892
1784779835.183,-146.877457,-525.965698,127.785,15.614,-0.09570,-0.39259
1784779835.345,-147.183929,-525.544800,127.243,15.621,-0.09467,-0.38740
1784779835.501,-147.486420,-525.120911,126.680,15.627,-0.09483,-0.38553
1784779835.663,-147.784744,-524.693726,126.116,15.635,-0.09316,-0.38735
1784779835.825,-148.078888,-524.263367,125.553,15.642,-0.09595,-0.39187
1784779835.983,-148.368988,-523.829956,124.998,15.649,-0.09867,-0.39826
1784779836.143,-148.655121,-523.393677,124.428,15.655,-0.09807,-0.40628
1784779836.308,-148.937103,-522.954468,123.849,15.661,-0.09740,-0.41759
1784779836.464,-149.214645,-522.512146,123.266,15.668,-0.09911,-0.41960
1784779836.628,-149.487671,-522.066833,122.690,15.676,-0.09960,-0.41114
1784779836.790,-149.756256,-521.618408,122.106,15.683,-0.09890,-0.40504
1784779836.949,-150.020355,-521.167114,121.509,15.692,-0.09847,-0.40295
1784779837.113,-150.280045,-520.713013,120.921,15.700,-0.09597,-0.40491
1784779837.277,-150.535309,-520.256104,120.342,15.705,-0.09314,-0.41197
1784779837.436,-150.786057,-519.796387,119.772,15.713,-0.09040,-0.43250
1784779837.536,-150.909729,-519.565491,119.493,15.718,-0.09177,-0.42156
1784779837.674,-151.153763,-519.101746,118.949,15.727,-0.09340,-0.41645
1784779837.786,-151.274200,-518.868896,118.680,15.731,-0.09192,-0.41399
1784779837.929,-151.511978,-518.401245,118.128,15.743,-0.08835,-0.41270
1784779838.034,-151.629318,-518.166504,117.850,15.749,-0.08641,-0.41385
1784779838.173,-151.860672,-517.695068,117.312,15.761,-0.08277,-0.42617
1784779838.283,-151.974701,-517.458435,117.052,15.767,-0.08318,-0.41804
1784779838.426,-152.199738,-516.983276,116.548,15.779,-0.08242,-0.41054
1784779838.528,-152.310760,-516.744873,116.302,15.786,-0.08108,-0.40552
1784779838.667,-152.529999,-516.266235,115.804,15.798,-0.07952,-0.39722
1784779838.780,-152.638153,-516.026184,115.559,15.804,-0.07768,-0.39235
1784779838.923,-152.851318,-515.544800,115.077,15.734,-0.07580,-0.38106
1784779839.024,-152.955475,-515.305420,114.844,15.613,-0.07589,-0.37622
1784779839.165,-153.159637,-514.827881,114.389,15.589,-0.07265,-0.36990
1784779839.276,-153.260437,-514.588257,114.164,15.599,-0.07092,-0.36826
1784779839.418,-153.459564,-514.107544,113.723,15.619,-0.06968,-0.36709
1784779839.520,-153.557892,-513.866455,113.510,15.630,-0.06851,-0.36557
1784779839.662,-153.752136,-513.382690,113.093,15.651,-0.06803,-0.35940
1784779839.776,-153.848053,-513.140076,112.887,15.662,-0.06673,-0.35555
1784779839.919,-154.037323,-512.653198,112.480,15.683,-0.06531,-0.35006
1784779840.020,-154.130646,-512.408875,112.278,15.693,-0.06364,-0.34704
1784779840.123,-154.223175,-512.164185,112.081,15.703,-0.06356,-0.34361
1784779840.286,-154.406128,-511.673248,111.694,15.723,-0.06082,-0.33633
1784779840.448,-154.586288,-511.180664,111.316,15.743,-0.05985,-0.33183
1784779840.549,-154.675232,-510.933685,111.132,15.753,-0.05850,-0.33076
1784779840.692,-154.850952,-510.438354,110.770,15.775,-0.05714,-0.32855
1784779840.802,-154.937683,-510.190002,110.594,15.785,-0.05601,-0.32724
1784779840.948,-155.108673,-509.692017,110.251,15.797,-0.05642,-0.32426
1784779841.051,-155.193100,-509.442535,110.080,15.801,-0.05578,-0.32221
1784779841.196,-155.359833,-508.943298,109.746,15.721,-0.05623,-0.31729
1784779841.308,-155.441406,-508.695526,109.579,15.594,-0.05534,-0.31562
1784779841.451,-155.601562,-508.202240,109.242,15.557,-0.05479,-0.31444
1784779841.614,-155.758972,-507.707764,108.912,15.567,-0.05320,-0.31400
1784779841.782,-155.913345,-507.212158,108.591,15.572,-0.05476,-0.31273
1784779841.949,-156.064713,-506.715546,108.272,15.577,-0.05407,-0.31282
1784779842.052,-156.139328,-506.466797,108.108,15.580,-0.05541,-0.31298
1784779842.198,-156.286591,-505.968750,107.782,15.586,-0.05389,-0.31081
1784779842.309,-156.359253,-505.719360,107.619,15.588,-0.05467,-0.30885
1784779842.452,-156.502716,-505.220001,107.293,15.593,-0.05253,-0.30629
1784779842.554,-156.573395,-504.969940,107.133,15.597,-0.05444,-0.30613
1784779842.704,-156.712524,-504.468933,106.815,15.605,-0.05623,-0.30819
1784779842.818,-156.781006,-504.218018,106.658,15.607,-0.05812,-0.31006
1784779842.968,-156.915771,-503.715363,106.331,15.619,-0.06555,-0.31306
1784779843.069,-156.982178,-503.463654,106.161,15.625,-0.06700,-0.31390
1784779843.219,-157.113007,-502.959290,105.789,15.638,-0.07279,-0.31649
1784779843.332,-157.177200,-502.706696,105.591,15.645,-0.07402,-0.31905
1784779843.482,-157.302856,-502.200439,105.172,15.657,-0.08039,-0.32604
1784779843.587,-157.364212,-501.946747,104.953,15.663,-0.08137,-0.32840
1784779843.735,-157.483948,-501.438416,104.501,15.675,-0.08575,-0.33058
1784779843.848,-157.542267,-501.183716,104.260,15.681,-0.08608,-0.33173
1784779843.998,-157.655716,-500.673218,103.756,15.696,-0.09133,-0.33737
1784779844.099,-157.710815,-500.417450,103.499,15.704,-0.09269,-0.34190
1784779844.249,-157.817535,-499.904724,102.968,15.720,-0.09487,-0.35425
1784779844.361,-157.869125,-499.647766,102.692,15.729,-0.09923,-0.36026
1784779844.510,-157.968536,-499.132751,102.131,15.745,-0.10268,-0.36964
1784779844.613,-158.016296,-498.874634,101.843,15.754,-0.10241,-0.37377
1784779844.761,-158.107758,-498.357269,101.242,15.771,-0.10561,-0.38593
1784779844.873,-158.151413,-498.098022,100.933,15.780,-0.10581,-0.39416
1784779845.024,-158.234680,-497.578430,100.313,15.798,-0.10989,-0.41479
1784779845.127,-158.274292,-497.318054,99.996,15.807,-0.11263,-0.42720
1784779845.275,-158.349182,-496.796753,99.352,15.738,-0.10831,-0.45463
1784779845.388,-158.384048,-496.537994,99.023,15.615,-0.10711,-0.46438
1784779845.536,-158.448776,-496.022583,98.359,15.595,-0.11005,-0.46855
1784779845.639,-158.478821,-495.764252,98.039,15.609,-0.10930,-0.46727
1784779845.786,-158.534760,-495.246338,97.417,15.636,-0.10843,-0.46855
1784779845.897,-158.560730,-494.986938,97.093,15.648,-0.10739,-0.47123
1784779846.045,-158.608612,-494.467163,96.439,15.673,-0.10728,-0.47420
1784779846.150,-158.630325,-494.206726,96.120,15.686,-0.10876,-0.47411
1784779846.299,-158.669434,-493.684937,95.487,15.713,-0.11334,-0.47254
1784779846.412,-158.686859,-493.423523,95.166,15.725,-0.11471,-0.47368
1784779846.562,-158.717407,-492.899750,94.511,15.750,-0.11222,-0.49128
1784779846.667,-158.730377,-492.637451,94.170,15.762,-0.11306,-0.51169
1784779846.812,-158.751587,-492.112000,93.494,15.789,-0.12749,-0.47320
1784779846.924,-158.759796,-491.848877,93.159,15.801,-0.12794,-0.46749
1784779847.072,-158.771637,-491.322449,92.447,15.732,-0.13039,-0.46019
1784779847.176,-158.775116,-491.061401,92.064,15.612,-0.12938,-0.45896
1784779847.323,-158.776672,-490.542023,91.297,15.588,-0.12741,-0.46162
1784779847.435,-158.774719,-490.282104,90.913,15.597,-0.12644,-0.46344
1784779847.582,-158.765411,-489.761841,90.148,15.615,-0.12705,-0.46119
1784779847.686,-158.758133,-489.501556,89.772,15.624,-0.12811,-0.45775
1784779847.838,-158.738525,-488.980713,89.024,15.643,-0.12431,-0.45427
1784779847.939,-158.726227,-488.720215,88.646,15.652,-0.12455,-0.45501
1784779848.042,-158.712250,-488.459656,88.266,15.660,-0.12253,-0.45743
1784779848.192,-158.679199,-487.938324,87.521,15.679,-0.11907,-0.46668
1784779848.302,-158.660156,-487.677612,87.155,15.687,-0.08532,-0.47139
1784779848.450,-158.617203,-487.157654,86.439,15.464,-0.11906,-0.47793
1784779848.550,-158.593857,-486.904877,86.132,15.016,-0.11601,-0.48113
1784779848.698,-158.544830,-486.416565,85.641,14.632,-0.11518,-0.49098
1784779848.808,-158.519180,-486.173828,85.311,14.636,-0.11365,-0.49715
1784779848.956,-158.464127,-485.688354,84.638,14.655,-0.10693,-0.55027
1784779849.057,-158.434052,-485.445709,84.324,14.663,-0.10208,-0.68616
1784779849.206,-158.369919,-484.960754,83.715,14.679,-0.10932,-0.49438
1784779849.317,-158.335968,-484.718445,83.423,14.686,-0.10803,-0.48478
1784779849.463,-158.264465,-484.233948,82.854,14.697,-0.10864,-0.46629
1784779849.564,-158.227005,-483.991821,82.551,14.702,-0.10712,-0.45743
1784779849.710,-158.148285,-483.507782,81.943,14.715,-0.10341,-0.44304
1784779849.824,-158.106842,-483.265991,81.642,14.721,-0.10131,-0.43793
1784779849.970,-158.020172,-482.782684,81.051,14.734,-0.09674,-0.42980
1784779850.071,-157.974945,-482.541229,80.765,14.739,-0.09725,-0.42439
1784779850.219,-157.880875,-482.058746,80.212,14.747,-0.09855,-0.41088
1784779850.328,-157.832031,-481.817780,79.942,14.750,-0.09811,-0.40427
1784779850.477,-157.730957,-481.336426,79.398,14.752,-0.09673,-0.39448
1784779850.643,-157.625427,-480.855957,78.845,14.755,-0.09811,-0.38922
1784779850.746,-157.570938,-480.616119,78.572,14.756,-0.09752,-0.38826
1784779850.890,-157.458618,-480.137146,78.021,14.755,-0.09602,-0.38463
1784779851.001,-157.400818,-479.898071,77.744,14.754,-0.09760,-0.38126
1784779851.148,-157.281769,-479.420837,77.200,14.750,-0.09533,-0.37278
1784779851.250,-157.220520,-479.182739,76.930,14.747,-0.09407,-0.36986
1784779851.396,-157.094543,-478.707611,76.388,14.743,-0.09317,-0.36539
1784779851.507,-157.029831,-478.470581,76.123,14.740,-0.09147,-0.36325
1784779851.655,-156.897141,-477.997559,75.597,14.734,-0.09007,-0.35992
1784779851.757,-156.829285,-477.761597,75.337,14.730,-0.08840,-0.35963
1784779851.904,-156.690567,-477.290741,74.827,14.722,-0.08496,-0.36218
1784779852.017,-156.619720,-477.055847,74.577,14.718,-0.08311,-0.36414
1784779852.164,-156.475067,-476.587158,74.093,14.712,-0.08223,-0.36578
1784779852.266,-156.401306,-476.353363,73.858,14.709,-0.08113,-0.36533
1784779852.412,-156.250977,-475.886810,73.402,14.704,-0.08154,-0.36555
1784779852.523,-156.174438,-475.654053,73.175,14.701,-0.08036,-0.36713
1784779852.672,-156.018646,-475.189575,72.717,14.695,-0.07745,-0.37319
1784779852.779,-155.939392,-474.957855,72.490,14.692,-0.07579,-0.37640
1784779852.925,-155.778229,-474.495483,72.050,14.687,-0.07448,-0.37651
1784779853.035,-155.696365,-474.264801,71.836,14.685,-0.07336,-0.37318
1784779853.183,-155.530151,-473.804382,71.422,14.681,-0.07452,-0.36554
1784779853.289,-155.445862,-473.574707,71.217,14.679,-0.07393,-0.36236
1784779853.438,-155.274826,-473.116333,70.803,14.675,-0.07224,-0.35428
1784779853.549,-155.188065,-472.887634,70.596,14.674,-0.07321,-0.34940
1784779853.696,-155.012039,-472.431305,70.188,14.671,-0.07139,-0.34016
1784779853.799,-154.922821,-472.203674,69.986,14.670,-0.07060,-0.33667
1784779853.949,-154.742065,-471.749390,69.583,14.668,-0.07146,-0.33094
1784779854.062,-154.650482,-471.522705,69.385,14.667,-0.07064,-0.32862
1784779854.210,-154.464966,-471.070496,68.986,14.663,-0.07034,-0.32591
1784779854.313,-154.371094,-470.844879,68.787,14.662,-0.06900,-0.32557
1784779854.460,-154.181030,-470.394714,68.396,14.659,-0.06615,-0.32498
1784779854.572,-154.084869,-470.170135,68.202,14.657,-0.06612,-0.32463
1784779854.723,-153.890427,-469.722046,67.825,14.651,-0.06294,-0.32480
1784779854.826,-153.792175,-469.498505,67.642,14.650,-0.06135,-0.32573
1784779854.976,-153.593597,-469.052246,67.285,14.653,-0.05796,-0.32547
1784779855.087,-153.493225,-468.829529,67.113,14.654,-0.05751,-0.32417
1784779855.240,-153.290253,-468.385193,66.784,14.654,-0.05401,-0.32065
1784779855.344,-153.187805,-468.163513,66.623,14.654,-0.05334,-0.31985
1784779855.493,-152.981201,-467.720886,66.312,14.653,-0.04991,-0.32011
1784779855.605,-152.877136,-467.499969,66.163,14.652,-0.04831,-0.32110
1784779855.757,-152.667542,-467.058899,65.872,14.646,-0.04507,-0.32293
1784779855.860,-152.562073,-466.838867,65.734,14.644,-0.04465,-0.32203
1784779856.011,-152.349579,-466.399445,65.474,14.644,-0.04170,-0.31562
1784779856.124,-152.242493,-466.180115,65.351,14.646,-0.04123,-0.31173
1784779856.273,-152.026703,-465.742126,65.111,14.649,-0.03816,-0.30569
1784779856.378,-151.918030,-465.523468,64.995,14.650,-0.03660,-0.30342
1784779856.529,-151.699554,-465.086792,64.774,14.651,-0.03445,-0.29736
1784779856.642,-151.589767,-464.868713,64.669,14.652,-0.03299,-0.29299
1784779856.792,-151.369049,-464.433014,64.474,14.655,-0.03020,-0.28208
1784779856.897,-151.258148,-464.215454,64.380,14.657,-0.02967,-0.27694
1784779857.046,-151.035202,-463.780640,64.204,14.663,-0.02698,-0.26783
1784779857.160,-150.923157,-463.563477,64.121,14.666,-0.02566,-0.26389
1784779857.310,-150.698105,-463.129395,63.962,14.674,-0.02399,-0.25691
1784779857.415,-150.585083,-462.912476,63.888,14.679,-0.02287,-0.25372
1784779857.565,-150.358246,-462.478760,63.747,14.689,-0.02084,-0.24755
1784779857.676,-150.244415,-462.262024,63.681,14.694,-0.02093,-0.24471
1784779857.825,-150.015915,-461.828613,63.558,14.705,-0.01916,-0.23977
1784779857.929,-149.901230,-461.611938,63.500,14.711,-0.01831,-0.23770
1784779858.080,-149.671005,-461.178772,63.387,14.724,-0.01756,-0.23440
1784779858.193,-149.555481,-460.962219,63.334,14.731,-0.01673,-0.23302
1784779858.340,-149.323685,-460.529175,63.232,14.745,-0.01505,-0.22977
1784779858.442,-149.207428,-460.312592,63.183,14.753,-0.01522,-0.22786
1784779858.595,-148.974289,-459.879333,63.093,14.770,-0.01371,-0.22390
1784779858.708,-148.857391,-459.662659,63.050,14.778,-0.01297,-0.22216
1784779858.856,-148.622955,-459.229156,62.968,14.794,-0.01230,-0.21918
1784779858.960,-148.505402,-459.012329,62.930,14.802,-0.01138,-0.21795
1784779859.108,-148.269699,-458.578613,62.858,14.816,-0.00984,-0.21592
1784779859.224,-148.151627,-458.361725,62.824,14.823,-0.00871,-0.21502
1784779859.372,-147.915009,-457.927673,62.766,14.836,-0.00665,-0.21340
1784779859.475,-147.796494,-457.710541,62.740,14.844,-0.00634,-0.21269
1784779859.624,-147.558914,-457.276123,62.698,14.860,-0.00530,-0.21169
1784779859.737,-147.439835,-457.058838,62.681,14.868,-0.00459,-0.21140
1784779859.886,-147.201324,-456.623993,62.650,14.885,-0.00422,-0.21101
1784779859.988,-147.081879,-456.406494,62.637,14.893,-0.00372,-0.21094
1784779860.136,-146.842834,-455.971130,62.612,14.905,-0.00275,-0.21038
1784779860.249,-146.723267,-455.753357,62.600,14.911,-0.00316,-0.20960
1784779860.397,-146.484009,-455.317474,62.581,14.920,-0.00268,-0.20694
1784779860.500,-146.364258,-455.099548,62.573,14.925,-0.00265,-0.20550
1784779860.652,-146.124329,-454.663513,62.557,14.934,-0.00424,-0.20290
1784779860.763,-146.004227,-454.445404,62.549,14.939,-0.00442,-0.20167
1784779860.913,-145.763763,-454.009155,62.528,14.949,-0.00589,-0.19924
1784779861.014,-145.643402,-453.790894,62.515,14.954,-0.00590,-0.19797
1784779861.165,-145.402481,-453.354309,62.487,14.965,-0.00587,-0.19543
1784779861.281,-145.281891,-453.135956,62.470,14.971,-0.00695,-0.19424
1784779861.430,-145.040390,-452.699036,62.435,14.980,-0.00667,-0.19202
1784779861.534,-144.919449,-452.480591,62.417,14.985,-0.00645,-0.19109
1784779861.683,-144.677216,-452.043640,62.377,14.993,-0.00613,-0.19015
1784779861.795,-144.555923,-451.825165,62.357,14.997,-0.00527,-0.19077
1784779861.944,-144.313049,-451.388123,62.319,15.004,-0.00385,-0.19413
1784779862.048,-144.191483,-451.169586,62.302,15.008,-0.00291,-0.19638
1784779862.196,-143.948029,-450.732300,62.276,15.019,-0.00119,-0.20104
1784779862.309,-143.826172,-450.513611,62.267,15.025,-0.00102,-0.20346
1784779862.457,-143.582245,-450.075989,62.254,15.036,0.00022,-0.20836
1784779862.560,-143.460236,-449.857056,62.251,15.043,0.00059,-0.21049
1784779862.712,-143.216003,-449.418945,62.249,15.055,0.00046,-0.21388
1784779862.832,-143.093811,-449.199738,62.249,15.061,0.00067,-0.21508
1784779862.993,-142.849304,-448.761078,62.252,15.073,0.00039,-0.21736
1784779863.097,-142.726974,-448.541626,62.253,15.079,0.00059,-0.21851
1784779863.244,-142.482178,-448.102417,62.257,15.091,0.00098,-0.21983
1784779863.358,-142.359695,-447.882660,62.258,15.097,0.00049,-0.21924
1784779863.508,-142.114700,-447.442871,62.261,15.112,0.00087,-0.21532
1784779863.612,-141.992142,-447.222717,62.263,15.122,0.00105,-0.21272
1784779863.760,-141.746735,-446.782074,62.266,15.140,0.00078,-0.20762
1784779863.874,-141.623840,-446.561646,62.267,15.149,0.00102,-0.20518
1784779864.021,-141.377914,-446.120361,62.270,15.165,0.00084,-0.20021
1784779864.129,-141.254898,-445.899506,62.271,15.174,0.00108,-0.19767
1784779864.276,-141.008667,-445.457367,62.274,15.189,0.00087,-0.19254
1784779864.388,-140.885529,-445.236176,62.274,15.196,0.00111,-0.19013
1784779864.536,-140.639084,-444.793335,62.279,15.215,0.00141,-0.18813
1784779864.641,-140.515717,-444.571655,62.282,15.227,0.00057,-0.18873
1784779864.787,-140.268600,-444.127930,62.288,15.245,0.00045,-0.19198
1784779864.901,-140.144928,-443.905884,62.291,15.253,0.00041,-0.19376
1784779865.049,-139.897537,-443.461304,62.292,15.270,-0.00076,-0.19713
1784779865.153,-139.773743,-443.238861,62.293,15.279,-0.00080,-0.19883
1784779865.300,-139.525986,-442.793518,62.290,15.296,-0.00190,-0.20166
1784779865.415,-139.401993,-442.570679,62.287,15.304,-0.00176,-0.20255
1784779865.565,-139.153778,-442.124634,62.281,15.321,-0.00230,-0.20327
1784779865.670,-139.029617,-441.901428,62.276,15.327,-0.00200,-0.20343
1784779865.824,-138.781006,-441.454834,62.265,15.338,-0.00133,-0.20390
1784779865.942,-138.656525,-441.231445,62.259,15.344,-0.00190,-0.20424
1784779866.088,-138.407349,-440.784485,62.249,15.355,-0.00119,-0.20503
1784779866.192,-138.282654,-440.560913,62.245,15.360,-0.00180,-0.20547
1784779866.337,-138.033112,-440.113495,62.236,15.371,-0.00115,-0.20636
1784779866.453,-137.908310,-439.889709,62.231,15.375,-0.00082,-0.20683
1784779866.601,-137.658600,-439.441895,62.219,15.384,-0.00113,-0.20796
1784779866.707,-137.533646,-439.217987,62.216,15.387,-0.00084,-0.20873
1784779866.853,-137.283554,-438.770081,62.208,15.392,-0.00119,-0.21047
1784779866.969,-137.158447,-438.546082,62.204,15.395,-0.00086,-0.21137
1784779867.120,-136.908142,-438.097961,62.196,15.401,-0.00117,-0.21319
1784779867.224,-136.782928,-437.873901,62.192,15.404,-0.00084,-0.21415
1784779867.369,-136.532440,-437.425598,62.187,15.409,-0.00024,-0.21462
1784779867.482,-136.407135,-437.201416,62.184,15.412,-0.00086,-0.21405
1784779867.631,-136.156387,-436.752960,62.180,15.419,0.00003,-0.21166
1784779867.737,-136.030945,-436.528625,62.179,15.423,-0.00006,-0.21039
1784779867.883,-135.780029,-436.079803,62.175,15.433,0.00051,-0.20780
1784779867.996,-135.654510,-435.855286,62.175,15.437,0.00083,-0.20651
1784779868.145,-135.403336,-435.406006,62.177,15.447,0.00291,-0.20428
1784779868.252,-135.277710,-435.181305,62.178,15.451,0.00414,-0.20367
1784779868.397,-135.026367,-434.731628,62.188,15.461,0.00697,-0.20333
1784779868.517,-134.900650,-434.506653,62.197,15.467,0.00857,-0.20332
1784779868.670,-134.649261,-434.056305,62.228,15.478,0.01220,-0.20307
1784779868.775,-134.523621,-433.830933,62.250,15.483,0.01426,-0.20280
1784779868.924,-134.272491,-433.379822,62.309,15.493,0.01901,-0.20193
1784779869.036,-134.147064,-433.154022,62.347,15.498,0.02176,-0.20118
1784779869.187,-133.896622,-432.701965,62.443,15.507,0.02826,-0.19887
1784779869.292,-133.771683,-432.475647,62.502,15.512,0.03211,-0.19725
1784779869.446,-133.522491,-432.022369,62.646,15.520,0.04150,-0.19310
1784779869.557,-133.398315,-431.795380,62.734,15.525,0.04727,-0.19048
1784779869.707,-133.151031,-431.340576,62.948,15.532,0.06206,-0.18392
1784779869.811,-133.028030,-431.112793,63.077,15.534,0.07179,-0.17989
