time,x,y,yaw,speed,steer,signed_cte
1784707676.015,-130.381622,-426.355408,61.770,0.088,0.08676,-0.19801
1784707676.117,-130.382370,-426.356689,61.769,0.090,0.14011,-0.19798
1784707676.241,-130.383270,-426.358215,61.768,0.023,0.13994,-0.19793
1784707676.395,-130.380722,-426.353668,61.775,0.340,0.14011,-0.19796
1784707676.552,-130.371414,-426.337006,61.803,0.865,0.12149,-0.19807
1784707676.696,-130.352524,-426.303192,61.861,1.486,0.10561,-0.19825
1784707676.841,-130.323929,-426.251740,61.937,2.076,0.09198,-0.19835
1784707676.990,-130.286072,-426.183685,62.025,2.631,0.06976,-0.19852
1784707677.136,-130.239487,-426.099915,62.120,3.153,0.06070,-0.19860
1784707677.279,-130.184616,-426.001495,62.205,3.644,0.04599,-0.19873
1784707677.429,-130.121994,-425.889069,62.289,4.105,0.04015,-0.19866
1784707677.571,-130.052261,-425.763489,62.368,4.539,0.03511,-0.19828
1784707677.717,-129.975891,-425.625580,62.440,4.946,0.02563,-0.19758
1784707677.863,-129.893295,-425.475983,62.503,5.329,0.01798,-0.19660
1784707678.009,-129.804840,-425.315491,62.554,5.688,0.01535,-0.19542
1784707678.153,-129.710892,-425.144806,62.600,6.025,0.00971,-0.19405
1784707678.301,-129.611847,-424.964386,62.634,6.342,0.00516,-0.19237
1784707678.444,-129.507904,-424.774933,62.659,6.640,0.00392,-0.19056
1784707678.591,-129.399368,-424.576996,62.675,6.921,0.00062,-0.18861
1784707678.741,-129.286469,-424.371033,62.685,7.184,0.00003,-0.18655
1784707678.882,-129.169510,-424.157623,62.690,7.432,-0.00305,-0.18440
1784707679.030,-129.048706,-423.937195,62.685,7.664,-0.00512,-0.18218
1784707679.182,-128.924255,-423.710144,62.677,7.882,-0.00467,-0.17990
1784707679.325,-128.796356,-423.476959,62.660,8.087,-0.00584,-0.17764
1784707679.479,-128.665192,-423.238007,62.645,8.280,-0.00682,-0.17541
1784707679.629,-128.530991,-422.993652,62.626,8.460,-0.00580,-0.17319
1784707679.773,-128.393890,-422.744141,62.603,8.629,-0.00635,-0.17098
1784707679.928,-128.254059,-422.489990,62.584,8.786,-0.00683,-0.16889
1784707680.089,-128.111740,-422.231415,62.563,8.932,-0.00560,-0.16680
1784707680.239,-127.967026,-421.968811,62.540,9.069,-0.00579,-0.16484
1784707680.388,-127.820023,-421.702332,62.518,9.198,-0.00590,-0.16298
1784707680.537,-127.670883,-421.432251,62.498,9.320,-0.00605,-0.16123
1784707680.683,-127.519775,-421.158752,62.477,9.434,-0.00462,-0.15953
1784707680.831,-127.366776,-420.882080,62.455,9.542,-0.00465,-0.15792
1784707680.981,-127.211937,-420.602417,62.435,9.644,-0.00468,-0.15646
1784707681.122,-127.055466,-420.320007,62.417,9.715,-0.00471,-0.15509
1784707681.272,-126.898392,-420.036560,62.399,9.732,-0.00470,-0.15373
1784707681.421,-126.741013,-419.752655,62.383,9.748,-0.00474,-0.15242
1784707681.566,-126.583282,-419.468262,62.364,9.764,-0.00330,-0.15128
1784707681.717,-126.425125,-419.183533,62.345,9.781,-0.00316,-0.15074
1784707681.869,-126.266632,-418.898346,62.332,9.797,-0.00178,-0.15067
1784707682.016,-126.107819,-418.612732,62.320,9.813,-0.00185,-0.15097
1784707682.165,-125.948685,-418.326691,62.310,9.830,-0.00198,-0.15140
1784707682.315,-125.789200,-418.040131,62.304,9.847,-0.00076,-0.15188
1784707682.463,-125.629440,-417.753082,62.296,9.864,-0.00100,-0.15236
1784707682.623,-125.469360,-417.465546,62.293,9.881,-0.00145,-0.15288
1784707682.777,-125.308983,-417.177490,62.289,9.900,-0.00041,-0.15342
1784707682.924,-125.148300,-416.888947,62.284,9.920,-0.00091,-0.15398
1784707683.076,-124.987267,-416.599823,62.281,9.939,-0.00150,-0.15458
1784707683.227,-124.825912,-416.310120,62.278,9.958,-0.00047,-0.15517
1784707683.376,-124.664230,-416.019867,62.272,9.978,-0.00093,-0.15576
1784707683.526,-124.502213,-415.729065,62.269,9.997,-0.00147,-0.15628
1784707683.679,-124.339890,-415.437714,62.266,10.016,-0.00041,-0.15670
1784707683.828,-124.177200,-415.145905,62.260,10.035,-0.00081,-0.15713
1784707683.980,-124.014214,-414.853485,62.257,10.055,-0.00132,-0.15750
1784707684.131,-123.850891,-414.560425,62.254,10.076,-0.00025,-0.15786
1784707684.278,-123.687210,-414.266785,62.249,10.098,-0.00069,-0.15825
1784707684.430,-123.523109,-413.972534,62.248,10.119,-0.00120,-0.15871
1784707684.587,-123.358643,-413.677673,62.246,10.141,-0.00009,-0.15919
1784707684.738,-123.193810,-413.382172,62.242,10.163,-0.00032,-0.15968
1784707684.892,-123.028595,-413.086029,62.241,10.186,-0.00058,-0.16019
1784707685.044,-122.862968,-412.789307,62.240,10.208,0.00050,-0.16078
1784707685.193,-122.696960,-412.491852,62.237,10.233,0.00038,-0.16135
1784707685.345,-122.530571,-412.193665,62.235,10.258,0.00024,-0.16190
1784707685.499,-122.363831,-411.894745,62.236,10.281,0.00113,-0.16223
1784707685.648,-122.196732,-411.595093,62.235,10.305,-0.00022,-0.16228
1784707685.797,-122.029228,-411.294800,62.236,10.329,-0.00047,-0.16212
1784707685.950,-121.861298,-410.993774,62.235,10.353,-0.00064,-0.16191
1784707686.105,-121.692963,-410.692078,62.232,10.378,0.00046,-0.16172
1784707686.258,-121.524155,-410.389679,62.229,10.403,0.00036,-0.16161
1784707686.415,-121.354904,-410.086548,62.228,10.429,0.00018,-0.16152
1784707686.564,-121.185211,-409.782684,62.229,10.455,-0.00010,-0.16147
1784707686.716,-121.015152,-409.477997,62.229,10.481,0.00078,-0.16133
1784707686.868,-120.844673,-409.172607,62.227,10.507,0.00057,-0.16122
1784707687.025,-120.673798,-408.866425,62.229,10.533,0.00027,-0.16106
1784707687.178,-120.502541,-408.559479,62.230,10.559,-0.00001,-0.16087
1784707687.331,-120.330864,-408.251770,62.230,10.585,0.00085,-0.16068
1784707687.485,-120.158737,-407.943329,62.229,10.611,0.00062,-0.16070
1784707687.645,-119.986176,-407.634155,62.231,10.637,0.00033,-0.16100
1784707687.806,-119.813202,-407.324158,62.233,10.662,0.00010,-0.16149
1784707687.962,-119.639809,-407.013489,62.234,10.687,0.00103,-0.16209
1784707688.117,-119.465958,-406.702118,62.233,10.712,0.00100,-0.16274
1784707688.271,-119.291702,-406.389984,62.233,10.737,0.00094,-0.16338
1784707688.425,-119.117111,-406.077026,62.237,10.763,0.00079,-0.16390
1784707688.578,-118.942139,-405.763306,62.239,10.788,0.00067,-0.16440
1784707688.730,-118.766754,-405.448914,62.241,10.814,0.00164,-0.16492
1784707688.879,-118.592117,-405.135834,62.242,10.659,0.00151,-0.16543
1784707689.033,-118.419418,-404.826172,62.248,10.645,0.00126,-0.16591
1784707689.183,-118.246468,-404.515778,62.253,10.668,0.00100,-0.16616
1784707689.334,-118.073196,-404.204712,62.257,10.690,0.00076,-0.16620
1784707689.454,-117.986465,-404.048981,62.259,10.701,0.00171,-0.16614
1784707689.564,-117.899651,-403.893127,62.262,10.712,0.00156,-0.16606
1784707689.710,-117.725723,-403.580933,62.266,10.733,0.00128,-0.16589
1784707689.864,-117.551399,-403.268127,62.273,10.755,0.00095,-0.16577
1784707690.021,-117.376755,-402.954651,62.279,10.776,0.00065,-0.16560
1784707690.176,-117.201813,-402.640564,62.283,10.797,0.00150,-0.16540
1784707690.329,-117.026634,-402.325806,62.285,10.815,0.00126,-0.16507
1784707690.480,-116.852409,-402.012573,62.288,10.655,0.00096,-0.16466
1784707690.632,-116.680267,-401.702789,62.294,10.640,0.00048,-0.16410
1784707690.783,-116.507935,-401.392395,62.298,10.659,-0.00019,-0.16358
1784707690.930,-116.335175,-401.081482,62.301,10.680,0.00042,-0.16341
1784707691.080,-116.161942,-400.770081,62.302,10.700,-0.00026,-0.16364
1784707691.227,-115.988350,-400.458191,62.301,10.721,-0.00102,-0.16399
1784707691.380,-115.814461,-400.145660,62.302,10.741,-0.00180,-0.16429
1784707691.527,-115.640350,-399.832458,62.298,10.758,-0.00244,-0.16446
1784707691.674,-115.466019,-399.518738,62.291,10.776,-0.00142,-0.16456
1784707691.820,-115.291389,-399.204468,62.282,10.795,-0.00190,-0.16467
1784707691.970,-115.116425,-398.889587,62.277,10.817,-0.00254,-0.16476
1784707692.116,-114.942200,-398.576233,62.271,10.659,-0.00288,-0.16495
1784707692.267,-114.769722,-398.266541,62.262,10.646,-0.00152,-0.16534
1784707692.415,-114.596779,-397.956238,62.251,10.668,-0.00117,-0.16579
1784707692.563,-114.423431,-397.645264,62.243,10.691,-0.00086,-0.16622
1784707692.712,-114.249786,-397.333710,62.239,10.712,-0.00069,-0.16662
1784707692.861,-114.075882,-397.021545,62.234,10.733,-0.00053,-0.16695
1784707693.008,-113.901619,-396.708740,62.231,10.755,0.00064,-0.16728
1784707693.161,-113.726967,-396.395355,62.229,10.778,0.00072,-0.16767
1784707693.312,-113.551849,-396.081238,62.229,10.804,0.00073,-0.16811
1784707693.459,-113.376419,-395.766693,62.231,10.756,0.00072,-0.16832
1784707693.609,-113.203186,-395.455963,62.233,10.638,0.00068,-0.16793
1784707693.760,-113.030365,-395.145905,62.235,10.663,0.00163,-0.16699
1784707693.909,-112.857132,-394.834991,62.237,10.688,0.00156,-0.16580
1784707694.058,-112.683517,-394.523376,62.243,10.714,0.00145,-0.16460
1784707694.208,-112.509460,-394.211029,62.249,10.742,0.00144,-0.16343
1784707694.353,-112.335007,-393.897827,62.254,10.770,0.00149,-0.16219
1784707694.501,-112.160156,-393.583740,62.259,10.798,0.00247,-0.16085
1784707694.651,-111.984894,-393.268890,62.266,10.823,0.00245,-0.15951
1784707694.793,-111.810425,-392.955353,62.276,10.667,0.00232,-0.15811
1784707694.945,-111.637917,-392.645264,62.286,10.656,0.00215,-0.15724
1784707695.095,-111.465073,-392.334381,62.295,10.682,0.00303,-0.15702
1784707695.239,-111.291885,-392.022736,62.304,10.707,0.00281,-0.15740
1784707695.388,-111.118347,-391.710388,62.314,10.732,0.00243,-0.15788
1784707695.545,-110.944427,-391.397308,62.326,10.757,0.00190,-0.15834
1784707695.700,-110.770126,-391.083496,62.336,10.781,0.00144,-0.15878
1784707695.853,-110.595459,-390.768982,62.341,10.806,0.00227,-0.15920
1784707696.004,-110.420624,-390.454010,62.345,10.758,0.00193,-0.15954
1784707696.152,-110.248032,-390.142822,62.352,10.638,0.00144,-0.15976
1784707696.299,-110.075897,-389.832306,62.358,10.663,0.00098,-0.15990
1784707696.450,-109.903366,-389.520996,62.362,10.687,0.00060,-0.16000
1784707696.598,-109.730423,-389.209106,62.364,10.713,0.00140,-0.16019
1784707696.749,-109.557068,-388.896515,62.366,10.734,0.00106,-0.16045
1784707696.897,-109.383270,-388.583405,62.372,10.755,0.00068,-0.16111
1784707697.042,-109.209061,-388.269653,62.375,10.779,0.00042,-0.16212
1784707697.194,-109.034584,-387.955109,62.375,10.803,0.00136,-0.16315
1784707697.344,-108.860031,-387.640106,62.376,10.754,0.00126,-0.16405
1784707697.492,-108.687614,-387.329071,62.378,10.635,0.00118,-0.16499
1784707697.638,-108.515579,-387.018646,62.382,10.658,0.00104,-0.16588
1784707697.790,-108.343170,-386.707520,62.386,10.681,0.00093,-0.16677
1784707697.939,-108.170456,-386.395721,62.389,10.704,0.00185,-0.16758
1784707698.102,-107.997406,-386.083313,62.392,10.727,0.00172,-0.16812
1784707698.252,-107.824005,-385.770233,62.400,10.749,0.00148,-0.16824
1784707698.399,-107.650284,-385.456512,62.408,10.771,0.00122,-0.16796
1784707698.546,-107.476242,-385.142029,62.414,10.793,0.00101,-0.16752
1784707698.698,-107.301834,-384.826965,62.419,10.816,0.00189,-0.16712
1784707698.844,-107.128227,-384.513245,62.424,10.657,0.00147,-0.16667
1784707698.990,-106.956635,-384.203125,62.432,10.643,0.00068,-0.16620
1784707699.140,-106.784775,-383.892273,62.438,10.664,-0.00041,-0.16561
1784707699.288,-106.612617,-383.580750,62.440,10.688,0.00018,-0.16496
1784707699.439,-106.440125,-383.268585,62.437,10.712,-0.00083,-0.16429
1784707699.589,-106.267342,-382.955750,62.435,10.734,-0.00187,-0.16355
1784707699.737,-106.094086,-382.642334,62.434,10.756,-0.00290,-0.16294
1784707699.885,-105.920410,-382.328339,62.426,10.778,-0.00366,-0.16249
1784707700.033,-105.746269,-382.013702,62.415,10.800,-0.00259,-0.16254
1784707700.181,-105.571884,-381.698822,62.400,10.750,-0.00305,-0.16309
1784707700.330,-105.399574,-381.387817,62.388,10.630,-0.00356,-0.16396
1784707700.481,-105.227585,-381.077545,62.377,10.656,-0.00388,-0.16490
1784707700.628,-105.055099,-380.766541,62.362,10.683,-0.00374,-0.16593
1784707700.779,-104.882103,-380.454834,62.346,10.710,-0.00209,-0.16707
1784707700.931,-104.708603,-380.142395,62.329,10.737,-0.00160,-0.16829
1784707701.074,-104.534576,-379.829224,62.320,10.764,-0.00131,-0.16962
1784707701.226,-104.360107,-379.515228,62.312,10.792,-0.00112,-0.17094
1784707701.378,-104.185188,-379.200439,62.305,10.819,0.00028,-0.17228
1784707701.529,-104.010948,-378.886932,62.300,10.666,0.00037,-0.17353
1784707701.678,-103.838501,-378.576782,62.298,10.660,0.00036,-0.17397
1784707701.829,-103.665466,-378.265808,62.300,10.690,0.00028,-0.17348
1784707701.971,-103.491913,-377.953918,62.300,10.722,0.00025,-0.17215
1784707702.117,-103.317856,-377.641174,62.299,10.754,0.00112,-0.17081
1784707702.274,-103.143402,-377.327545,62.298,10.785,0.00025,-0.16938
1784707702.441,-102.968498,-377.012939,62.299,10.816,-0.00181,-0.16787
1784707702.606,-102.794228,-376.699524,62.300,10.667,-0.00412,-0.16638
1784707702.760,-102.621735,-376.389313,62.293,10.662,-0.00611,-0.16492
1784707702.908,-102.448654,-376.078217,62.276,10.693,-0.00564,-0.16353
1784707703.057,-102.274918,-375.766357,62.251,10.724,-0.00692,-0.16234
1784707703.208,-102.100540,-375.453796,62.224,10.755,-0.00803,-0.16137
1784707703.355,-101.925468,-375.140442,62.198,10.785,-0.00907,-0.16124
1784707703.511,-101.749794,-374.826233,62.166,10.815,-0.00982,-0.16201
1784707703.670,-101.574562,-374.513367,62.129,10.665,-0.00859,-0.16375
1784707703.819,-101.400940,-374.203857,62.091,10.658,-0.00880,-0.16582
1784707703.973,-101.226692,-373.893616,62.056,10.686,-0.00824,-0.16807
1784707704.124,-101.051865,-373.582642,62.021,10.714,-0.00677,-0.17049
1784707704.273,-100.876480,-373.270996,61.987,10.741,-0.00431,-0.17306
1784707704.427,-100.700493,-372.958679,61.959,10.767,-0.00281,-0.17583
1784707704.588,-100.523849,-372.645752,61.940,10.791,-0.00152,-0.17889
1784707704.746,-100.346725,-372.332153,61.928,10.814,-0.00050,-0.18204
1784707704.899,-100.170349,-372.020050,61.921,10.656,0.00105,-0.18525
1784707705.052,-99.996017,-371.711365,61.918,10.641,0.00153,-0.18693
1784707705.201,-99.821404,-371.402130,61.919,10.662,0.00187,-0.18624
1784707705.350,-99.646561,-371.092224,61.924,10.682,0.00252,-0.18306
1784707705.508,-99.471436,-370.781799,61.930,10.701,0.00494,-0.17928
1784707705.663,-99.296066,-370.470886,61.939,10.716,0.00908,-0.17546
1784707705.814,-99.120392,-370.159546,61.958,10.732,0.01265,-0.17170
1784707705.965,-98.944534,-369.847717,61.992,10.747,0.01701,-0.16785
1784707706.115,-98.768723,-369.535309,62.041,10.760,0.02280,-0.16367
1784707706.268,-98.593163,-369.222321,62.108,10.771,0.03022,-0.15899
1784707706.423,-98.417946,-368.908691,62.198,10.783,0.03805,-0.15368
1784707706.574,-98.243164,-368.594330,62.319,10.793,0.04300,-0.14764
1784707706.728,-98.069046,-368.279236,62.472,10.803,0.05108,-0.14152
1784707706.882,-97.895912,-367.963623,62.650,10.740,0.06117,-0.13657
1784707707.034,-97.726234,-367.651794,62.851,10.605,0.07311,-0.13273
1784707707.186,-97.558411,-367.340454,63.094,10.612,0.08137,-0.12833
1784707707.339,-97.392052,-367.028137,63.386,10.614,0.09553,-0.12217
1784707707.487,-97.227547,-366.714844,63.719,10.615,0.07447,-0.11392
1784707707.640,-97.067886,-366.405792,64.075,10.138,0.08136,-0.10349
1784707707.798,-96.919296,-366.113647,64.348,9.527,0.08484,-0.09159
1784707707.946,-96.780319,-365.837463,64.631,9.011,0.10397,-0.07903
1784707708.096,-96.649323,-365.574615,64.936,8.589,0.11663,-0.06596
1784707708.247,-96.525681,-365.322418,65.255,8.242,0.13010,-0.05164
1784707708.393,-96.408257,-365.079041,65.609,7.956,0.13405,-0.03855
1784707708.545,-96.296364,-364.842682,65.988,7.723,0.15584,-0.02782
1784707708.697,-96.189102,-364.611633,66.386,7.592,0.16849,-0.01881
1784707708.845,-96.084190,-364.381165,66.827,7.590,0.18056,-0.01129
1784707708.993,-95.981224,-364.150024,67.312,7.586,0.19200,-0.00274
1784707709.143,-95.880493,-363.918243,67.829,7.578,0.21147,0.00762
1784707709.288,-95.782166,-363.685760,68.392,7.568,0.22297,0.01766
1784707709.436,-95.686485,-363.452576,68.995,7.554,0.23425,0.02625
1784707709.583,-95.593643,-363.218811,69.636,7.538,0.24535,0.03294
1784707709.729,-95.503845,-362.984406,70.319,7.520,0.26250,0.03914
1784707709.875,-95.417244,-362.749512,71.030,7.500,0.27172,0.04726
1784707710.021,-95.333977,-362.514130,71.778,7.477,0.28525,0.05851
1784707710.168,-95.254227,-362.278320,72.557,7.457,0.29276,0.06850
1784707710.313,-95.178123,-362.042084,73.370,7.436,0.29436,0.07677
1784707710.460,-95.105827,-361.805298,74.202,7.417,0.30124,0.08355
1784707710.604,-95.037262,-361.568085,75.039,7.396,0.30871,0.08861
1784707710.748,-94.972343,-361.330688,75.903,7.371,0.31600,0.09088
1784707710.893,-94.911285,-361.093140,76.785,7.343,0.32332,0.09126
1784707711.037,-94.854202,-360.855591,77.683,7.313,0.32906,0.08989
1784707711.182,-94.801163,-360.618134,78.600,7.283,0.33442,0.08687
1784707711.328,-94.752235,-360.380798,79.528,7.253,0.33715,0.08327
1784707711.475,-94.707428,-360.143738,80.465,7.223,0.33994,0.08015
1784707711.626,-94.666733,-359.906891,81.406,7.194,0.34298,0.07759
1784707711.776,-94.630096,-359.670349,82.350,7.163,0.34628,0.07556
1784707711.926,-94.597565,-359.434204,83.302,7.137,0.34974,0.07315
1784707712.080,-94.569267,-359.198364,84.259,7.113,0.35663,0.06895
1784707712.230,-94.545113,-358.962830,85.226,7.091,0.36059,0.06396
1784707712.383,-94.525017,-358.727661,86.204,7.069,0.36465,0.05798
1784707712.537,-94.508957,-358.492950,87.192,7.044,0.36856,0.05184
1784707712.685,-94.497055,-358.258820,88.193,7.020,0.37390,0.04646
1784707712.829,-94.489357,-358.025330,89.201,6.995,0.37590,0.04168
1784707712.975,-94.485825,-357.792542,90.217,6.970,0.37720,0.03769
1784707713.122,-94.486374,-357.560608,91.236,6.946,0.37820,0.03409
1784707713.264,-94.491051,-357.329468,92.255,6.923,0.37940,0.02993
1784707713.409,-94.499863,-357.099243,93.274,6.900,0.38078,0.02516
1784707713.554,-94.512817,-356.869904,94.293,6.880,0.38408,0.01981
1784707713.696,-94.529770,-356.641510,95.313,6.860,0.38569,0.01375
1784707713.844,-94.550797,-356.414062,96.335,6.842,0.38683,0.01099
1784707713.987,-94.575874,-356.187653,97.360,6.824,0.38740,0.01191
1784707714.131,-94.604965,-355.962280,98.387,6.809,0.38747,0.01414
1784707714.274,-94.638000,-355.737915,99.414,6.794,0.38712,0.01576
1784707714.421,-94.674988,-355.514648,100.438,6.781,0.38662,0.01681
1784707714.568,-94.715942,-355.292480,101.460,6.771,0.38635,0.01734
1784707714.717,-94.760719,-355.071381,102.479,6.761,0.38716,0.01709
1784707714.861,-94.809349,-354.851440,103.495,6.752,0.38774,0.01559
1784707715.005,-94.861771,-354.632690,104.512,6.742,0.38740,0.01323
1784707715.152,-94.918037,-354.415192,105.529,6.734,0.38750,0.01009
1784707715.299,-94.978058,-354.198975,106.541,6.728,0.38605,0.00637
1784707715.447,-95.041786,-353.984009,107.555,6.725,0.38278,0.00299
1784707715.591,-95.109184,-353.770203,108.565,6.725,0.37786,0.00041
1784707715.735,-95.180260,-353.557617,109.564,6.726,0.37638,-0.00132
1784707715.885,-95.254959,-353.346252,110.554,6.727,0.37701,-0.00229
1784707716.036,-95.333282,-353.136200,111.536,6.723,0.37972,-0.00335
1784707716.184,-95.415176,-352.927612,112.517,6.721,0.38264,-0.00508
1784707716.326,-95.500748,-352.720612,113.504,6.716,0.38513,-0.00734
1784707716.469,-95.589905,-352.515320,114.498,6.713,0.38657,-0.01016
1784707716.615,-95.682632,-352.311676,115.500,6.710,0.38602,-0.01331
1784707716.755,-95.778885,-352.109802,116.507,6.708,0.38348,-0.01593
1784707716.907,-95.878571,-351.909607,117.510,6.707,0.37925,-0.01774
1784707717.051,-95.981567,-351.711090,118.506,6.708,0.37731,-0.01887
1784707717.193,-96.087868,-351.514313,119.493,6.709,0.37583,-0.01950
1784707717.339,-96.197510,-351.319366,120.473,6.711,0.37468,-0.02012
1784707717.483,-96.310425,-351.126129,121.455,6.716,0.37401,-0.02158
1784707717.625,-96.426735,-350.934753,122.432,6.720,0.37404,-0.02369
1784707717.769,-96.546448,-350.745300,123.407,6.722,0.37463,-0.02642
1784707717.912,-96.669418,-350.557983,124.381,6.717,0.37717,-0.02892
1784707718.053,-96.795464,-350.372986,125.358,6.710,0.37842,-0.02862
1784707718.195,-96.924408,-350.190277,126.339,6.705,0.37938,-0.02465
1784707718.341,-97.056358,-350.009918,127.322,6.700,0.37999,-0.02016
1784707718.479,-97.191376,-349.832031,128.305,6.694,0.38027,-0.01669
1784707718.618,-97.329269,-349.656738,129.294,6.683,0.38015,-0.05240
1784707718.762,-97.469856,-349.484070,130.283,6.673,0.37869,-0.01854
1784707718.910,-97.613152,-349.314056,131.268,6.662,0.37626,-0.02415
1784707719.058,-97.759155,-349.146851,132.247,6.653,0.36898,-0.02957
1784707719.208,-97.907700,-348.982239,133.220,6.646,0.36369,-0.03406
1784707719.354,-98.058792,-348.820312,134.176,6.636,0.35739,-0.03559
1784707719.500,-98.212372,-348.661194,135.115,6.628,0.35020,-0.03339
1784707719.650,-98.368362,-348.504761,136.039,6.623,0.34314,-0.03039
1784707719.789,-98.526657,-348.350861,136.943,6.620,0.33651,-0.02816
1784707719.932,-98.687233,-348.199402,137.826,6.620,0.33046,-0.02651
1784707720.074,-98.850006,-348.050415,138.683,6.616,0.32523,-0.02547
1784707720.217,-99.014771,-347.903900,139.525,6.610,0.32021,-0.02543
1784707720.365,-99.181526,-347.759979,140.354,6.604,0.31414,-0.02687
1784707720.511,-99.350227,-347.618591,141.175,6.603,0.27312,-0.02993
1784707720.651,-99.521851,-347.478760,141.968,6.726,0.26338,-0.03480
1784707720.793,-99.700668,-347.336761,142.683,6.986,0.24278,-0.04200
1784707720.941,-99.887711,-347.191467,143.389,7.234,0.23518,-0.05109
1784707721.089,-100.082687,-347.043335,144.090,7.471,0.22114,-0.06204
1784707721.233,-100.285576,-346.893188,144.769,7.692,0.21383,-0.07407
1784707721.377,-100.496078,-346.741089,145.440,7.905,0.19997,-0.08757
1784707721.517,-100.713943,-346.587372,146.087,8.107,0.18661,-0.10115
1784707721.654,-100.938766,-346.432190,146.718,8.299,0.17957,-0.11400
1784707721.796,-101.170326,-346.275818,147.317,8.480,0.16694,-0.12588
1784707721.934,-101.408325,-346.118591,147.895,8.650,0.15458,-0.13671
1784707722.079,-101.652496,-345.960632,148.458,8.812,0.14806,-0.14530
1784707722.217,-101.902634,-345.802124,148.993,8.969,0.13599,-0.15504
1784707722.354,-102.158546,-345.643036,149.492,9.127,0.13030,-0.16779
1784707722.494,-102.420174,-345.483337,149.971,9.280,0.11365,-0.18393
1784707722.634,-102.687408,-345.323303,150.431,9.425,0.10282,-0.20122
1784707722.770,-102.960052,-345.163055,150.842,9.567,0.09780,-0.21625
1784707722.910,-103.237701,-345.002136,151.216,9.701,0.08857,-0.22962
1784707723.054,-103.519211,-344.840973,151.572,9.765,0.07537,-0.24151
1784707723.192,-103.803101,-344.680481,151.904,9.816,0.07108,-0.25176
1784707723.334,-104.089371,-344.520660,152.188,9.868,0.06357,-0.26036
1784707723.478,-104.377869,-344.361267,152.455,9.918,0.05630,-0.26762
1784707723.613,-104.668495,-344.202118,152.702,9.974,0.05307,-0.27372
1784707723.750,-104.961555,-344.043030,152.916,10.040,0.04671,-0.27870
1784707723.887,-105.257225,-343.884155,153.119,10.107,0.04048,-0.28234
1784707724.021,-105.555420,-343.725342,153.301,10.173,0.03790,-0.28483
1784707724.156,-105.856094,-343.566406,153.459,10.242,0.03241,-0.28633
1784707724.289,-106.159164,-343.407013,153.607,10.313,0.02437,-0.28718
1784707724.418,-106.464676,-343.247070,153.734,10.386,0.02244,-0.28743
1784707724.557,-106.772575,-343.086456,153.835,10.458,0.01838,-0.28701
1784707724.693,-107.082809,-342.925171,153.923,10.530,0.01451,-0.28587
1784707724.824,-107.395340,-342.763123,153.997,10.602,0.01079,-0.28411
1784707724.962,-107.710152,-342.600403,154.054,10.667,0.00975,-0.28171
1784707725.100,-108.027107,-342.436890,154.097,10.731,0.00645,-0.27886
1784707725.231,-108.346146,-342.272736,154.135,10.795,0.00309,-0.27544
1784707725.367,-108.667183,-342.107910,154.161,10.859,-0.00301,-0.27147
1784707725.503,-108.987999,-341.943146,154.173,10.742,-0.00417,-0.26736
1784707725.637,-109.304573,-341.780365,154.169,10.663,-0.00488,-0.26328
1784707725.775,-109.621674,-341.617126,154.153,10.728,-0.00825,-0.25917
1784707725.909,-109.940704,-341.452850,154.134,10.794,-0.01174,-0.25488
1784707726.044,-110.261398,-341.287628,154.104,10.844,-0.01516,-0.25049
1784707726.180,-110.581085,-341.122528,154.056,10.706,-0.01528,-0.24633
1784707726.313,-110.897675,-340.958618,153.995,10.713,-0.01796,-0.24246
1784707726.449,-111.215393,-340.793701,153.928,10.758,-0.02048,-0.23889
1784707726.585,-111.534210,-340.627686,153.857,10.802,-0.02290,-0.23576
1784707726.719,-111.853790,-340.460754,153.772,10.775,-0.02502,-0.23306
1784707726.852,-112.169754,-340.295135,153.678,10.675,-0.02437,-0.23088
1784707726.990,-112.485191,-340.128967,153.575,10.716,-0.02662,-0.22942
1784707727.127,-112.801445,-339.961304,153.470,10.753,-0.02939,-0.22871
1784707727.259,-113.118210,-339.792419,153.363,10.783,-0.03272,-0.22814
1784707727.395,-113.435471,-339.622559,153.240,10.810,-0.03611,-0.22750
1784707727.529,-113.752914,-339.451752,153.100,10.762,-0.03576,-0.22694
1784707727.661,-114.066116,-339.282410,152.952,10.642,-0.03916,-0.22650
1784707727.794,-114.378220,-339.112640,152.803,10.667,-0.04302,-0.22637
1784707727.937,-114.690613,-338.941528,152.644,10.695,-0.04696,-0.22658
1784707728.068,-115.003189,-338.768951,152.468,10.721,-0.05059,-0.22731
1784707728.205,-115.315796,-338.594879,152.276,10.743,-0.04995,-0.22864
1784707728.337,-115.628426,-338.419312,152.070,10.765,-0.05259,-0.23067
1784707728.471,-115.941025,-338.242340,151.867,10.787,-0.05551,-0.23300
1784707728.606,-116.253456,-338.063843,151.654,10.802,-0.05837,-0.23539
1784707728.750,-116.565399,-337.884216,151.426,10.746,-0.05733,-0.23810
1784707728.889,-116.872513,-337.705627,151.192,10.618,-0.06020,-0.24155
1784707729.029,-117.177956,-337.526245,150.954,10.632,-0.06413,-0.24584
1784707729.168,-117.483063,-337.345367,150.715,10.644,-0.06956,-0.25085
1784707729.306,-117.787758,-337.163269,150.456,10.653,-0.07024,-0.25606
1784707729.446,-118.091888,-336.979645,150.176,10.662,-0.07654,-0.26128
1784707729.585,-118.395355,-336.794250,149.884,10.675,-0.08386,-0.26621
1784707729.725,-118.698082,-336.606873,149.581,10.686,-0.09231,-0.27064
1784707729.866,-118.999969,-336.417480,149.243,10.696,-0.10066,-0.27439
1784707730.006,-119.300941,-336.225952,148.871,10.706,-0.10177,-0.27790
1784707730.141,-119.600815,-336.032104,148.464,10.715,-0.10905,-0.28180
1784707730.280,-119.899445,-335.835999,148.036,10.720,-0.11664,-0.28607
1784707730.419,-120.196732,-335.637634,147.597,10.723,-0.12613,-0.29057
1784707730.552,-120.492592,-335.436920,147.122,10.725,-0.13744,-0.29513
1784707730.692,-120.786636,-335.233612,146.610,10.723,-0.07368,-0.30073
1784707730.831,-121.073906,-335.030731,146.090,10.251,-0.08231,-0.30834
1784707730.968,-121.342911,-334.837097,145.800,9.629,-0.08945,-0.31740
1784707731.106,-121.595840,-334.653809,145.544,9.099,-0.08341,-0.32533
1784707731.252,-121.835693,-334.479584,145.244,8.664,-0.09355,-0.33173
1784707731.402,-122.063782,-334.311523,144.959,8.310,-0.10639,-0.33806
1784707731.553,-122.282074,-334.148407,144.666,8.021,-0.09847,-0.34459
1784707731.705,-122.492340,-333.989441,144.361,7.779,-0.13609,-0.35049
1784707731.854,-122.696114,-333.833557,144.022,7.648,-0.15149,-0.35482
1784707731.998,-122.897781,-333.677246,143.657,7.652,-0.16660,-0.35795
1784707732.144,-123.098434,-333.519562,143.228,7.654,-0.17939,-0.36022
1784707732.286,-123.297562,-333.360168,142.753,7.648,-0.21071,-0.36059
1784707732.429,-123.494934,-333.199005,142.210,7.643,-0.21993,-0.36167
1784707732.571,-123.690353,-333.035950,141.612,7.634,-0.22718,-0.36267
1784707732.710,-123.883759,-332.870789,140.979,7.628,-0.23336,-0.36692
1784707732.851,-124.075073,-332.703522,140.325,7.617,-0.25560,-0.36253
1784707732.994,-124.264137,-332.534302,139.624,7.607,-0.25762,-0.36245
1784707733.147,-124.450653,-332.362885,138.888,7.591,-0.27333,-0.36305
1784707733.284,-124.634453,-332.189270,138.117,7.581,-0.27277,-0.36477
1784707733.421,-124.815475,-332.013245,137.335,7.570,-0.27199,-0.36788
1784707733.557,-124.993858,-331.835022,136.549,7.564,-0.27192,-0.37203
1784707733.694,-125.169678,-331.654419,135.770,7.558,-0.27451,-0.37950
1784707733.831,-125.343002,-331.471680,134.992,7.553,-0.27986,-0.39405
1784707733.965,-125.513771,-331.286682,134.210,7.549,-0.28747,-0.41488
1784707734.107,-125.681870,-331.099518,133.416,7.543,-0.29682,-0.44050
1784707734.249,-125.847092,-330.910187,132.601,7.536,-0.33274,-0.38107
1784707734.392,-126.009285,-330.718689,131.752,7.518,-0.36577,-0.36355
1784707734.530,-126.167816,-330.525360,130.798,7.482,-0.37194,-0.35922
1784707734.672,-126.321861,-330.330048,129.741,7.440,-0.34909,-0.36155
1784707734.807,-126.470978,-330.132385,128.642,7.412,-0.19902,-0.37304
1784707734.947,-126.612839,-329.936249,127.650,7.032,-0.19720,-0.35680
1784707735.087,-126.743431,-329.750244,127.106,6.590,-0.22807,-0.35738
1784707735.227,-126.865921,-329.575714,126.632,6.188,-0.26819,-0.35493
1784707735.371,-126.981201,-329.411133,126.069,5.845,-0.25244,-0.35149
1784707735.515,-127.087776,-329.253448,125.470,5.562,-0.28765,-0.35002
1784707735.651,-127.187088,-329.100983,124.916,5.337,-0.26718,-0.35064
1784707735.793,-127.280914,-328.953369,124.332,5.150,-0.30399,-0.35128
1784707735.933,-127.371635,-328.808044,123.786,5.146,-0.34323,-0.35153
1784707736.068,-127.461411,-328.661652,123.241,5.149,-0.32820,-0.37059
1784707736.205,-127.549850,-328.514709,122.589,5.140,-0.36457,-0.36277
1784707736.348,-127.636017,-328.366516,121.900,5.139,-0.33740,-0.44029
1784707736.487,-127.719757,-328.217224,121.172,5.136,-0.36952,-0.42596
1784707736.630,-127.801758,-328.066528,120.483,5.156,-0.33938,-0.54416
1784707736.775,-127.882294,-327.914673,119.807,5.151,-0.30308,-0.68650
1784707736.914,-127.961418,-327.762115,119.100,5.166,-0.25431,-0.84058
1784707737.058,-128.038879,-327.607849,118.489,5.193,-0.32018,-0.81938
1784707737.205,-128.115402,-327.452057,117.950,5.208,-0.29016,-0.98086
1784707737.350,-128.190887,-327.295837,117.302,5.208,-0.37081,-0.95845
1784707737.498,-128.264679,-327.138092,116.692,5.270,-0.63769,-0.29829
1784707737.646,-128.337280,-326.977448,115.983,5.265,-0.71145,-0.27766
1784707737.790,-128.406052,-326.819366,114.669,5.086,-0.69307,-0.25686
1784707737.934,-128.466705,-326.661957,113.109,5.054,-0.65487,-0.24198
1784707738.081,-128.520737,-326.501526,111.656,5.093,-0.61978,-0.23480
1784707738.223,-128.572601,-326.337952,110.268,5.206,-0.58934,-0.23074
1784707738.368,-128.623672,-326.169861,108.932,5.330,-0.56382,-0.22676
1784707738.514,-128.672836,-325.997101,107.652,5.447,-0.55372,-0.22345
1784707738.655,-128.719162,-325.819824,106.420,5.549,-0.53472,-0.22135
1784707738.798,-128.762238,-325.638428,105.191,5.645,-0.50333,-0.24993
1784707738.945,-128.802017,-325.452850,103.982,5.747,-0.49525,-0.22076
1784707739.088,-128.838654,-325.263000,102.815,5.855,-0.47748,-0.22171
1784707739.234,-128.872314,-325.069153,101.669,5.953,-0.46112,-0.22334
1784707739.381,-128.902969,-324.871552,100.542,6.050,-0.44629,-0.22593
1784707739.522,-128.930252,-324.670258,99.444,6.143,-0.44787,-0.22976
1784707739.665,-128.954147,-324.465454,98.365,6.229,-0.43847,-0.23447
1784707739.811,-128.974579,-324.257599,97.272,6.307,-0.42833,-0.23981
1784707739.952,-128.991211,-324.046814,96.188,6.384,-0.40151,-0.29044
1784707740.095,-129.003983,-323.833160,95.121,6.459,-0.40868,-0.25144
1784707740.247,-129.013092,-323.616699,94.086,6.538,-0.40058,-0.25708
1784707740.389,-129.018494,-323.397766,93.056,6.606,-0.39242,-0.26364
1784707740.531,-129.020187,-323.176636,92.026,6.647,-0.38436,-0.27265
1784707740.673,-129.017853,-322.955261,91.023,6.636,-0.37754,-0.28344
1784707740.811,-129.011673,-322.734253,90.042,6.627,-0.37179,-0.29522
1784707740.959,-129.001846,-322.513702,89.080,6.619,-0.36706,-0.30769
1784707741.105,-128.988464,-322.293549,88.135,6.613,-0.38127,-0.28255
1784707741.253,-128.971527,-322.073853,87.200,6.601,-0.37801,-0.28463
1784707741.412,-128.951050,-321.854980,86.231,6.585,-0.37238,-0.28735
1784707741.571,-128.926651,-321.636078,85.262,6.638,-0.36584,-0.29202
1784707741.719,-128.898209,-321.416351,84.286,6.641,-0.35812,-0.29964
1784707741.864,-128.866058,-321.197418,83.331,6.634,-0.35102,-0.30980
1784707742.010,-128.830475,-320.979187,82.397,6.629,-0.34499,-0.32138
1784707742.154,-128.791565,-320.761627,81.487,6.629,-0.34008,-0.33389
1784707742.300,-128.749405,-320.544739,80.615,6.626,-0.33672,-0.34700
1784707742.454,-128.704178,-320.328522,79.754,6.623,-0.34891,-0.30837
1784707742.611,-128.655792,-320.113220,78.897,6.614,-0.34318,-0.30771
1784707742.719,-128.630386,-320.005981,78.456,6.607,-0.34457,-0.30665
1784707742.859,-128.577072,-319.792358,77.569,6.602,-0.33356,-0.30606
1784707742.964,-128.549103,-319.685913,77.131,6.598,-0.32249,-0.31242
1784707743.093,-128.490723,-319.473694,76.265,6.625,-0.30966,-0.31814
1784707743.242,-128.428772,-319.260406,75.424,6.683,-0.29642,-0.32633
1784707743.393,-128.363663,-319.047180,74.616,6.690,-0.28331,-0.33629
1784707743.539,-128.295654,-318.834595,73.842,6.700,-0.28993,-0.30341
1784707743.689,-128.224792,-318.622498,73.102,6.744,-0.27536,-0.30086
1784707743.848,-128.149948,-318.407349,72.356,6.948,-0.25836,-0.29874
1784707743.992,-128.069717,-318.185822,71.594,7.196,-0.23944,-0.29196
1784707744.137,-127.983673,-317.957764,70.866,7.435,-0.22097,-0.28656
1784707744.281,-127.892136,-317.723602,70.171,7.661,-0.20497,-0.28050
1784707744.423,-127.795364,-317.483612,69.508,7.876,-0.18957,-0.27607
1784707744.571,-127.693436,-317.238190,68.880,8.078,-0.17263,-0.26357
1784707744.722,-127.586510,-316.987762,68.287,8.269,-0.15908,-0.25197
1784707744.869,-127.474678,-316.732697,67.731,8.451,-0.14533,-0.23854
1784707745.015,-127.358109,-316.473206,67.213,8.623,-0.13185,-0.22448
1784707745.165,-127.237083,-316.209656,66.728,8.786,-0.12097,-0.21097
1784707745.309,-127.111755,-315.942261,66.279,8.939,-0.11036,-0.19843
1784707745.458,-126.982346,-315.671417,65.863,9.081,-0.10097,-0.18719
1784707745.610,-126.849060,-315.397278,65.476,9.213,-0.09188,-0.17692
1784707745.757,-126.712173,-315.120148,65.117,9.339,-0.08382,-0.16742
1784707745.903,-126.571960,-314.840088,64.786,9.457,-0.07643,-0.15846
1784707746.050,-126.428581,-314.557434,64.480,9.568,-0.06935,-0.15063
1784707746.199,-126.282196,-314.272217,64.199,9.672,-0.06291,-0.14430
1784707746.360,-126.133347,-313.985413,63.940,9.705,-0.05692,-0.13953
1784707746.509,-125.982971,-313.698700,63.706,9.724,-0.05138,-0.13626
1784707746.654,-125.831215,-313.411926,63.493,9.742,-0.04628,-0.13423
1784707746.801,-125.678192,-313.125122,63.302,9.761,-0.04121,-0.13338
1784707746.950,-125.523956,-312.838257,63.130,9.779,-0.03690,-0.13343
1784707747.093,-125.368668,-312.551361,62.974,9.794,-0.03291,-0.13391
1784707747.241,-125.212502,-312.264343,62.835,9.811,-0.02876,-0.13457
1784707747.391,-125.055473,-311.977173,62.711,9.828,-0.02552,-0.13542
1784707747.535,-124.897598,-311.689789,62.602,9.845,-0.02263,-0.13643
1784707747.686,-124.738953,-311.402222,62.506,9.862,-0.01931,-0.13759
1784707747.835,-124.579605,-311.114380,62.421,9.878,-0.01700,-0.13878
1784707747.981,-124.419662,-310.826294,62.346,9.894,-0.01501,-0.13980
1784707748.129,-124.259171,-310.537964,62.281,9.908,-0.01234,-0.14065
1784707748.278,-124.098091,-310.249359,62.225,9.922,-0.01081,-0.14135
1784707748.425,-123.936462,-309.960571,62.177,9.937,-0.00952,-0.14187
1784707748.574,-123.774399,-309.671387,62.135,9.952,-0.00731,-0.14200
1784707748.723,-123.611954,-309.381897,62.097,9.966,-0.00629,-0.14180
1784707748.865,-123.449127,-309.092041,62.067,9.981,-0.00554,-0.14163
1784707749.014,-123.285973,-308.801849,62.042,9.995,-0.00371,-0.14156
1784707749.165,-123.122482,-308.511292,62.019,10.009,-0.00314,-0.14163
1784707749.309,-122.958664,-308.220398,62.003,10.023,-0.00276,-0.14186
1784707749.496,-122.794525,-307.929199,61.991,10.033,-0.00119,-0.14227
1784707749.643,-122.630219,-307.637665,61.979,10.043,-0.00094,-0.14273
1784707749.791,-122.465790,-307.345856,61.974,10.053,-0.00092,-0.14324
1784707749.938,-122.301163,-307.053711,61.973,10.064,0.00025,-0.14383
1784707750.085,-122.136246,-306.761383,61.970,10.074,0.00024,-0.14467
1784707750.233,-121.971146,-306.468811,61.972,10.083,0.00016,-0.14564
1784707750.381,-121.805908,-306.175934,61.973,10.093,0.00108,-0.14661
1784707750.530,-121.640541,-305.882721,61.975,10.103,0.00098,-0.14754
1784707750.679,-121.475006,-305.589233,61.979,10.116,0.00082,-0.14845
1784707750.825,-121.309319,-305.295471,61.981,10.123,0.00178,-0.14935
1784707750.974,-121.143555,-305.001495,61.982,10.128,0.00168,-0.15019
1784707751.123,-120.977783,-304.707458,61.984,10.128,0.00155,-0.15098
1784707751.269,-120.812057,-304.413239,61.988,10.130,0.00244,-0.15160
1784707751.417,-120.646294,-304.118988,61.992,10.132,0.00230,-0.15222
1784707751.566,-120.480499,-303.824615,61.997,10.135,0.00244,-0.15277
1784707751.713,-120.314682,-303.530212,62.004,10.137,0.00364,-0.15332
1784707751.863,-120.148895,-303.235687,62.010,10.139,0.00409,-0.15381
1784707752.009,-119.983025,-302.941040,62.023,10.143,0.00435,-0.15434
1784707752.159,-119.817123,-302.646301,62.039,10.144,0.00435,-0.15489
1784707752.308,-119.651161,-302.351501,62.055,10.142,0.00529,-0.15550
1784707752.454,-119.485352,-302.056946,62.069,10.134,0.00506,-0.15613
1784707752.606,-119.319977,-301.762482,62.086,10.126,0.00462,-0.15647
1784707752.758,-119.154907,-301.468201,62.104,10.117,0.00535,-0.15669
1784707752.908,-118.990097,-301.174072,62.121,10.107,0.00485,-0.15680
1784707753.055,-118.825523,-300.880188,62.139,10.093,0.00428,-0.15683
1784707753.205,-118.661331,-300.586792,62.156,10.073,0.00496,-0.15679
1784707753.353,-118.497345,-300.293945,62.170,10.053,0.00447,-0.15687
1784707753.501,-118.333633,-300.001892,62.187,10.029,0.00396,-0.15714
1784707753.653,-118.170341,-299.710541,62.202,10.002,0.00476,-0.15741
1784707753.801,-118.007706,-299.419830,62.211,9.974,0.00436,-0.15742
1784707753.949,-117.845795,-299.129791,62.223,9.946,0.00380,-0.15713
1784707754.098,-117.684433,-298.840546,62.237,9.918,0.00445,-0.15674
1784707754.246,-117.523621,-298.552094,62.246,9.888,0.00390,-0.15627
1784707754.395,-117.363327,-298.264465,62.257,9.864,0.00332,-0.15650
1784707754.543,-117.203430,-297.977722,62.273,9.840,0.00387,-0.15771
1784707754.690,-117.043983,-297.691742,62.286,9.815,0.00322,-0.15978
1784707754.839,-116.884911,-297.406525,62.297,9.789,0.00260,-0.16216
1784707754.988,-116.726234,-297.122070,62.310,9.759,0.00321,-0.16440
1784707755.133,-116.568222,-296.838501,62.320,9.728,0.00257,-0.16600
1784707755.279,-116.410866,-296.555695,62.332,9.698,0.00456,-0.16685
1784707755.430,-116.254051,-296.273743,62.343,9.667,0.00375,-0.16725
1784707755.574,-116.097748,-295.992645,62.357,9.640,0.00285,-0.16757
1784707755.722,-115.941833,-295.712219,62.371,9.629,0.00338,-0.16786
1784707755.871,-115.785751,-295.431793,62.377,9.637,0.00271,-0.16831
1784707756.021,-115.629601,-295.151184,62.389,9.633,0.00332,-0.16872
1784707756.166,-115.473572,-294.870941,62.388,9.615,0.00288,-0.16921
1784707756.317,-115.318207,-294.590820,62.389,9.598,0.00226,-0.16917
1784707756.480,-115.163376,-294.310913,62.392,9.608,0.00288,-0.16877
1784707756.629,-115.007919,-294.029816,62.393,9.645,0.00216,-0.16834
1784707756.778,-114.852356,-293.748718,62.396,9.628,0.00284,-0.16801
1784707756.927,-114.697014,-293.468201,62.396,9.610,0.00216,-0.16776
1784707757.079,-114.541641,-293.188080,62.403,9.605,0.00140,-0.16773
1784707757.229,-114.386147,-292.908203,62.412,9.602,0.00200,-0.16793
1784707757.376,-114.230766,-292.627808,62.428,9.615,0.00092,-0.16777
1784707757.527,-114.075188,-292.347778,62.442,9.602,0.00005,-0.16797
1784707757.679,-113.920280,-292.068085,62.450,9.589,0.00052,-0.16774
1784707757.828,-113.765335,-291.787903,62.458,9.643,-0.00051,-0.16729
1784707757.980,-113.609718,-291.506531,62.468,9.643,0.00002,-0.16682
1784707758.131,-113.454300,-291.225586,62.474,9.629,-0.00107,-0.16634
1784707758.278,-113.299057,-290.945038,62.478,9.615,-0.00204,-0.16589
1784707758.431,-113.144051,-290.664856,62.483,9.604,-0.00140,-0.16540
1784707758.583,-112.989494,-290.384857,62.481,9.590,-0.00225,-0.16462
1784707758.731,-112.835297,-290.104004,62.473,9.658,-0.00143,-0.16310
1784707758.882,-112.680008,-289.821533,62.467,9.675,-0.00233,-0.16175
1784707759.037,-112.524368,-289.539032,62.459,9.679,-0.00301,-0.16070
1784707759.183,-112.368568,-289.256470,62.453,9.688,-0.00213,-0.15975
1784707759.334,-112.212479,-288.973694,62.446,9.699,-0.00275,-0.15896
1784707759.490,-112.056000,-288.690765,62.440,9.709,-0.00171,-0.15843
1784707759.646,-111.899300,-288.407593,62.433,9.719,-0.00372,-0.15797
1784707759.798,-111.742447,-288.123962,62.425,9.736,-0.00412,-0.15743
1784707759.953,-111.585312,-287.839783,62.415,9.757,-0.00306,-0.15686
1784707760.107,-111.427727,-287.555115,62.400,9.777,-0.00317,-0.15645
1784707760.254,-111.269646,-287.269867,62.388,9.799,-0.00334,-0.15619
1784707760.408,-111.111214,-286.983978,62.374,9.823,-0.00203,-0.15593
1784707760.554,-110.952469,-286.697327,62.357,9.852,-0.00202,-0.15557
1784707760.710,-110.793137,-286.409668,62.349,9.886,-0.00090,-0.15524
1784707760.875,-110.633057,-286.121094,62.340,9.920,-0.00114,-0.15511
1784707761.023,-110.472366,-285.831604,62.332,9.954,-0.00135,-0.15508
1784707761.173,-110.311066,-285.541046,62.328,9.992,-0.00020,-0.15506
1784707761.324,-110.149002,-285.249329,62.323,10.034,-0.00050,-0.15514
1784707761.481,-109.986084,-284.956482,62.319,10.077,-0.00074,-0.15543
1784707761.632,-109.822433,-284.662415,62.317,10.120,0.00034,-0.15576
1784707761.783,-109.658089,-284.367126,62.313,10.163,0.00017,-0.15610
1784707761.933,-109.493088,-284.070435,62.311,10.209,-0.00006,-0.15634
1784707762.084,-109.327515,-283.772308,62.311,10.255,-0.00046,-0.15638
1784707762.233,-109.161163,-283.472870,62.307,10.303,-0.00073,-0.15646
1784707762.381,-108.993904,-283.172119,62.304,10.351,-0.00093,-0.15670
1784707762.533,-108.825768,-282.870056,62.301,10.398,-0.00108,-0.15707
1784707762.683,-108.656822,-282.566559,62.295,10.447,0.00020,-0.15746
1784707762.836,-108.487015,-282.261719,62.289,10.494,0.00021,-0.15794
1784707762.987,-108.316383,-281.955444,62.284,10.547,0.00020,-0.15845
1784707763.133,-108.145050,-281.647583,62.282,10.598,0.00009,-0.15880
1784707763.282,-107.972992,-281.338196,62.280,10.650,0.00102,-0.15904
1784707763.432,-107.799950,-281.027344,62.280,10.706,0.00094,-0.15944
1784707763.577,-107.625862,-280.714905,62.283,10.761,0.00093,-0.15997
1784707763.726,-107.450821,-280.400940,62.286,10.816,0.00095,-0.16060
1784707763.879,-107.275108,-280.085602,62.290,10.798,0.00094,-0.16115
1784707764.029,-107.101158,-279.773193,62.295,10.712,0.00182,-0.16159
1784707764.171,-106.927132,-279.460388,62.299,10.776,0.00154,-0.16189
1784707764.319,-106.752029,-279.145630,62.304,10.842,0.00117,-0.16219
1784707764.466,-106.577026,-278.831055,62.311,10.728,0.00076,-0.16249
1784707764.616,-106.404327,-278.520508,62.317,10.651,0.00034,-0.16273
1784707764.769,-106.231384,-278.209259,62.321,10.717,0.00109,-0.16285
1784707764.921,-106.057449,-277.896027,62.323,10.784,0.00071,-0.16286
1784707765.065,-105.882469,-277.580933,62.328,10.849,0.00029,-0.16289
1784707765.215,-105.707703,-277.265930,62.330,10.740,-0.00008,-0.16278
1784707765.364,-105.535042,-276.954590,62.334,10.675,-0.00068,-0.16260
1784707765.508,-105.361649,-276.642456,62.336,10.754,0.00025,-0.16268
1784707765.655,-105.186852,-276.328003,62.335,10.835,0.00011,-0.16286
1784707765.804,-105.011032,-276.011505,62.335,10.840,0.00005,-0.16294
1784707765.952,-104.836906,-275.697723,62.335,10.695,0.00004,-0.16286
1784707766.097,-104.663940,-275.385895,62.332,10.737,0.00006,-0.16283
1784707766.242,-104.489685,-275.071869,62.332,10.812,0.00102,-0.16313
1784707766.386,-104.314217,-274.756104,62.330,10.814,0.00109,-0.16393
1784707766.531,-104.140274,-274.443024,62.332,10.674,0.00105,-0.16482
1784707766.677,-103.967491,-274.131836,62.335,10.716,0.00094,-0.16552
1784707766.819,-103.793526,-273.818298,62.337,10.794,0.00190,-0.16573
1784707766.972,-103.618317,-273.502625,62.338,10.873,0.00083,-0.16562
1784707767.122,-103.442978,-273.186737,62.341,10.769,0.00180,-0.16527
1784707767.267,-103.269608,-272.874695,62.345,10.702,0.00177,-0.16507
1784707767.413,-103.095673,-272.561768,62.350,10.774,0.00176,-0.16493
1784707767.560,-102.920525,-272.246979,62.354,10.836,0.00288,-0.16495
1784707767.704,-102.745888,-271.932312,62.357,10.715,0.00288,-0.16458
1784707767.849,-102.572884,-271.619873,62.363,10.738,0.00268,-0.16387
1784707767.996,-102.398979,-271.305725,62.373,10.800,0.00239,-0.16311
1784707768.141,-102.224060,-270.989807,62.384,10.863,0.00112,-0.16238
1784707768.285,-102.049118,-270.674225,62.396,10.745,0.00293,-0.16191
1784707768.433,-101.876366,-270.362885,62.405,10.664,0.00273,-0.16195
1784707768.579,-101.703323,-270.051025,62.416,10.725,0.00248,-0.16240
1784707768.725,-101.529434,-269.737671,62.425,10.770,0.00227,-0.16318
1784707768.871,-101.355255,-269.422913,62.432,10.813,0.00206,-0.16354
1784707769.014,-101.180786,-269.107208,62.440,10.782,0.00289,-0.16369
1784707769.161,-101.008224,-268.794800,62.448,10.679,0.00256,-0.16377
1784707769.309,-100.835793,-268.482513,62.457,10.725,0.00200,-0.16380
1784707769.451,-100.662498,-268.168854,62.465,10.773,0.00131,-0.16391
1784707769.595,-100.488373,-267.853882,62.469,10.821,0.00057,-0.16412
1784707769.745,-100.313591,-267.537994,62.473,10.791,0.00123,-0.16452
1784707769.887,-100.140572,-267.225525,62.474,10.681,0.00058,-0.16520
1784707770.033,-99.967834,-266.913727,62.474,10.700,0.00002,-0.16613
1784707770.184,-99.795006,-266.601044,62.473,10.720,-0.00077,-0.16679
1784707770.325,-99.622009,-266.287689,62.469,10.741,-0.00151,-0.16728
1784707770.470,-99.448654,-265.973755,62.462,10.763,-0.00049,-0.16781
1784707770.619,-99.274765,-265.659363,62.456,10.785,-0.00107,-0.16858
1784707770.764,-99.100372,-265.344360,62.455,10.805,-0.00179,-0.16950
1784707770.909,-98.925888,-265.028931,62.451,10.753,-0.00241,-0.17029
1784707771.055,-98.753632,-264.717590,62.446,10.629,-0.00141,-0.17111
1784707771.200,-98.581985,-264.407349,62.437,10.630,-0.00178,-0.17192
1784707771.346,-98.410507,-264.097229,62.431,10.628,-0.00213,-0.17264
1784707771.494,-98.238899,-263.787354,62.427,10.626,-0.00246,-0.17359
1784707771.637,-98.067245,-263.477661,62.421,10.624,-0.00262,-0.17467
1784707771.784,-97.895584,-263.167938,62.413,10.621,-0.00134,-0.17574
1784707771.929,-97.724091,-262.858429,62.401,10.616,-0.00134,-0.17672
1784707772.073,-97.552704,-262.548981,62.395,10.611,-0.00157,-0.17697
1784707772.219,-97.381348,-262.239746,62.388,10.610,-0.00175,-0.17648
1784707772.370,-97.210045,-261.930481,62.379,10.608,-0.00042,-0.17527
1784707772.529,-97.038712,-261.621246,62.372,10.604,-0.00047,-0.17401
1784707772.677,-96.867203,-261.312195,62.366,10.600,-0.00040,-0.17300
1784707772.827,-96.695709,-261.003326,62.364,10.595,-0.00036,-0.17206
1784707772.970,-96.524330,-260.694519,62.360,10.591,0.00077,-0.17106
1784707773.121,-96.353027,-260.385834,62.358,10.588,0.00076,-0.17004
1784707773.268,-96.181725,-260.077240,62.360,10.582,0.00063,-0.16907
1784707773.413,-96.010574,-259.768860,62.364,10.577,0.00046,-0.16808
1784707773.557,-95.839706,-259.460480,62.367,10.573,0.00028,-0.16683
1784707773.705,-95.668983,-259.152069,62.370,10.570,0.00105,-0.16545
1784707773.850,-95.498238,-258.844025,62.374,10.564,0.00083,-0.16433
1784707773.995,-95.327499,-258.536255,62.380,10.557,0.00059,-0.16364
1784707774.141,-95.156906,-258.228699,62.386,10.546,0.00035,-0.16325
1784707774.286,-94.986473,-257.921448,62.390,10.533,0.00118,-0.16307
1784707774.431,-94.816284,-257.614655,62.391,10.513,0.00103,-0.16292
1784707774.576,-94.646706,-257.308289,62.392,10.490,0.00083,-0.16244
1784707774.719,-94.477692,-257.002563,62.394,10.468,0.00056,-0.16178
1784707774.865,-94.309097,-256.697418,62.396,10.450,0.00133,-0.16103
1784707775.010,-94.140541,-256.392639,62.398,10.438,0.00104,-0.16043
1784707775.155,-93.971977,-256.088318,62.402,10.426,0.00076,-0.16011
1784707775.302,-93.803658,-255.784409,62.405,10.414,0.00053,-0.16005
1784707775.453,-93.635597,-255.480865,62.406,10.403,0.00137,-0.16023
1784707775.598,-93.467972,-255.177734,62.410,10.381,0.00104,-0.16044
1784707775.745,-93.300812,-254.875275,62.416,10.357,0.00062,-0.16059
1784707775.891,-93.133972,-254.573547,62.421,10.334,0.00133,-0.16081
1784707776.036,-92.967499,-254.272491,62.424,10.310,0.00099,-0.16103
1784707776.181,-92.801407,-253.972122,62.427,10.287,0.00064,-0.16126
1784707776.329,-92.635712,-253.672424,62.432,10.263,0.00134,-0.16146
1784707776.472,-92.470413,-253.373383,62.437,10.242,0.00212,-0.16163
1784707776.617,-92.305450,-253.074753,62.442,10.233,0.00164,-0.16171
1784707776.765,-92.141029,-252.776001,62.449,10.229,0.00097,-0.16125
1784707776.911,-91.976974,-252.477249,62.462,10.226,0.00129,-0.16047
1784707777.054,-91.812668,-252.178864,62.469,10.222,0.00066,-0.16009
1784707777.205,-91.648216,-251.880692,62.474,10.219,0.00014,-0.15994
1784707777.349,-91.483810,-251.582642,62.480,10.216,-0.00053,-0.15981
1784707777.495,-91.319519,-251.284576,62.488,10.214,0.00012,-0.15958
1784707777.639,-91.155304,-250.986511,62.493,10.213,-0.00058,-0.15928
1784707777.785,-90.991180,-250.688477,62.497,10.214,-0.00129,-0.15891
1784707777.930,-90.827118,-250.390076,62.497,10.228,-0.00040,-0.15831
1784707778.077,-90.663040,-250.090988,62.495,10.252,-0.00109,-0.15740
1784707778.220,-90.498352,-249.791245,62.499,10.276,-0.00186,-0.15670
1784707778.365,-90.333076,-249.490906,62.499,10.300,-0.00242,-0.15623
1784707778.512,-90.167419,-249.189880,62.495,10.323,-0.00279,-0.15576
1784707778.659,-90.001442,-248.888123,62.485,10.349,-0.00297,-0.15522
1784707778.804,-89.835052,-248.585541,62.476,10.375,-0.00316,-0.15464
1784707778.951,-89.668106,-248.282288,62.467,10.401,-0.00202,-0.15422
1784707779.092,-89.500687,-247.978241,62.456,10.434,-0.00209,-0.15384
1784707779.237,-89.332649,-247.673065,62.447,10.473,-0.00223,-0.15345
1784707779.384,-89.163948,-247.366730,62.443,10.512,-0.00249,-0.15308
1784707779.527,-88.994644,-247.059296,62.435,10.549,-0.00136,-0.15270
1784707779.670,-88.824661,-246.750854,62.427,10.587,-0.00147,-0.15244
1784707779.815,-88.654030,-246.441315,62.424,10.624,-0.00172,-0.15221
1784707779.960,-88.482750,-246.130707,62.419,10.662,-0.00191,-0.15203
1784707780.106,-88.310852,-245.818985,62.415,10.701,-0.00078,-0.15185
1784707780.253,-88.138283,-245.506165,62.409,10.741,-0.00090,-0.15174
1784707780.395,-87.964996,-245.192139,62.405,10.783,-0.00104,-0.15166
1784707780.538,-87.791054,-244.876892,62.403,10.825,-0.00127,-0.15157
1784707780.685,-87.617622,-244.562500,62.400,10.686,-0.00144,-0.15145
1784707780.828,-87.445778,-244.251038,62.395,10.692,-0.00029,-0.15136
1784707780.971,-87.273209,-243.938416,62.391,10.735,-0.00044,-0.15133
1784707781.117,-87.099907,-243.624573,62.389,10.778,-0.00063,-0.15136
1784707781.258,-86.925926,-243.309448,62.389,10.824,-0.00089,-0.15137
1784707781.402,-86.752350,-242.995132,62.387,10.688,-0.00107,-0.15141
1784707781.547,-86.580261,-242.683777,62.384,10.692,0.00010,-0.15158
1784707781.688,-86.407478,-242.371246,62.381,10.731,0.00001,-0.15179
1784707781.834,-86.233978,-242.057556,62.381,10.773,-0.00021,-0.15206
1784707781.978,-86.059875,-241.742615,62.382,10.816,-0.00043,-0.15226
1784707782.120,-85.885315,-241.426758,62.379,10.784,-0.00053,-0.15242
1784707782.266,-85.712715,-241.114319,62.375,10.680,0.00050,-0.15251
1784707782.413,-85.540192,-240.802032,62.374,10.722,0.00035,-0.15261
1784707782.554,-85.366890,-240.488525,62.375,10.766,0.00013,-0.15280
1784707782.700,-85.192833,-240.173904,62.377,10.803,-0.00004,-0.15312
1784707782.844,-85.018364,-239.858658,62.377,10.766,0.00086,-0.15349
1784707782.986,-84.845833,-239.546997,62.377,10.657,0.00073,-0.15390
1784707783.130,-84.673508,-239.235672,62.377,10.694,0.00058,-0.15429
1784707783.277,-84.500587,-238.923248,62.380,10.729,0.00037,-0.15467
1784707783.420,-84.327309,-238.609802,62.380,10.763,0.00020,-0.15487
1784707783.565,-84.153549,-238.295319,62.380,10.797,0.00105,-0.15499
1784707783.713,-83.979179,-237.979858,62.381,10.833,0.00086,-0.15517
1784707783.861,-83.805290,-237.665451,62.383,10.690,0.00066,-0.15544
1784707784.009,-83.632935,-237.354233,62.387,10.692,0.00042,-0.15591
1784707784.165,-83.459816,-237.041992,62.389,10.731,0.00030,-0.15656
1784707784.308,-83.286102,-236.728561,62.386,10.772,0.00134,-0.15715
1784707784.453,-83.112030,-236.413834,62.384,10.812,0.00123,-0.15742
1784707784.600,-82.937630,-236.098206,62.387,10.778,0.00096,-0.15755
1784707784.745,-82.765121,-235.785873,62.391,10.684,0.00065,-0.15761
1784707784.894,-82.592300,-235.473816,62.391,10.729,0.00053,-0.15809
1784707785.051,-82.418427,-235.160553,62.389,10.776,0.00162,-0.15890
1784707785.194,-82.243729,-234.845840,62.390,10.826,0.00155,-0.15973
1784707785.341,-82.069427,-234.531799,62.393,10.689,0.00147,-0.16053
1784707785.487,-81.896873,-234.220551,62.393,10.698,0.00177,-0.16116
1784707785.631,-81.724014,-233.907669,62.395,10.746,0.00301,-0.16127
1784707785.778,-81.550514,-233.593445,62.399,10.793,0.00372,-0.16129
1784707785.921,-81.376053,-233.277832,62.409,10.850,0.00434,-0.16148
1784707786.066,-81.201447,-232.962830,62.428,10.719,0.00480,-0.16209
1784707786.211,-81.029221,-232.652435,62.445,10.622,0.00529,-0.16284
1784707786.356,-80.857277,-232.341827,62.464,10.671,0.00653,-0.16324
1784707786.501,-80.684792,-232.029678,62.486,10.718,0.00677,-0.16338
1784707786.646,-80.511909,-231.716248,62.508,10.760,0.00694,-0.16324
1784707786.791,-80.338745,-231.401367,62.534,10.806,0.00688,-0.16265
1784707786.934,-80.165047,-231.085358,62.562,10.779,0.00685,-0.16198
1784707787.081,-79.993240,-230.772629,62.589,10.678,0.00799,-0.16123
1784707787.228,-79.821716,-230.459930,62.616,10.715,0.00880,-0.16026
1784707787.370,-79.649826,-230.146210,62.649,10.744,0.01004,-0.15911
1784707787.516,-79.477448,-229.831665,62.686,10.775,0.01121,-0.15799
1784707787.662,-79.304649,-229.516083,62.726,10.807,0.01228,-0.15674
1784707787.805,-79.131836,-229.199707,62.769,10.765,0.01385,-0.15512
1784707787.950,-78.961456,-228.886841,62.818,10.651,0.01475,-0.15306
1784707788.096,-78.791733,-228.574280,62.872,10.681,0.01564,-0.15075
1784707788.239,-78.621948,-228.260620,62.929,10.707,0.01650,-0.14931
1784707788.385,-78.452156,-227.946106,62.989,10.733,0.01714,-0.14899
1784707788.532,-78.282364,-227.630676,63.055,10.753,0.01831,-0.14941
1784707788.675,-78.112503,-227.314651,63.126,10.771,0.01889,-0.14975
1784707788.823,-77.942612,-226.998016,63.200,10.787,0.02001,-0.14984
1784707788.971,-77.772888,-226.680756,63.277,10.800,0.02157,-0.14948
1784707789.114,-77.603737,-226.363098,63.358,10.741,0.02336,-0.14844
1784707789.260,-77.437332,-226.049393,63.444,10.611,0.02452,-0.14683
1784707789.407,-77.271996,-225.736450,63.537,10.623,0.02558,-0.14465
1784707789.548,-77.107002,-225.422852,63.634,10.635,0.02659,-0.14186
1784707789.693,-76.942375,-225.108673,63.737,10.646,0.02736,-0.13863
1784707789.839,-76.778137,-224.793900,63.843,10.658,0.02862,-0.13643
1784707789.983,-76.614326,-224.478455,63.951,10.670,0.02895,-0.13594
1784707790.128,-76.450989,-224.162354,64.064,10.682,0.02933,-0.13697
1784707790.273,-76.288101,-223.845505,64.182,10.695,0.02992,-0.13769
1784707790.417,-76.125687,-223.527954,64.299,10.708,0.03130,-0.13767
1784707790.562,-75.963730,-223.209747,64.419,10.720,0.03194,-0.13717
1784707790.706,-75.802216,-222.890778,64.545,10.733,0.03221,-0.13684
1784707790.847,-75.641228,-222.571045,64.675,10.747,0.03233,-0.13680
1784707790.991,-75.480789,-222.250549,64.806,10.760,0.03298,-0.13657
1784707791.136,-75.320900,-221.929260,64.937,10.775,0.03448,-0.13554
1784707791.279,-75.161575,-221.607117,65.071,10.790,0.03576,-0.13367
1784707791.425,-75.002800,-221.284088,65.211,10.807,0.03662,-0.13224
1784707791.571,-74.844681,-220.960510,65.358,10.751,0.03706,-0.13277
1784707791.712,-74.689445,-220.640732,65.506,10.624,0.03714,-0.13478
1784707791.855,-74.535515,-220.321472,65.655,10.641,0.03800,-0.13665
1784707791.999,-74.382156,-220.001282,65.805,10.658,0.03815,-0.13793
1784707792.144,-74.229393,-219.680191,65.958,10.676,0.03855,-0.13924
1784707792.290,-74.077278,-219.358185,66.112,10.694,0.03897,-0.14055
1784707792.433,-73.925812,-219.035248,66.268,10.711,0.03998,-0.14131
1784707792.576,-73.774963,-218.711334,66.425,10.729,0.03991,-0.14111
1784707792.718,-73.624741,-218.386444,66.585,10.747,0.03953,-0.13993
1784707792.861,-73.475212,-218.060608,66.747,10.764,0.03889,-0.13915
1784707793.003,-73.326385,-217.733795,66.907,10.782,0.03837,-0.13921
1784707793.147,-73.178192,-217.406052,67.066,10.800,0.03903,-0.14002
1784707793.291,-73.030640,-217.077332,67.223,10.820,0.03867,-0.14018
1784707793.433,-72.884758,-216.749771,67.382,10.659,0.03797,-0.13930
1784707793.579,-72.741516,-216.425537,67.538,10.641,0.03699,-0.13797
1784707793.725,-72.598885,-216.100342,67.692,10.659,0.03584,-0.13839
1784707793.863,-72.456795,-215.774292,67.844,10.678,0.03608,-0.14080
1784707794.006,-72.315308,-215.447388,67.991,10.696,0.03564,-0.14425
1784707794.151,-72.174377,-215.119629,68.138,10.714,0.03590,-0.14693
1784707794.293,-72.034103,-214.790924,68.283,10.731,0.03648,-0.14863
1784707794.436,-71.894470,-214.461365,68.429,10.750,0.03679,-0.14941
1784707794.581,-71.755463,-214.130768,68.577,10.770,0.03772,-0.14966
1784707794.721,-71.617157,-213.799179,68.727,10.789,0.03751,-0.15073
1784707794.865,-71.479523,-213.466660,68.882,10.807,0.03692,-0.15302
1784707795.007,-71.342636,-213.133484,69.036,10.755,0.03612,-0.15567
1784707795.151,-71.208275,-212.804199,69.185,10.631,0.03648,-0.15751
1784707795.293,-71.075073,-212.475449,69.332,10.651,0.03553,-0.15847
1784707795.436,-70.942444,-212.145721,69.480,10.671,0.03492,-0.15854
1784707795.577,-70.810455,-211.815033,69.625,10.691,0.03476,-0.15790
1784707795.722,-70.679123,-211.483429,69.766,10.712,0.03463,-0.15750
1784707795.867,-70.548378,-211.150787,69.907,10.733,0.03535,-0.15742
1784707796.008,-70.418228,-210.817200,70.049,10.753,0.03481,-0.15731
1784707796.151,-70.288635,-210.482666,70.194,10.774,0.03399,-0.15637
1784707796.292,-70.159592,-210.147156,70.338,10.794,0.03298,-0.15456
1784707796.433,-70.031082,-209.810715,70.478,10.815,0.03200,-0.15192
1784707796.574,-69.903984,-209.475571,70.613,10.655,0.03247,-0.14920
1784707796.718,-69.779129,-209.143936,70.742,10.638,0.03206,-0.14859
1784707796.858,-69.654846,-208.811401,70.872,10.658,0.03182,-0.15062
1784707796.999,-69.531143,-208.477951,71.002,10.679,0.03135,-0.15385
1784707797.141,-69.408020,-208.143631,71.131,10.698,0.03187,-0.15639
1784707797.280,-69.285400,-207.808472,71.260,10.716,0.03110,-0.15817
1784707797.421,-69.163239,-207.472488,71.390,10.736,0.03019,-0.15924
1784707797.569,-69.041573,-207.135620,71.518,10.755,0.02967,-0.15955
1784707797.722,-68.920441,-206.797852,71.642,10.774,0.02968,-0.15905
1784707797.863,-68.799858,-206.459244,71.763,10.792,0.03070,-0.15774
1784707798.009,-68.679810,-206.119812,71.885,10.810,0.03078,-0.15637
1784707798.150,-68.561119,-205.781784,72.009,10.651,0.03054,-0.15639
1784707798.297,-68.444611,-205.447250,72.133,10.635,0.03002,-0.15768
1784707798.438,-68.328690,-205.111877,72.258,10.653,0.03046,-0.15911
1784707798.578,-68.213203,-204.775696,72.382,10.672,0.02963,-0.15989
1784707798.722,-68.098114,-204.438797,72.505,10.692,0.02901,-0.16007
1784707798.866,-67.983490,-204.101059,72.628,10.711,0.02901,-0.15954
1784707799.005,-67.869408,-203.762466,72.747,10.730,0.02960,-0.15821
1784707799.147,-67.755898,-203.423065,72.866,10.747,0.03079,-0.15626
1784707799.289,-67.642967,-203.082779,72.988,10.766,0.03112,-0.15492
1784707799.429,-67.530632,-202.741577,73.112,10.787,0.03115,-0.15460
1784707799.573,-67.418930,-202.399475,73.240,10.806,0.03084,-0.15494
1784707799.717,-67.307892,-202.056839,73.369,10.754,0.03065,-0.15460
1784707799.857,-67.198921,-201.718323,73.495,10.631,0.03151,-0.15356
1784707799.998,-67.090836,-201.380417,73.620,10.652,0.03179,-0.15188
1784707800.143,-66.983276,-201.041611,73.748,10.673,0.03192,-0.14964
1784707800.282,-66.876343,-200.701920,73.877,10.694,0.03181,-0.14836
1784707800.428,-66.769989,-200.361328,74.007,10.716,0.03253,-0.14844
1784707800.572,-66.664177,-200.019821,74.136,10.739,0.03208,-0.14950
1784707800.714,-66.558952,-199.677307,74.266,10.762,0.03160,-0.14996
1784707800.857,-66.454338,-199.333862,74.399,10.784,0.03136,-0.14956
1784707801.005,-66.350281,-198.989441,74.528,10.806,0.03143,-0.14835
1784707801.149,-66.246826,-198.644424,74.657,10.756,0.03233,-0.14638
1784707801.294,-66.145424,-198.303467,74.784,10.635,0.03215,-0.14369
1784707801.437,-66.044998,-197.963074,74.915,10.659,0.03165,-0.14161
1784707801.576,-65.945068,-197.621643,75.047,10.685,0.03108,-0.14166
1784707801.718,-65.845634,-197.279205,75.175,10.712,0.03166,-0.14356
1784707801.859,-65.746712,-196.935715,75.301,10.739,0.03114,-0.14570
1784707802.000,-65.648338,-196.591110,75.427,10.767,0.03043,-0.14700
1784707802.145,-65.550522,-196.245392,75.554,10.795,0.02950,-0.14747
1784707802.288,-65.453255,-195.898544,75.678,10.822,0.02881,-0.14710
1784707802.428,-65.357124,-195.552917,75.797,10.669,0.02881,-0.14692
1784707802.573,-65.262703,-195.210785,75.912,10.661,0.02994,-0.14774
1784707802.718,-65.168625,-194.867538,76.030,10.691,0.03051,-0.14968
1784707802.860,-65.074936,-194.523193,76.151,10.720,0.03079,-0.15152
1784707803.001,-64.981750,-194.177780,76.276,10.746,0.03082,-0.15260
1784707803.144,-64.888969,-193.831360,76.402,10.774,0.03183,-0.15303
1784707803.283,-64.796654,-193.483780,76.526,10.803,0.03234,-0.15274
1784707803.425,-64.705086,-193.135376,76.654,10.760,0.03300,-0.15241
1784707803.567,-64.615532,-192.790817,76.782,10.646,0.03337,-0.15296
1784707803.707,-64.526978,-192.446655,76.914,10.674,0.03434,-0.15429
1784707803.851,-64.438919,-192.101318,77.047,10.704,0.03423,-0.15546
1784707803.993,-64.351387,-191.754898,77.183,10.734,0.03386,-0.15585
1784707804.136,-64.264420,-191.407394,77.322,10.760,0.03319,-0.15548
1784707804.281,-64.177994,-191.058899,77.460,10.786,0.03275,-0.15480
1784707804.426,-64.092102,-190.709412,77.595,10.813,0.03374,-0.15391
1784707804.567,-64.006897,-190.359116,77.729,10.767,0.03443,-0.15258
1784707804.710,-63.923698,-190.012833,77.863,10.650,0.03525,-0.15033
1784707804.854,-63.841526,-189.667038,78.002,10.676,0.03565,-0.14719
1784707804.992,-63.759987,-189.320129,78.144,10.704,0.03574,-0.14425
1784707805.136,-63.679077,-188.972168,78.289,10.730,0.03656,-0.14317
1784707805.279,-63.598816,-188.623169,78.434,10.757,0.03635,-0.14402
1784707805.421,-63.519211,-188.273117,78.581,10.783,0.03633,-0.14549
1784707805.562,-63.440315,-187.921967,78.729,10.812,0.03651,-0.14604
1784707805.707,-63.362244,-187.570038,78.876,10.768,0.03660,-0.14573
1784707805.847,-63.286041,-187.222107,79.023,10.652,0.03742,-0.14576
1784707805.990,-63.210884,-186.874619,79.170,10.680,0.03703,-0.14675
1784707806.134,-63.136395,-186.525940,79.319,10.709,0.03637,-0.14861
1784707806.277,-63.062622,-186.176208,79.470,10.736,0.03576,-0.14989
1784707806.419,-62.989555,-185.825470,79.618,10.763,0.03654,-0.15027
1784707806.565,-62.917164,-185.473694,79.763,10.789,0.03683,-0.14979
1784707806.706,-62.845451,-185.120880,79.910,10.816,0.03726,-0.14843
1784707806.849,-62.774940,-184.769318,80.060,10.664,0.03733,-0.14614
1784707806.990,-62.706200,-184.421265,80.209,10.655,0.03711,-0.14406
1784707807.133,-62.638206,-184.072128,80.360,10.683,0.03791,-0.14400
1784707807.275,-62.570938,-183.721909,80.509,10.712,0.03805,-0.14606
1784707807.419,-62.504383,-183.370636,80.660,10.741,0.03841,-0.14883
1784707807.562,-62.438507,-183.018295,80.815,10.768,0.03852,-0.15075
1784707807.704,-62.373398,-182.664902,80.971,10.793,0.03836,-0.15172
1784707807.851,-62.309155,-182.310501,81.127,10.818,0.03908,-0.15166
1784707807.993,-62.246258,-181.957443,81.283,10.662,0.03856,-0.15113
1784707808.135,-62.185036,-181.608109,81.440,10.649,0.03778,-0.15131
1784707808.277,-62.124603,-181.257843,81.596,10.673,0.03687,-0.15231
1784707808.418,-62.064980,-180.906631,81.748,10.698,0.03720,-0.15312
1784707808.562,-62.006046,-180.554504,81.898,10.724,0.03632,-0.15311
1784707808.705,-61.947845,-180.201416,82.047,10.749,0.03561,-0.15222
1784707808.847,-61.890404,-179.847366,82.196,10.772,0.03496,-0.15042
1784707808.990,-61.833832,-179.492432,82.340,10.794,0.03423,-0.14864
1784707809.138,-61.778091,-179.136627,82.483,10.817,0.03478,-0.14844
1784707809.279,-61.723457,-178.782288,82.622,10.658,0.03432,-0.14993
1784707809.423,-61.670258,-178.431808,82.759,10.644,0.03399,-0.15187
1784707809.601,-61.617775,-178.080490,82.898,10.666,0.03346,-0.15298
1784707809.743,-61.566055,-177.728317,83.035,10.688,0.03278,-0.15334
1784707809.885,-61.515068,-177.375366,83.170,10.710,0.03322,-0.15415
1784707810.032,-61.464817,-177.021606,83.303,10.730,0.03229,-0.15606
1784707810.176,-61.415268,-176.667068,83.435,10.750,0.03170,-0.15899
1784707810.322,-61.366394,-176.311768,83.567,10.770,0.03166,-0.16151
1784707810.480,-61.318245,-175.955688,83.696,10.790,0.03282,-0.16321
1784707810.622,-61.270790,-175.598816,83.824,10.809,0.03318,-0.16421
1784707810.765,-61.224121,-175.241577,83.956,10.755,0.03321,-0.16474
1784707810.913,-61.178902,-174.888794,84.090,10.630,0.03289,-0.16481
1784707811.055,-61.134674,-174.536850,84.223,10.648,0.03231,-0.16425
1784707811.200,-61.091209,-174.184204,84.355,10.665,0.03276,-0.16299
1784707811.341,-61.048462,-173.830978,84.486,10.681,0.03166,-0.16198
1784707811.485,-61.006416,-173.477158,84.615,10.698,0.03024,-0.16149
1784707811.628,-60.965088,-173.122726,84.744,10.714,0.02864,-0.16128
1784707811.776,-60.924496,-172.767654,84.867,10.729,0.02739,-0.16042
1784707811.918,-60.884556,-172.412003,84.984,10.743,0.02781,-0.15979
1784707812.062,-60.845264,-172.055786,85.096,10.758,0.02736,-0.15987
1784707812.207,-60.806595,-171.699020,85.209,10.773,0.02687,-0.16061
1784707812.347,-60.768593,-171.341690,85.320,10.787,0.02625,-0.16087
1784707812.493,-60.731262,-170.983826,85.430,10.801,0.02678,-0.16042
1784707812.637,-60.694614,-170.625732,85.537,10.744,0.02612,-0.15926
1784707812.778,-60.659103,-170.272293,85.642,10.616,0.02549,-0.15749
1784707812.921,-60.624352,-169.919830,85.749,10.630,0.02482,-0.15706
1784707813.067,-60.590157,-169.566895,85.852,10.645,0.02412,-0.15869
1784707813.209,-60.556511,-169.213440,85.952,10.659,0.02460,-0.16209
1784707813.351,-60.523422,-168.859451,86.050,10.674,0.02389,-0.16539
1784707813.496,-60.490864,-168.504913,86.148,10.691,0.02359,-0.16811
1784707813.635,-60.458786,-168.149734,86.244,10.709,0.02379,-0.17030
1784707813.781,-60.427223,-167.793930,86.338,10.725,0.02495,-0.17189
1784707813.925,-60.396275,-167.437546,86.431,10.738,0.02514,-0.17241
1784707814.067,-60.366108,-167.080688,86.529,10.751,0.02500,-0.17146
1784707814.216,-60.336609,-166.723297,86.630,10.764,0.02459,-0.16920
1784707814.360,-60.307678,-166.365448,86.733,10.780,0.02398,-0.16621
1784707814.503,-60.279198,-166.007034,86.834,10.795,0.02334,-0.16377
1784707814.653,-60.251114,-165.648010,86.934,10.813,0.02388,-0.16280
1784707814.798,-60.223682,-165.290680,87.032,10.652,0.02324,-0.16325
1784707814.943,-60.197182,-164.937378,87.130,10.635,0.02247,-0.16366
1784707815.091,-60.171410,-164.583511,87.224,10.648,0.02162,-0.16329
1784707815.240,-60.146454,-164.229202,87.314,10.662,0.02199,-0.16216
1784707815.385,-60.122070,-163.874496,87.403,10.674,0.02096,-0.16105
1784707815.529,-60.098129,-163.519272,87.491,10.690,0.01984,-0.16026
1784707815.674,-60.074474,-163.163467,87.578,10.707,0.01868,-0.15980
1784707815.818,-60.051231,-162.807114,87.659,10.723,0.01792,-0.15894
1784707815.963,-60.028473,-162.450195,87.736,10.739,0.01876,-0.15757
1784707816.112,-60.006199,-162.092651,87.810,10.756,0.02001,-0.15630
1784707816.257,-59.984398,-161.734543,87.885,10.772,0.02243,-0.15666
1784707816.401,-59.963039,-161.375885,87.966,10.788,0.02518,-0.15866
1784707816.547,-59.942177,-161.016602,88.057,10.804,0.02752,-0.16112
1784707816.689,-59.921951,-160.657104,88.157,10.749,0.02954,-0.16295
1784707816.831,-59.902657,-160.302246,88.267,10.622,0.03103,-0.16410
1784707816.974,-59.884178,-159.948364,88.384,10.638,0.03204,-0.16448
1784707817.117,-59.866455,-159.593842,88.508,10.656,0.03265,-0.16407
1784707817.262,-59.849453,-159.238754,88.636,10.674,0.03377,-0.16295
1784707817.408,-59.833153,-158.883057,88.768,10.690,0.03388,-0.16138
1784707817.552,-59.817589,-158.526825,88.904,10.706,0.03366,-0.15942
1784707817.695,-59.802898,-158.169983,89.041,10.726,0.03319,-0.15686
1784707817.840,-59.789009,-157.812424,89.179,10.748,0.03372,-0.15350
1784707817.981,-59.775757,-157.454132,89.311,10.770,0.03306,-0.14946
1784707818.125,-59.763374,-157.095093,89.441,10.791,0.03223,-0.14452
1784707818.270,-59.751991,-156.735306,89.575,10.813,0.03109,-0.13855
1784707818.411,-59.741547,-156.377121,89.704,10.656,0.02982,-0.13171
1784707818.555,-59.731953,-156.022873,89.827,10.642,0.02848,-0.12518
1784707818.701,-59.723000,-155.667831,89.946,10.666,0.02862,-0.12077
1784707818.840,-59.714817,-155.312042,90.059,10.692,0.02725,-0.12139
1784707818.985,-59.707340,-154.955276,90.173,10.722,0.02569,-0.12654
1784707819.132,-59.700287,-154.597504,90.286,10.751,0.02408,-0.13398
1784707819.273,-59.693790,-154.238739,90.390,10.780,0.02416,-0.14108
1784707819.415,-59.688148,-153.879028,90.490,10.809,0.02260,-0.14733
1784707819.559,-59.683136,-153.518661,90.589,10.765,0.02088,-0.15295
1784707819.703,-59.678787,-153.162567,90.683,10.650,0.01917,-0.15789
1784707819.845,-59.675011,-152.807068,90.769,10.682,0.01913,-0.16226
1784707819.988,-59.671715,-152.450439,90.846,10.716,0.01758,-0.16616
1784707820.130,-59.668842,-152.092667,90.922,10.750,0.01600,-0.16963
1784707820.275,-59.666363,-151.733856,90.995,10.784,0.01445,-0.17271
1784707820.419,-59.664322,-151.373962,91.061,10.817,0.01300,-0.17536
1784707820.562,-59.662693,-151.015335,91.120,10.670,0.01316,-0.17759
1784707820.706,-59.661446,-150.660278,91.172,10.667,0.01181,-0.17943
1784707820.853,-59.660507,-150.304138,91.223,10.700,0.01049,-0.18097
1784707820.994,-59.659912,-149.946899,91.271,10.735,0.00918,-0.18216
1784707821.141,-59.659538,-149.588547,91.313,10.769,0.00800,-0.18314
1784707821.286,-59.659378,-149.229065,91.350,10.802,0.00833,-0.18390
1784707821.426,-59.659336,-148.868805,91.383,10.765,0.00730,-0.18455
1784707821.570,-59.659496,-148.512543,91.416,10.657,0.00622,-0.18498
1784707821.713,-59.659950,-148.156677,91.445,10.694,0.00518,-0.18513
1784707821.857,-59.660606,-147.799530,91.469,10.730,0.00561,-0.18507
1784707822.000,-59.661362,-147.441254,91.489,10.767,0.00475,-0.18492
1784707822.145,-59.662201,-147.081772,91.509,10.803,0.00390,-0.18468
1784707822.287,-59.663170,-146.721497,91.528,10.765,0.00304,-0.18431
1784707822.429,-59.664253,-146.365341,91.544,10.651,0.00225,-0.18383
1784707822.571,-59.665367,-146.009750,91.557,10.682,0.00279,-0.18331
1784707822.714,-59.666603,-145.653091,91.566,10.715,0.00212,-0.18267
1784707822.856,-59.668026,-145.295471,91.576,10.741,0.00140,-0.18185
1784707823.001,-59.669395,-144.936935,91.586,10.769,0.00070,-0.18108
1784707823.148,-59.670692,-144.577438,91.591,10.798,0.00019,-0.18039
1784707823.312,-59.672035,-144.217010,91.594,10.826,0.00092,-0.17965
1784707823.457,-59.673439,-143.858078,91.593,10.671,0.00049,-0.17885
1784707823.599,-59.674812,-143.503067,91.596,10.659,-0.00003,-0.17807
1784707823.742,-59.676201,-143.147278,91.598,10.684,-0.00067,-0.17728
1784707823.889,-59.677841,-142.790619,91.594,10.709,-0.00115,-0.17624
1784707824.030,-59.679619,-142.433243,91.591,10.728,-0.00021,-0.17506
1784707824.173,-59.681190,-142.075378,91.590,10.744,-0.00081,-0.17409
1784707824.316,-59.682434,-141.716965,91.591,10.762,-0.00133,-0.17345
1784707824.461,-59.683720,-141.357910,91.589,10.780,-0.00177,-0.17276
1784707824.605,-59.685040,-140.998260,91.585,10.798,-0.00212,-0.17205
1784707824.750,-59.686378,-140.637985,91.579,10.817,-0.00096,-0.17131
1784707824.895,-59.687683,-140.279541,91.571,10.653,-0.00122,-0.17061
1784707825.039,-59.688995,-139.925323,91.568,10.632,-0.00163,-0.16989
1784707825.184,-59.690380,-139.570587,91.563,10.646,-0.00204,-0.16910
1784707825.327,-59.691757,-139.215439,91.556,10.660,-0.00090,-0.16832
1784707825.472,-59.692947,-138.859879,91.548,10.674,-0.00112,-0.16773
1784707825.617,-59.694008,-138.503876,91.542,10.688,-0.00135,-0.16726
1784707825.759,-59.695061,-138.147385,91.538,10.703,-0.00165,-0.16681
1784707825.901,-59.696167,-137.790359,91.532,10.719,-0.00190,-0.16630
1784707826.046,-59.697258,-137.432800,91.526,10.736,-0.00068,-0.16581
1784707826.189,-59.698357,-137.074707,91.519,10.754,-0.00090,-0.16531
1784707826.336,-59.699463,-136.716019,91.518,10.772,-0.00130,-0.16481
1784707826.482,-59.700500,-136.356750,91.516,10.790,-0.00166,-0.16437
1784707826.625,-59.701447,-135.996857,91.512,10.807,-0.00188,-0.16403
1784707826.769,-59.702324,-135.636719,91.506,10.753,-0.00064,-0.16376
1784707826.913,-59.703156,-135.281204,91.500,10.628,-0.00082,-0.16352
1784707827.054,-59.704010,-134.926605,91.499,10.648,-0.00118,-0.16326
1784707827.197,-59.704926,-134.571289,91.497,10.671,-0.00152,-0.16294
1784707827.341,-59.705978,-134.215179,91.492,10.697,-0.00036,-0.16249
1784707827.482,-59.706997,-133.858231,91.487,10.722,-0.00064,-0.16207
1784707827.629,-59.707886,-133.500458,91.484,10.747,-0.00092,-0.16178
1784707827.770,-59.708656,-133.141861,91.484,10.771,-0.00123,-0.16161
1784707827.912,-59.709450,-132.782440,91.480,10.796,-0.00145,-0.16142
1784707828.058,-59.710236,-132.422211,91.476,10.820,-0.00023,-0.16124
1784707828.202,-59.711010,-132.063538,91.471,10.666,-0.00040,-0.16106
1784707828.341,-59.711784,-131.708740,91.470,10.656,-0.00056,-0.16088
1784707828.485,-59.712555,-131.353027,91.469,10.683,0.00083,-0.16071
1784707828.627,-59.713337,-130.996445,91.467,10.709,0.00370,-0.16053
1784707828.769,-59.714031,-130.639084,91.470,10.733,0.00677,-0.16043
1784707828.910,-59.714691,-130.280930,91.481,10.758,0.01038,-0.16037
1784707829.053,-59.715561,-129.921921,91.505,10.783,0.01352,-0.16011
1784707829.193,-59.716789,-129.562073,91.545,10.809,0.01609,-0.15948
1784707829.342,-59.718372,-129.201752,91.599,10.762,0.01829,-0.15850
1784707829.488,-59.720280,-128.845779,91.663,10.644,0.02006,-0.15719
1784707829.627,-59.722580,-128.490494,91.736,10.671,0.02081,-0.15549
1784707829.769,-59.725357,-128.134308,91.815,10.696,0.01966,-0.15331
1784707829.911,-59.728706,-127.777390,91.900,10.721,0.01683,-0.15056
1784707830.051,-59.732651,-127.419678,91.981,10.749,0.01594,-0.14721
1784707830.195,-59.737240,-127.061096,92.054,10.771,0.01285,-0.14323
1784707830.338,-59.742142,-126.701767,92.120,10.792,0.00992,-0.13893
1784707830.478,-59.747070,-126.341652,92.174,10.816,0.00734,-0.13460
1784707830.621,-59.752266,-125.983131,92.215,10.660,0.00508,-0.13001
1784707830.766,-59.757690,-125.628571,92.246,10.648,0.00482,-0.12518
1784707830.905,-59.763340,-125.273232,92.268,10.671,0.00289,-0.12013
1784707831.048,-59.769169,-124.917160,92.289,10.695,0.00103,-0.11539
1784707831.191,-59.775330,-124.560242,92.298,10.724,-0.00086,-0.11530
1784707831.330,-59.781677,-124.202347,92.301,10.750,-0.00083,-0.12094
1784707831.470,-59.787964,-123.843788,92.300,10.770,-0.00304,-0.13145
1784707831.610,-59.793823,-123.484573,92.299,10.792,-0.00517,-0.14315
1784707831.750,-59.799580,-123.124542,92.289,10.815,-0.00689,-0.15499
1784707831.891,-59.805340,-122.766113,92.270,10.659,-0.00824,-0.16674
1784707832.031,-59.810917,-122.411621,92.244,10.646,-0.00930,-0.17849
1784707832.169,-59.816357,-122.056404,92.211,10.667,-0.00834,-0.19031
1784707832.308,-59.821602,-121.700493,92.175,10.688,-0.00896,-0.19981
1784707832.447,-59.826702,-121.343903,92.143,10.710,-0.00962,-0.20352
1784707832.586,-59.831646,-120.986572,92.108,10.732,-0.01015,-0.20204
1784707832.727,-59.836372,-120.628441,92.074,10.757,-0.00903,-0.19886
1784707832.868,-59.840775,-120.269539,92.033,10.781,-0.00916,-0.19601
1784707833.003,-59.844856,-119.909821,91.997,10.806,-0.00979,-0.19348
1784707833.142,-59.848743,-119.549614,91.960,10.758,-0.01102,-0.19115
1784707833.284,-59.852409,-119.193817,91.922,10.638,-0.01264,-0.18901
1784707833.422,-59.855850,-118.838806,91.877,10.662,-0.01193,-0.18710
1784707833.565,-59.858986,-118.483025,91.826,10.684,-0.01305,-0.18550
1784707833.708,-59.861721,-118.126572,91.779,10.705,-0.01411,-0.18431
1784707833.848,-59.864075,-117.769432,91.726,10.727,-0.01480,-0.18332
1784707833.989,-59.866066,-117.411514,91.667,10.750,-0.01338,-0.18224
1784707834.130,-59.867744,-117.052811,91.605,10.774,-0.01359,-0.18102
1784707834.269,-59.869102,-116.693291,91.546,10.798,-0.01377,-0.17987
1784707834.410,-59.870113,-116.332970,91.491,10.822,-0.01393,-0.17906
1784707834.554,-59.870773,-115.974220,91.435,10.667,-0.01425,-0.17861
1784707834.697,-59.870987,-115.619370,91.378,10.656,-0.01297,-0.17860
1784707834.841,-59.870785,-115.263672,91.321,10.681,-0.01380,-0.17901
1784707834.981,-59.870193,-114.907196,91.265,10.706,-0.01469,-0.17981
1784707835.121,-59.869289,-114.549950,91.210,10.731,-0.01550,-0.18092
1784707835.266,-59.868118,-114.191879,91.151,10.756,-0.01600,-0.18230
1784707835.412,-59.866592,-113.832993,91.088,10.781,-0.01454,-0.18403
1784707835.549,-59.864613,-113.473267,91.023,10.806,-0.01467,-0.18615
1784707835.691,-59.862206,-113.113029,90.964,10.759,-0.01484,-0.18737
1784707835.834,-59.859440,-112.757156,90.906,10.642,-0.01500,-0.18704
1784707835.976,-59.856316,-112.401993,90.846,10.668,-0.01527,-0.18549
1784707836.126,-59.852768,-112.045914,90.785,10.695,-0.01385,-0.18405
1784707836.280,-59.848839,-111.689003,90.723,10.722,-0.01431,-0.18297
1784707836.419,-59.844543,-111.331223,90.666,10.748,-0.01485,-0.18225
1784707836.563,-59.839951,-110.972580,90.608,10.775,-0.01523,-0.18182
1784707836.709,-59.835007,-110.613045,90.546,10.801,-0.01369,-0.18172
1784707836.852,-59.829636,-110.252975,90.483,10.755,-0.01370,-0.18204
1784707836.999,-59.823898,-109.897240,90.425,10.640,-0.01372,-0.18279
1784707837.140,-59.817757,-109.542145,90.370,10.667,-0.01375,-0.18395
1784707837.283,-59.811211,-109.186127,90.315,10.694,-0.01359,-0.18472
1784707837.424,-59.804214,-108.829269,90.259,10.720,-0.01178,-0.18463
1784707837.567,-59.796844,-108.471642,90.202,10.744,-0.01078,-0.18364
1784707837.706,-59.789318,-108.113205,90.153,10.769,-0.00816,-0.18238
1784707837.851,-59.781551,-107.753868,90.108,10.798,-0.00389,-0.18134
1784707837.997,-59.773460,-107.393600,90.071,10.827,0.00038,-0.18061
1784707838.137,-59.765221,-107.034767,90.052,10.676,0.00310,-0.18006
1784707838.281,-59.757034,-106.679672,90.051,10.670,0.00543,-0.17954
1784707838.424,-59.748898,-106.323578,90.063,10.699,0.00738,-0.17890
1784707838.566,-59.740807,-105.966583,90.083,10.727,0.00903,-0.17791
1784707838.709,-59.732800,-105.608772,90.111,10.750,0.01088,-0.17605
1784707838.854,-59.724953,-105.250206,90.145,10.772,0.01213,-0.17313
1784707838.995,-59.717308,-104.890823,90.186,10.798,0.01311,-0.16930
1784707839.137,-59.709892,-104.530449,90.232,10.828,0.01388,-0.16504
1784707839.280,-59.703026,-104.171486,90.283,10.676,0.01437,-0.16026
1784707839.422,-59.696648,-103.816322,90.336,10.669,0.01549,-0.15511
1784707839.566,-59.690571,-103.460190,90.391,10.698,0.01559,-0.14963
1784707839.709,-59.684799,-103.103088,90.449,10.728,0.01547,-0.14381
1784707839.850,-59.679283,-102.745079,90.513,10.753,0.01514,-0.13771
1784707839.993,-59.674038,-102.386322,90.577,10.777,0.01474,-0.13131
1784707840.135,-59.669178,-102.026794,90.638,10.799,0.01431,-0.12458
1784707840.275,-59.664726,-101.666504,90.699,10.822,0.01498,-0.11987
1784707840.416,-59.660736,-101.307831,90.758,10.664,0.01440,-0.11959
1784707840.560,-59.657143,-100.953140,90.817,10.650,0.01371,-0.12392
1784707840.698,-59.653877,-100.597672,90.876,10.673,0.01293,-0.12928
1784707840.841,-59.650963,-100.241470,90.932,10.697,0.01345,-0.13430
1784707840.985,-59.648376,-99.884529,90.985,10.720,0.01273,-0.13899
1784707841.126,-59.646179,-99.526871,91.039,10.741,0.01201,-0.14330
1784707841.271,-59.644402,-99.168510,91.088,10.762,0.01139,-0.14719
1784707841.413,-59.643013,-98.809456,91.136,10.780,0.01197,-0.15070
1784707841.556,-59.641853,-98.449814,91.184,10.797,0.01127,-0.15399
1784707841.696,-59.640804,-98.089622,91.230,10.813,0.01058,-0.15716
1784707841.840,-59.639977,-97.731270,91.277,10.650,0.00981,-0.16011
1784707841.978,-59.639477,-97.377075,91.319,10.630,0.00906,-0.16267
1784707842.121,-59.639263,-97.022354,91.357,10.646,0.00964,-0.16481
1784707842.262,-59.639324,-96.667084,91.392,10.665,0.00895,-0.16648
1784707842.402,-59.639595,-96.311256,91.428,10.683,0.00819,-0.16779
1784707842.542,-59.640186,-95.954880,91.465,10.701,0.00727,-0.16877
1784707842.685,-59.641029,-95.597977,91.496,10.717,0.00629,-0.16950
1784707842.825,-59.641930,-95.240585,91.524,10.732,0.00668,-0.17017
1784707842.966,-59.642975,-94.882645,91.549,10.748,0.00566,-0.17070
1784707843.107,-59.644188,-94.524200,91.576,10.765,0.00455,-0.17107
1784707843.246,-59.645527,-94.165192,91.600,10.781,0.00353,-0.17131
1784707843.386,-59.646988,-93.805656,91.618,10.797,0.00266,-0.17143
1784707843.529,-59.648582,-93.445564,91.631,10.813,0.00321,-0.17144
1784707843.668,-59.650154,-93.087250,91.642,10.650,0.00246,-0.17167
1784707843.811,-59.651711,-92.733055,91.655,10.632,0.00167,-0.17222
1784707843.953,-59.653431,-92.378235,91.663,10.652,0.00095,-0.17288
1784707844.093,-59.655293,-92.022789,91.669,10.671,0.00157,-0.17346
1784707844.237,-59.657181,-91.666748,91.671,10.692,0.00098,-0.17402
1784707844.379,-59.659065,-91.310013,91.674,10.713,0.00058,-0.17458
1784707844.519,-59.660896,-90.952583,91.677,10.733,0.00038,-0.17521
1784707844.660,-59.662704,-90.594498,91.680,10.753,0.00037,-0.17586
1784707844.807,-59.664528,-90.235825,91.680,10.769,0.00140,-0.17650
1784707844.945,-59.666451,-89.876610,91.681,10.785,0.00140,-0.17704
1784707845.086,-59.668449,-89.516876,91.687,10.801,0.00124,-0.17751
1784707845.229,-59.670471,-89.156921,91.694,10.745,0.00108,-0.17763
1784707845.370,-59.672462,-88.801659,91.700,10.619,0.00091,-0.17718
1784707845.512,-59.674423,-88.447411,91.705,10.635,0.00180,-0.17622
1784707845.657,-59.676407,-88.092575,91.709,10.652,0.00165,-0.17504
1784707845.798,-59.678444,-87.737213,91.716,10.671,0.00142,-0.17382
1784707845.937,-59.680649,-87.381241,91.723,10.690,0.00117,-0.17243
1784707846.080,-59.683002,-87.024643,91.728,10.709,0.00197,-0.17089
1784707846.219,-59.685417,-86.667442,91.733,10.725,0.00165,-0.16929
1784707846.360,-59.687767,-86.309685,91.739,10.742,0.00130,-0.16776
1784707846.504,-59.690086,-85.951347,91.747,10.760,0.00094,-0.16626
1784707846.643,-59.692429,-85.592407,91.753,10.778,0.00064,-0.16474
1784707846.785,-59.694813,-85.232864,91.757,10.796,0.00147,-0.16318
1784707846.926,-59.697243,-84.872734,91.760,10.815,0.00121,-0.16165
1784707847.066,-59.699738,-84.514336,91.766,10.655,0.00086,-0.16068
1784707847.208,-59.702286,-84.159958,91.771,10.640,0.00047,-0.16043
1784707847.347,-59.704853,-83.804893,91.774,10.661,0.00003,-0.16074
1784707847.485,-59.707382,-83.449165,91.776,10.682,0.00073,-0.16115
1784707847.626,-59.709904,-83.092789,91.775,10.703,0.00021,-0.16157
1784707847.768,-59.712425,-82.735733,91.778,10.724,-0.00051,-0.16200
1784707847.906,-59.715004,-82.377975,91.778,10.745,-0.00124,-0.16238
1784707848.047,-59.717594,-82.019508,91.776,10.766,-0.00026,-0.16275
1784707848.189,-59.720177,-81.660278,91.771,10.792,-0.00080,-0.16314
1784707848.328,-59.722855,-81.300201,91.768,10.819,-0.00140,-0.16344
1784707848.469,-59.725590,-80.941620,91.768,10.663,-0.00215,-0.16366
1784707848.611,-59.728149,-80.586914,91.765,10.653,-0.00266,-0.16395
1784707848.751,-59.730560,-80.231346,91.758,10.679,-0.00144,-0.16428
1784707848.895,-59.732883,-79.874954,91.750,10.706,-0.00132,-0.16461
1784707849.043,-59.735180,-79.517723,91.746,10.732,-0.00115,-0.16495
1784707849.193,-59.737503,-79.159637,91.743,10.758,-0.00102,-0.16527
1784707849.333,-59.739906,-78.800652,91.739,10.787,-0.00087,-0.16551
1784707849.477,-59.742519,-78.440598,91.732,10.818,0.00042,-0.16556
1784707849.615,-59.745190,-78.081947,91.731,10.664,0.00038,-0.16554
1784707849.758,-59.747604,-77.727158,91.734,10.654,0.00026,-0.16574
1784707849.901,-59.749870,-77.371521,91.735,10.680,0.00022,-0.16604
1784707850.038,-59.752151,-77.014999,91.735,10.707,0.00119,-0.16594
1784707850.179,-59.754520,-76.657639,91.736,10.734,0.00104,-0.16531
1784707850.320,-59.756954,-76.299393,91.739,10.760,0.00073,-0.16424
1784707850.456,-59.759468,-75.940315,91.743,10.786,0.00034,-0.16306
1784707850.599,-59.762066,-75.580376,91.745,10.811,-0.00001,-0.16180
1784707850.739,-59.764690,-75.219948,91.746,10.761,0.00076,-0.16051
1784707850.879,-59.767174,-74.864052,91.747,10.639,0.00043,-0.15935
1784707851.018,-59.769539,-74.509026,91.748,10.660,0.00013,-0.15830
1784707851.161,-59.771923,-74.153313,91.751,10.680,-0.00028,-0.15724
1784707851.300,-59.774414,-73.796967,91.751,10.701,-0.00068,-0.15623
1784707851.441,-59.776932,-73.439972,91.751,10.721,0.00028,-0.15581
1784707851.583,-59.779449,-73.082291,91.749,10.742,-0.00001,-0.15607
1784707851.726,-59.781982,-72.723915,91.750,10.762,-0.00050,-0.15678
1784707851.867,-59.784538,-72.364853,91.750,10.783,-0.00097,-0.15747
1784707852.009,-59.787109,-72.005135,91.749,10.802,-0.00137,-0.15815
1784707852.150,-59.789616,-71.645088,91.745,10.750,-0.00024,-0.15890
1784707852.290,-59.792042,-71.289612,91.741,10.626,-0.00056,-0.15969
1784707852.432,-59.794437,-70.935059,91.741,10.646,-0.00100,-0.16050
1784707852.570,-59.796852,-70.579819,91.739,10.666,-0.00140,-0.16130
1784707852.712,-59.799286,-70.223969,91.736,10.685,-0.00028,-0.16194
1784707852.858,-59.801693,-69.867500,91.730,10.704,-0.00061,-0.16229
1784707852.998,-59.804073,-69.510399,91.730,10.724,-0.00117,-0.16231
1784707853.140,-59.806473,-69.152664,91.728,10.742,-0.00177,-0.16216
1784707853.282,-59.808861,-68.794304,91.724,10.760,-0.00226,-0.16202
1784707853.421,-59.811180,-68.435333,91.717,10.779,-0.00115,-0.16196
1784707853.561,-59.813438,-68.075737,91.709,10.797,-0.00147,-0.16196
1784707853.702,-59.815659,-67.715538,91.704,10.816,-0.00191,-0.16200
1784707853.843,-59.817856,-67.357109,91.699,10.654,-0.00231,-0.16205
1784707853.985,-59.820011,-67.002823,91.691,10.636,-0.00261,-0.16212
1784707854.127,-59.822056,-66.647949,91.681,10.654,-0.00140,-0.16225
1784707854.266,-59.823975,-66.292480,91.671,10.673,-0.00134,-0.16242
1784707854.407,-59.825829,-65.936440,91.665,10.692,-0.00112,-0.16257
1784707854.550,-59.827744,-65.579773,91.659,10.711,-0.00074,-0.16264
1784707854.689,-59.829681,-65.222481,91.653,10.730,0.00060,-0.16269
1784707854.829,-59.831589,-64.864548,91.649,10.749,0.00083,-0.16277
1784707854.972,-59.833473,-64.505989,91.649,10.768,0.00097,-0.16288
1784707855.111,-59.835335,-64.146797,91.653,10.786,0.00101,-0.16301
1784707855.251,-59.837166,-63.786995,91.657,10.804,0.00106,-0.16318
1784707855.393,-59.838943,-63.426918,91.660,10.750,0.00209,-0.16338
1784707855.534,-59.840721,-63.071396,91.663,10.628,0.00209,-0.16337
1784707855.675,-59.842648,-62.716732,91.671,10.650,0.00180,-0.16294
1784707855.817,-59.844711,-62.361320,91.679,10.672,0.00129,-0.16214
1784707855.960,-59.846828,-62.005241,91.685,10.693,0.00075,-0.16125
1784707856.102,-59.848938,-61.648460,91.689,10.715,0.00143,-0.16037
1784707856.243,-59.851032,-61.290962,91.692,10.737,0.00099,-0.15951
1784707856.383,-59.853081,-60.932808,91.698,10.755,0.00049,-0.15869
1784707856.524,-59.855099,-60.574036,91.702,10.773,0.00006,-0.15791
1784707856.669,-59.857109,-60.214645,91.703,10.793,0.00086,-0.15714
1784707856.809,-59.859173,-59.854546,91.701,10.814,0.00056,-0.15641
1784707856.952,-59.861294,-59.496147,91.702,10.655,0.00019,-0.15625
1784707857.094,-59.863434,-59.141785,91.703,10.639,-0.00033,-0.15682
1784707857.234,-59.865585,-58.786724,91.702,10.660,-0.00086,-0.15793
1784707857.374,-59.867722,-58.431007,91.700,10.681,0.00012,-0.15910
1784707857.522,-59.869781,-58.074665,91.697,10.700,-0.00037,-0.16035
1784707857.661,-59.871746,-57.717716,91.697,10.719,-0.00099,-0.16170
1784707857.806,-59.873688,-57.360130,91.696,10.738,-0.00152,-0.16308
1784707857.951,-59.875648,-57.001881,91.692,10.758,-0.00192,-0.16445
1784707858.088,-59.877617,-56.642960,91.685,10.778,-0.00075,-0.16582
1784707858.232,-59.879532,-56.283401,91.678,10.797,-0.00103,-0.16709
1784707858.374,-59.881447,-55.923222,91.674,10.815,-0.00145,-0.16777
1784707858.512,-59.883339,-55.564819,91.670,10.654,-0.00181,-0.16782
1784707858.652,-59.885197,-55.210518,91.664,10.636,-0.00059,-0.16755
1784707858.797,-59.886986,-54.855606,91.657,10.655,-0.00068,-0.16733
1784707858.936,-59.888771,-54.500095,91.652,10.674,-0.00075,-0.16712
1784707859.082,-59.890560,-54.144005,91.650,10.692,-0.00093,-0.16690
1784707859.225,-59.892372,-53.787308,91.647,10.711,-0.00107,-0.16667
1784707859.367,-59.894150,-53.429985,91.644,10.730,0.00012,-0.16647
1784707859.510,-59.895866,-53.072025,91.642,10.749,0.00004,-0.16634
1784707859.650,-59.897545,-52.713432,91.643,10.768,-0.00019,-0.16625
1784707859.790,-59.899239,-52.354202,91.644,10.787,-0.00041,-0.16612
1784707859.930,-59.901009,-51.994339,91.643,10.806,-0.00059,-0.16576
1784707860.074,-59.902882,-51.634205,91.642,10.752,0.00045,-0.16513
1784707860.212,-59.904800,-51.278706,91.641,10.625,0.00026,-0.16432
1784707860.353,-59.906662,-50.924229,91.644,10.641,-0.00005,-0.16355
1784707860.495,-59.908440,-50.569172,91.646,10.658,-0.00036,-0.16287
1784707860.633,-59.910194,-50.213577,91.646,10.675,0.00060,-0.16221
1784707860.773,-59.911919,-49.857433,91.645,10.693,0.00044,-0.16158
1784707860.915,-59.913666,-49.500713,91.646,10.710,0.00025,-0.16093
1784707861.055,-59.915474,-49.143406,91.648,10.729,0.00002,-0.16022
1784707861.195,-59.917366,-48.785480,91.648,10.748,-0.00020,-0.15951
1784707861.336,-59.919235,-48.426949,91.647,10.765,0.00073,-0.15912
1784707861.473,-59.921070,-48.067917,91.646,10.778,0.00058,-0.15908
1784707861.613,-59.922867,-47.708450,91.646,10.791,0.00040,-0.15927
1784707861.760,-59.924664,-47.348549,91.649,10.803,0.00018,-0.15947
1784707861.912,-59.926514,-46.988560,91.649,10.744,-0.00001,-0.15962
1784707862.052,-59.928352,-46.633366,91.649,10.614,0.00084,-0.15975
1784707862.195,-59.930199,-46.279312,91.649,10.627,0.00063,-0.15987
1784707862.334,-59.932030,-45.924721,91.653,10.642,0.00032,-0.16000
1784707862.476,-59.933891,-45.569664,91.656,10.659,0.00005,-0.16011
1784707862.617,-59.935806,-45.214153,91.658,10.673,0.00085,-0.16017
1784707862.756,-59.937714,-44.858215,91.659,10.687,0.00060,-0.16025
1784707862.895,-59.939587,-44.501812,91.661,10.701,0.00034,-0.16037
1784707863.038,-59.941460,-44.144932,91.664,10.714,0.00005,-0.16049
1784707863.178,-59.943401,-43.787617,91.666,10.727,-0.00029,-0.16055
1784707863.320,-59.945499,-43.429836,91.667,10.741,0.00059,-0.16046
1784707863.462,-59.947720,-43.071632,91.668,10.752,0.00029,-0.16025
1784707863.601,-59.949936,-42.713093,91.673,10.762,-0.00015,-0.16005
1784707863.742,-59.952065,-42.354141,91.676,10.774,-0.00058,-0.15993
1784707863.888,-59.954086,-41.994751,91.677,10.787,-0.00089,-0.15993
1784707864.028,-59.956062,-41.634930,91.677,10.800,0.00018,-0.15997
1784707864.169,-59.958065,-41.274700,91.676,10.813,0.00000,-0.15999
1784707864.312,-59.960152,-40.916500,91.677,10.641,-0.00035,-0.15992
1784707864.452,-59.962421,-40.562717,91.676,10.614,-0.00073,-0.15963
1784707864.593,-59.964874,-40.208591,91.675,10.625,0.00019,-0.15917
1784707864.734,-59.967354,-39.854240,91.673,10.632,-0.00016,-0.15868
1784707864.873,-59.969692,-39.499741,91.673,10.638,-0.00057,-0.15833
1784707865.012,-59.971928,-39.145039,91.678,10.646,-0.00112,-0.15809
1784707865.155,-59.974091,-38.790077,91.680,10.654,-0.00154,-0.15792
1784707865.294,-59.976173,-38.434853,91.679,10.661,-0.00047,-0.15783
1784707865.435,-59.978249,-38.079376,91.676,10.668,-0.00071,-0.15775
1784707865.577,-59.980431,-37.723732,91.676,10.674,-0.00106,-0.15757
1784707865.715,-59.982674,-37.367851,91.675,10.685,-0.00141,-0.15732
1784707865.855,-59.984928,-37.011574,91.671,10.697,-0.00027,-0.15707
1784707865.996,-59.987267,-36.654884,91.666,10.710,-0.00050,-0.15673
1784707866.134,-59.989670,-36.297806,91.664,10.722,-0.00083,-0.15633
1784707866.274,-59.991982,-35.940266,91.664,10.736,-0.00122,-0.15603
1784707866.422,-59.994137,-35.582253,91.662,10.749,-0.00145,-0.15589
1784707866.562,-59.996254,-35.223785,91.657,10.763,-0.00025,-0.15578
1784707866.703,-59.998367,-34.864864,91.652,10.777,-0.00039,-0.15568
1784707866.845,-60.000446,-34.505432,91.651,10.792,-0.00066,-0.15562
1784707866.988,-60.002518,-34.145416,91.652,10.809,-0.00098,-0.15557
1784707867.131,-60.004608,-33.787193,91.651,10.646,-0.00123,-0.15549
1784707867.274,-60.006630,-33.433155,91.647,10.624,-0.00006,-0.15546
1784707867.413,-60.008652,-33.078636,91.643,10.639,-0.00024,-0.15543
1784707867.557,-60.010677,-32.723652,91.644,10.654,-0.00058,-0.15540
1784707867.701,-60.012749,-32.368233,91.644,10.669,-0.00091,-0.15532
1784707867.842,-60.014862,-32.012295,91.644,10.686,0.00009,-0.15521
1784707867.985,-60.017097,-31.655855,91.641,10.700,-0.00015,-0.15497
1784707868.131,-60.019398,-31.299046,91.642,10.707,-0.00055,-0.15468
1784707868.273,-60.021446,-30.942001,91.646,10.714,-0.00100,-0.15463
1784707868.416,-60.023270,-30.584713,91.645,10.721,-0.00118,-0.15481
1784707868.561,-60.025135,-30.227230,91.642,10.728,0.00003,-0.15496
1784707868.700,-60.027145,-29.869526,91.638,10.735,-0.00014,-0.15495
1784707868.846,-60.029198,-29.511597,91.637,10.742,-0.00040,-0.15491
1784707868.990,-60.031357,-29.153381,91.636,10.751,-0.00070,-0.15476
1784707869.134,-60.033623,-28.794849,91.634,10.760,-0.00095,-0.15451
1784707869.277,-60.035919,-28.436081,91.632,10.764,0.00008,-0.15423
1784707869.420,-60.038090,-28.077251,91.631,10.768,-0.00019,-0.15407
1784707869.561,-60.040081,-27.718239,91.632,10.778,-0.00050,-0.15410
1784707869.665,-60.041050,-27.538599,91.633,10.784,-0.00067,-0.15414
1784707869.805,-60.043068,-27.179022,91.634,10.795,-0.00097,-0.15414
1784707869.951,-60.045105,-26.819056,91.633,10.807,0.00011,-0.15412
1784707870.094,-60.047119,-26.461071,91.631,10.640,-0.00007,-0.15412
1784707870.233,-60.049114,-26.107407,91.630,10.614,-0.00037,-0.15411
1784707870.375,-60.051174,-25.753368,91.631,10.627,-0.00074,-0.15404
1784707870.517,-60.053276,-25.398945,91.631,10.640,-0.00106,-0.15393
1784707870.655,-60.055252,-25.044163,91.629,10.653,0.00004,-0.15394
1784707870.795,-60.057114,-24.688818,91.625,10.673,-0.00007,-0.15408
1784707870.938,-60.058960,-24.332769,91.624,10.694,-0.00028,-0.15423
1784707871.075,-60.060806,-23.976025,91.622,10.714,-0.00044,-0.15439
1784707871.217,-60.062683,-23.618607,91.619,10.734,0.00059,-0.15452
1784707871.358,-60.064598,-23.260521,91.615,10.754,0.00049,-0.15461
1784707871.497,-60.066536,-22.901770,91.612,10.775,0.00037,-0.15469
1784707871.637,-60.068413,-22.542273,91.614,10.797,0.00014,-0.15483
1784707871.779,-60.070198,-22.182093,91.615,10.817,-0.00004,-0.15507
1784707871.920,-60.071892,-21.823605,91.614,10.658,0.00088,-0.15539
1784707872.059,-60.073536,-21.469110,91.613,10.644,0.00074,-0.15573
1784707872.201,-60.075134,-21.113831,91.617,10.666,0.00050,-0.15613
1784707872.337,-60.076813,-20.757883,91.620,10.687,0.00026,-0.15645
1784707872.438,-60.077694,-20.579670,91.621,10.698,0.00015,-0.15657
1784707872.557,-60.079498,-20.222725,91.622,10.720,0.00100,-0.15677
1784707872.700,-60.081329,-19.865028,91.622,10.744,0.00080,-0.15695
1784707872.843,-60.083248,-19.506569,91.624,10.766,0.00054,-0.15704
1784707872.983,-60.085350,-19.147404,91.629,10.786,0.00020,-0.15696
1784707873.125,-60.087559,-18.787577,91.633,10.806,-0.00021,-0.15677
1784707873.265,-60.089672,-18.427374,91.638,10.756,0.00051,-0.15668
1784707873.408,-60.091537,-18.071703,91.641,10.633,0.00024,-0.15681
1784707873.556,-60.093330,-17.716925,91.645,10.654,-0.00010,-0.15701
1784707873.706,-60.095200,-17.361395,91.650,10.678,-0.00053,-0.15714
1784707873.843,-60.097176,-17.005098,91.652,10.704,-0.00088,-0.15716
1784707873.985,-60.099319,-16.647911,91.650,10.732,0.00017,-0.15702
1784707874.130,-60.101524,-16.289822,91.647,10.761,-0.00002,-0.15683
1784707874.270,-60.103710,-15.930788,91.647,10.790,-0.00035,-0.15666
1784707874.410,-60.105965,-15.570704,91.646,10.825,-0.00067,-0.15643
1784707874.552,-60.108017,-15.211842,91.644,10.679,0.00036,-0.15639
1784707874.694,-60.109947,-14.856585,91.641,10.677,0.00023,-0.15645
1784707874.837,-60.111870,-14.500143,91.640,10.715,0.00005,-0.15653
1784707874.979,-60.113907,-14.142406,91.641,10.755,-0.00028,-0.15650
1784707875.120,-60.116020,-13.783382,91.641,10.796,-0.00058,-0.15641
1784707875.263,-60.118065,-13.422930,91.643,10.840,0.00035,-0.15639
1784707875.405,-60.119965,-13.063327,91.641,10.704,0.00021,-0.15650
1784707875.546,-60.121895,-12.706943,91.640,10.714,0.00002,-0.15658
1784707875.688,-60.123817,-12.348968,91.644,10.763,-0.00037,-0.15666
1784707875.831,-60.125793,-11.989415,91.645,10.811,-0.00068,-0.15671
1784707875.970,-60.127815,-11.628630,91.643,10.786,0.00038,-0.15671
1784707876.114,-60.129757,-11.271511,91.641,10.689,0.00022,-0.15677
1784707876.256,-60.131638,-10.914420,91.642,10.735,0.00001,-0.15690
1784707876.394,-60.133583,-10.555737,91.642,10.782,-0.00026,-0.15697
1784707876.537,-60.135612,-10.195568,91.642,10.827,-0.00051,-0.15696
1784707876.682,-60.137619,-9.836344,91.640,10.690,0.00049,-0.15697
1784707876.818,-60.139610,-9.480412,91.637,10.698,0.00032,-0.15698
1784707876.958,-60.141594,-9.123013,91.639,10.742,0.00007,-0.15700
1784707877.099,-60.143528,-8.764233,91.640,10.781,-0.00022,-0.15708
1784707877.239,-60.145309,-8.404222,91.640,10.819,-0.00042,-0.15732
1784707877.379,-60.146950,-8.045371,91.639,10.675,0.00063,-0.15770
1784707877.519,-60.148628,-7.690059,91.636,10.675,0.00054,-0.15801
1784707877.656,-60.150452,-7.333549,91.637,10.711,0.00031,-0.15819
1784707877.798,-60.152351,-6.975879,91.638,10.746,0.00011,-0.15830
1784707877.939,-60.154297,-6.617086,91.637,10.781,0.00099,-0.15837
1784707878.077,-60.156242,-6.257148,91.636,10.816,0.00082,-0.15844
1784707878.219,-60.158127,-5.896412,91.636,10.774,0.00062,-0.15859
1784707878.361,-60.159821,-5.539957,91.641,10.660,0.00033,-0.15889
1784707878.500,-60.161369,-5.184101,91.643,10.691,0.00019,-0.15934
1784707878.641,-60.162781,-4.827148,91.642,10.725,0.00120,-0.15994
1784707878.781,-60.164291,-4.469159,91.639,10.756,0.00124,-0.16044
1784707878.918,-60.165962,-4.110183,91.638,10.785,0.00124,-0.16078
1784707879.057,-60.167816,-3.750246,91.641,10.814,0.00108,-0.16095
1784707879.198,-60.169773,-3.389703,91.643,10.768,0.00094,-0.16101
1784707879.336,-60.171631,-3.033516,91.644,10.650,0.00186,-0.16116
1784707879.477,-60.173286,-2.678073,91.647,10.676,0.00171,-0.16150
1784707879.616,-60.174805,-2.321632,91.654,10.706,0.00149,-0.16198
1784707879.753,-60.176308,-1.964237,91.659,10.736,0.00134,-0.16248
1784707879.894,-60.177959,-1.605838,91.663,10.766,0.00119,-0.16284
1784707880.033,-60.179733,-1.246547,91.667,10.792,0.00210,-0.16309
1784707880.168,-60.181702,-0.886382,91.670,10.818,0.00190,-0.16314
1784707880.309,-60.183655,-0.527756,91.678,10.662,0.00161,-0.16320
1784707880.452,-60.185616,-0.173095,91.686,10.649,0.00136,-0.16323
1784707880.588,-60.187607,0.182324,91.692,10.672,0.00225,-0.16324
1784707880.730,-60.189606,0.538475,91.698,10.694,0.00186,-0.16324
1784707880.870,-60.191597,0.895325,91.705,10.716,0.00116,-0.16325
1784707881.006,-60.193657,1.252871,91.714,10.737,0.00022,-0.16320
1784707881.148,-60.195793,1.611132,91.719,10.759,-0.00083,-0.16314
1784707881.289,-60.197960,1.970111,91.720,10.780,-0.00009,-0.16321
1784707881.427,-60.200134,2.329769,91.718,10.800,-0.00093,-0.16342
1784707881.567,-60.202335,2.690071,91.717,10.819,-0.00164,-0.16367
1784707881.706,-60.204533,3.048633,91.714,10.658,-0.00209,-0.16392
1784707881.845,-60.206673,3.403114,91.706,10.642,-0.00236,-0.16419
1784707881.985,-60.208725,3.758210,91.697,10.661,-0.00110,-0.16456
1784707882.124,-60.210682,4.113905,91.688,10.680,-0.00125,-0.16503
1784707882.263,-60.212601,4.470191,91.682,10.699,-0.00149,-0.16553
1784707882.401,-60.214531,4.827098,91.677,10.718,-0.00155,-0.16603
1784707882.543,-60.216450,5.184637,91.671,10.737,-0.00014,-0.16655
1784707882.680,-60.218307,5.542801,91.664,10.756,0.00005,-0.16713
1784707882.824,-60.220139,5.901619,91.662,10.776,0.00009,-0.16775
1784707882.962,-60.221916,6.261127,91.663,10.798,-0.00012,-0.16861
1784707883.102,-60.223701,6.621372,91.663,10.820,-0.00051,-0.16968
1784707883.243,-60.225517,6.979965,91.662,10.661,0.00039,-0.17073
1784707883.385,-60.227318,7.334556,91.661,10.647,-0.00004,-0.17088
1784707883.524,-60.229122,7.689877,91.662,10.669,-0.00067,-0.17002
1784707883.667,-60.230927,8.045900,91.663,10.692,-0.00123,-0.16836
1784707883.805,-60.232773,8.402617,91.660,10.714,-0.00164,-0.16665
1784707883.946,-60.234695,8.760107,91.655,10.739,-0.00051,-0.16487
1784707884.086,-60.236549,9.118424,91.651,10.762,-0.00084,-0.16335
1784707884.227,-60.238258,9.477509,91.650,10.784,-0.00125,-0.16245
1784707884.365,-60.239906,9.837337,91.647,10.806,-0.00152,-0.16209
1784707884.511,-60.241585,10.197577,91.642,10.756,-0.00172,-0.16186
1784707884.649,-60.243240,10.553326,91.636,10.635,-0.00051,-0.16164
1784707884.787,-60.244873,10.908242,91.629,10.658,-0.00073,-0.16143
1784707884.926,-60.246521,11.263986,91.626,10.682,-0.00105,-0.16134
1784707885.069,-60.248211,11.620472,91.623,10.706,-0.00135,-0.16163
1784707885.205,-60.249901,11.977699,91.618,10.729,-0.00016,-0.16236
1784707885.346,-60.251545,12.335625,91.612,10.750,-0.00036,-0.16339
1784707885.486,-60.253056,12.694279,91.609,10.773,-0.00064,-0.16449
1784707885.626,-60.254524,13.053708,91.609,10.796,-0.00098,-0.16510
1784707885.770,-60.256042,13.413918,91.607,10.819,-0.00124,-0.16508
1784707885.909,-60.257534,13.772512,91.603,10.663,-0.00004,-0.16468
1784707886.057,-60.258972,14.127158,91.598,10.650,-0.00026,-0.16427
1784707886.205,-60.260384,14.482595,91.596,10.674,-0.00053,-0.16390
1784707886.346,-60.261795,14.838806,91.596,10.698,-0.00089,-0.16356
1784707886.483,-60.263237,15.195789,91.594,10.722,-0.00118,-0.16328
1784707886.623,-60.264656,15.553572,91.590,10.747,0.00007,-0.16311
1784707886.762,-60.266018,15.912178,91.586,10.771,0.00020,-0.16303
1784707886.901,-60.267365,16.271599,91.585,10.795,0.00041,-0.16297
1784707887.041,-60.268745,16.631824,91.585,10.819,0.00065,-0.16287
1784707887.183,-60.270149,16.990454,91.586,10.662,0.00177,-0.16275
1784707887.321,-60.271538,17.345139,91.587,10.649,0.00193,-0.16263
1784707887.464,-60.272942,17.700596,91.591,10.671,0.00201,-0.16250
1784707887.602,-60.274349,18.056717,91.599,10.691,0.00199,-0.16237
1784707887.741,-60.275734,18.413465,91.607,10.711,0.00199,-0.16226
1784707887.882,-60.277138,18.770790,91.613,10.728,0.00302,-0.16214
1784707888.025,-60.278694,19.128687,91.619,10.745,0.00302,-0.16186
1784707888.161,-60.280354,19.487158,91.629,10.762,0.00291,-0.16148
1784707888.302,-60.282082,19.846195,91.640,10.779,0.00272,-0.16104
1784707888.442,-60.283836,20.205786,91.651,10.797,0.00256,-0.16057
1784707888.580,-60.285553,20.565943,91.661,10.815,0.00349,-0.16014
1784707888.719,-60.287266,20.924313,91.670,10.655,0.00337,-0.15971
1784707888.859,-60.289101,21.278616,91.681,10.639,0.00313,-0.15915
1784707888.998,-60.291168,21.633589,91.695,10.661,0.00277,-0.15835
1784707889.142,-60.293369,21.989218,91.708,10.682,0.00244,-0.15742
1784707889.279,-60.295555,22.345509,91.718,10.703,0.00324,-0.15682
1784707889.418,-60.297733,22.702492,91.728,10.725,0.00298,-0.15690
1784707889.559,-60.299934,23.060244,91.743,10.748,0.00257,-0.15769
1784707889.701,-60.302319,23.418808,91.757,10.771,0.00217,-0.15855
1784707889.839,-60.304962,23.778166,91.769,10.795,0.00288,-0.15916
1784707889.980,-60.307720,24.138378,91.780,10.819,0.00246,-0.15966
1784707890.117,-60.310471,24.497055,91.792,10.664,0.00204,-0.16016
1784707890.253,-60.313118,24.851885,91.804,10.654,0.00157,-0.16072
1784707890.393,-60.315788,25.207588,91.814,10.680,0.00092,-0.16127
1784707890.531,-60.318542,25.564140,91.821,10.707,0.00142,-0.16175
1784707890.669,-60.321411,25.921515,91.826,10.732,0.00045,-0.16211
1784707890.807,-60.324501,26.279640,91.828,10.754,-0.00072,-0.16226
1784707890.945,-60.327667,26.638533,91.829,10.777,-0.00199,-0.16235
1784707891.081,-60.330811,26.998056,91.827,10.793,-0.00308,-0.16246
1784707891.223,-60.333641,27.358088,91.819,10.809,-0.00220,-0.16289
1784707891.360,-60.336277,27.716221,91.806,10.643,-0.00280,-0.16349
1784707891.495,-60.338898,28.070118,91.796,10.621,-0.00353,-0.16407
1784707891.633,-60.341553,28.424480,91.784,10.635,-0.00417,-0.16463
1784707891.774,-60.344181,28.779274,91.768,10.649,-0.00308,-0.16521
1784707891.910,-60.346600,29.134476,91.751,10.664,-0.00341,-0.16601
1784707892.050,-60.348755,29.490120,91.734,10.678,-0.00350,-0.16707
1784707892.190,-60.350708,29.846260,91.720,10.694,-0.00347,-0.16834
1784707892.328,-60.352680,30.202961,91.704,10.712,-0.00331,-0.16960
1784707892.468,-60.354713,30.560226,91.688,10.729,-0.00185,-0.17080
1784707892.608,-60.356728,30.918034,91.675,10.745,-0.00183,-0.17202
1784707892.745,-60.358643,31.276398,91.666,10.762,-0.00195,-0.17335
1784707892.885,-60.360485,31.635315,91.658,10.779,-0.00205,-0.17466
1784707893.024,-60.362225,31.994814,91.651,10.797,-0.00068,-0.17527
1784707893.164,-60.363831,32.354950,91.643,10.815,-0.00035,-0.17495
1784707893.302,-60.365372,32.713318,91.638,10.655,0.00024,-0.17383
1784707893.437,-60.366920,33.067692,91.638,10.641,0.00076,-0.17256
1784707893.578,-60.368645,33.422821,91.638,10.663,0.00120,-0.17112
1784707893.718,-60.370407,33.778709,91.641,10.688,0.00238,-0.16964
1784707893.857,-60.372116,34.135345,91.646,10.712,0.00272,-0.16821
1784707893.993,-60.373833,34.492767,91.653,10.735,0.00297,-0.16678
1784707894.133,-60.375618,34.850975,91.665,10.759,0.00310,-0.16528
1784707894.271,-60.377533,35.209988,91.676,10.784,0.00322,-0.16365
1784707894.409,-60.379543,35.569798,91.687,10.808,0.00425,-0.16194
1784707894.546,-60.381607,35.930084,91.700,10.760,0.00429,-0.16044
1784707894.681,-60.383736,36.285934,91.714,10.641,0.00415,-0.15930
1784707894.817,-60.385990,36.641037,91.731,10.666,0.00382,-0.15842
1784707894.954,-60.388367,36.997028,91.748,10.692,0.00345,-0.15750
1784707895.093,-60.390823,37.353836,91.763,10.718,0.00422,-0.15652
1784707895.228,-60.393356,37.711479,91.776,10.744,0.00388,-0.15545
1784707895.366,-60.395954,38.070004,91.794,10.772,0.00345,-0.15433
1784707895.503,-60.398682,38.429466,91.810,10.799,0.00303,-0.15308
1784707895.641,-60.401539,38.789848,91.824,10.828,0.00265,-0.15209
1784707895.779,-60.404484,39.148815,91.836,10.676,0.00342,-0.15204
1784707895.917,-60.407516,39.504002,91.847,10.670,0.00301,-0.15295
1784707896.054,-60.410614,39.860214,91.862,10.701,0.00249,-0.15442
1784707896.191,-60.413757,40.217434,91.875,10.732,0.00179,-0.15585
1784707896.329,-60.416965,40.575638,91.885,10.763,0.00229,-0.15723
1784707896.465,-60.420235,40.934868,91.892,10.795,0.00131,-0.15856
1784707896.600,-60.423615,41.295151,91.899,10.826,0.00031,-0.15980
1784707896.742,-60.427101,41.654083,91.906,10.676,-0.00095,-0.16091
1784707896.880,-60.430611,42.009285,91.908,10.670,-0.00217,-0.16195
1784707897.018,-60.434059,42.365513,91.905,10.701,-0.00148,-0.16307
1784707897.154,-60.437420,42.722767,91.898,10.733,-0.00233,-0.16423
1784707897.289,-60.440674,43.081032,91.893,10.765,-0.00292,-0.16524
1784707897.427,-60.443916,43.440338,91.885,10.796,-0.00274,-0.16597
1784707897.568,-60.447144,43.800697,91.873,10.828,-0.00189,-0.16654
1784707897.702,-60.450329,44.159706,91.861,10.677,0.00003,-0.16713
1784707897.838,-60.453491,44.514980,91.853,10.672,0.00060,-0.16770
1784707897.977,-60.456665,44.871273,91.853,10.701,0.00095,-0.16826
1784707898.117,-60.459808,45.228470,91.856,10.729,0.00123,-0.16887
1784707898.254,-60.462906,45.586563,91.860,10.757,0.00237,-0.16953
1784707898.390,-60.466026,45.945564,91.864,10.785,0.00263,-0.17018
1784707898.524,-60.469231,46.305496,91.872,10.813,0.00277,-0.17075
1784707898.663,-60.472515,46.666016,91.883,10.767,0.00281,-0.17115
1784707898.801,-60.475868,47.022167,91.893,10.649,0.00284,-0.17059
1784707898.939,-60.479286,47.377598,91.904,10.676,0.00381,-0.16898
1784707899.082,-60.482742,47.733952,91.915,10.702,0.00385,-0.16659
1784707899.230,-60.486259,48.091095,91.929,10.727,0.00384,-0.16403
1784707899.365,-60.489834,48.449039,91.944,10.752,0.00376,-0.16142
1784707899.505,-60.493549,48.807800,91.959,10.776,0.00368,-0.15866
1784707899.645,-60.497406,49.167370,91.973,10.800,0.00461,-0.15577
1784707899.780,-60.501369,49.527405,91.988,10.752,0.00447,-0.15281
1784707899.915,-60.505371,49.883026,92.007,10.633,0.00417,-0.15063
1784707900.053,-60.509445,50.237858,92.026,10.656,0.00385,-0.15006
1784707900.188,-60.513599,50.593517,92.042,10.680,0.00359,-0.15091
1784707900.328,-60.517845,50.949928,92.056,10.705,0.00440,-0.15221
1784707900.466,-60.522209,51.307137,92.070,10.730,0.00393,-0.15340
1784707900.601,-60.526707,51.665123,92.088,10.754,0.00311,-0.15448
1784707900.737,-60.531372,52.023914,92.104,10.778,0.00220,-0.15539
1784707900.875,-60.536140,52.383499,92.116,10.801,0.00270,-0.15622
1784707901.011,-60.540943,52.743546,92.125,10.753,0.00194,-0.15702
1784707901.149,-60.545685,53.099152,92.133,10.633,0.00117,-0.15781
1784707901.287,-60.550465,53.453960,92.142,10.656,0.00039,-0.15855
1784707901.421,-60.555336,53.809582,92.147,10.680,-0.00036,-0.15927
1784707901.561,-60.560249,54.165947,92.148,10.704,0.00036,-0.16011
1784707901.701,-60.565140,54.523079,92.148,10.727,-0.00024,-0.16113
1784707901.835,-60.570015,54.881001,92.149,10.751,-0.00097,-0.16225
1784707901.975,-60.574913,55.239704,92.149,10.774,-0.00137,-0.16337
1784707902.113,-60.579830,55.599197,92.145,10.798,-0.00136,-0.16448
1784707902.249,-60.584732,55.959473,92.139,10.822,0.00009,-0.16562
1784707902.385,-60.589569,56.318146,92.133,10.665,0.00027,-0.16679
1784707902.523,-60.594315,56.672863,92.133,10.652,0.00028,-0.16799
1784707902.657,-60.599075,57.028343,92.134,10.675,0.00029,-0.16919
1784707902.794,-60.603851,57.384544,92.134,10.698,0.00128,-0.17039
1784707902.931,-60.608627,57.741455,92.134,10.720,0.00129,-0.17140
1784707903.066,-60.613441,58.099083,92.136,10.742,0.00124,-0.17163
1784707903.206,-60.618301,58.457451,92.141,10.764,0.00112,-0.17096
1784707903.345,-60.623219,58.816559,92.145,10.787,0.00102,-0.16972
1784707903.480,-60.628117,59.176453,92.149,10.810,0.00197,-0.16849
1784707903.619,-60.632946,59.536770,92.152,10.760,0.00196,-0.16733
1784707903.757,-60.637680,59.892616,92.157,10.640,0.00193,-0.16621
1784707903.894,-60.642479,60.247665,92.164,10.664,0.00183,-0.16503
1784707904.028,-60.647404,60.603539,92.170,10.687,0.00173,-0.16373
1784707904.166,-60.652428,60.960129,92.175,10.710,0.00267,-0.16234
1784707904.302,-60.657532,61.317448,92.181,10.733,0.00254,-0.16087
1784707904.437,-60.662682,61.675499,92.190,10.755,0.00231,-0.15946
1784707904.574,-60.667854,62.034370,92.202,10.782,0.00202,-0.15870
1784707904.707,-60.673203,62.394096,92.213,10.806,0.00174,-0.15856
1784707904.846,-60.678680,62.754211,92.223,10.753,0.00252,-0.15886
1784707904.985,-60.683887,63.109810,92.232,10.629,0.00182,-0.15943
1784707905.118,-60.688957,63.464527,92.241,10.652,0.00024,-0.16012
1784707905.254,-60.694153,63.820019,92.247,10.676,-0.00281,-0.16070
1784707905.389,-60.699608,64.176231,92.248,10.700,-0.00332,-0.16103
1784707905.525,-60.705101,64.533188,92.237,10.723,-0.00618,-0.16133
1784707905.661,-60.710529,64.890968,92.216,10.750,-0.00856,-0.16171
1784707905.796,-60.715927,65.249710,92.189,10.779,-0.01065,-0.16214
1784707905.931,-60.721275,65.609314,92.155,10.801,-0.01240,-0.16265
1784707906.066,-60.726189,65.969215,92.113,10.748,-0.01172,-0.16370
1784707906.202,-60.730484,66.324486,92.069,10.621,-0.01286,-0.16545
1784707906.337,-60.734215,66.678909,92.024,10.642,-0.01380,-0.16788
1784707906.473,-60.737793,67.034126,91.973,10.666,-0.01438,-0.17050
1784707906.611,-60.741169,67.390038,91.918,10.689,-0.01301,-0.17334
1784707906.745,-60.744270,67.746681,91.861,10.711,-0.01328,-0.17646
1784707906.881,-60.747078,68.104118,91.803,10.737,-0.01341,-0.17989
1784707907.018,-60.749630,68.462463,91.749,10.763,-0.01353,-0.18359
1784707907.154,-60.751907,68.821678,91.693,10.789,-0.01350,-0.18759
1784707907.296,-60.753883,69.181633,91.636,10.808,-0.01181,-0.19189
1784707907.431,-60.755287,69.541840,91.581,10.754,-0.01155,-0.19667
1784707907.566,-60.756157,69.897461,91.530,10.631,-0.01131,-0.20011
1784707907.704,-60.756813,70.252182,91.484,10.651,-0.01114,-0.20026
1784707907.839,-60.757317,70.607620,91.437,10.671,-0.01090,-0.19748
1784707907.973,-60.757553,70.963669,91.392,10.690,-0.00920,-0.19404
1784707908.110,-60.757507,71.320320,91.348,10.709,-0.00890,-0.19087
1784707908.246,-60.757195,71.677589,91.311,10.728,-0.00875,-0.18797
1784707908.380,-60.756668,72.035500,91.275,10.747,-0.00857,-0.18527
1784707908.517,-60.755913,72.394020,91.239,10.766,-0.00887,-0.18280
1784707908.653,-60.754921,72.753174,91.204,10.784,-0.00784,-0.18055
1784707908.788,-60.753708,73.112953,91.169,10.803,-0.00931,-0.17853
1784707908.922,-60.752274,73.473038,91.137,10.750,-0.01103,-0.17672
1784707909.060,-60.750679,73.828491,91.101,10.623,-0.01377,-0.17511
1784707909.193,-60.748894,74.182861,91.056,10.638,-0.01471,-0.17370
1784707909.328,-60.746838,74.537773,91.002,10.653,-0.02105,-0.17256
1784707909.464,-60.744385,74.893158,90.938,10.670,-0.02832,-0.17182
1784707909.600,-60.741314,75.249054,90.859,10.684,-0.03550,-0.17168
1784707909.735,-60.737541,75.605408,90.745,10.698,-0.04498,-0.17224
1784707909.873,-60.732918,75.962204,90.602,10.711,-0.04988,-0.17365
1784707910.008,-60.727242,76.319443,90.426,10.725,-0.06488,-0.17611
1784707910.146,-60.720333,76.677124,90.228,10.739,-0.08046,-0.17980
1784707910.284,-60.711998,77.035164,89.970,10.750,-0.09339,-0.18491
1784707910.418,-60.701752,77.393494,89.642,10.760,-0.10477,-0.19193
1784707910.555,-60.689056,77.752075,89.262,10.769,-0.10765,-0.20139
1784707910.695,-60.673561,78.110817,88.840,10.777,-0.05545,-0.21366
1784707910.827,-60.655144,78.468742,88.403,10.589,-0.06608,-0.22885
1784707910.967,-60.635033,78.810883,88.077,9.950,-0.06952,-0.24588
1784707911.107,-60.614727,79.132355,87.883,9.372,-0.06429,-0.26235
1784707911.241,-60.595490,79.436493,87.619,8.896,-0.08955,-0.27631
1784707911.379,-60.575706,79.726295,87.370,8.511,-0.08371,-0.28958
1784707911.514,-60.554836,80.004219,87.116,8.193,-0.11346,-0.30320
1784707911.655,-60.533386,80.272423,86.838,7.936,-0.12661,-0.31767
1784707911.793,-60.511074,80.532570,86.524,7.721,-0.11989,-0.33116
1784707911.932,-60.487831,80.786331,86.166,7.603,-0.13168,-0.34211
1784707912.065,-60.462856,81.038971,85.798,7.620,-0.14480,-0.35114
1784707912.207,-60.436150,81.291908,85.406,7.634,-0.17996,-0.35792
1784707912.343,-60.407673,81.544968,84.969,7.645,-0.19301,-0.36466
1784707912.478,-60.376999,81.797966,84.466,7.649,-0.20380,-0.37359
1784707912.616,-60.343781,82.050774,83.907,7.650,-0.21252,-0.38215
1784707912.751,-60.307739,82.303284,83.297,7.656,-0.19731,-0.47194
1784707912.886,-60.268791,82.555626,82.695,7.664,-0.20486,-0.51266
1784707913.024,-60.227211,82.807877,82.096,7.674,-0.18749,-0.70916
1784707913.161,-60.183041,83.059982,81.490,7.685,-0.28706,-0.37544
1784707913.294,-60.136166,83.311981,80.901,7.682,-0.30031,-0.36838
1784707913.430,-60.086643,83.562462,80.078,7.641,-0.30173,-0.36351
1784707913.569,-60.032814,83.811157,79.155,7.627,-0.29684,-0.36533
1784707913.704,-59.973824,84.058365,78.263,7.618,-0.30668,-0.36422
1784707913.843,-59.911354,84.304474,77.378,7.614,-0.30212,-0.36582
1784707913.981,-59.845718,84.549507,76.491,7.605,-0.29748,-0.36768
1784707914.116,-59.776665,84.793312,75.613,7.599,-0.29322,-0.37637
1784707914.254,-59.703911,85.035820,74.755,7.592,-0.28972,-0.39301
1784707914.392,-59.627609,85.276985,73.904,7.582,-0.28642,-0.41638
1784707914.529,-59.547859,85.516716,73.042,7.575,-0.29375,-0.36843
1784707914.669,-59.464527,85.755043,72.195,7.570,-0.29764,-0.35952
1784707914.809,-59.377785,85.991875,71.346,7.560,-0.29067,-0.35615
1784707914.946,-59.287685,86.227066,70.481,7.552,-0.28241,-0.35447
1784707915.085,-59.194038,86.460678,69.638,7.546,-0.27467,-0.36110
1784707915.227,-59.097069,86.692764,68.807,7.542,-0.26712,-0.37613
1784707915.363,-58.996887,86.923386,68.000,7.541,-0.27316,-0.34247
1784707915.502,-58.893604,87.152618,67.217,7.541,-0.26810,-0.34257
1784707915.644,-58.787357,87.380417,66.436,7.538,-0.27484,-0.32956
1784707915.779,-58.678089,87.606705,65.662,7.535,-0.26976,-0.32258
1784707915.920,-58.565777,87.831284,64.871,7.527,-0.27307,-0.31634
1784707916.063,-58.450405,88.054031,64.076,7.522,-0.26538,-0.31102
1784707916.199,-58.331974,88.274986,63.295,7.517,-0.25786,-0.30679
1784707916.339,-58.210701,88.494278,62.533,7.516,-0.25131,-0.30285
1784707916.481,-58.086700,88.711983,61.792,7.513,-0.24610,-0.30202
1784707916.618,-57.960068,88.928017,61.056,7.510,-0.25413,-0.29300
1784707916.759,-57.830715,89.142365,60.337,7.509,-0.26087,-0.28764
1784707916.901,-57.698792,89.354950,59.613,7.501,-0.25513,-0.28409
1784707917.039,-57.564323,89.565613,58.863,7.494,-0.24835,-0.28343
1784707917.182,-57.427048,89.774330,58.132,7.493,-0.24273,-0.28419
1784707917.323,-57.287140,89.981247,57.425,7.493,-0.23955,-0.28491
1784707917.462,-57.144867,90.186569,56.735,7.494,-0.23977,-0.28571
1784707917.603,-57.000259,90.390228,56.051,7.489,-0.26074,-0.28450
1784707917.745,-56.853340,90.591980,55.348,7.484,-0.26438,-0.28379
1784707917.883,-56.703972,90.791557,54.617,7.472,-0.26634,-0.28325
1784707918.024,-56.552120,90.988792,53.863,7.460,-0.27892,-0.28273
1784707918.166,-56.397785,91.183556,53.084,7.449,-0.26210,-0.28251
1784707918.305,-56.240974,91.375885,52.295,7.439,-0.25782,-0.28338
1784707918.445,-56.081711,91.565918,51.528,7.436,-0.25481,-0.28559
1784707918.585,-55.920094,91.753784,50.784,7.431,-0.26922,-0.28875
1784707918.725,-55.756310,91.939568,50.045,7.427,-0.26904,-0.29257
1784707918.865,-55.590309,92.123032,49.291,7.419,-0.26765,-0.29632
1784707919.005,-55.421944,92.304062,48.531,7.414,-0.26527,-0.29957
1784707919.145,-55.251160,92.482567,47.780,7.410,-0.27603,-0.30190
1784707919.286,-55.078205,92.658730,47.030,7.400,-0.27269,-0.30389
1784707919.428,-54.903290,92.832359,46.248,7.386,-0.26694,-0.30785
1784707919.568,-54.726242,93.003265,45.456,7.378,-0.25976,-0.31523
1784707919.709,-54.546864,93.171471,44.689,7.375,-0.25290,-0.32472
1784707919.852,-54.365410,93.337379,43.945,7.377,-0.23227,-0.43521
1784707919.991,-54.181931,93.501160,43.240,7.378,-0.22734,-0.47345
1784707920.135,-53.996529,93.662933,42.567,7.383,-0.22388,-0.51228
1784707920.276,-53.809235,93.822739,41.919,7.390,-0.26654,-0.31438
1784707920.415,-53.620068,93.980576,41.287,7.386,-0.27120,-0.30554
1784707920.555,-53.429420,94.135880,40.538,7.369,-0.26978,-0.29851
1784707920.699,-53.236668,94.288017,39.744,7.365,-0.26536,-0.29528
1784707920.836,-53.041447,94.436890,38.972,7.364,-0.26075,-0.29709
1784707920.979,-52.844353,94.583244,38.208,7.363,-0.26750,-0.28972
1784707921.119,-52.645580,94.727249,37.457,7.363,-0.26101,-0.28588
1784707921.259,-52.445160,94.868813,36.709,7.361,-0.26280,-0.28132
1784707921.401,-52.242981,95.007820,35.970,7.360,-0.25420,-0.27716
1784707921.544,-52.039021,95.144104,35.230,7.359,-0.24392,-0.27428
1784707921.684,-51.833263,95.277748,34.512,7.363,-0.23417,-0.27262
1784707921.827,-51.625736,95.408958,33.823,7.367,-0.23473,-0.27199
1784707921.976,-51.416611,95.537918,33.150,7.374,-0.22770,-0.27187
1784707922.113,-51.205879,95.664658,32.491,7.381,-0.22129,-0.27241
1784707922.255,-50.993462,95.789124,31.850,7.392,-0.21543,-0.27374
1784707922.400,-50.779297,95.911392,31.227,7.403,-0.21010,-0.27585
1784707922.540,-50.563511,96.031509,30.604,7.415,-0.20474,-0.27960
1784707922.686,-50.346050,96.149490,29.998,7.429,-0.20061,-0.29105
1784707922.825,-50.126961,96.265457,29.406,7.444,-0.19775,-0.30925
1784707922.962,-49.906364,96.379562,28.827,7.460,-0.22201,-0.26882
1784707923.105,-49.684208,96.491814,28.271,7.473,-0.23935,-0.26052
1784707923.247,-49.460785,96.602028,27.657,7.475,-0.24411,-0.25199
1784707923.385,-49.236042,96.709579,26.968,7.475,-0.26569,-0.24520
1784707923.526,-49.009640,96.813873,26.253,7.481,-0.27072,-0.24153
1784707923.669,-48.781754,96.915154,25.509,7.483,-0.27566,-0.24014
1784707923.810,-48.552509,97.013565,24.742,7.487,-0.27971,-0.24096
1784707923.949,-48.321865,97.108917,23.960,7.485,-0.28305,-0.24447
1784707924.090,-48.089993,97.201004,23.137,7.484,-0.28390,-0.25096
1784707924.225,-47.856735,97.289581,22.310,7.485,-0.29914,-0.25837
1784707924.369,-47.622139,97.374710,21.479,7.488,-0.29668,-0.26656
1784707924.518,-47.386368,97.456551,20.630,7.487,-0.29218,-0.27530
1784707924.655,-47.149422,97.534950,19.777,7.485,-0.29687,-0.28464
1784707924.791,-46.911346,97.609688,18.923,7.485,-0.28806,-0.29513
1784707924.932,-46.672169,97.680779,18.075,7.486,-0.27766,-0.30695
1784707925.065,-46.431870,97.748398,17.246,7.489,-0.27621,-0.31912
1784707925.203,-46.190491,97.812698,16.436,7.497,-0.26747,-0.33085
1784707925.341,-45.948013,97.873817,15.646,7.505,-0.25962,-0.34264
1784707925.475,-45.704445,97.931770,14.879,7.516,-0.25279,-0.35418
1784707925.611,-45.459763,97.986755,14.135,7.530,-0.23447,-0.41125
1784707925.748,-45.213959,98.038750,13.411,7.544,-0.22799,-0.44648
1784707925.883,-44.966972,98.087898,12.718,7.563,-0.25295,-0.48401
1784707926.025,-44.718750,98.134399,12.053,7.613,-0.24186,-0.67824
1784707926.164,-44.466221,98.178856,11.360,7.787,-0.23135,-0.72976
1784707926.299,-44.206902,98.221184,10.607,7.984,-0.22105,-0.32865
1784707926.436,-43.940624,98.260635,9.893,8.173,-0.20508,-0.31367
1784707926.575,-43.667870,98.297707,9.194,8.353,-0.19041,-0.29883
1784707926.708,-43.388893,98.332542,8.528,8.525,-0.17482,-0.28547
1784707926.850,-43.103989,98.365051,7.902,8.689,-0.15995,-0.27347
1784707926.989,-42.813461,98.395302,7.315,8.844,-0.14588,-0.26286
1784707927.122,-42.517616,98.423279,6.770,8.993,-0.13380,-0.25455
1784707927.261,-42.216705,98.449081,6.264,9.134,-0.12230,-0.24875
1784707927.397,-41.911102,98.472855,5.793,9.264,-0.10973,-0.24290
1784707927.528,-41.601147,98.494606,5.360,9.386,-0.09960,-0.23389
1784707927.664,-41.287071,98.514420,4.963,9.502,-0.08949,-0.22105
1784707927.801,-40.969135,98.532455,4.599,9.611,-0.08010,-0.20603
1784707927.940,-40.647678,98.548836,4.269,9.688,-0.07147,-0.19221
1784707928.077,-40.324799,98.563614,3.972,9.710,-0.06392,-0.18000
1784707928.215,-40.001110,98.576942,3.706,9.732,-0.05686,-0.16926
1784707928.349,-39.676605,98.588959,3.467,9.754,-0.05091,-0.15983
1784707928.489,-39.351307,98.599792,3.255,9.776,-0.04625,-0.15159
1784707928.637,-39.025253,98.609589,3.064,9.798,-0.04249,-0.14439
1784707928.771,-38.698452,98.618408,2.891,9.819,-0.03830,-0.13819
1784707928.908,-38.370934,98.626320,2.732,9.839,-0.03514,-0.13318
1784707929.046,-38.042702,98.633362,2.587,9.860,-0.03223,-0.12971
1784707929.185,-37.713726,98.639648,2.455,9.882,-0.02870,-0.12758
1784707929.323,-37.384029,98.645279,2.334,9.903,-0.02622,-0.12648
1784707929.461,-37.053604,98.650284,2.226,9.924,-0.02403,-0.12601
1784707929.596,-36.722462,98.654724,2.127,9.946,-0.02104,-0.12611
1784707929.771,-36.390598,98.658676,2.037,9.968,-0.01917,-0.12672
1784707929.910,-36.058006,98.662155,1.956,9.990,-0.01753,-0.12780
1784707930.048,-35.724678,98.665192,1.884,10.012,-0.01498,-0.12934
1784707930.185,-35.390610,98.667885,1.816,10.033,-0.01360,-0.13123
1784707930.327,-35.055874,98.670250,1.759,10.053,-0.01242,-0.13346
1784707930.461,-34.720474,98.672310,1.707,10.073,-0.01018,-0.13601
1784707930.596,-34.384407,98.674095,1.660,10.093,-0.00900,-0.13884
1784707930.735,-34.047676,98.675613,1.620,10.113,-0.00796,-0.14194
1784707930.871,-33.710285,98.676941,1.586,10.133,-0.00592,-0.14522
1784707931.007,-33.372219,98.678108,1.555,10.154,-0.00511,-0.14807
1784707931.145,-33.033443,98.679085,1.533,10.175,-0.00453,-0.14961
1784707931.281,-32.693962,98.679916,1.513,10.196,-0.00280,-0.14993
1784707931.418,-32.353764,98.680649,1.495,10.217,-0.00229,-0.14964
1784707931.559,-32.012821,98.681213,1.480,10.241,-0.00189,-0.14952
1784707931.692,-31.671097,98.681793,1.470,10.265,-0.00034,-0.14939
1784707931.829,-31.328575,98.682426,1.462,10.289,-0.00149,-0.14921
1784707931.970,-30.985256,98.683044,1.457,10.313,-0.00143,-0.14904
1784707932.105,-30.641136,98.683617,1.453,10.337,-0.00140,-0.14892
1784707932.244,-30.296204,98.684151,1.445,10.362,0.00002,-0.14883
1784707932.381,-29.950443,98.684563,1.439,10.386,0.00027,-0.14887
1784707932.516,-29.603897,98.684853,1.436,10.411,0.00058,-0.14904
1784707932.653,-29.256519,98.685150,1.437,10.436,0.00091,-0.14919
1784707932.789,-28.908239,98.685516,1.439,10.463,0.00203,-0.14928
1784707932.925,-28.559048,98.686012,1.442,10.490,0.00223,-0.14927
1784707933.064,-28.208965,98.686516,1.450,10.517,0.00232,-0.14952
1784707933.205,-27.857994,98.687057,1.459,10.543,0.00237,-0.15005
1784707933.337,-27.506142,98.687653,1.468,10.570,0.00336,-0.15080
1784707933.475,-27.153357,98.688278,1.477,10.599,0.00337,-0.15156
1784707933.610,-26.799629,98.688896,1.491,10.627,0.00330,-0.15233
1784707933.744,-26.444939,98.689606,1.503,10.655,0.00331,-0.15302
1784707933.882,-26.089363,98.690506,1.515,10.680,0.00433,-0.15352
1784707934.019,-25.732983,98.691589,1.528,10.703,0.00435,-0.15383
1784707934.154,-25.375805,98.692703,1.543,10.727,0.00432,-0.15412
1784707934.294,-25.017834,98.693855,1.560,10.751,0.00421,-0.15438
1784707934.434,-24.659073,98.695137,1.577,10.775,0.00410,-0.15450
1784707934.568,-24.299498,98.696518,1.594,10.800,0.00500,-0.15454
1784707934.704,-23.939392,98.697945,1.611,10.754,0.00484,-0.15452
1784707934.841,-23.583698,98.699402,1.631,10.632,0.00444,-0.15449
1784707934.976,-23.228935,98.700951,1.650,10.649,0.00386,-0.15478
1784707935.118,-22.873535,98.702728,1.666,10.668,0.00445,-0.15536
1784707935.254,-22.517578,98.704689,1.680,10.687,0.00368,-0.15621
1784707935.389,-22.161026,98.706764,1.695,10.707,0.00290,-0.15702
1784707935.526,-21.803841,98.708878,1.709,10.726,0.00213,-0.15779
1784707935.663,-21.446005,98.711060,1.720,10.745,0.00147,-0.15851
1784707935.798,-21.087496,98.713249,1.728,10.765,0.00211,-0.15922
1784707935.935,-20.728333,98.715454,1.733,10.783,0.00157,-0.15992
1784707936.072,-20.368681,98.717606,1.740,10.796,0.00102,-0.16068
1784707936.207,-20.008600,98.719742,1.747,10.811,0.00049,-0.16150
1784707936.344,-19.650404,98.721970,1.750,10.645,0.00061,-0.16248
1784707936.484,-19.296432,98.724258,1.750,10.623,0.00209,-0.16363
1784707936.625,-18.941980,98.726578,1.751,10.638,0.00378,-0.16496
1784707936.776,-18.587078,98.728920,1.758,10.652,0.00573,-0.16629
1784707936.914,-18.231750,98.731323,1.771,10.666,0.00815,-0.16757
1784707937.052,-17.875982,98.733871,1.792,10.680,0.01126,-0.16871
1784707937.189,-17.519794,98.736603,1.823,10.692,0.01658,-0.16966
1784707937.327,-17.163216,98.739563,1.868,10.703,0.02290,-0.17039
1784707937.462,-16.806274,98.742905,1.933,10.713,0.02886,-0.17028
1784707937.601,-16.449028,98.746704,2.024,10.722,0.03619,-0.16896
1784707937.740,-16.091530,98.751266,2.140,10.730,0.04192,-0.16620
1784707937.873,-15.733782,98.756752,2.283,10.738,0.05169,-0.16231
1784707938.010,-15.375783,98.763260,2.450,10.746,0.06343,-0.15740
1784707938.148,-15.017565,98.771034,2.656,10.753,0.07669,-0.15123
1784707938.285,-14.659170,98.780350,2.911,10.759,0.08934,-0.14351
1784707938.421,-14.300662,98.791565,3.220,10.763,0.09659,-0.13390
1784707938.558,-13.942129,98.805061,3.580,10.766,0.07743,-0.12200
1784707938.692,-13.589255,98.820801,3.952,10.303,0.09179,-0.10784
1784707938.830,-13.256823,98.837807,4.235,9.667,0.10218,-0.09231
1784707938.969,-12.943895,98.855156,4.548,9.128,0.10625,-0.07736
1784707939.102,-12.647184,98.873024,4.896,8.686,0.11500,-0.06438
1784707939.243,-12.363918,98.892220,5.244,8.327,0.12444,-0.05206
1784707939.380,-12.091722,98.912552,5.603,8.034,0.12772,-0.04054
1784707939.518,-11.828608,98.933914,5.973,7.792,0.14481,-0.02809
1784707939.661,-11.572697,98.956383,6.362,7.657,0.15555,-0.01462
1784707939.806,-11.318390,98.980576,6.777,7.660,0.17400,-0.00332
1784707939.945,-11.064283,99.006721,7.238,7.661,0.18525,0.00596
1784707940.088,-10.810513,99.035187,7.737,7.660,0.19650,0.01364
1784707940.232,-10.557117,99.066101,8.271,7.657,0.20780,0.02018
1784707940.370,-10.304173,99.099548,8.840,7.651,0.22512,0.02888
1784707940.507,-10.051836,99.135635,9.453,7.642,0.23301,0.03908
1784707940.643,-9.800275,99.174583,10.103,7.630,0.23990,0.04834
1784707940.777,-9.549634,99.216507,10.782,7.615,0.25106,0.05549
1784707940.920,-9.300026,99.261497,11.485,7.599,0.25786,0.06101
1784707941.063,-9.051589,99.309601,12.212,7.579,0.26454,0.06495
1784707941.201,-8.804472,99.360756,12.960,7.558,0.27123,0.06673
1784707941.338,-8.558760,99.415024,13.726,7.535,0.27810,0.06547
1784707941.478,-8.314566,99.472412,14.508,7.511,0.28515,0.06217
1784707941.614,-8.072030,99.533035,15.310,7.483,0.29720,0.05877
1784707941.751,-7.831300,99.596947,16.137,7.456,0.30369,0.05837
1784707941.894,-7.592498,99.664200,16.987,7.425,0.30518,0.06033
1784707942.026,-7.355765,99.734871,17.854,7.393,0.31065,0.06137
1784707942.167,-7.121132,99.808952,18.728,7.363,0.31572,0.06152
1784707942.305,-6.888649,99.886322,19.613,7.331,0.32308,0.06074
1784707942.442,-6.658545,99.966965,20.508,7.294,0.32692,0.05831
1784707942.581,-6.430973,100.050896,21.415,7.256,0.33059,0.05471
1784707942.722,-6.205977,100.138062,22.330,7.218,0.33419,0.04999
1784707942.858,-5.983595,100.228363,23.250,7.179,0.34064,0.04414
1784707942.994,-5.763907,100.321754,24.180,7.139,0.34322,0.03766
1784707943.133,-5.547031,100.418175,25.118,7.099,0.34405,0.03467
1784707943.270,-5.332941,100.517555,26.062,7.061,0.34325,0.03467
1784707943.406,-5.121668,100.619987,27.004,7.024,0.34245,0.03508
1784707943.545,-4.913208,100.725334,27.938,6.987,0.34188,0.03487
1784707943.680,-4.707560,100.833473,28.865,6.950,0.34147,0.03400
1784707943.817,-4.504783,100.944313,29.785,6.912,0.34155,0.03212
1784707943.955,-4.304897,101.057816,30.699,6.876,0.34207,0.02933
1784707944.091,-4.107882,101.173920,31.608,6.842,0.34302,0.02576
1784707944.229,-3.913702,101.292542,32.513,6.808,0.34436,0.02137
1784707944.369,-3.722353,101.413628,33.417,6.776,0.34605,0.01617
1784707944.506,-3.533825,101.537117,34.321,6.745,0.34778,0.01078
1784707944.646,-3.348099,101.662994,35.227,6.715,0.34790,0.00600
1784707944.784,-3.165212,101.791344,36.130,6.689,0.34644,0.00200
1784707944.921,-2.985073,101.922089,37.031,6.663,0.34447,-0.00137
1784707945.061,-2.807683,102.055153,37.927,6.639,0.34273,-0.00415
1784707945.203,-2.633020,102.190483,38.814,6.615,0.34141,-0.00718
1784707945.338,-2.461050,102.327988,39.692,6.592,0.34053,-0.01086
1784707945.477,-2.291692,102.467613,40.565,6.596,0.34005,-0.01525
1784707945.617,-2.123435,102.610603,41.439,6.653,0.34055,-0.02042
1784707945.754,-1.956624,102.756790,42.315,6.642,0.34153,-0.02470
1784707945.893,-1.792713,102.904991,43.188,6.618,0.34288,-0.02596
1784707946.032,-1.631575,103.055191,44.062,6.600,0.34452,-0.02423
1784707946.166,-1.473010,103.207520,44.938,6.612,0.34538,-0.02284
1784707946.302,-1.315676,103.363197,45.822,6.649,0.34473,-0.02199
1784707946.442,-1.160774,103.521317,46.709,6.633,0.34265,-0.02145
1784707946.577,-1.008788,103.681496,47.593,6.619,0.34078,-0.02116
1784707946.716,-0.859573,103.843704,48.469,6.606,0.33943,-0.02149
1784707946.856,-0.713107,104.007843,49.338,6.592,0.33861,-0.02283
1784707946.992,-0.568854,104.174500,50.205,6.645,0.33824,-0.02520
1784707947.132,-0.426331,104.344307,51.074,6.643,0.33850,-0.02860
1784707947.271,-0.286757,104.515915,51.941,6.629,0.33931,-0.03257
1784707947.406,-0.150078,104.689262,52.806,6.615,0.34045,-0.03383
1784707947.542,-0.016289,104.864304,53.673,6.602,0.34192,-0.03199
1784707947.678,0.114587,105.040970,54.541,6.588,0.34358,-0.02949
1784707947.812,0.243072,105.219887,55.417,6.641,0.34477,-0.02762
1784707947.951,0.369725,105.401749,56.304,6.641,0.34560,-0.02646
1784707948.089,0.493345,105.585159,57.189,6.628,0.34616,-0.02585
1784707948.225,0.613840,105.770149,58.075,6.617,0.34631,-0.02580
1784707948.364,0.731230,105.956764,58.961,6.608,0.34619,-0.02649
1784707948.503,0.845486,106.144920,59.846,6.597,0.34864,-0.02799
1784707948.636,0.956685,106.334595,60.728,6.612,0.35149,-0.03037
1784707948.774,1.065731,106.527283,61.621,6.652,0.35528,-0.03371
1784707948.911,1.171799,106.721741,62.520,6.637,0.35956,-0.03537
1784707949.044,1.274445,106.917404,63.428,6.619,0.36195,-0.03353
1784707949.181,1.373650,107.114182,64.349,6.601,0.36218,-0.02958
1784707949.327,1.469369,107.312057,65.274,6.585,0.36057,-0.02601
1784707949.461,1.562044,107.511810,66.200,6.638,0.35351,-0.02288
1784707949.598,1.652086,107.714188,67.127,6.637,0.34995,-0.02026
1784707949.736,1.738731,107.917465,68.039,6.621,0.34733,-0.01821
1784707949.869,1.822079,108.121574,68.936,6.606,0.34580,-0.01694
1784707950.008,1.902120,108.326477,69.823,6.591,0.34516,-0.01647
1784707950.143,1.979072,108.532974,70.707,6.643,0.34500,-0.01686
1784707950.277,2.053248,108.741814,71.594,6.639,0.34346,-0.01824
1784707950.413,2.123873,108.951241,72.478,6.621,0.34035,-0.01981
1784707950.546,2.191084,109.161194,73.358,6.604,0.33576,-0.02068
1784707950.679,2.255052,109.371681,74.230,6.593,0.32988,-0.02100
1784707950.814,2.316083,109.583611,75.087,6.651,0.32311,-0.02079
1784707950.949,2.374469,109.797791,75.934,6.655,0.31548,-0.02033
1784707951.084,2.429677,110.012527,76.761,6.648,0.30700,-0.02141
1784707951.218,2.481791,110.227844,77.566,6.643,0.29775,-0.02509
1784707951.352,2.530942,110.443733,78.350,6.640,0.28149,-0.03147
1784707951.485,2.577251,110.660187,79.109,6.640,0.27444,-0.04102
1784707951.627,2.620806,110.877228,79.836,6.641,0.24960,-0.05211
1784707951.764,2.661949,111.095978,80.538,6.756,0.24347,-0.06056
1784707951.897,2.701759,111.321579,81.194,7.002,0.23373,-0.06668
1784707952.038,2.740595,111.555649,81.849,7.243,0.22859,-0.07059
1784707952.178,2.778074,111.797760,82.504,7.468,0.21957,-0.07236
1784707952.314,2.813708,112.047440,83.160,7.679,0.21553,-0.07880
1784707952.452,2.847402,112.304314,83.816,7.879,0.20850,-0.08392
1784707952.591,2.878979,112.568024,84.467,8.067,0.19755,-0.09533
1784707952.730,2.908312,112.838104,85.118,8.244,0.19322,-0.11017
1784707952.867,2.935214,113.114304,85.756,8.415,0.18905,-0.12330
1784707953.005,2.959633,113.396278,86.382,8.576,0.17610,-0.13367
1784707953.139,2.981499,113.683701,87.001,8.728,0.17134,-0.14121
1784707953.279,3.000634,113.976257,87.603,8.873,0.16231,-0.14577
1784707953.417,3.017004,114.273697,88.178,9.007,0.15818,-0.14733
1784707953.553,3.030732,114.575592,88.744,9.133,0.15001,-0.14702
1784707953.693,3.041646,114.881668,89.293,9.251,0.14222,-0.14937
1784707953.830,3.049698,115.191681,89.830,9.362,0.13417,-0.15576
1784707953.964,3.055032,115.505371,90.344,9.466,0.13017,-0.16636
1784707954.104,3.057822,115.822525,90.834,9.567,0.12233,-0.17713
1784707954.241,3.058154,116.142944,91.314,9.662,0.11444,-0.18552
1784707954.374,3.055919,116.465591,91.770,9.687,0.11098,-0.19140
1784707954.511,3.051190,116.788620,92.196,9.699,0.10496,-0.19480
1784707954.649,3.044182,117.112015,92.610,9.711,0.10253,-0.19657
1784707954.781,3.034852,117.435738,93.000,9.720,0.09472,-0.19991
1784707954.918,3.023201,117.759766,93.373,9.732,0.09245,-0.20602
1784707955.052,3.009425,118.084114,93.727,9.745,0.08739,-0.21409
1784707955.189,2.993699,118.408691,94.066,9.753,0.08262,-0.22112
1784707955.325,2.976317,118.733459,94.395,9.762,0.08065,-0.22652
1784707955.461,2.957188,119.058441,94.704,9.772,0.07645,-0.23018
1784707955.597,2.936388,119.383682,95.001,9.783,0.07223,-0.23220
1784707955.733,2.913964,119.709167,95.289,9.794,0.07044,-0.23261
1784707955.871,2.889889,120.034897,95.560,9.805,0.06627,-0.23140
1784707956.005,2.864292,120.360863,95.820,9.815,0.06296,-0.23008
1784707956.140,2.837202,120.687103,96.071,9.827,0.06214,-0.22897
1784707956.276,2.808627,121.013626,96.307,9.840,0.06023,-0.22816
1784707956.409,2.778663,121.340454,96.537,9.853,0.05826,-0.22656
1784707956.544,2.747363,121.667587,96.765,9.866,0.05772,-0.22366
1784707956.678,2.714745,121.995026,96.985,9.880,0.05538,-0.21947
1784707956.810,2.680897,122.322838,97.206,9.896,0.05274,-0.21409
1784707956.948,2.645859,122.651047,97.418,9.912,0.05239,-0.20823
1784707957.082,2.609644,122.979500,97.619,9.928,0.05195,-0.20418
1784707957.216,2.572233,123.308533,97.816,9.944,0.05313,-0.20213
1784707957.353,2.533609,123.637939,98.014,9.961,0.05454,-0.20139
1784707957.487,2.493682,123.967819,98.214,9.979,0.05546,-0.19982
1784707957.621,2.452424,124.298157,98.421,9.997,0.05648,-0.19698
1784707957.755,2.409847,124.628944,98.633,10.016,0.05670,-0.19308
1784707957.893,2.365954,124.960159,98.848,10.035,0.05744,-0.18905
1784707958.025,2.320715,125.291931,99.065,10.057,0.05881,-0.18490
1784707958.162,2.274221,125.624252,99.285,10.078,0.06011,-0.18052
1784707958.301,2.226339,125.957100,99.511,10.100,0.06082,-0.17498
1784707958.434,2.177009,126.290451,99.743,10.121,0.06091,-0.16806
1784707958.570,2.126140,126.624298,99.978,10.142,0.06163,-0.16033
1784707958.707,2.073704,126.958633,100.214,10.163,0.06167,-0.15409
1784707958.843,2.019777,127.293457,100.454,10.185,0.06182,-0.14967
1784707958.979,1.964365,127.628738,100.694,10.205,0.06254,-0.14624
1784707959.115,1.907479,127.964478,100.936,10.226,0.06216,-0.14176
1784707959.251,1.849079,128.300644,101.180,10.247,0.06126,-0.13585
1784707959.390,1.789109,128.637268,101.424,10.268,0.06134,-0.12846
1784707959.528,1.727565,128.974289,101.665,10.289,0.05839,-0.11958
1784707959.665,1.664464,129.311737,101.903,10.308,0.05689,-0.11375
1784707959.801,1.599836,129.649506,102.137,10.327,0.05673,-0.11207
1784707959.938,1.533745,129.987671,102.360,10.346,0.05799,-0.11446
1784707960.076,1.466308,130.326172,102.583,10.364,0.05961,-0.11697
1784707960.215,1.397466,130.664978,102.812,10.381,0.06069,-0.11817
1784707960.353,1.327126,131.004074,103.047,10.397,0.06180,-0.11828
1784707960.485,1.255201,131.343399,103.288,10.414,0.06193,-0.11954
1784707960.620,1.181683,131.682953,103.532,10.431,0.06154,-0.12278
1784707960.756,1.106584,132.022736,103.779,10.448,0.06068,-0.12730
1784707960.889,1.029895,132.362747,104.024,10.465,0.06123,-0.13068
1784707961.025,0.951665,132.702988,104.268,10.482,0.06217,-0.13260
1784707961.160,0.871890,133.043427,104.512,10.499,0.06452,-0.13353
1784707961.292,0.790528,133.384018,104.761,10.513,0.06682,-0.13493
1784707961.429,0.707534,133.724686,105.019,10.527,0.06858,-0.13678
1784707961.566,0.622842,134.065445,105.287,10.541,0.06969,-0.13843
1784707961.707,0.536378,134.406219,105.563,10.554,0.07096,-0.13839
1784707961.844,0.448120,134.747025,105.843,10.569,0.07275,-0.13663
1784707961.983,0.358070,135.087860,106.128,10.584,0.07471,-0.13314
1784707962.115,0.266244,135.428757,106.420,10.600,0.07642,-0.12793
1784707962.251,0.172537,135.769653,106.720,10.612,0.07738,-0.12091
1784707962.391,0.076829,136.110443,107.029,10.623,0.07758,-0.11571
1784707962.524,-0.020989,136.451019,107.340,10.634,0.07814,-0.11412
1784707962.662,-0.120840,136.791351,107.654,10.646,0.07733,-0.11609
1784707962.799,-0.222644,137.131516,107.969,10.658,0.07629,-0.11762
1784707962.931,-0.326356,137.471542,108.285,10.672,0.07615,-0.11728
1784707963.069,-0.431961,137.811462,108.596,10.687,0.07720,-0.11509
1784707963.207,-0.539471,138.151352,108.907,10.703,0.07825,-0.11108
1784707963.341,-0.648930,138.491119,109.221,10.714,0.07871,-0.10516
1784707963.479,-0.760421,138.830551,109.540,10.724,0.07879,-0.09877
1784707963.616,-0.874029,139.169632,109.862,10.735,0.07857,-0.09687
1784707963.748,-0.989704,139.508423,110.184,10.746,0.07903,-0.09971
1784707963.884,-1.107470,139.846924,110.505,10.759,0.07815,-0.10478
1784707964.019,-1.227219,140.185226,110.826,10.773,0.07676,-0.10800
1784707964.151,-1.348984,140.523270,111.147,10.787,0.07489,-0.10925
1784707964.289,-1.472803,140.861115,111.463,10.802,0.07301,-0.11107
1784707964.425,-1.598463,141.198441,111.770,10.745,0.07311,-0.11525
1784707964.557,-1.724175,141.530716,112.066,10.616,0.07293,-0.12167
1784707964.691,-1.851137,141.861343,112.362,10.631,0.07330,-0.12740
1784707964.826,-1.979982,142.191818,112.657,10.647,0.07325,-0.13133
1784707964.957,-2.110778,142.522018,112.952,10.663,0.07375,-0.13335
1784707965.093,-2.243495,142.851974,113.249,10.678,0.07308,-0.13350
1784707965.231,-2.378169,143.181686,113.548,10.694,0.07291,-0.13174
1784707965.363,-2.514629,143.510925,113.845,10.710,0.07333,-0.12924
1784707965.499,-2.653076,143.840256,114.142,10.726,0.07356,-0.12977
1784707965.635,-2.793411,144.169357,114.442,10.742,0.07422,-0.13351
1784707965.768,-2.935684,144.498199,114.743,10.758,0.07358,-0.13873
1784707965.903,-3.079932,144.826797,115.048,10.775,0.07238,-0.14226
1784707966.037,-3.226189,145.155136,115.351,10.792,0.07106,-0.14491
1784707966.168,-3.374445,145.483215,115.649,10.811,0.07115,-0.14686
1784707966.307,-3.523627,145.808990,115.941,10.650,0.07036,-0.14793
1784707966.443,-3.672691,146.130249,116.227,10.633,0.06948,-0.14733
1784707966.575,-3.823588,146.451401,116.513,10.653,0.06817,-0.14502
1784707966.709,-3.976315,146.772385,116.795,10.674,0.06654,-0.14098
1784707966.847,-4.130886,147.093201,117.072,10.696,0.06463,-0.13571
1784707966.978,-4.287309,147.413925,117.343,10.718,0.06420,-0.13287
1784707967.113,-4.445562,147.734528,117.605,10.738,0.06209,-0.13350
1784707967.249,-4.605634,148.055008,117.863,10.758,0.06075,-0.13664
1784707967.382,-4.767480,148.375397,118.118,10.780,0.06028,-0.13844
1784707967.516,-4.931033,148.695740,118.367,10.802,0.06103,-0.13869
1784707967.650,-5.095516,149.014786,118.614,10.755,0.06079,-0.13881
1784707967.782,-5.259806,149.330322,118.860,10.637,0.06010,-0.14136
1784707967.920,-5.425081,149.644516,119.108,10.661,0.05895,-0.14620
1784707968.056,-5.592162,149.958710,119.354,10.686,0.05893,-0.15115
1784707968.190,-5.760959,150.272797,119.595,10.708,0.05730,-0.15458
1784707968.325,-5.931457,150.586777,119.836,10.730,0.05594,-0.15647
1784707968.465,-6.103647,150.900726,120.072,10.754,0.05570,-0.15686
1784707968.596,-6.277503,151.214630,120.301,10.778,0.05645,-0.15672
1784707968.732,-6.452908,151.528625,120.529,10.802,0.05764,-0.15765
1784707968.865,-6.629775,151.842316,120.761,10.753,0.05797,-0.15963
1784707968.997,-6.805772,152.151459,120.993,10.634,0.05778,-0.16136
1784707969.130,-6.982651,152.459106,121.229,10.657,0.05705,-0.16159
1784707969.268,-7.161211,152.766678,121.464,10.679,0.05726,-0.16032
1784707969.400,-7.341391,153.074158,121.697,10.702,0.05601,-0.15761
1784707969.535,-7.523136,153.381485,121.928,10.724,0.05444,-0.15346
1784707969.670,-7.706469,153.688751,122.158,10.747,0.05322,-0.14838
1784707969.805,-7.891401,153.995987,122.381,10.771,0.05274,-0.14551
1784707969.941,-8.077876,154.303223,122.599,10.795,0.05355,-0.14566
1784707970.077,-8.265894,154.610428,122.815,10.817,0.05341,-0.14791
1784707970.207,-8.454267,154.915512,123.032,10.659,0.05285,-0.14923
1784707970.343,-8.641772,155.216415,123.248,10.644,0.05183,-0.14908
1784707970.480,-8.830714,155.517044,123.463,10.667,0.05052,-0.14756
1784707970.613,-9.021246,155.817749,123.673,10.689,0.05048,-0.14473
1784707970.749,-9.213206,156.118393,123.881,10.714,0.04882,-0.14070
1784707970.883,-9.406300,156.418655,124.089,10.739,0.04706,-0.13797
1784707971.016,-9.601162,156.719376,124.290,10.763,0.04661,-0.13892
1784707971.152,-9.797528,157.020126,124.484,10.787,0.04778,-0.14319
1784707971.286,-9.995379,157.320786,124.675,10.809,0.04946,-0.14792
1784707971.418,-10.194500,157.621063,124.871,10.757,0.05087,-0.15139
1784707971.553,-10.392138,157.916885,125.072,10.634,0.05169,-0.15358
1784707971.692,-10.590269,158.211243,125.279,10.655,0.05196,-0.15455
1784707971.825,-10.789917,158.505508,125.489,10.677,0.05272,-0.15421
1784707971.959,-10.991050,158.799622,125.700,10.699,0.05338,-0.15255
1784707972.095,-11.193687,159.093536,125.916,10.721,0.05499,-0.14954
1784707972.227,-11.397872,159.387268,126.132,10.743,0.05724,-0.14749
1784707972.363,-11.603596,159.680801,126.356,10.764,0.05893,-0.14725
1784707972.502,-11.810888,159.974091,126.589,10.785,0.06041,-0.14855
1784707972.635,-12.019199,160.266251,126.830,10.806,0.06105,-0.14898
1784707972.769,-12.229595,160.558609,127.078,10.754,0.06119,-0.14783
1784707972.904,-12.438639,160.846375,127.325,10.631,0.06144,-0.14511
1784707973.039,-12.648374,161.132431,127.574,10.652,0.06241,-0.14084
1784707973.176,-12.859756,161.418198,127.823,10.673,0.06299,-0.13505
1784707973.312,-13.072749,161.703583,128.076,10.694,0.06315,-0.12773
1784707973.444,-13.287399,161.988586,128.333,10.716,0.06279,-0.11948
1784707973.580,-13.503765,162.273163,128.591,10.737,0.06198,-0.11438
1784707973.718,-13.721876,162.557373,128.848,10.760,0.06214,-0.11360
1784707973.849,-13.941759,162.841187,129.102,10.784,0.06179,-0.11601
1784707973.983,-14.163375,163.124649,129.355,10.807,0.06247,-0.11756
1784707974.128,-14.386526,163.407486,129.609,10.758,0.06375,-0.11752
1784707974.274,-14.608171,163.685898,129.861,10.638,0.06456,-0.11593
1784707974.410,-14.830523,163.962616,130.119,10.661,0.06473,-0.11313
1784707974.550,-15.054638,164.238937,130.382,10.684,0.06532,-0.11272
1784707974.685,-15.280525,164.514771,130.647,10.706,0.06467,-0.11596
1784707974.821,-15.508152,164.790100,130.913,10.729,0.06354,-0.12174
1784707974.959,-15.737518,165.064972,131.179,10.751,0.06389,-0.12632
1784707975.093,-15.968607,165.339340,131.440,10.773,0.06427,-0.12927
1784707975.231,-16.201374,165.613266,131.703,10.795,0.06587,-0.13065
1784707975.371,-16.435862,165.886673,131.968,10.816,0.06743,-0.13068
1784707975.507,-16.670582,166.157730,132.236,10.657,0.06835,-0.13119
1784707975.643,-16.903942,166.424530,132.509,10.640,0.06932,-0.13256
1784707975.781,-17.139048,166.690628,132.786,10.660,0.06915,-0.13428
1784707975.916,-17.375874,166.956024,133.067,10.679,0.06842,-0.13458
1784707976.056,-17.614393,167.220718,133.350,10.699,0.06722,-0.13314
1784707976.195,-17.854616,167.484680,133.630,10.717,0.06565,-0.12995
1784707976.329,-18.096476,167.747986,133.905,10.735,0.06537,-0.12544
1784707976.469,-18.339954,168.010620,134.175,10.753,0.06339,-0.12325
1784707976.605,-18.585064,168.272537,134.441,10.771,0.06124,-0.12471
1784707976.739,-18.831791,168.533737,134.703,10.788,0.05988,-0.12868
1784707976.876,-19.080118,168.794220,134.955,10.805,0.06030,-0.13144
1784707977.013,-19.329779,169.053757,135.202,10.749,0.06045,-0.13259
1784707977.148,-19.577320,169.308868,135.447,10.622,0.06029,-0.13218
1784707977.289,-19.825172,169.562164,135.693,10.636,0.05965,-0.13028
1784707977.427,-20.074440,169.814758,135.940,10.651,0.05863,-0.12688
1784707977.558,-20.325022,170.066666,136.183,10.665,0.05732,-0.12487
1784707977.694,-20.576982,170.317810,136.423,10.680,0.05721,-0.12711
1784707977.830,-20.830320,170.568268,136.658,10.694,0.05621,-0.13409
1784707977.962,-21.085035,170.817963,136.892,10.707,0.05638,-0.14156
1784707978.098,-21.341091,171.066895,137.122,10.720,0.05772,-0.14757
1784707978.234,-21.598450,171.315063,137.352,10.732,0.05898,-0.15214
1784707978.368,-21.857090,171.562515,137.587,10.745,0.05967,-0.15531
1784707978.506,-22.117043,171.809143,137.829,10.755,0.05978,-0.15698
1784707978.643,-22.378275,172.054932,138.074,10.766,0.05943,-0.15716
1784707978.778,-22.640827,172.299805,138.319,10.777,0.05981,-0.15577
1784707978.914,-22.904703,172.543823,138.564,10.787,0.05893,-0.15285
1784707979.050,-23.169884,172.786911,138.810,10.799,0.05862,-0.14836
1784707979.186,-23.436378,173.029144,139.053,10.810,0.05916,-0.14281
1784707979.323,-23.702454,173.268967,139.292,10.643,0.05997,-0.13941
1784707979.461,-23.966263,173.504776,139.530,10.618,0.06099,-0.13902
1784707979.594,-24.231325,173.739746,139.773,10.630,0.06097,-0.14085
1784707979.731,-24.497679,173.973801,140.019,10.642,0.06045,-0.14172
1784707979.870,-24.765318,174.206924,140.267,10.654,0.05949,-0.14105
1784707980.002,-25.034273,174.439117,140.512,10.666,0.05956,-0.13881
1784707980.140,-25.304516,174.670441,140.755,10.679,0.05880,-0.13507
1784707980.278,-25.576038,174.900909,140.997,10.692,0.05917,-0.12984
1784707980.408,-25.848845,175.130585,141.237,10.705,0.06057,-0.12569
1784707980.544,-26.122910,175.359406,141.478,10.718,0.06173,-0.12541
1784707980.681,-26.398258,175.587372,141.724,10.732,0.06295,-0.12885
1784707980.813,-26.674980,175.814362,141.975,10.746,0.06319,-0.13306
1784707980.951,-26.953119,176.040375,142.232,10.760,0.06285,-0.13562
1784707981.085,-27.232674,176.265381,142.491,10.774,0.06203,-0.13651
1784707981.220,-27.513611,176.489456,142.748,10.788,0.06219,-0.13580
1784707981.355,-27.795908,176.712570,143.003,10.803,0.06081,-0.13350
1784707981.503,-28.079309,176.934631,143.256,10.747,0.05908,-0.13032
1784707981.635,-28.359962,177.152573,143.503,10.620,0.05781,-0.12947
1784707981.769,-28.640682,177.368698,143.743,10.635,0.05802,-0.13127
1784707981.904,-28.922752,177.584015,143.978,10.653,0.05948,-0.13448
1784707982.036,-29.206129,177.798508,144.213,10.670,0.06099,-0.13658
1784707982.172,-29.490829,178.012115,144.454,10.687,0.06190,-0.13718
1784707982.307,-29.776901,178.224854,144.701,10.704,0.06220,-0.13626
1784707982.438,-30.063885,178.436264,144.953,10.722,0.06195,-0.13373
1784707982.573,-30.352779,178.647110,145.208,10.740,0.06125,-0.12978
1784707982.711,-30.643093,178.857040,145.461,10.758,0.06152,-0.12724
1784707982.842,-30.934811,179.066071,145.713,10.776,0.06094,-0.12891
1784707982.976,-31.227924,179.274200,145.966,10.795,0.06064,-0.13409
1784707983.110,-31.522465,179.481384,146.216,10.814,0.06132,-0.13917
1784707983.243,-31.816540,179.686310,146.463,10.653,0.06084,-0.14265
1784707983.379,-32.108093,179.887573,146.711,10.635,0.05983,-0.14452
1784707983.514,-32.401024,180.087906,146.958,10.655,0.05844,-0.14485
1784707983.648,-32.695324,180.287354,147.202,10.675,0.05680,-0.14367
1784707983.783,-32.990952,180.485931,147.439,10.694,0.05654,-0.14103
1784707983.916,-33.287872,180.683685,147.672,10.713,0.05457,-0.13698
1784707984.046,-33.586098,180.880630,147.903,10.732,0.05276,-0.13153
1784707984.183,-33.885647,181.076767,148.127,10.752,0.05268,-0.12731
1784707984.321,-34.186539,181.272095,148.342,10.772,0.05431,-0.12762
1784707984.454,-34.488701,181.466644,148.557,10.792,0.05620,-0.13250
1784707984.588,-34.792137,181.660400,148.779,10.811,0.05770,-0.13887
1784707984.723,-35.094746,181.851944,149.008,10.652,0.05856,-0.14378
1784707984.857,-35.394875,182.040176,149.240,10.637,0.05880,-0.14717
1784707984.993,-35.696323,182.227600,149.478,10.657,0.05950,-0.14918
1784707985.125,-35.999073,182.414078,149.716,10.676,0.05900,-0.14970
1784707985.259,-36.303146,182.599533,149.958,10.694,0.05801,-0.14898
1784707985.395,-36.608547,182.783936,150.198,10.712,0.05746,-0.14889
1784707985.530,-36.915260,182.967377,150.436,10.732,0.05848,-0.14981
1784707985.665,-37.223225,183.149933,150.671,10.751,0.06017,-0.15121
1784707985.800,-37.532463,183.331619,150.909,10.771,0.06229,-0.15146
1784707985.938,-37.843021,183.512421,151.157,10.791,0.06374,-0.15028
1784707986.071,-38.154987,183.692184,151.413,10.812,0.06451,-0.14749
1784707986.205,-38.466362,183.869583,151.673,10.650,0.06547,-0.14296
1784707986.345,-38.774960,184.043427,151.934,10.632,0.06525,-0.13677
1784707986.485,-39.084877,184.216064,152.199,10.650,0.06463,-0.12887
1784707986.626,-39.396088,184.387604,152.465,10.669,0.06497,-0.12091
1784707986.774,-39.708576,184.558044,152.728,10.688,0.06654,-0.11789
1784707986.914,-40.022369,184.727356,152.992,10.707,0.06847,-0.11998
1784707987.056,-40.337517,184.895523,153.262,10.727,0.07007,-0.12485
1784707987.198,-40.654037,185.062469,153.541,10.745,0.07094,-0.12811
1784707987.336,-40.971958,185.228088,153.827,10.764,0.07112,-0.12954
1784707987.481,-41.291279,185.392380,154.118,10.783,0.07173,-0.12916
1784707987.622,-41.611992,185.555328,154.410,10.801,0.07103,-0.12694
1784707987.762,-41.933784,185.716736,154.703,10.746,0.06980,-0.12285
1784707987.903,-42.252289,185.874451,154.991,10.621,0.06839,-0.11699
1784707988.047,-42.570641,186.030106,155.275,10.639,0.06781,-0.11195
1784707988.187,-42.890312,186.184525,155.553,10.657,0.06812,-0.11115
1784707988.329,-43.211216,186.337677,155.828,10.676,0.06907,-0.11470
1784707988.470,-43.533375,186.489563,156.105,10.694,0.06907,-0.11971
1784707988.606,-43.856800,186.640137,156.386,10.712,0.06848,-0.12301
1784707988.749,-44.181480,186.789368,156.669,10.728,0.06870,-0.12456
1784707988.893,-44.507401,186.937180,156.948,10.744,0.06743,-0.12431
1784707989.031,-44.834541,187.083588,157.227,10.761,0.06572,-0.12227
1784707989.173,-45.162872,187.228622,157.505,10.777,0.06362,-0.11918
1784707989.314,-45.492428,187.372360,157.774,10.795,0.06155,-0.11937
1784707989.451,-45.823158,187.514801,158.036,10.813,0.06127,-0.12374
1784707989.594,-46.152924,187.655182,158.287,10.651,0.05967,-0.13102
1784707989.737,-46.479420,187.792480,158.535,10.632,0.05794,-0.13724
1784707989.839,-46.643070,187.860687,158.657,10.640,0.05697,-0.13979
1784707989.981,-46.971188,187.996216,158.895,10.657,0.05494,-0.14376
1784707990.120,-47.300369,188.130554,159.126,10.676,0.05452,-0.14624
1784707990.220,-47.465366,188.197311,159.238,10.685,0.05341,-0.14694
1784707990.339,-47.796192,188.330017,159.458,10.706,0.05104,-0.14729
1784707990.483,-48.128113,188.461792,159.677,10.726,0.04847,-0.14637
1784707990.642,-48.461170,188.592697,159.888,10.749,0.04595,-0.14508
1784707990.779,-48.795387,188.722778,160.087,10.772,0.04364,-0.14669
1784707990.917,-49.130726,188.852036,160.276,10.794,0.04319,-0.15149
1784707991.055,-49.467148,188.980484,160.456,10.815,0.04096,-0.15816
1784707991.194,-49.802475,189.107300,160.633,10.658,0.03854,-0.16372
1784707991.332,-50.134418,189.231720,160.798,10.645,0.03611,-0.16818
1784707991.471,-50.467522,189.355392,160.954,10.671,0.03559,-0.17155
1784707991.605,-50.801693,189.478516,161.100,10.696,0.03322,-0.17403
1784707991.743,-51.136909,189.601105,161.245,10.722,0.03064,-0.17566
1784707991.880,-51.473248,189.723221,161.380,10.750,0.02786,-0.17646
1784707992.014,-51.810703,189.844971,161.505,10.777,0.02504,-0.17717
1784707992.153,-52.149200,189.966461,161.620,10.803,0.02437,-0.17889
1784707992.292,-52.488419,190.087555,161.723,10.757,0.02180,-0.18166
1784707992.431,-52.823780,190.206665,161.816,10.642,0.01935,-0.18469
1784707992.568,-53.158714,190.324921,161.904,10.670,0.01690,-0.18704
1784707992.708,-53.494755,190.442902,161.981,10.698,0.01648,-0.18878
1784707992.845,-53.831779,190.560730,162.049,10.726,0.01432,-0.19004
1784707992.982,-54.169785,190.678589,162.112,10.757,0.01225,-0.19102
1784707993.121,-54.508842,190.796585,162.172,10.788,0.01026,-0.19184
1784707993.256,-54.848923,190.914673,162.222,10.816,0.00851,-0.19287
1784707993.393,-55.187798,191.032120,162.263,10.665,0.00855,-0.19422
1784707993.529,-55.523140,191.148132,162.296,10.660,0.00660,-0.19575
1784707993.663,-55.859554,191.264328,162.326,10.693,0.00407,-0.19718
1784707993.806,-56.197083,191.380524,162.352,10.725,0.00112,-0.19824
1784707993.950,-56.535652,191.496841,162.366,10.757,-0.00205,-0.19908
1784707994.092,-56.875244,191.613495,162.370,10.791,-0.00260,-0.19991
1784707994.233,-57.215874,191.730682,162.363,10.826,-0.00541,-0.20090
1784707994.371,-57.555328,191.847702,162.353,10.678,-0.00796,-0.20163
1784707994.506,-57.891151,191.963669,162.332,10.673,-0.01005,-0.20161
1784707994.649,-58.227886,192.080215,162.299,10.705,-0.00999,-0.20102
1784707994.790,-58.565578,192.197372,162.257,10.741,-0.01398,-0.20040
1784707994.926,-58.904243,192.315063,162.209,10.774,-0.01988,-0.19997
1784707995.065,-59.243851,192.433350,162.154,10.806,-0.02589,-0.19978
1784707995.202,-59.584084,192.552155,162.073,10.766,-0.03164,-0.19989
1784707995.339,-59.920212,192.670319,161.968,10.656,-0.03324,-0.20073
1784707995.481,-60.255527,192.789154,161.840,10.688,-0.03979,-0.20248
1784707995.619,-60.591530,192.909317,161.698,10.720,-0.04628,-0.20526
1784707995.755,-60.928123,193.030777,161.540,10.750,-0.05175,-0.20906
1784707995.891,-61.265266,193.153595,161.352,10.781,-0.05176,-0.21397
1784707996.030,-61.602940,193.278030,161.139,10.812,-0.05556,-0.21995
1784707996.163,-61.940784,193.403992,160.917,10.769,-0.06039,-0.22525
1784707996.300,-62.274178,193.529724,160.695,10.654,-0.06624,-0.22946
1784707996.437,-62.606453,193.656494,160.450,10.683,-0.07088,-0.23308
1784707996.573,-62.939091,193.785172,160.180,10.713,-0.07396,-0.23831
1784707996.713,-63.271896,193.915970,159.891,10.742,-0.07217,-0.24548
1784707996.851,-63.604794,194.048950,159.590,10.769,-0.07311,-0.25466
1784707996.986,-63.937778,194.184143,159.294,10.797,-0.07582,-0.26588
1784707997.126,-64.270966,194.321381,158.993,10.826,-0.08086,-0.27895
1784707997.268,-64.602158,194.459747,158.683,10.671,-0.08152,-0.28999
1784707997.406,-64.928955,194.598343,158.360,10.660,-0.08730,-0.29687
1784707997.543,-65.255745,194.739136,158.030,10.686,-0.09197,-0.30011
1784707997.680,-65.582413,194.882294,157.677,10.712,-0.09489,-0.30421
1784707997.815,-65.908875,195.027878,157.301,10.736,-0.09236,-0.30826
1784707997.952,-66.235001,195.176132,156.915,10.759,-0.09349,-0.30989
1784707998.089,-66.560783,195.327011,156.536,10.784,-0.09545,-0.30924
1784707998.223,-66.886337,195.480377,156.153,10.809,-0.09766,-0.30901
1784707998.361,-67.211372,195.636032,155.759,10.760,-0.09881,-0.31106
1784707998.506,-67.531311,195.791992,155.363,10.638,-0.09545,-0.31504
1784707998.647,-67.849373,195.949738,154.961,10.661,-0.09513,-0.31739
1784707998.792,-68.167046,196.110077,154.572,10.685,-0.09673,-0.31722
1784707998.933,-68.484299,196.272919,154.184,10.709,-0.10025,-0.31552
1784707999.071,-68.801033,196.438217,153.790,10.728,-0.10406,-0.31567
1784707999.206,-69.117119,196.606110,153.382,10.747,-0.10633,-0.31843
1784707999.341,-69.432495,196.776733,152.956,10.767,-0.10317,-0.32394
1784707999.473,-69.746765,196.949875,152.521,10.787,-0.09910,-0.33841
1784707999.620,-70.060677,197.125916,152.095,10.806,-0.09879,-0.33629
1784707999.759,-70.373657,197.304276,151.680,10.754,-0.10219,-0.33051
1784707999.891,-70.681473,197.482559,151.280,10.631,-0.10255,-0.32239
1784708000.025,-70.987198,197.662476,150.871,10.650,-0.10187,-0.31659
1784708000.161,-71.292183,197.844971,150.451,10.670,-0.09724,-0.31337
1784708000.295,-71.596207,198.030182,150.037,10.689,-0.09490,-0.31298
1784708000.433,-71.899414,198.217911,149.640,10.710,-0.09226,-0.31466
1784708000.577,-72.199509,198.406433,149.255,10.731,-0.08734,-0.31519
1784708000.719,-72.501442,198.598770,148.876,10.751,-0.08647,-0.31408
1784708000.854,-72.802765,198.793365,148.516,10.771,-0.08795,-0.31240
1784708001.003,-73.103439,198.990143,148.162,10.791,-0.09007,-0.31257
1784708001.156,-73.403473,199.189117,147.801,10.811,-0.08745,-0.31494
1784708001.295,-73.700867,199.389221,147.434,10.652,-0.08780,-0.31627
1784708001.436,-73.993469,199.589005,147.072,10.637,-0.08735,-0.31278
1784708001.572,-74.285378,199.790985,146.717,10.658,-0.08692,-0.30461
1784708001.711,-74.576645,199.995087,146.360,10.680,-0.08813,-0.29570
1784708001.848,-74.867210,200.201355,146.006,10.701,-0.09111,-0.28895
1784708001.990,-75.157051,200.409790,145.647,10.722,-0.09378,-0.28438
1784708002.132,-75.446114,200.620453,145.276,10.742,-0.09138,-0.28206
1784708002.269,-75.734299,200.833466,144.894,10.763,-0.09197,-0.28092
1784708002.408,-76.021599,201.048904,144.520,10.783,-0.09274,-0.27966
1784708002.550,-76.308044,201.266541,144.143,10.803,-0.09370,-0.27797
1784708002.690,-76.593384,201.486282,143.761,10.751,-0.09449,-0.27779
1784708002.835,-76.873688,201.705215,143.382,10.629,-0.09118,-0.28005
1784708002.989,-77.151733,201.925400,142.999,10.650,-0.09047,-0.28467
1784708003.132,-77.428902,202.147919,142.621,10.672,-0.08933,-0.29165
1784708003.266,-77.705147,202.372665,142.255,10.695,-0.08549,-0.29776
1784708003.402,-77.980576,202.599564,141.892,10.718,-0.08501,-0.29958
1784708003.539,-78.255173,202.828598,141.542,10.739,-0.08496,-0.29755
1784708003.672,-78.528954,203.059708,141.195,10.760,-0.08421,-0.29544
1784708003.813,-78.801918,203.292862,140.846,10.781,-0.08264,-0.29543
1784708003.949,-79.073952,203.528168,140.500,10.801,-0.08230,-0.29765
1784708004.078,-79.343895,203.764603,140.161,10.749,-0.07967,-0.30209
1784708004.222,-79.609985,204.000504,139.830,10.627,-0.08267,-0.30488
1784708004.360,-79.874008,204.237259,139.507,10.648,-0.08587,-0.30309
1784708004.498,-80.137283,204.475952,139.175,10.669,-0.08789,-0.29670
1784708004.638,-80.399628,204.716568,138.825,10.689,-0.08883,-0.29058
1784708004.777,-80.660881,204.959229,138.467,10.709,-0.08607,-0.28670
1784708004.913,-80.921059,205.204056,138.105,10.729,-0.08739,-0.28477
1784708005.051,-81.180176,205.450974,137.746,10.748,-0.08902,-0.28253
1784708005.183,-81.437798,205.699554,137.392,10.767,-0.08999,-0.27950
1784708005.319,-81.694725,205.950577,137.027,10.785,-0.08974,-0.27622
1784708005.456,-81.950455,206.203659,136.657,10.804,-0.08965,-0.27519
1784708005.596,-82.204750,206.458694,136.288,10.751,-0.08650,-0.27656
1784708005.731,-82.454224,206.712158,135.927,10.628,-0.08784,-0.27919
1784708005.871,-82.701401,206.966400,135.576,10.647,-0.08913,-0.28160
1784708006.004,-82.947594,207.222565,135.221,10.667,-0.08946,-0.28350
1784708006.135,-83.192665,207.480667,134.858,10.686,-0.08873,-0.28667
1784708006.271,-83.436432,207.740814,134.493,10.705,-0.08463,-0.29219
1784708006.407,-83.678894,208.003021,134.132,10.725,-0.08019,-0.30090
1784708006.543,-83.920166,208.267212,133.785,10.745,-0.07975,-0.30422
1784708006.676,-84.160378,208.533310,133.452,10.765,-0.08406,-0.30328
1784708006.809,-84.399582,208.801239,133.126,10.786,-0.08468,-0.29835
1784708006.946,-84.637726,209.070984,132.789,10.805,-0.08186,-0.29473
1784708007.095,-84.874489,209.342422,132.439,10.752,-0.08255,-0.29326
1784708007.234,-85.106552,209.611984,132.108,10.629,-0.08469,-0.29309
1784708007.365,-85.336395,209.882050,131.775,10.648,-0.08638,-0.29122
1784708007.500,-85.565132,210.153885,131.433,10.667,-0.08700,-0.28774
1784708007.634,-85.792427,210.427429,131.090,10.687,-0.08393,-0.28468
1784708007.765,-86.018593,210.703003,130.736,10.706,-0.08479,-0.28373
1784708007.897,-86.243454,210.980515,130.393,10.727,-0.08287,-0.28503
1784708008.029,-86.465279,211.257599,130.052,10.747,-0.08698,-0.28535
1784708008.162,-86.687691,211.538803,129.704,10.768,-0.09074,-0.28344
1784708008.294,-86.908829,211.821884,129.353,10.788,-0.09349,-0.27970
1784708008.427,-87.128609,212.106873,128.981,10.808,-0.09460,-0.27738
1784708008.557,-87.344872,212.391312,128.600,10.756,-0.09442,-0.27753
1784708008.692,-87.558273,212.676071,128.216,10.633,-0.09041,-0.28015
1784708008.825,-87.769096,212.961426,127.832,10.655,-0.08867,-0.28494
1784708008.954,-87.976715,213.246246,127.461,10.674,-0.08684,-0.28957
1784708009.089,-88.184753,213.535477,127.103,10.698,-0.08730,-0.29275
1784708009.226,-88.391243,213.826233,126.749,10.722,-0.09007,-0.29450
1784708009.356,-88.596428,214.118912,126.393,10.746,-0.08880,-0.29778
1784708009.490,-88.800453,214.413864,126.028,10.770,-0.09161,-0.30090
1784708009.626,-89.003021,214.710815,125.664,10.795,-0.09341,-0.30186
1784708009.758,-89.204117,215.009750,125.287,10.819,-0.09361,-0.30066
1784708009.897,-89.401970,215.308121,124.904,10.664,-0.09253,-0.30061
1784708010.030,-89.594765,215.603256,124.527,10.653,-0.08814,-0.30299
1784708010.162,-89.787338,215.902313,124.151,10.679,-0.08637,-0.30696
1784708010.293,-89.978485,216.203308,123.793,10.707,-0.08230,-0.31014
1784708010.431,-90.165558,216.501831,123.447,10.734,-0.08477,-0.30326
1784708010.559,-90.354073,216.806564,123.104,10.763,-0.08375,-0.29548
1784708010.691,-90.541245,217.113205,122.757,10.790,-0.08343,-0.28967
1784708010.823,-90.724472,217.417450,122.416,10.819,-0.08064,-0.28604
1784708010.954,-90.906967,217.724747,122.079,10.669,-0.08281,-0.28459
1784708011.088,-91.086441,218.030991,121.754,10.662,-0.08563,-0.28522
1784708011.222,-91.262695,218.335556,121.421,10.692,-0.08807,-0.28776
1784708011.350,-91.437843,218.642303,121.075,10.721,-0.08594,-0.29237
1784708011.483,-91.613297,218.954239,120.718,10.751,-0.08306,-0.30210
1784708011.617,-91.787216,219.268158,120.367,10.781,-0.08408,-0.29806
1784708011.753,-91.959717,219.584015,120.020,10.812,-0.08939,-0.29134
1784708011.888,-92.130608,219.901398,119.674,10.770,-0.09117,-0.28282
1784708012.023,-92.296600,220.214218,119.312,10.655,-0.09161,-0.27657
1784708012.157,-92.461319,220.529526,118.938,10.685,-0.08865,-0.27306
1784708012.301,-92.624390,220.846878,118.565,10.717,-0.09113,-0.27251
1784708012.439,-92.785889,221.166199,118.203,10.749,-0.09609,-0.27470
1784708012.572,-92.945877,221.487427,117.831,10.781,-0.09547,-0.27889
1784708012.705,-93.104233,221.810562,117.437,10.810,-0.09898,-0.28351
1784708012.837,-93.258659,222.131622,117.040,10.767,-0.10114,-0.28821
1784708012.970,-93.410553,222.453674,116.642,10.652,-0.10208,-0.29352
1784708013.102,-93.560020,222.776367,116.230,10.681,-0.09821,-0.30096
1784708013.236,-93.706757,223.099182,115.815,10.710,-0.09697,-0.30706
1784708013.367,-93.852394,223.425751,115.407,10.741,-0.09510,-0.30991
1784708013.499,-93.996185,223.754181,115.012,10.770,-0.09319,-0.30955
1784708013.632,-94.135605,224.078308,114.627,10.799,-0.09152,-0.30880
1784708013.765,-94.275879,224.410339,114.243,10.827,-0.08987,-0.30835
1784708013.898,-94.413284,224.741898,113.868,10.674,-0.08536,-0.30878
1784708014.031,-94.545921,225.067993,113.507,10.665,-0.08312,-0.31120
1784708014.164,-94.678001,225.398651,113.154,10.693,-0.08072,-0.31391
1784708014.302,-94.808411,225.730911,112.816,10.720,-0.08018,-0.31555
1784708014.441,-94.937256,226.064728,112.485,10.747,-0.08154,-0.31618
1784708014.577,-95.064606,226.400024,112.157,10.773,-0.07960,-0.31813
1784708014.714,-95.190369,226.736786,111.824,10.798,-0.07716,-0.32772
1784708014.859,-95.314484,227.075119,111.498,10.823,-0.08216,-0.31165
1784708015.005,-95.436089,227.412659,111.176,10.667,-0.08250,-0.29952
1784708015.138,-95.554428,227.747162,110.852,10.654,-0.08225,-0.28745
1784708015.272,-95.669861,228.079346,110.517,10.677,-0.08208,-0.27760
1784708015.408,-95.784729,228.416687,110.181,10.700,-0.07903,-0.27018
1784708015.544,-95.897812,228.755356,109.847,10.723,-0.07948,-0.26523
1784708015.679,-96.009247,229.095352,109.517,10.746,-0.07939,-0.26242
1784708015.813,-96.119019,229.436707,109.194,10.768,-0.07880,-0.26161
1784708015.947,-96.227165,229.779312,108.868,10.790,-0.07542,-0.26258
1784708016.080,-96.332741,230.120514,108.547,10.811,-0.07610,-0.26414
1784708016.214,-96.436737,230.463516,108.240,10.652,-0.07835,-0.26565
1784708016.349,-96.537689,230.803146,107.934,10.636,-0.08033,-0.26723
1784708016.481,-96.637032,231.143921,107.616,10.656,-0.08118,-0.27035
1784708016.614,-96.734573,231.485840,107.289,10.675,-0.07804,-0.27553
1784708016.746,-96.830284,231.828918,106.960,10.694,-0.07731,-0.28123
1784708016.877,-96.923424,232.170212,106.644,10.714,-0.07395,-0.28339
1784708017.008,-97.015717,232.515457,106.329,10.732,-0.07938,-0.28045
1784708017.149,-97.106369,232.861847,106.024,10.751,-0.08308,-0.27580
1784708017.283,-97.195297,233.209244,105.702,10.767,-0.08172,-0.27290
1784708017.420,-97.282310,233.557693,105.361,10.783,-0.08343,-0.27211
1784708017.555,-97.367195,233.907257,105.018,10.800,-0.08416,-0.27365
1784708017.698,-97.449982,234.257614,104.678,10.744,-0.08420,-0.27655
1784708017.826,-97.529068,234.601273,104.340,10.618,-0.08127,-0.27799
1784708017.961,-97.606506,234.946915,103.999,10.634,-0.08310,-0.27803
1784708018.098,-97.682083,235.293579,103.669,10.651,-0.08706,-0.27808
1784708018.230,-97.754631,235.635620,103.340,10.668,-0.09075,-0.28006
1784708018.371,-97.826416,235.984116,102.988,10.684,-0.08892,-0.28417
1784708018.525,-97.896057,236.333618,102.620,10.701,-0.09012,-0.28764
1784708018.668,-97.963440,236.684128,102.248,10.719,-0.09027,-0.28865
1784708018.803,-98.028648,237.035690,101.883,10.738,-0.09058,-0.28725
1784708018.945,-98.091827,237.388260,101.513,10.756,-0.09161,-0.28682
1784708019.084,-98.152824,237.741837,101.142,10.775,-0.09323,-0.28872
1784708019.224,-98.211601,238.096420,100.768,10.794,-0.09047,-0.29297
1784708019.359,-98.268105,238.452026,100.385,10.813,-0.09065,-0.29938
1784708019.489,-98.321205,238.801346,100.013,10.687,-0.08694,-0.30506
1784708019.628,-98.372284,239.153046,99.650,10.672,-0.08917,-0.30510
1784708019.770,-98.421379,239.505859,99.297,10.694,-0.08857,-0.30196
1784708019.905,-98.468513,239.859650,98.938,10.716,-0.08502,-0.29947
1784708020.048,-98.513519,240.214462,98.574,10.739,-0.08462,-0.29921
1784708020.193,-98.556282,240.570297,98.222,10.763,-0.08413,-0.30131
1784708020.330,-98.596962,240.927200,97.878,10.787,-0.08037,-0.30561
1784708020.474,-98.635658,241.285110,97.531,10.810,-0.07888,-0.30734
1784708020.623,-98.672264,241.643448,97.197,10.762,-0.07705,-0.30444
1784708020.759,-98.706352,241.997345,96.880,10.643,-0.07536,-0.29765
1784708020.898,-98.738586,242.351196,96.566,10.667,-0.07381,-0.29156
1784708021.035,-98.768982,242.706039,96.260,10.692,-0.07245,-0.28737
1784708021.163,-98.797531,243.061798,95.960,10.717,-0.06851,-0.28510
1784708021.296,-98.824295,243.418503,95.664,10.742,-0.06656,-0.28439
1784708021.425,-98.849098,243.772720,95.383,10.767,-0.06448,-0.28254
1784708021.553,-98.872437,244.130188,95.113,10.793,-0.06222,-0.27786
1784708021.686,-98.894333,244.489761,94.847,10.818,-0.05951,-0.27052
1784708021.821,-98.914505,244.847305,94.593,10.663,-0.05651,-0.26409
1784708021.946,-98.932655,245.195831,94.356,10.651,-0.05218,-0.25934
1784708022.076,-98.949722,245.551025,94.127,10.675,-0.04904,-0.25592
1784708022.208,-98.965378,245.907043,93.912,10.699,-0.04598,-0.25394
1784708022.337,-98.979630,246.258835,93.715,10.723,-0.04191,-0.25094
1784708022.469,-98.993027,246.616455,93.527,10.747,-0.03913,-0.24597
1784708022.603,-99.005386,246.974884,93.353,10.771,-0.03645,-0.23930
1784708022.736,-99.016617,247.330032,93.194,10.794,-0.03385,-0.23318
1784708022.868,-99.027122,247.690094,93.044,10.817,-0.03114,-0.22785
1784708022.999,-99.036636,248.045135,92.906,10.659,-0.02863,-0.22345
1784708023.126,-99.045242,248.397949,92.781,10.644,-0.02528,-0.21981
1784708023.253,-99.053123,248.752991,92.665,10.665,-0.02304,-0.21577
1784708023.386,-99.060196,249.103119,92.563,10.686,-0.02113,-0.21078
1784708023.512,-99.066833,249.457275,92.470,10.706,-0.01966,-0.20458
1784708023.643,-99.073029,249.814438,92.383,10.727,-0.01873,-0.19850
1784708023.771,-99.078644,250.165588,92.304,10.747,-0.01668,-0.19301
1784708023.899,-99.083908,250.522202,92.227,10.767,-0.01622,-0.18786
1784708024.030,-99.088791,250.881393,92.158,10.788,-0.01587,-0.18310
1784708024.162,-99.093269,251.238876,92.092,10.806,-0.01550,-0.17902
1784708024.290,-99.097290,251.596390,92.027,10.752,-0.01353,-0.17581
1784708024.421,-99.100815,251.952011,91.964,10.627,-0.01273,-0.17345
1784708024.557,-99.103958,252.306580,91.906,10.646,-0.01139,-0.17156
1784708024.686,-99.106773,252.661804,91.855,10.665,-0.00964,-0.16999
1784708024.815,-99.109352,253.017624,91.807,10.684,-0.00791,-0.16867
1784708024.946,-99.111664,253.371613,91.767,10.704,-0.00545,-0.16762
1784708025.072,-99.113777,253.724747,91.733,10.723,-0.00412,-0.16698
1784708025.205,-99.115746,254.082443,91.709,10.742,-0.00305,-0.16689
1784708025.333,-99.117561,254.435898,91.691,10.758,-0.00243,-0.16727
1784708025.463,-99.119308,254.790710,91.678,10.777,-0.00086,-0.16782
1784708025.593,-99.121048,255.150284,91.667,10.796,-0.00093,-0.16840
1784708025.725,-99.122734,255.507919,91.661,10.816,-0.00124,-0.16903
1784708025.853,-99.124329,255.861603,91.657,10.655,-0.00166,-0.16972
1784708025.984,-99.125931,256.215912,91.651,10.638,-0.00047,-0.16964
1784708026.117,-99.127472,256.570923,91.644,10.657,-0.00075,-0.16845
1784708026.245,-99.128990,256.922607,91.640,10.677,-0.00112,-0.16614
1784708026.378,-99.130524,257.278809,91.637,10.696,-0.00152,-0.16352
1784708026.509,-99.132050,257.635742,91.632,10.716,-0.00167,-0.16090
1784708026.639,-99.133530,257.989532,91.626,10.736,-0.00035,-0.15834
1784708026.774,-99.134933,258.347717,91.620,10.756,-0.00026,-0.15589
1784708026.911,-99.136269,258.706604,91.616,10.776,-0.00025,-0.15437
1784708027.047,-99.137604,259.066162,91.616,10.796,-0.00035,-0.15453
1784708027.175,-99.139023,259.426147,91.614,10.815,-0.00041,-0.15609
1784708027.307,-99.140495,259.783875,91.612,10.655,0.00066,-0.15801
1784708027.436,-99.141922,260.133484,91.610,10.638,0.00053,-0.15989
1784708027.566,-99.143326,260.488495,91.610,10.657,0.00031,-0.16185
1784708027.698,-99.144707,260.843536,91.612,10.677,-0.00010,-0.16383
1784708027.824,-99.146088,261.192322,91.612,10.697,0.00063,-0.16527
1784708027.955,-99.147469,261.549225,91.612,10.718,0.00020,-0.16593
1784708028.084,-99.148811,261.899231,91.614,10.738,-0.00042,-0.16576
1784708028.211,-99.150200,262.252075,91.614,10.758,-0.00103,-0.16531
1784708028.342,-99.151642,262.610962,91.612,10.780,-0.00151,-0.16482
1784708028.473,-99.153076,262.968201,91.608,10.801,-0.00040,-0.16434
1784708028.599,-99.154465,263.325409,91.603,10.750,-0.00077,-0.16390
1784708028.728,-99.155792,263.680969,91.601,10.627,-0.00124,-0.16352
1784708028.857,-99.157089,264.029205,91.599,10.648,-0.00141,-0.16320
1784708028.983,-99.158356,264.375488,91.594,10.667,-0.00001,-0.16320
1784708029.113,-99.159592,264.731445,91.588,10.688,0.00035,-0.16358
1784708029.244,-99.160797,265.088074,91.588,10.710,0.00060,-0.16424
1784708029.372,-99.162048,265.443604,91.590,10.734,0.00080,-0.16485
1784708029.505,-99.163399,265.801819,91.590,10.758,0.00192,-0.16538
1784708029.635,-99.164810,266.157623,91.593,10.781,0.00203,-0.16583
1784708029.762,-99.166199,266.514313,91.600,10.804,0.00205,-0.16631
1784708029.895,-99.167572,266.874390,91.608,10.754,0.00195,-0.16683
1784708030.040,-99.168976,267.229797,91.616,10.633,0.00161,-0.16698
1784708030.173,-99.170448,267.584656,91.624,10.655,0.00231,-0.16663
1784708030.304,-99.171967,267.940338,91.630,10.678,0.00174,-0.16583
1784708030.437,-99.173569,268.296722,91.639,10.701,0.00111,-0.16484
1784708030.566,-99.175247,268.651367,91.645,10.725,0.00054,-0.16378
1784708030.696,-99.177017,269.009247,91.649,10.748,0.00005,-0.16263
1784708030.825,-99.178749,269.365417,91.651,10.769,0.00076,-0.16151
1784708030.953,-99.180405,269.720795,91.651,10.791,0.00035,-0.16047
1784708031.086,-99.182053,270.080841,91.653,10.812,-0.00010,-0.15945
1784708031.215,-99.183685,270.429230,91.654,10.653,-0.00061,-0.15850
1784708031.343,-99.185349,270.774689,91.653,10.638,0.00035,-0.15814
1784708031.475,-99.187042,271.129700,91.650,10.659,0.00026,-0.15867
1784708031.604,-99.188667,271.478973,91.648,10.680,0.00016,-0.16003
1784708031.738,-99.190315,271.835266,91.649,10.701,0.00003,-0.16157
1784708031.872,-99.191978,272.192261,91.648,10.722,0.00097,-0.16310
1784708032.007,-99.193649,272.549927,91.647,10.742,0.00087,-0.16463
1784708032.143,-99.195320,272.908325,91.648,10.763,0.00073,-0.16616
1784708032.282,-99.197014,273.267365,91.652,10.783,0.00052,-0.16768
1784708032.418,-99.198746,273.627106,91.654,10.804,0.00035,-0.16885
1784708032.552,-99.200485,273.987244,91.655,10.752,0.00128,-0.16926
1784708032.686,-99.202179,274.342896,91.657,10.629,0.00116,-0.16896
1784708032.820,-99.203827,274.690674,91.661,10.649,0.00095,-0.16833
1784708032.953,-99.205490,275.046051,91.665,10.670,0.00080,-0.16770
1784708033.089,-99.207222,275.402008,91.668,10.691,0.00174,-0.16701
1784708033.221,-99.208961,275.756897,91.670,10.708,0.00161,-0.16630
1784708033.354,-99.210747,276.114197,91.673,10.728,0.00145,-0.16556
1784708033.489,-99.212585,276.472229,91.679,10.749,0.00124,-0.16477
1784708033.627,-99.214500,276.830933,91.683,10.769,0.00094,-0.16390
1784708033.766,-99.216423,277.190338,91.687,10.790,0.00168,-0.16324
1784708033.903,-99.218330,277.550385,91.690,10.810,0.00103,-0.16299
1784708034.039,-99.220215,277.910461,91.694,10.757,0.00023,-0.16315
1784708034.167,-99.222092,278.265656,91.698,10.634,-0.00078,-0.16340
1784708034.302,-99.224030,278.620544,91.697,10.654,-0.00171,-0.16359
1784708034.437,-99.225945,278.976196,91.693,10.674,-0.00082,-0.16380
1784708034.572,-99.227837,279.332397,91.687,10.694,-0.00154,-0.16404
1784708034.708,-99.229660,279.689240,91.683,10.714,-0.00232,-0.16436
1784708034.845,-99.231476,280.046722,91.677,10.734,-0.00297,-0.16468
1784708034.977,-99.233246,280.404846,91.667,10.752,-0.00328,-0.16506
1784708035.107,-99.234978,280.763641,91.654,10.771,-0.00192,-0.16559
1784708035.241,-99.236641,281.123016,91.641,10.790,-0.00173,-0.16633
1784708035.371,-99.238213,281.475922,91.634,10.808,-0.00170,-0.16724
1784708035.498,-99.239777,281.835999,91.628,10.754,-0.00162,-0.16824
1784708035.628,-99.241241,282.187103,91.621,10.630,-0.00027,-0.16927
1784708035.757,-99.242630,282.536713,91.615,10.648,-0.00025,-0.17037
1784708035.891,-99.244019,282.892090,91.611,10.668,-0.00030,-0.17151
1784708036.026,-99.245407,283.248077,91.611,10.687,-0.00044,-0.17265
1784708036.154,-99.246857,283.603363,91.608,10.706,0.00062,-0.17340
1784708036.290,-99.248268,283.960571,91.606,10.725,0.00050,-0.17336
1784708036.421,-99.249619,284.311981,91.605,10.744,0.00028,-0.17249
1784708036.557,-99.250977,284.670410,91.607,10.762,0.00005,-0.17114
1784708036.689,-99.252342,285.029419,91.606,10.779,-0.00015,-0.16978
1784708036.823,-99.253731,285.387909,91.604,10.796,0.00081,-0.16839
1784708036.955,-99.255127,285.743927,91.603,10.813,0.00051,-0.16700
1784708037.088,-99.256485,286.102051,91.603,10.653,-0.00043,-0.16565
1784708037.221,-99.257767,286.455170,91.604,10.636,-0.00224,-0.16438
1784708037.355,-99.258942,286.810120,91.601,10.655,-0.00395,-0.16321
1784708037.486,-99.259964,287.165619,91.591,10.673,-0.00332,-0.16251
1784708037.620,-99.260986,287.521729,91.573,10.692,-0.00449,-0.16246
1784708037.750,-99.262009,287.877747,91.557,10.710,-0.00571,-0.16309
1784708037.889,-99.262970,288.235107,91.537,10.731,-0.00666,-0.16399
1784708038.026,-99.263687,288.593079,91.510,10.751,-0.00546,-0.16515
1784708038.161,-99.264236,288.951721,91.479,10.770,-0.00580,-0.16647
1784708038.297,-99.264633,289.311096,91.453,10.793,-0.00619,-0.16796
1784708038.432,-99.264786,289.671234,91.432,10.816,-0.00664,-0.16969
1784708038.562,-99.264694,290.028931,91.406,10.658,-0.00686,-0.17163
1784708038.702,-99.264450,290.383362,91.378,10.643,-0.00541,-0.17360
1784708038.846,-99.264130,290.738525,91.349,10.665,-0.00549,-0.17554
1784708038.974,-99.263657,291.089874,91.325,10.692,-0.00568,-0.17751
1784708039.106,-99.262878,291.446655,91.305,10.718,-0.00572,-0.17979
1784708039.245,-99.262047,291.804291,91.280,10.743,-0.00406,-0.18211
1784708039.378,-99.261185,292.162781,91.256,10.769,-0.00370,-0.18444
1784708039.513,-99.260254,292.522217,91.235,10.798,-0.00346,-0.18621
1784708039.660,-99.259125,292.882568,91.221,10.827,-0.00333,-0.18634
1784708039.815,-99.257889,293.241455,91.205,10.674,-0.00317,-0.18475
1784708039.947,-99.256561,293.596497,91.191,10.666,-0.00165,-0.18263
1784708040.086,-99.255142,293.952637,91.177,10.696,-0.00152,-0.18058
1784708040.219,-99.253654,294.309296,91.167,10.725,-0.00148,-0.17860
1784708040.354,-99.252106,294.667236,91.161,10.753,-0.00116,-0.17666
1784708040.487,-99.250511,295.026123,91.154,10.783,0.00061,-0.17486
1784708040.624,-99.248886,295.386078,91.147,10.813,0.00297,-0.17332
1784708040.759,-99.247253,295.746582,91.147,10.771,0.00579,-0.17201
1784708040.896,-99.245667,296.099243,91.157,10.657,0.00822,-0.17081
1784708041.026,-99.244232,296.455048,91.178,10.687,0.01029,-0.16944
1784708041.158,-99.242989,296.811798,91.209,10.717,0.01199,-0.16787
1784708041.293,-99.242012,297.168732,91.249,10.748,0.01382,-0.16604
1784708041.426,-99.241348,297.527435,91.296,10.778,0.01500,-0.16387
1784708041.561,-99.241043,297.887177,91.352,10.809,0.01587,-0.16141
1784708041.695,-99.241096,298.246857,91.413,10.766,0.01608,-0.15898
1784708041.825,-99.241531,298.602386,91.478,10.652,0.01535,-0.15664
1784708041.960,-99.242340,298.958008,91.543,10.682,0.01556,-0.15424
1784708042.088,-99.243500,299.310364,91.606,10.712,0.01394,-0.15153
1784708042.217,-99.245064,299.662384,91.669,10.741,0.01225,-0.14842
1784708042.352,-99.247055,300.020874,91.726,10.771,0.01068,-0.14486
1784708042.488,-99.249466,300.380341,91.775,10.801,0.01083,-0.14087
1784708042.616,-99.252098,300.733765,91.819,10.758,0.00942,-0.13668
1784708042.750,-99.254936,301.089874,91.862,10.643,0.00802,-0.13228
1784708042.884,-99.258034,301.445068,91.899,10.671,0.00673,-0.12858
1784708043.015,-99.261330,301.801239,91.930,10.699,0.00513,-0.12880
1784708043.144,-99.264816,302.158234,91.956,10.728,0.00501,-0.13308
1784708043.275,-99.268433,302.516235,91.977,10.756,0.00266,-0.14007
1784708043.400,-99.272087,302.866943,91.996,10.778,0.00017,-0.14681
1784708043.529,-99.276001,303.226685,92.006,10.803,-0.00271,-0.15356
1784708043.661,-99.279938,303.582581,92.005,10.755,-0.00287,-0.16018
1784708043.787,-99.283653,303.931885,91.995,10.636,-0.00522,-0.16682
1784708043.920,-99.287292,304.286926,91.986,10.659,-0.00741,-0.17371
1784708044.050,-99.290855,304.642761,91.966,10.683,-0.00915,-0.18069
1784708044.178,-99.294174,304.992981,91.936,10.707,-0.00847,-0.18682
1784708044.314,-99.297318,305.350372,91.900,10.731,-0.00955,-0.19088
1784708044.451,-99.300240,305.708496,91.867,10.754,-0.01058,-0.19256
1784708044.581,-99.302979,306.060486,91.828,10.775,-0.01154,-0.19299
1784708044.717,-99.305603,306.420044,91.785,10.797,-0.01334,-0.19360
1784708044.848,-99.307877,306.776154,91.738,10.818,-0.01322,-0.19453
1784708044.983,-99.309799,307.134583,91.684,10.657,-0.01636,-0.19583
1784708045.124,-99.311310,307.488983,91.631,10.641,-0.01946,-0.19751
1784708045.261,-99.312454,307.844055,91.565,10.660,-0.02191,-0.19956
1784708045.390,-99.313187,308.197968,91.486,10.678,-0.02124,-0.20201
1784708045.522,-99.313354,308.554230,91.398,10.696,-0.02267,-0.20398
1784708045.651,-99.313011,308.902924,91.314,10.714,-0.02398,-0.20428
1784708045.780,-99.312126,309.260376,91.222,10.731,-0.02480,-0.20275
1784708045.915,-99.310654,309.618378,91.125,10.748,-0.02517,-0.20109
1784708046.045,-99.308441,309.974762,91.024,10.766,-0.02335,-0.20019
1784708046.175,-99.305580,310.327515,90.924,10.784,-0.02325,-0.19996
1784708046.310,-99.302078,310.687256,90.829,10.802,-0.02424,-0.20031
1784708046.442,-99.298050,311.045868,90.734,10.748,-0.03307,-0.20120
1784708046.571,-99.293602,311.396881,90.636,10.654,-0.03970,-0.20258
1784708046.704,-99.288452,311.752350,90.500,10.669,-0.06012,-0.20461
1784708046.835,-99.282333,312.104462,90.325,10.684,-0.08074,-0.20765
1784708046.962,-99.274689,312.456757,90.088,10.697,-0.09966,-0.21221
1784708047.095,-99.264999,312.813385,89.754,10.707,-0.10565,-0.21847
1784708047.225,-99.252876,313.165283,89.357,10.717,-0.11855,-0.22470
1784708047.351,-99.237816,313.519745,88.930,10.727,-0.13121,-0.23038
1784708047.483,-99.219826,313.876892,88.446,10.734,-0.07479,-0.23582
1784708047.613,-99.199158,314.226624,87.920,10.562,-0.08724,-0.24372
1784708047.741,-99.175926,314.564789,87.523,9.941,-0.07510,-0.25460
1784708047.870,-99.151962,314.884888,87.254,9.367,-0.08482,-0.26688
1784708048.003,-99.129074,315.186890,86.945,8.896,-0.09476,-0.27874
1784708048.133,-99.105637,315.474365,86.662,8.506,-0.10761,-0.29167
1784708048.264,-99.081169,315.751434,86.355,8.187,-0.12117,-0.30602
1784708048.397,-99.055931,316.017883,86.039,7.923,-0.13629,-0.32153
1784708048.527,-99.029739,316.277008,85.666,7.708,-0.14914,-0.33825
1784708048.657,-99.002365,316.529816,85.292,7.589,-0.16235,-0.35639
1784708048.787,-98.973640,316.778809,84.872,7.595,-0.22408,-0.48505
1784708048.915,-98.942780,317.029236,84.371,7.592,-0.21834,-0.40151
1784708049.046,-98.909172,317.279785,83.733,7.578,-0.20407,-0.42215
1784708049.178,-98.872284,317.529724,83.079,7.583,-0.20838,-0.44251
1784708049.306,-98.832771,317.776611,82.486,7.590,-0.19340,-0.47504
1784708049.438,-98.790756,318.026123,81.878,7.589,-0.17493,-0.60755
1784708049.570,-98.746330,318.275238,81.311,7.593,-0.18833,-0.65158
1784708049.698,-98.699379,318.523560,80.794,7.595,-0.17295,-0.85299
1784708049.826,-98.650215,318.771912,80.243,7.596,-0.33384,-0.41583
1784708049.946,-98.624779,318.895966,79.978,7.599,-0.33588,-0.40933
1784708050.061,-98.572083,319.142792,79.299,7.525,-0.37603,-0.39720
1784708050.201,-98.516281,319.386169,78.261,7.462,-0.37860,-0.38779
1784708050.329,-98.455399,319.622742,77.203,7.415,-0.35647,-0.38503
1784708050.459,-98.388786,319.859894,76.136,7.385,-0.27253,-0.38611
1784708050.589,-98.319077,320.094147,75.138,7.218,-0.12854,-0.42940
1784708050.716,-98.249496,320.316986,74.373,6.764,-0.12286,-0.44821
1784708050.849,-98.182968,320.524994,74.041,6.348,-0.17387,-0.38906
1784708050.978,-98.121140,320.721375,73.759,5.977,-0.29209,-0.37843
1784708051.105,-98.063377,320.904175,73.346,5.655,-0.34237,-0.37138
1784708051.234,-98.005486,321.076660,72.786,5.364,-0.27226,-0.36932
1784708051.363,-97.946297,321.241730,72.110,5.133,-0.30491,-0.36552
1784708051.493,-97.886780,321.399292,71.484,5.115,-0.33748,-0.36448
1784708051.624,-97.825417,321.558014,70.905,5.118,-0.31632,-0.39879
1784708051.756,-97.763474,321.716675,70.272,5.103,-0.35421,-0.38749
1784708051.885,-97.699951,321.874420,69.631,5.104,-0.33019,-0.47509
1784708052.019,-97.634323,322.030914,68.983,5.084,-0.29824,-0.60043
1784708052.151,-97.566963,322.186310,68.314,5.083,-0.25531,-0.74426
1784708052.281,-97.497528,322.341125,67.732,5.095,-0.20960,-0.89815
1784708052.410,-97.427780,322.493744,67.241,5.113,-0.40562,-0.39181
1784708052.544,-97.355560,322.649963,66.779,5.212,-0.63047,-0.36883
1784708052.677,-97.281288,322.807343,65.903,5.206,-0.63952,-0.34607
1784708052.812,-97.203568,322.961121,64.557,5.169,-0.61567,-0.32488
1784708052.945,-97.118561,323.112518,63.171,5.246,-0.58436,-0.30916
1784708053.091,-97.027702,323.264526,61.853,5.360,-0.55516,-0.29680
1784708053.195,-96.980789,323.341370,61.213,5.419,-0.54650,-0.33977
1784708053.305,-96.884048,323.496490,59.970,5.533,-0.52788,-0.26308
1784708053.444,-96.782867,323.652832,58.761,5.630,-0.50226,-0.25539
1784708053.581,-96.677002,323.809113,57.579,5.723,-0.47570,-0.24894
1784708053.712,-96.565460,323.966156,56.436,5.823,-0.44909,-0.24458
1784708053.849,-96.448822,324.123657,55.335,5.926,-0.42279,-0.24196
1784708053.980,-96.328148,324.280823,54.289,6.032,-0.39729,-0.24083
1784708054.115,-96.201950,324.439789,53.285,6.137,-0.37409,-0.24099
1784708054.251,-96.071144,324.599487,52.327,6.238,-0.34989,-0.24154
1784708054.387,-95.935745,324.759705,51.416,6.338,-0.31754,-0.24159
1784708054.521,-95.795593,324.920593,50.552,6.474,-0.29525,-0.24153
1784708054.657,-95.648460,325.084930,49.734,6.735,-0.27412,-0.24246
1784708054.792,-95.493248,325.253937,48.956,6.997,-0.24709,-0.23302
1784708054.926,-95.330215,325.427185,48.209,7.249,-0.22768,-0.22719
1784708055.060,-95.159393,325.604340,47.513,7.490,-0.20552,-0.22064
1784708055.199,-94.981178,325.785065,46.853,7.714,-0.18220,-0.21222
1784708055.330,-94.796722,325.968201,46.238,7.931,-0.16332,-0.20170
1784708055.466,-94.604523,326.155273,45.679,8.139,-0.13256,-0.19026
1784708055.606,-94.405899,326.345398,45.170,8.336,-0.11361,-0.17789
1784708055.742,-94.201202,326.538452,44.743,8.524,-0.09594,-0.16608
1784708055.884,-93.990936,326.734314,44.375,8.697,-0.06406,-0.15470
1784708056.021,-93.775620,326.932983,44.064,8.864,-0.04716,-0.14276
1784708056.156,-93.555458,327.134521,43.844,9.024,-0.02561,-0.13079
1784708056.296,-93.331024,327.338959,43.692,9.174,-0.00626,-0.11874
1784708056.435,-93.102722,327.546387,43.598,9.317,0.00801,-0.10639
1784708056.572,-92.870857,327.756592,43.577,9.443,0.01876,-0.09364
1784708056.713,-92.635979,327.969482,43.608,9.564,0.02587,-0.08026
1784708056.852,-92.398544,328.185364,43.671,9.677,0.03771,-0.06608
1784708056.983,-92.159660,328.403442,43.763,9.717,0.02270,-0.05138
1784708057.122,-91.925415,328.618195,43.885,9.331,0.02900,-0.03670
1784708057.258,-91.703056,328.822784,43.965,8.877,0.04322,-0.02260
1784708057.393,-91.490608,329.018433,44.057,8.503,0.04778,-0.00922
1784708057.528,-91.286545,329.206848,44.189,8.196,0.05779,0.00334
1784708057.665,-91.089874,329.389832,44.331,7.944,0.06869,0.01545
1784708057.801,-90.899399,329.568237,44.503,7.737,0.07883,0.02589
1784708057.937,-90.713860,329.743317,44.700,7.621,0.08828,0.03400
1784708058.075,-90.529327,329.918610,44.935,7.640,0.11480,0.03997
1784708058.210,-90.344177,330.096252,45.202,7.768,0.12009,0.04420
1784708058.346,-90.155594,330.279297,45.546,7.971,0.12331,0.04650
1784708058.482,-89.963638,330.468262,45.916,8.165,0.12658,0.04687
1784708058.616,-89.768684,330.662933,46.301,8.343,0.12822,0.04529
1784708058.755,-89.570953,330.862854,46.706,8.510,0.12935,0.04145
1784708058.894,-89.370819,331.067993,47.123,8.669,0.12762,0.03654
1784708059.028,-89.168701,331.278351,47.551,8.818,0.12722,0.03118
1784708059.165,-88.964897,331.493713,47.982,8.956,0.12404,0.02563
1784708059.302,-88.759750,331.713837,48.417,9.085,0.12238,0.02069
1784708059.435,-88.553421,331.938538,48.849,9.206,0.11393,0.01679
1784708059.575,-88.346115,332.167664,49.277,9.322,0.11078,0.01434
1784708059.712,-88.138000,332.401154,49.685,9.431,0.10211,0.00923
1784708059.844,-87.929344,332.638641,50.083,9.528,0.09645,-0.00035
1784708059.980,-87.720154,332.879974,50.460,9.623,0.08215,-0.01497
1784708060.117,-87.510574,333.124725,50.814,9.686,0.06491,-0.03118
1784708060.249,-87.301849,333.371216,51.119,9.697,0.05520,-0.04736
1784708060.386,-87.093933,333.618988,51.363,9.709,0.03504,-0.06408
1784708060.523,-86.886490,333.867676,51.569,9.722,0.01283,-0.08261
1784708060.655,-86.679512,334.117096,51.695,9.735,-0.01324,-0.10274
1784708060.793,-86.472412,334.367218,51.724,9.747,-0.04339,-0.12390
1784708060.930,-86.264832,334.617493,51.680,9.759,0.03681,-0.14631
1784708061.064,-86.057404,334.866608,51.526,9.595,0.01551,-0.17015
1784708061.199,-85.858124,335.104370,51.527,9.098,0.02065,-0.19470
1784708061.349,-85.668839,335.330658,51.650,8.672,0.00163,-0.21799
1784708061.490,-85.489090,335.548645,51.689,8.324,-0.02433,-0.23811
1784708061.624,-85.315781,335.758545,51.678,8.042,-0.05208,-0.25736
1784708061.765,-85.147125,335.961365,51.585,7.808,-0.07897,-0.27658
1784708061.911,-84.982124,336.157959,51.410,7.616,-0.10468,-0.29532
1784708062.052,-84.818390,336.351044,51.158,7.596,0.01586,-0.31410
1784708062.199,-84.657715,336.538574,50.900,7.187,0.03703,-0.33291
1784708062.334,-84.507576,336.712677,50.950,6.687,-0.05103,-0.35069
1784708062.471,-84.368286,336.876373,51.003,6.270,-0.05543,-0.36433
1784708062.606,-84.237869,337.031311,50.907,5.922,-0.05054,-0.37495
1784708062.739,-84.113266,337.177246,50.708,5.647,-0.10036,-0.38411
1784708062.874,-83.992279,337.316040,50.617,5.425,-0.02282,-0.39162
1784708063.012,-83.875664,337.449615,50.466,5.236,-0.00294,-0.43545
1784708063.145,-83.762512,337.579376,50.340,5.144,0.01327,-0.53376
1784708063.281,-83.649094,337.708832,50.362,5.173,-0.08414,-0.51909
1784708063.415,-83.536034,337.839203,50.359,5.200,-0.18638,-0.50199
1784708063.549,-83.422256,337.970306,50.152,5.211,-0.33461,-0.39426
1784708063.687,-83.306999,338.100098,49.735,5.205,-0.33161,-0.46381
1784708063.824,-83.190056,338.227203,49.098,5.170,-0.36606,-0.44455
1784708063.960,-83.071259,338.351868,48.385,5.162,-0.39494,-0.42570
1784708064.097,-82.950981,338.474579,47.631,5.145,-0.42334,-0.40644
1784708064.234,-82.829872,338.595612,46.826,5.138,-0.45255,-0.38609
1784708064.366,-82.707489,338.714752,46.020,5.118,-0.48839,-0.36553
1784708064.502,-82.584183,338.831360,45.131,5.063,-0.52260,-0.34517
1784708064.639,-82.460266,338.944214,44.118,5.002,-0.54707,-0.32575
1784708064.774,-82.335266,339.052948,43.057,4.942,-0.56621,-0.30887
1784708064.913,-82.209503,339.157837,41.956,4.885,-0.58061,-0.29513
1784708065.050,-82.083130,339.259155,40.842,4.846,-0.53934,-0.35667
1784708065.184,-81.955917,339.357361,39.757,4.799,-0.60199,-0.27873
1784708065.324,-81.828049,339.452637,38.694,4.764,-0.61204,-0.27317
1784708065.461,-81.700134,339.544373,37.585,4.692,-0.61568,-0.26909
1784708065.597,-81.572205,339.632111,36.437,4.619,-0.61312,-0.26708
1784708065.735,-81.444038,339.715637,35.281,4.571,-0.57255,-0.26825
1784708065.874,-81.315239,339.795837,34.177,4.533,-0.56974,-0.27019
1784708066.009,-81.185982,339.873352,33.118,4.507,-0.52955,-0.30088
1784708066.147,-81.056374,339.948395,32.090,4.485,-0.53224,-0.29071
1784708066.288,-80.925789,340.021118,31.142,4.485,-0.49560,-0.36550
1784708066.424,-80.794441,340.091736,30.232,4.464,-0.58737,-0.34271
1784708066.561,-80.661537,340.160736,29.303,4.530,-0.56563,-0.44585
1784708066.698,-80.524391,340.228882,28.214,4.656,-0.54738,-0.41814
1784708066.835,-80.381042,340.295990,27.120,4.822,-0.53945,-0.39560
1784708066.972,-80.231407,340.362244,26.051,4.979,-0.50664,-0.52334
1784708067.114,-80.076187,340.428223,24.974,5.127,-0.48594,-0.50278
1784708067.249,-79.915169,340.493500,23.926,5.284,-0.45033,-0.65457
1784708067.384,-79.748383,340.557861,22.916,5.428,-0.45001,-0.63927
1784708067.520,-79.576096,340.621155,21.934,5.571,-0.45421,-0.26659
1784708067.656,-79.398621,340.683105,20.955,5.698,-0.43531,-0.26049
1784708067.792,-79.216393,340.743347,19.955,5.808,-0.41391,-0.25440
1784708067.928,-79.029495,340.801331,18.950,5.925,-0.39051,-0.24873
1784708068.058,-78.837753,340.857117,17.988,6.045,-0.36794,-0.24323
1784708068.194,-78.641365,340.911072,17.065,6.163,-0.35148,-0.23710
1784708068.329,-78.440277,340.963318,16.177,6.311,-0.33000,-0.23002
1784708068.459,-78.231270,341.014618,15.302,6.582,-0.30808,-0.22269
1784708068.594,-78.012482,341.064941,14.445,6.856,-0.28602,-0.21553
1784708068.729,-77.784378,341.113983,13.617,7.116,-0.26715,-0.20926
1784708068.861,-77.547401,341.161499,12.819,7.363,-0.24865,-0.20463
1784708068.993,-77.301971,341.207397,12.054,7.597,-0.22803,-0.20083
1784708069.128,-77.048546,341.251709,11.324,7.818,-0.20812,-0.19647
1784708069.259,-76.787537,341.294189,10.637,8.027,-0.18934,-0.19115
1784708069.393,-76.519371,341.334808,9.991,8.226,-0.17157,-0.18502
1784708069.525,-76.246803,341.373169,9.393,8.416,-0.15718,-0.17920
1784708069.657,-75.965408,341.410065,8.837,8.596,-0.14176,-0.17420
1784708069.790,-75.677925,341.445190,8.318,8.767,-0.12725,-0.16902
1784708069.926,-75.384674,341.478577,7.841,8.929,-0.11542,-0.16278
1784708070.057,-75.085922,341.510193,7.406,9.083,-0.10300,-0.15688
1784708070.192,-74.781960,341.540100,7.007,9.229,-0.09147,-0.15089
1784708070.325,-74.473198,341.568542,6.640,9.363,-0.08078,-0.14461
1784708070.458,-74.160004,341.595764,6.313,9.486,-0.07102,-0.13747
1784708070.593,-73.842758,341.621826,6.019,9.601,-0.06270,-0.12997
1784708070.728,-73.521896,341.646729,5.756,9.682,-0.05372,-0.12326
1784708070.859,-73.199600,341.670349,5.524,9.707,-0.04523,-0.11745
1784708070.993,-72.876373,341.692871,5.324,9.732,-0.03775,-0.11246
1784708071.129,-72.552177,341.714478,5.156,9.759,-0.03129,-0.10838
1784708071.259,-72.227798,341.735168,5.019,9.790,-0.02609,-0.10536
1784708071.394,-71.901543,341.755249,4.905,9.819,-0.02062,-0.10325
1784708071.533,-71.574440,341.774750,4.811,9.836,-0.01513,-0.10201
1784708071.665,-71.246902,341.793762,4.732,9.845,-0.01013,-0.10139
1784708071.798,-70.918961,341.812653,4.674,9.855,-0.00528,-0.10091
1784708071.933,-70.590706,341.831451,4.637,9.865,-0.00130,-0.10055
1784708072.065,-70.262131,341.850220,4.617,9.874,0.00148,-0.10023
1784708072.199,-69.933258,341.868927,4.612,9.884,0.00354,-0.09999
1784708072.333,-69.606445,341.887512,4.616,9.898,0.00523,-0.09975
1784708072.465,-69.276505,341.906250,4.626,9.925,0.00711,-0.09954
1784708072.599,-68.945656,341.924866,4.644,9.955,0.00847,-0.09950
1784708072.731,-68.614044,341.943695,4.671,9.976,0.00949,-0.09929
1784708072.863,-68.282036,341.962585,4.701,9.986,0.01104,-0.09904
1784708072.996,-67.949730,341.982117,4.734,9.999,0.01171,-0.09829
1784708073.131,-67.616890,342.002014,4.777,10.019,0.01199,-0.09823
1784708073.262,-67.283371,342.022003,4.817,10.041,0.01317,-0.09931
1784708073.398,-66.949173,342.042175,4.860,10.064,0.01339,-0.10141
1784708073.533,-66.614197,342.062653,4.909,10.090,0.01336,-0.10349
1784708073.672,-66.278023,342.083313,4.967,10.128,0.01412,-0.10548
1784708073.821,-65.940475,342.104248,5.018,10.167,0.01397,-0.10728
1784708073.955,-65.601593,342.125854,5.071,10.208,0.01362,-0.10885
1784708074.087,-65.265640,342.147766,5.123,10.243,0.01433,-0.11144
1784708074.222,-64.924385,342.170532,5.175,10.283,0.01377,-0.11518
1784708074.357,-64.581573,342.193420,5.231,10.331,0.01194,-0.12034
1784708074.489,-64.237946,342.216370,5.285,10.383,0.01252,-0.12550
1784708074.623,-63.891739,342.240051,5.331,10.434,0.01202,-0.13015
1784708074.758,-63.547478,342.263916,5.373,10.487,0.01152,-0.13446
1784708074.888,-63.197884,342.288513,5.418,10.536,0.01093,-0.13847
1784708075.025,-62.846790,342.313660,5.459,10.581,0.01159,-0.14206
1784708075.160,-62.494263,342.339386,5.500,10.624,0.01089,-0.14519
1784708075.291,-62.140388,342.365387,5.544,10.663,0.01012,-0.14815
1784708075.425,-61.785225,342.391663,5.587,10.701,0.00932,-0.15095
1784708075.556,-61.431244,342.417908,5.627,10.740,0.00988,-0.15368
1784708075.689,-61.073555,342.444519,5.663,10.778,0.00925,-0.15634
1784708075.825,-60.714607,342.471436,5.698,10.817,0.00860,-0.15881
1784708075.957,-60.356636,342.498352,5.737,10.783,0.00777,-0.16119
1784708076.086,-60.005886,342.525269,5.767,10.671,0.00678,-0.16299
1784708076.220,-59.650612,342.552826,5.795,10.706,0.00713,-0.16452
1784708076.354,-59.295891,342.580566,5.820,10.737,0.00586,-0.16581
1784708076.482,-58.943985,342.607971,5.845,10.762,0.00461,-0.16722
1784708076.618,-58.585850,342.635742,5.868,10.790,0.00352,-0.16876
1784708076.753,-58.226799,342.663605,5.882,10.817,0.00268,-0.17029
1784708076.885,-57.869186,342.691498,5.894,10.663,0.00325,-0.17168
1784708077.018,-57.515518,342.719330,5.903,10.653,0.00240,-0.17280
1784708077.156,-57.161007,342.747314,5.913,10.678,0.00152,-0.17384
1784708077.285,-56.805927,342.775330,5.920,10.704,0.00074,-0.17489
1784708077.418,-56.449795,342.803497,5.923,10.729,0.00140,-0.17588
1784708077.550,-56.093098,342.831604,5.925,10.748,0.00075,-0.17697
1784708077.686,-55.735649,342.859497,5.926,10.767,0.00020,-0.17834
1784708077.821,-55.377487,342.887421,5.926,10.789,-0.00041,-0.17974
1784708077.955,-55.018658,342.915588,5.924,10.810,-0.00101,-0.18095
1784708078.083,-54.662323,342.943756,5.920,10.758,0.00002,-0.18195
1784708078.216,-54.307610,342.971741,5.914,10.634,-0.00055,-0.18301
1784708078.348,-53.953987,342.999481,5.908,10.655,-0.00108,-0.18422
1784708078.478,-53.601547,343.027069,5.905,10.674,-0.00168,-0.18527
1784708078.610,-53.246536,343.054871,5.899,10.693,-0.00215,-0.18548
1784708078.743,-52.890915,343.082550,5.891,10.713,-0.00091,-0.18501
1784708078.873,-52.535141,343.110107,5.881,10.734,-0.00118,-0.18415
1784708079.007,-52.178101,343.137848,5.876,10.755,-0.00162,-0.18321
1784708079.140,-51.820366,343.165619,5.870,10.776,-0.00202,-0.18228
1784708079.272,-51.461948,343.193420,5.862,10.796,-0.00074,-0.18138
1784708079.404,-51.102837,343.221283,5.853,10.817,-0.00100,-0.18046
1784708079.537,-50.745235,343.248871,5.846,10.657,-0.00130,-0.17971
1784708079.668,-50.391796,343.276031,5.842,10.642,-0.00172,-0.17908
1784708079.805,-50.037716,343.303314,5.835,10.662,-0.00201,-0.17836
1784708079.938,-49.683037,343.330780,5.826,10.681,-0.00076,-0.17751
1784708080.070,-49.327770,343.358154,5.818,10.700,-0.00101,-0.17680
1784708080.203,-48.971886,343.385376,5.811,10.719,-0.00126,-0.17629
1784708080.336,-48.615364,343.412598,5.807,10.738,-0.00159,-0.17582
1784708080.467,-48.258198,343.439850,5.801,10.757,-0.00181,-0.17537
1784708080.600,-47.900406,343.467072,5.794,10.776,-0.00047,-0.17500
1784708080.734,-47.542679,343.494324,5.786,10.796,-0.00064,-0.17459
1784708080.867,-47.183559,343.521759,5.783,10.816,-0.00098,-0.17410
1784708080.999,-46.826015,343.549103,5.780,10.653,-0.00133,-0.17359
1784708081.130,-46.476456,343.575928,5.778,10.632,-0.00176,-0.17299
1784708081.257,-46.124138,343.602753,5.772,10.647,-0.00055,-0.17261
1784708081.391,-45.769917,343.629669,5.765,10.663,-0.00073,-0.17227
1784708081.522,-45.418209,343.656281,5.762,10.676,-0.00105,-0.17205
1784708081.654,-45.063011,343.683197,5.759,10.692,-0.00135,-0.17179
1784708081.791,-44.707291,343.710175,5.754,10.709,-0.00009,-0.17151
1784708081.925,-44.350979,343.737244,5.749,10.727,-0.00031,-0.17117
1784708082.057,-43.994095,343.764404,5.748,10.744,-0.00070,-0.17080
1784708082.194,-43.636742,343.791656,5.746,10.758,-0.00109,-0.17036
1784708082.328,-43.278946,343.818756,5.743,10.771,-0.00188,-0.17011
1784708082.457,-42.922653,343.845703,5.738,10.784,-0.00119,-0.16990
1784708082.590,-42.563957,343.872742,5.731,10.798,-0.00297,-0.16977
1784708082.724,-42.206978,343.899628,5.726,10.811,-0.00496,-0.16968
1784708082.853,-41.854298,343.926178,5.714,10.645,-0.00668,-0.16959
1784708082.987,-41.501404,343.952667,5.693,10.624,-0.00600,-0.16958
1784708083.121,-41.149685,343.978943,5.664,10.640,-0.00711,-0.16970
1784708083.250,-40.796013,344.005127,5.636,10.656,-0.00811,-0.17005
1784708083.383,-40.441456,344.031128,5.608,10.672,-0.00897,-0.17065
1784708083.517,-40.086380,344.056946,5.574,10.688,-0.00953,-0.17148
1784708083.648,-39.730747,344.082611,5.536,10.704,-0.00818,-0.17250
1784708083.785,-39.374557,344.108002,5.497,10.720,-0.00844,-0.17383
1784708083.918,-39.017815,344.133301,5.463,10.736,-0.00882,-0.17530
1784708084.051,-38.661354,344.158386,5.427,10.753,-0.00905,-0.17695
1784708084.185,-38.303471,344.183350,5.389,10.770,-0.00751,-0.17884
1784708084.319,-37.945045,344.208130,5.350,10.785,-0.00752,-0.18095
1784708084.449,-37.586243,344.232666,5.315,10.801,-0.00756,-0.18333
1784708084.584,-37.227287,344.257080,5.285,10.745,-0.00770,-0.18584
1784708084.721,-36.873135,344.280945,5.254,10.620,-0.00779,-0.18855
1784708084.853,-36.520130,344.304504,5.222,10.637,-0.00626,-0.19033
1784708084.991,-36.165947,344.327942,5.191,10.654,-0.00622,-0.19038
1784708085.129,-35.811226,344.351196,5.167,10.672,-0.00634,-0.18871
1784708085.260,-35.455956,344.374390,5.143,10.688,-0.00643,-0.18663
1784708085.397,-35.100124,344.397461,5.117,10.706,-0.00637,-0.18470
1784708085.529,-34.743710,344.420563,5.090,10.723,-0.00485,-0.18278
1784708085.665,-34.386703,344.443542,5.065,10.742,-0.00481,-0.18102
1784708085.809,-34.029011,344.466461,5.047,10.763,-0.00497,-0.17936
1784708085.941,-33.670624,344.489227,5.028,10.784,-0.00503,-0.17789
1784708086.071,-33.311535,344.511841,5.008,10.804,-0.00498,-0.17661
1784708086.205,-32.952290,344.534363,4.988,10.752,-0.00348,-0.17544
1784708086.338,-32.597771,344.556580,4.969,10.629,-0.00348,-0.17429
1784708086.473,-32.243755,344.578552,4.956,10.650,-0.00361,-0.17335
1784708086.606,-31.888996,344.600616,4.943,10.671,-0.00373,-0.17237
1784708086.743,-31.533566,344.622681,4.928,10.692,-0.00237,-0.17142
1784708086.871,-31.178848,344.644684,4.913,10.716,-0.00244,-0.17050
1784708087.002,-30.821880,344.666687,4.902,10.740,-0.00260,-0.16971
1784708087.137,-30.464094,344.688538,4.893,10.765,-0.00276,-0.16912
1784708087.269,-30.105497,344.710388,4.883,10.789,-0.00284,-0.16857
1784708087.401,-29.746086,344.732208,4.872,10.813,-0.00145,-0.16811
1784708087.536,-29.390486,344.753845,4.862,10.658,-0.00155,-0.16760
1784708087.666,-29.036655,344.775299,4.855,10.643,-0.00178,-0.16717
1784708087.802,-28.682047,344.796875,4.849,10.665,-0.00201,-0.16667
1784708087.942,-28.326748,344.818420,4.840,10.687,-0.00071,-0.16624
1784708088.083,-27.970716,344.840027,4.831,10.711,-0.00084,-0.16579
1784708088.216,-27.613895,344.861572,4.826,10.735,-0.00107,-0.16544
1784708088.346,-27.257700,344.882996,4.823,10.759,-0.00134,-0.16518
1784708088.477,-26.904057,344.904236,4.818,10.783,-0.00225,-0.16496
1784708088.610,-26.544847,344.925781,4.812,10.807,-0.00190,-0.16476
1784708088.742,-26.185350,344.947327,4.803,10.756,-0.00483,-0.16457
1784708088.872,-25.833860,344.968231,4.792,10.633,-0.00833,-0.16455
1784708089.005,-25.479618,344.989136,4.774,10.654,-0.01141,-0.16469
1784708089.139,-25.125729,345.009888,4.738,10.677,-0.01374,-0.16497
1784708089.267,-24.770544,345.030518,4.690,10.701,-0.01322,-0.16544
1784708089.400,-24.414049,345.050812,4.634,10.723,-0.01467,-0.16633
1784708089.531,-24.059111,345.070679,4.579,10.746,-0.01602,-0.16755
1784708089.664,-23.701050,345.090302,4.518,10.769,-0.01697,-0.16920
1784708089.797,-23.342205,345.109650,4.450,10.792,-0.01562,-0.17117
1784708089.930,-22.984777,345.128387,4.380,10.815,-0.01603,-0.17367
1784708090.059,-22.626940,345.146606,4.312,10.659,-0.01630,-0.17670
1784708090.191,-22.272846,345.164185,4.248,10.647,-0.01655,-0.18016
1784708090.322,-21.917908,345.181580,4.180,10.672,-0.01658,-0.18385
1784708090.450,-21.567047,345.198303,4.113,10.697,-0.01485,-0.18796
1784708090.581,-21.210499,345.214905,4.046,10.721,-0.01466,-0.19254
1784708090.714,-20.856205,345.230988,3.986,10.746,-0.01458,-0.19750
1784708090.844,-20.497995,345.246887,3.926,10.771,-0.01280,-0.20287
1784708090.979,-20.138920,345.262512,3.866,10.797,-0.01252,-0.20712
1784708091.113,-19.778931,345.277802,3.811,10.822,-0.01227,-0.20808
1784708091.241,-19.423401,345.292664,3.763,10.666,-0.01221,-0.20554
1784708091.372,-19.068857,345.307068,3.714,10.655,-0.01198,-0.20157
1784708091.506,-18.713480,345.321228,3.665,10.679,-0.01166,-0.19787
1784708091.637,-18.357296,345.335083,3.617,10.705,-0.00983,-0.19450
1784708091.771,-18.000313,345.348724,3.570,10.730,-0.00933,-0.19136
1784708091.905,-17.642464,345.362122,3.527,10.756,-0.00924,-0.18850
1784708092.037,-17.283773,345.375366,3.490,10.779,-0.00984,-0.18581
1784708092.166,-16.924349,345.388428,3.450,10.799,-0.01082,-0.18333
1784708092.300,-16.564285,345.401276,3.409,10.817,-0.00991,-0.18108
1784708092.429,-16.205975,345.413696,3.366,10.655,-0.01123,-0.17921
1784708092.562,-15.851803,345.425720,3.324,10.637,-0.01283,-0.17761
1784708092.696,-15.497020,345.437500,3.279,10.656,-0.01414,-0.17627
1784708092.825,-15.142793,345.449066,3.226,10.675,-0.01508,-0.17513
1784708092.958,-14.786810,345.460236,3.167,10.695,-0.01392,-0.17444
1784708093.090,-14.435925,345.470917,3.107,10.714,-0.01498,-0.17409
1784708093.217,-14.080997,345.481201,3.051,10.731,-0.01641,-0.17425
1784708093.350,-13.723224,345.491180,2.992,10.748,-0.01767,-0.17480
1784708093.484,-13.364867,345.500916,2.925,10.766,-0.01655,-0.17561
1784708093.613,-13.005913,345.510193,2.854,10.783,-0.01720,-0.17690
1784708093.749,-12.646357,345.519012,2.782,10.801,-0.01793,-0.17866
1784708093.878,-12.292768,345.527252,2.714,10.748,-0.01895,-0.18082
1784708094.008,-11.937307,345.535095,2.642,10.622,-0.01991,-0.18344
1784708094.142,-11.583015,345.542511,2.566,10.641,-0.01865,-0.18651
1784708094.273,-11.228048,345.549469,2.487,10.660,-0.01914,-0.19022
1784708094.405,-10.872449,345.556000,2.411,10.681,-0.01960,-0.19333
1784708094.540,-10.516167,345.562164,2.335,10.702,-0.01999,-0.19532
1784708094.671,-10.163331,345.567627,2.257,10.719,-0.01837,-0.19642
1784708094.799,-9.812041,345.572540,2.179,10.740,-0.01846,-0.19693
1784708094.929,-9.453655,345.577057,2.105,10.761,-0.01850,-0.19687
1784708095.063,-9.094562,345.581177,2.030,10.782,-0.01837,-0.19632
1784708095.192,-8.734963,345.584869,1.954,10.801,-0.01801,-0.19618
1784708095.325,-8.375125,345.588196,1.878,10.749,-0.01603,-0.19640
1784708095.456,-8.021667,345.591125,1.806,10.625,-0.01568,-0.19649
1784708095.587,-7.667130,345.593567,1.742,10.643,-0.01542,-0.19588
1784708095.719,-7.311935,345.595551,1.680,10.663,-0.01527,-0.19449
1784708095.850,-6.956107,345.597168,1.618,10.684,-0.01368,-0.19299
1784708095.980,-6.599615,345.598328,1.556,10.705,-0.01405,-0.19193
1784708096.114,-6.242427,345.599091,1.499,10.726,-0.01465,-0.19127
1784708096.248,-5.884535,345.599548,1.443,10.747,-0.01518,-0.19016
1784708096.377,-5.525946,345.599731,1.383,10.768,-0.01542,-0.18836
1784708096.506,-5.166661,345.599518,1.321,10.789,-0.01381,-0.18613
1784708096.636,-4.808049,345.598938,1.257,10.810,-0.01375,-0.18412
1784708096.766,-4.447881,345.597961,1.198,10.760,-0.01382,-0.18251
1784708096.897,-4.092359,345.596649,1.144,10.640,-0.01504,-0.18121
1784708097.027,-3.739499,345.595032,1.088,10.664,-0.01732,-0.18002
1784708097.156,-3.387683,345.592987,1.028,10.689,-0.01720,-0.17906
1784708097.286,-3.030925,345.590546,0.960,10.714,-0.01950,-0.17831
1784708097.421,-2.673360,345.587646,0.891,10.740,-0.02156,-0.17801
1784708097.551,-2.316052,345.584259,0.812,10.764,-0.02350,-0.17820
1784708097.683,-1.956877,345.580414,0.724,10.787,-0.02295,-0.17884
1784708097.817,-1.596931,345.575958,0.628,10.809,-0.02552,-0.18007
1784708097.953,-1.237145,345.570862,0.530,10.759,-0.02823,-0.18195
1784708098.101,-0.881567,345.565125,0.429,10.638,-0.03053,-0.18451
1784708098.235,-0.526524,345.558807,0.316,10.662,-0.03224,-0.18712
1784708098.368,-0.170686,345.551666,0.192,10.686,-0.03139,-0.18937
1784708098.499,0.185889,345.543640,0.063,10.710,-0.03407,-0.19132
1784708098.633,0.541848,345.534851,-0.063,10.735,-0.03776,-0.19347
1784708098.766,0.899920,345.525330,-0.201,10.756,-0.04088,-0.19632
1784708098.898,1.258621,345.514862,-0.355,10.775,-0.04382,-0.20010
1784708099.028,1.615044,345.503357,-0.521,10.795,-0.04334,-0.20496
1784708099.163,1.974970,345.490601,-0.698,10.814,-0.04654,-0.21100
1784708099.297,2.332850,345.476746,-0.873,10.655,-0.04961,-0.21774
1784708099.430,2.685483,345.461975,-1.059,10.639,-0.04881,-0.22253
1784708099.563,3.040192,345.445984,-1.261,10.659,-0.05159,-0.22518
1784708099.694,3.395484,345.428619,-1.464,10.680,-0.05503,-0.22677
1784708099.824,3.748025,345.410034,-1.668,10.701,-0.05850,-0.22942
1784708099.953,4.099252,345.390320,-1.888,10.721,-0.06119,-0.23326
1784708100.085,4.456280,345.368774,-2.126,10.741,-0.06011,-0.23758
1784708100.218,4.813876,345.345642,-2.374,10.761,-0.06323,-0.24096
1784708100.345,5.167555,345.321167,-2.616,10.781,-0.06696,-0.24340
1784708100.478,5.526264,345.294861,-2.874,10.800,-0.06973,-0.24614
1784708100.617,5.885133,345.266907,-3.148,10.747,-0.07246,-0.25051
1784708100.750,6.239277,345.237488,-3.430,10.624,-0.07128,-0.25636
1784708100.881,6.592369,345.206268,-3.721,10.643,-0.07433,-0.26143
1784708101.012,6.945959,345.173157,-4.008,10.664,-0.07695,-0.26464
1784708101.141,7.300066,345.138184,-4.307,10.684,-0.07968,-0.26635
1784708101.273,7.654616,345.101196,-4.620,10.704,-0.07834,-0.26946
1784708101.404,8.006011,345.062561,-4.941,10.722,-0.08195,-0.27277
1784708101.533,8.361341,345.021454,-5.269,10.741,-0.08501,-0.27526
1784708101.667,8.717041,344.978271,-5.599,10.758,-0.08782,-0.27693
1784708101.797,9.073064,344.932983,-5.948,10.775,-0.09060,-0.27990
1784708101.928,9.429351,344.885284,-6.308,10.792,-0.08886,-0.28372
1784708102.060,9.785863,344.835175,-6.677,10.809,-0.09113,-0.28653
1784708102.192,10.136004,344.783630,-7.035,10.646,-0.09277,-0.28839
1784708102.323,10.485935,344.729858,-7.401,10.626,-0.09340,-0.29110
1784708102.456,10.836044,344.673798,-7.779,10.642,-0.09043,-0.29510
1784708102.590,11.186248,344.615295,-8.157,10.658,-0.09221,-0.29772
1784708102.722,11.536526,344.554382,-8.532,10.674,-0.09507,-0.29892
1784708102.855,11.886902,344.491150,-8.902,10.689,-0.09741,-0.30025
1784708102.988,12.237339,344.425598,-9.287,10.703,-0.09935,-0.30329
1784708103.118,12.587733,344.357483,-9.684,10.715,-0.09690,-0.30542
1784708103.249,12.938025,344.286743,-10.088,10.727,-0.10305,-0.30638
1784708103.382,13.288193,344.213409,-10.494,10.739,-0.10022,-0.30737
1784708103.513,13.632199,344.138855,-10.904,10.750,-0.10030,-0.31032
1784708103.644,13.982059,344.060364,-11.315,10.762,-0.09629,-0.31221
1784708103.777,14.331721,343.979340,-11.725,10.774,-0.10044,-0.31156
1784708103.906,14.679142,343.896271,-12.127,10.786,-0.09774,-0.30949
1784708104.037,15.028402,343.810181,-12.536,10.797,-0.09931,-0.30930
1784708104.170,15.377404,343.721466,-12.948,10.808,-0.09981,-0.30933
1784708104.299,15.720756,343.631409,-13.346,10.637,-0.09967,-0.30835
1784708104.430,16.062210,343.539276,-13.750,10.609,-0.09984,-0.30637
1784708104.562,16.403234,343.444702,-14.156,10.618,-0.09675,-0.30620
1784708104.693,16.743847,343.347778,-14.560,10.627,-0.09877,-0.30841
1784708104.826,17.084017,343.248444,-14.960,10.636,-0.10053,-0.31205
1784708104.958,17.422241,343.147125,-15.354,10.643,-0.09800,-0.31331
1784708105.089,17.759991,343.043304,-15.758,10.652,-0.10487,-0.31162
1784708105.225,18.098829,342.936493,-16.155,10.661,-0.10357,-0.30904
1784708105.358,18.436787,342.827301,-16.569,10.665,-0.10637,-0.30843
1784708105.489,18.774384,342.715576,-16.992,10.670,-0.10782,-0.30740
1784708105.626,19.111279,342.601257,-17.423,10.675,-0.10815,-0.30521
1784708105.759,19.447456,342.484314,-17.861,10.680,-0.10861,-0.30269
1784708105.887,19.782852,342.364655,-18.301,10.685,-0.10535,-0.30273
1784708106.022,20.117472,342.242340,-18.742,10.690,-0.10646,-0.30553
1784708106.158,20.451330,342.117371,-19.176,10.696,-0.10305,-0.30969
1784708106.289,20.784433,341.989899,-19.606,10.702,-0.10329,-0.31143
1784708106.422,21.116795,341.859955,-20.032,10.709,-0.10630,-0.31090
1784708106.555,21.447788,341.727661,-20.452,10.715,-0.10298,-0.31082
1784708106.685,21.776243,341.593567,-20.883,10.720,-0.10330,-0.31332
1784708106.820,22.106133,341.456085,-21.303,10.725,-0.10006,-0.31843
1784708106.953,22.435152,341.316101,-21.723,10.729,-0.10018,-0.32205
1784708107.085,22.762068,341.174194,-22.137,10.734,-0.09951,-0.32272
1784708107.222,23.089338,341.029327,-22.544,10.739,-0.09865,-0.32101
1784708107.354,23.413170,340.883301,-22.948,10.743,-0.09796,-0.32079
1784708107.483,23.738564,340.733887,-23.351,10.748,-0.09408,-0.32028
1784708107.619,24.063227,340.582001,-23.748,10.754,-0.09336,-0.31684
1784708107.753,24.387079,340.427795,-24.130,10.763,-0.09587,-0.31100
1784708107.885,24.710056,340.271362,-24.513,10.769,-0.09265,-0.30610
1784708108.019,25.032127,340.112579,-24.905,10.775,-0.09296,-0.30370
1784708108.152,25.350613,339.952942,-25.280,10.782,-0.09335,-0.30309
1784708108.294,25.670959,339.789673,-25.659,10.789,-0.08972,-0.30093
1784708108.441,25.990458,339.624329,-26.042,10.796,-0.09169,-0.29659
1784708108.574,26.309011,339.456757,-26.410,10.801,-0.08846,-0.29166
1784708108.702,26.621601,339.289917,-26.776,10.734,-0.08927,-0.28864
1784708108.835,26.933205,339.121033,-27.142,10.599,-0.09059,-0.28788
1784708108.967,27.241665,338.951263,-27.498,10.608,-0.08791,-0.28747
1784708109.099,27.550556,338.778717,-27.861,10.617,-0.08878,-0.28524
1784708109.232,27.858580,338.604004,-28.216,10.627,-0.09065,-0.28140
1784708109.362,28.164120,338.428314,-28.571,10.637,-0.09299,-0.27795
1784708109.493,28.470472,338.249573,-28.938,10.646,-0.09430,-0.27671
1784708109.623,28.775928,338.068573,-29.313,10.656,-0.09153,-0.27764
1784708109.756,29.076641,337.887695,-29.690,10.666,-0.09293,-0.27895
1784708109.884,29.377193,337.704163,-30.064,10.680,-0.09504,-0.27999
1784708109.985,29.528736,337.610718,-30.251,10.686,-0.09605,-0.28029
1784708110.119,29.831207,337.422180,-30.630,10.699,-0.09717,-0.28183
1784708110.247,30.126671,337.235291,-31.011,10.711,-0.09398,-0.28492
1784708110.388,30.427158,337.042114,-31.405,10.724,-0.09356,-0.28696
1784708110.516,30.725487,336.847351,-31.785,10.737,-0.09415,-0.28737
1784708110.650,31.024094,336.649750,-32.166,10.750,-0.09542,-0.28705
1784708110.779,31.321787,336.449982,-32.550,10.764,-0.09611,-0.28898
1784708110.913,31.618507,336.247894,-32.940,10.779,-0.09259,-0.29337
1784708111.045,31.914257,336.043518,-33.333,10.795,-0.09164,-0.29774
1784708111.177,32.209091,335.836761,-33.713,10.813,-0.09152,-0.29983
1784708111.306,32.500710,335.629517,-34.085,10.653,-0.09255,-0.29942
1784708111.441,32.788132,335.422394,-34.455,10.637,-0.09012,-0.30004
1784708111.573,33.074745,335.213013,-34.829,10.657,-0.09109,-0.30134
1784708111.704,33.359398,335.002167,-35.200,10.678,-0.09124,-0.30110
1784708111.836,33.641670,334.790222,-35.563,10.699,-0.09120,-0.29923
1784708111.966,33.925789,334.574097,-35.934,10.723,-0.09189,-0.29755
1784708112.099,34.209152,334.355652,-36.305,10.747,-0.08928,-0.29732
1784708112.233,34.491772,334.134949,-36.678,10.773,-0.09104,-0.29548
1784708112.364,34.773659,333.911926,-37.043,10.799,-0.09246,-0.29186
1784708112.492,35.053337,333.687744,-37.412,10.825,-0.09467,-0.28804
1784708112.626,35.329693,333.463165,-37.786,10.671,-0.09789,-0.28659
1784708112.756,35.603611,333.237457,-38.166,10.661,-0.09643,-0.28756
1784708112.885,35.872601,333.012726,-38.556,10.687,-0.09877,-0.28859
1784708113.017,36.144707,332.782135,-38.956,10.715,-0.09985,-0.28823
1784708113.149,36.415924,332.549072,-39.355,10.744,-0.10067,-0.28641
1784708113.281,36.682133,332.317169,-39.756,10.772,-0.10163,-0.28599
1784708113.408,36.948734,332.081573,-40.164,10.796,-0.09870,-0.28808
1784708113.537,37.217075,331.840973,-40.580,10.825,-0.09921,-0.29223
1784708113.667,37.482029,331.599884,-40.988,10.673,-0.09900,-0.29501
1784708113.798,37.736866,331.364655,-41.378,10.667,-0.09822,-0.29577
1784708113.929,37.997002,331.121338,-41.781,10.697,-0.09630,-0.29515
1784708114.058,38.256145,330.875488,-42.181,10.728,-0.09139,-0.29696
1784708114.193,38.511673,330.629700,-42.570,10.760,-0.08878,-0.30119
1784708114.324,38.768887,330.378906,-42.947,10.792,-0.08777,-0.30609
1784708114.454,39.023048,330.127991,-43.306,10.824,-0.08878,-0.30834
1784708114.584,39.274063,329.877045,-43.660,10.673,-0.09022,-0.30782
1784708114.717,39.523689,329.624512,-44.020,10.666,-0.08737,-0.30764
1784708114.846,39.772179,329.369934,-44.385,10.696,-0.08820,-0.30810
1784708114.976,40.017689,329.115143,-44.737,10.727,-0.08990,-0.30571
1784708115.109,40.264587,328.855774,-45.096,10.757,-0.09156,-0.29965
1784708115.234,40.505791,328.599243,-45.457,10.786,-0.09221,-0.29264
1784708115.367,40.747700,328.338623,-45.828,10.814,-0.08880,-0.28778
1784708115.498,40.989777,328.074158,-46.204,10.663,-0.08769,-0.28524
1784708115.628,41.225204,327.813477,-46.566,10.656,-0.08627,-0.28326
1784708115.764,41.462036,327.547974,-46.921,10.684,-0.08572,-0.27989
1784708115.897,41.697956,327.280457,-47.272,10.713,-0.08611,-0.27540
1784708116.026,41.931553,327.012390,-47.619,10.741,-0.08334,-0.27214
1784708116.159,42.162666,326.743958,-47.966,10.768,-0.08351,-0.27101
1784708116.291,42.395435,326.470184,-48.314,10.796,-0.08289,-0.27209
1784708116.424,42.627090,326.194275,-48.655,10.822,-0.08250,-0.27541
1784708116.558,42.856174,325.918091,-48.994,10.667,-0.07941,-0.28086
1784708116.691,43.081081,325.643616,-49.326,10.655,-0.08050,-0.28663
1784708116.820,43.304985,325.367310,-49.649,10.680,-0.08205,-0.28895
1784708116.953,43.526386,325.091034,-49.973,10.705,-0.08276,-0.28724
1784708117.085,43.748207,324.811005,-50.307,10.729,-0.08251,-0.28417
1784708117.217,43.968822,324.529053,-50.645,10.754,-0.07923,-0.28264
1784708117.352,44.188221,324.245087,-50.982,10.779,-0.07947,-0.28019
1784708117.486,44.406464,323.959167,-51.307,10.804,-0.08050,-0.27634
1784708117.616,44.623425,323.671661,-51.631,10.755,-0.08097,-0.27190
1784708117.749,44.836121,323.386414,-51.957,10.634,-0.08121,-0.26950
1784708117.885,45.046593,323.100708,-52.286,10.656,-0.07818,-0.26917
1784708118.014,45.253971,322.815887,-52.612,10.678,-0.07858,-0.27080
1784708118.150,45.462067,322.526642,-52.937,10.701,-0.07861,-0.27379
1784708118.282,45.668976,322.235657,-53.254,10.724,-0.07817,-0.27497
1784708118.418,45.874722,321.942963,-53.575,10.746,-0.07715,-0.27386
1784708118.554,46.079247,321.648529,-53.895,10.767,-0.07368,-0.27202
1784708118.687,46.282520,321.352356,-54.211,10.788,-0.07352,-0.27196
1784708118.819,46.484547,321.054443,-54.519,10.810,-0.07382,-0.27388
1784708118.955,46.685230,320.755157,-54.819,10.758,-0.07088,-0.27547
1784708119.092,46.881897,320.458618,-55.118,10.634,-0.07045,-0.27450
1784708119.226,47.076469,320.161926,-55.411,10.654,-0.06949,-0.27141
1784708119.360,47.269943,319.863617,-55.695,10.675,-0.06821,-0.26870
1784708119.494,47.462322,319.563812,-55.978,10.697,-0.06636,-0.26772
1784708119.630,47.653603,319.262543,-56.257,10.717,-0.06566,-0.26807
1784708119.767,47.843792,318.959839,-56.528,10.737,-0.06319,-0.26734
1784708119.905,48.032894,318.655640,-56.794,10.757,-0.06543,-0.26498
1784708120.038,48.220802,318.350250,-57.052,10.776,-0.06794,-0.26168
1784708120.176,48.407856,318.043213,-57.317,10.796,-0.06954,-0.25961
1784708120.311,48.593815,317.734802,-57.596,10.815,-0.07002,-0.25728
1784708120.443,48.777374,317.426819,-57.879,10.654,-0.06964,-0.25436
1784708120.582,48.957176,317.121429,-58.163,10.638,-0.06624,-0.25127
1784708120.718,49.135777,316.814667,-58.447,10.658,-0.06479,-0.24956
1784708120.853,49.313210,316.506470,-58.721,10.679,-0.06306,-0.24958
1784708120.992,49.489536,316.196930,-58.983,10.699,-0.05928,-0.25054
1784708121.128,49.664856,315.885986,-59.241,10.721,-0.05723,-0.25010
1784708121.266,49.839199,315.573700,-59.488,10.743,-0.05531,-0.24807
1784708121.403,50.012604,315.260040,-59.721,10.765,-0.05527,-0.24557
1784708121.540,50.185131,314.945068,-59.948,10.788,-0.05715,-0.24443
1784708121.678,50.356781,314.628693,-60.174,10.811,-0.05968,-0.24474
1784708121.817,50.527382,314.311218,-60.407,10.762,-0.06137,-0.24649
1784708121.954,50.694523,313.996826,-60.648,10.641,-0.05935,-0.24981
1784708122.090,50.859886,313.682617,-60.896,10.663,-0.05963,-0.25445
1784708122.226,51.024380,313.367065,-61.137,10.686,-0.05705,-0.25591
1784708122.367,51.187996,313.050232,-61.377,10.710,-0.05916,-0.25268
1784708122.508,51.350655,312.731995,-61.608,10.735,-0.05644,-0.24588
1784708122.645,51.512318,312.412384,-61.841,10.760,-0.05609,-0.23987
1784708122.787,51.672962,312.091339,-62.076,10.786,-0.05803,-0.23540
1784708122.926,51.832596,311.768768,-62.301,10.812,-0.06265,-0.23251
1784708123.063,51.991295,311.445038,-62.536,10.767,-0.06716,-0.23096
1784708123.201,52.146866,311.124512,-62.787,10.649,-0.06658,-0.23083
1784708123.341,52.300663,310.804108,-63.058,10.676,-0.06898,-0.23225
1784708123.478,52.453308,310.482117,-63.336,10.703,-0.07044,-0.23539
1784708123.624,52.604687,310.158691,-63.612,10.732,-0.07128,-0.24030
1784708123.728,52.679970,309.996338,-63.754,10.748,-0.06851,-0.24340
1784708123.846,52.829563,309.670410,-64.043,10.779,-0.06826,-0.25061
1784708123.985,52.977806,309.342712,-64.328,10.811,-0.06776,-0.25577
1784708124.123,53.124756,309.013489,-64.605,10.769,-0.06950,-0.25677
1784708124.263,53.268509,308.687378,-64.879,10.658,-0.07365,-0.25419
1784708124.399,53.410488,308.361206,-65.159,10.692,-0.07840,-0.25238
1784708124.539,53.551308,308.033142,-65.456,10.727,-0.07767,-0.25239
1784708124.680,53.690788,307.703369,-65.775,10.763,-0.08012,-0.25431
1784708124.816,53.828835,307.371674,-66.101,10.799,-0.08149,-0.25830
1784708124.953,53.965416,307.038025,-66.426,10.836,-0.08212,-0.26440
1784708125.095,54.099693,306.704529,-66.759,10.690,-0.07885,-0.27256
1784708125.231,54.230629,306.373688,-67.093,10.690,-0.07793,-0.28167
1784708125.367,54.360065,306.041016,-67.420,10.729,-0.07389,-0.29211
1784708125.509,54.488060,305.706360,-67.736,10.767,-0.07470,-0.28448
1784708125.644,54.614708,305.369934,-68.045,10.806,-0.07252,-0.27888
1784708125.785,54.739922,305.031921,-68.351,10.772,-0.06985,-0.27503
1784708125.923,54.862053,304.696899,-68.647,10.665,-0.06718,-0.27308
1784708126.061,54.982330,304.361725,-68.932,10.702,-0.06301,-0.27293
1784708126.199,55.101463,304.024780,-69.206,10.740,-0.06125,-0.27445
1784708126.337,55.219471,303.686157,-69.464,10.779,-0.05988,-0.27760
1784708126.473,55.336422,303.345886,-69.714,10.816,-0.05634,-0.28230
1784708126.610,55.452312,303.004059,-69.959,10.783,-0.05462,-0.28568
1784708126.750,55.565613,302.665558,-70.187,10.677,-0.05297,-0.28282
1784708126.885,55.677505,302.327118,-70.406,10.712,-0.05114,-0.27345
1784708127.026,55.788422,301.987061,-70.620,10.746,-0.04923,-0.26148
1784708127.165,55.898277,301.645538,-70.828,10.779,-0.04836,-0.25095
1784708127.299,56.007263,301.302582,-71.029,10.813,-0.04884,-0.24165
1784708127.438,56.115395,300.958405,-71.225,10.774,-0.04711,-0.23351
1784708127.582,56.221191,300.617950,-71.420,10.661,-0.04800,-0.22657
1784708127.718,56.325729,300.277679,-71.610,10.696,-0.04858,-0.22080
1784708127.859,56.429653,299.936035,-71.805,10.726,-0.04865,-0.21599
1784708127.998,56.532730,299.593140,-72.001,10.751,-0.04617,-0.21235
1784708128.133,56.634464,299.249023,-72.200,10.777,-0.04530,-0.21034
1784708128.270,56.735039,298.903717,-72.395,10.802,-0.04407,-0.20977
1784708128.409,56.834801,298.557617,-72.581,10.755,-0.04282,-0.21020
1784708128.545,56.932461,298.215393,-72.760,10.636,-0.03979,-0.21076
1784708128.685,57.028866,297.873688,-72.934,10.661,-0.03898,-0.21055
1784708128.825,57.124477,297.530945,-73.101,10.688,-0.03941,-0.20954
1784708128.961,57.219379,297.187103,-73.261,10.712,-0.04085,-0.20860
1784708129.099,57.313396,296.842346,-73.419,10.731,-0.04214,-0.20876
1784708129.242,57.406345,296.496704,-73.584,10.753,-0.04271,-0.21019
1784708129.380,57.498421,296.149933,-73.758,10.779,-0.04039,-0.21275
1784708129.519,57.589832,295.802094,-73.935,10.806,-0.03998,-0.21623
1784708129.660,57.680473,295.453369,-74.102,10.760,-0.03957,-0.22015
1784708129.795,57.769100,295.108551,-74.265,10.645,-0.03703,-0.22130
1784708129.933,57.856476,294.764221,-74.428,10.676,-0.03617,-0.21945
1784708130.073,57.942898,294.418549,-74.585,10.705,-0.03509,-0.21594
1784708130.209,58.028465,294.071716,-74.733,10.735,-0.03392,-0.21319
1784708130.350,58.113384,293.723663,-74.879,10.765,-0.03312,-0.21136
1784708130.491,58.197655,293.374451,-75.023,10.795,-0.03448,-0.21042
1784708130.628,58.281513,293.024078,-75.164,10.826,-0.03397,-0.21016
1784708130.766,58.364532,292.674683,-75.308,10.675,-0.03822,-0.21048
1784708130.902,58.445778,292.328918,-75.454,10.671,-0.04193,-0.21169
1784708131.036,58.526112,291.981750,-75.606,10.705,-0.04495,-0.21411
1784708131.175,58.605541,291.633270,-75.778,10.736,-0.04381,-0.21741
1784708131.314,58.683941,291.283569,-75.961,10.766,-0.04504,-0.21939
1784708131.450,58.761356,290.932587,-76.147,10.797,-0.04569,-0.21910
1784708131.590,58.837852,290.580505,-76.331,10.822,-0.04601,-0.21698
1784708131.731,58.913021,290.229553,-76.518,10.663,-0.04576,-0.21548
1784708131.870,58.986366,289.882446,-76.705,10.650,-0.04540,-0.21497
1784708132.009,59.058727,289.534424,-76.892,10.673,-0.04311,-0.21561
1784708132.147,59.130066,289.185425,-77.078,10.697,-0.04388,-0.21745
1784708132.282,59.200401,288.835480,-77.259,10.718,-0.04522,-0.22047
1784708132.421,59.269772,288.484711,-77.436,10.737,-0.04630,-0.22461
1784708132.558,59.338245,288.133118,-77.620,10.756,-0.04669,-0.22979
1784708132.699,59.405682,287.780640,-77.810,10.774,-0.04428,-0.23616
1784708132.842,59.471973,287.427429,-78.001,10.790,-0.04381,-0.24381
1784708132.986,59.537148,287.073456,-78.183,10.806,-0.04110,-0.25089
1784708133.123,59.601288,286.719025,-78.361,10.749,-0.04040,-0.25222
1784708133.266,59.663563,286.368988,-78.528,10.622,-0.04215,-0.24802
1784708133.407,59.724670,286.019897,-78.691,10.638,-0.04041,-0.24172
1784708133.547,59.784943,285.670166,-78.858,10.654,-0.04188,-0.23630
1784708133.692,59.844269,285.319702,-79.023,10.673,-0.04374,-0.23193
1784708133.837,59.902653,284.968536,-79.191,10.691,-0.04515,-0.22860
1784708133.975,59.960125,284.616608,-79.370,10.710,-0.04347,-0.22629
1784708134.118,60.016567,284.263824,-79.553,10.731,-0.04440,-0.22513
1784708134.258,60.071915,283.910248,-79.735,10.752,-0.04521,-0.22517
1784708134.398,60.126198,283.555725,-79.914,10.773,-0.04569,-0.22641
1784708134.541,60.179504,283.200409,-80.099,10.794,-0.04332,-0.22817
1784708134.687,60.231766,282.844177,-80.285,10.816,-0.04292,-0.22826
1784708134.823,60.282642,282.489166,-80.461,10.661,-0.04246,-0.22650
1784708134.962,60.331894,282.137939,-80.635,10.650,-0.04167,-0.22380
1784708135.101,60.380253,281.785828,-80.808,10.677,-0.04079,-0.22206
1784708135.236,60.427734,281.432587,-80.979,10.705,-0.03999,-0.22133
1784708135.376,60.474323,281.078278,-81.146,10.734,-0.03734,-0.22163
1784708135.517,60.519962,280.722961,-81.309,10.763,-0.03652,-0.22300
1784708135.665,60.564735,280.366577,-81.463,10.792,-0.03569,-0.22538
1784708135.803,60.608719,280.009094,-81.613,10.821,-0.03466,-0.22867
1784708135.946,60.651649,279.652710,-81.760,10.669,-0.03183,-0.23137
1784708136.083,60.693184,279.300171,-81.900,10.661,-0.03064,-0.23133
1784708136.223,60.733955,278.946594,-82.030,10.689,-0.02974,-0.22846
1784708136.362,60.774059,278.592041,-82.156,10.716,-0.02973,-0.22447
1784708136.500,60.813549,278.236633,-82.279,10.743,-0.03058,-0.22095
1784708136.640,60.852448,277.880280,-82.401,10.769,-0.02911,-0.21706
1784708136.779,60.890675,277.522980,-82.526,10.796,-0.02977,-0.21285
1784708136.918,60.928173,277.164673,-82.651,10.823,-0.03012,-0.20875
1784708137.061,60.964722,276.807587,-82.772,10.670,-0.03032,-0.20546
1784708137.205,61.000042,276.454437,-82.895,10.658,-0.03051,-0.20304
1784708137.349,61.034664,276.100403,-83.020,10.682,-0.02869,-0.20140
1784708137.492,61.068680,275.745514,-83.145,10.705,-0.02959,-0.20043
1784708137.638,61.102081,275.389862,-83.266,10.728,-0.03076,-0.20014
1784708137.781,61.134769,275.033386,-83.385,10.751,-0.03171,-0.19990
1784708137.925,61.166763,274.676117,-83.511,10.774,-0.03211,-0.19945
1784708138.069,61.197990,274.317932,-83.642,10.798,-0.03006,-0.19901
1784708138.206,61.228378,273.958923,-83.773,10.823,-0.03009,-0.19933
1784708138.347,61.257771,273.601135,-83.900,10.667,-0.03119,-0.20054
1784708138.487,61.286018,273.247437,-84.020,10.652,-0.03340,-0.20255
1784708138.626,61.313675,272.893066,-84.148,10.671,-0.03539,-0.20520
1784708138.767,61.340675,272.538055,-84.284,10.691,-0.03419,-0.20855
1784708138.911,61.366825,272.182404,-84.428,10.711,-0.03521,-0.21180
1784708139.049,61.392071,271.825989,-84.568,10.730,-0.03598,-0.21329
1784708139.191,61.416473,271.468842,-84.712,10.750,-0.03626,-0.21287
1784708139.333,61.440029,271.110931,-84.860,10.770,-0.03604,-0.21230
1784708139.470,61.462666,270.752350,-85.010,10.790,-0.03360,-0.21268
1784708139.609,61.484299,270.393066,-85.158,10.809,-0.03287,-0.21411
1784708139.749,61.504929,270.033264,-85.297,10.755,-0.03215,-0.21657
1784708139.885,61.524464,269.678040,-85.431,10.627,-0.03151,-0.21888
1784708140.024,61.543335,269.324005,-85.564,10.644,-0.02908,-0.21975
1784708140.162,61.561501,268.969299,-85.693,10.660,-0.02856,-0.21940
1784708140.299,61.578899,268.614044,-85.812,10.677,-0.02809,-0.21894
1784708140.442,61.595577,268.258270,-85.929,10.694,-0.02744,-0.21922
1784708140.581,61.611553,267.901855,-86.045,10.710,-0.02659,-0.22024
1784708140.721,61.626820,267.544983,-86.157,10.725,-0.02410,-0.22199
1784708140.863,61.641403,267.187531,-86.266,10.739,-0.02310,-0.22310
1784708141.002,61.655331,266.829620,-86.365,10.752,-0.02220,-0.22163
1784708141.139,61.668766,266.471283,-86.460,10.764,-0.02130,-0.21718
1784708141.285,61.681664,266.112549,-86.552,10.776,-0.02033,-0.21215
1784708141.425,61.693993,265.753357,-86.640,10.789,-0.01790,-0.20768
1784708141.561,61.705784,265.393768,-86.723,10.801,-0.01689,-0.20376
1784708141.705,61.717098,265.033936,-86.798,10.740,-0.01605,-0.20032
1784708141.847,61.727859,264.678955,-86.867,10.608,-0.01529,-0.19732
1784708141.986,61.738194,264.325317,-86.933,10.618,-0.01451,-0.19473
1784708142.128,61.748112,263.971313,-86.996,10.629,-0.01236,-0.19255
1784708142.274,61.757648,263.616943,-87.056,10.640,-0.01157,-0.19077
1784708142.408,61.766834,263.262177,-87.108,10.651,-0.01104,-0.18920
1784708142.552,61.775772,262.907074,-87.156,10.662,-0.01065,-0.18730
1784708142.697,61.784485,262.551605,-87.203,10.673,-0.00883,-0.18506
1784708142.834,61.792919,262.195740,-87.247,10.684,-0.00848,-0.18276
1784708142.978,61.801071,261.839539,-87.288,10.694,-0.00819,-0.18075
1784708143.120,61.808968,261.482971,-87.322,10.703,-0.00803,-0.17899
1784708143.258,61.816715,261.126099,-87.357,10.715,-0.00773,-0.17739
1784708143.399,61.824341,260.768860,-87.391,10.728,-0.00596,-0.17592
1784708143.541,61.831799,260.411194,-87.421,10.742,-0.00547,-0.17462
1784708143.678,61.839024,260.053040,-87.445,10.756,-0.00495,-0.17357
1784708143.823,61.846046,259.694427,-87.467,10.769,-0.00444,-0.17272
1784708143.961,61.852936,259.335388,-87.487,10.784,-0.00267,-0.17202
1784708144.103,61.859608,258.975830,-87.505,10.801,-0.00226,-0.17154
1784708144.250,61.866081,258.615967,-87.520,10.745,-0.00216,-0.17127
1784708144.397,61.872463,258.260681,-87.531,10.619,-0.00254,-0.17101
1784708144.540,61.879025,257.906586,-87.543,10.636,-0.00302,-0.17055
1784708144.685,61.885727,257.551697,-87.556,10.657,-0.00189,-0.16996
1784708144.829,61.892231,257.196198,-87.571,10.679,-0.00227,-0.16958
1784708144.965,61.898525,256.839996,-87.585,10.701,-0.00260,-0.16939
1784708145.107,61.904697,256.483063,-87.595,10.723,-0.00301,-0.16911
1784708145.247,61.910774,256.125336,-87.606,10.748,-0.00328,-0.16868
1784708145.386,61.916691,255.766739,-87.620,10.775,-0.00178,-0.16824
1784708145.527,61.922543,255.407196,-87.634,10.802,-0.00152,-0.16785
1784708145.667,61.928391,255.047089,-87.642,10.756,-0.00127,-0.16746
1784708145.805,61.934208,254.691269,-87.648,10.638,-0.00111,-0.16704
1784708145.944,61.940002,254.336334,-87.654,10.664,-0.00095,-0.16669
1784708146.086,61.945755,253.980484,-87.660,10.690,0.00038,-0.16684
1784708146.221,61.951485,253.623779,-87.665,10.718,0.00049,-0.16758
1784708146.361,61.957165,253.266174,-87.665,10.747,0.00047,-0.16883
1784708146.502,61.962799,252.907623,-87.664,10.775,0.00046,-0.17019
1784708146.637,61.968456,252.548126,-87.665,10.802,0.00156,-0.17154
1784708146.779,61.974220,252.187973,-87.666,10.756,0.00155,-0.17249
1784708146.917,61.979946,251.832016,-87.661,10.640,0.00138,-0.17265
1784708147.052,61.985714,251.476944,-87.657,10.667,0.00121,-0.17192
1784708147.192,61.991528,251.120941,-87.655,10.694,0.00101,-0.17083
1784708147.331,61.997330,250.764069,-87.652,10.723,0.00182,-0.16976
1784708147.468,62.003128,250.406250,-87.648,10.752,0.00109,-0.16870
1784708147.606,62.008987,250.047470,-87.642,10.780,0.00004,-0.16759
1784708147.747,62.014950,249.687775,-87.638,10.804,-0.00130,-0.16639
1784708147.883,62.020992,249.327591,-87.638,10.755,-0.00249,-0.16521
1784708148.022,62.026901,248.971771,-87.642,10.636,-0.00178,-0.16465
1784708148.163,62.032658,248.616913,-87.650,10.659,-0.00270,-0.16487
1784708148.303,62.038330,248.261185,-87.657,10.684,-0.00383,-0.16573
1784708148.443,62.043976,247.904724,-87.667,10.708,-0.00505,-0.16667
1784708148.593,62.049637,247.547455,-87.684,10.731,-0.00424,-0.16761
1784708148.737,62.055275,247.189529,-87.706,10.750,-0.00518,-0.16858
1784708148.881,62.060940,246.830917,-87.729,10.767,-0.00607,-0.16954
1784708149.018,62.066566,246.471741,-87.747,10.786,-0.00709,-0.17055
1784708149.152,62.071953,246.111908,-87.769,10.807,-0.00788,-0.17181
1784708149.294,62.076965,245.751648,-87.797,10.755,-0.00673,-0.17345
1784708149.433,62.081619,245.395874,-87.828,10.632,-0.00733,-0.17537
1784708149.569,62.086102,245.041107,-87.858,10.653,-0.00802,-0.17744
1784708149.709,62.090473,244.685638,-87.886,10.673,-0.00873,-0.17963
1784708149.849,62.094730,244.329575,-87.918,10.690,-0.00749,-0.18179
1784708149.985,62.098900,243.973053,-87.955,10.705,-0.00784,-0.18304
1784708150.126,62.102947,243.616074,-87.989,10.719,-0.00818,-0.18319
1784708150.266,62.106731,243.258499,-88.020,10.735,-0.00810,-0.18263
1784708150.401,62.110168,242.900452,-88.054,10.751,-0.00731,-0.18235
1784708150.540,62.113377,242.541855,-88.089,10.768,-0.00507,-0.18231
1784708150.680,62.116390,242.182724,-88.120,10.784,-0.00393,-0.18246
1784708150.817,62.119270,241.823029,-88.144,10.800,-0.00301,-0.18267
1784708150.957,62.122059,241.463043,-88.160,10.744,-0.00235,-0.18239
1784708151.096,62.124779,241.107666,-88.173,10.619,-0.00196,-0.18147
1784708151.230,62.127415,240.753448,-88.183,10.636,-0.00060,-0.18016
1784708151.370,62.129940,240.398621,-88.192,10.653,-0.00114,-0.17890
1784708151.511,62.132431,240.043259,-88.198,10.670,-0.00221,-0.17769
1784708151.647,62.134918,239.687378,-88.202,10.688,-0.00336,-0.17648
1784708151.787,62.137409,239.330948,-88.211,10.704,-0.00429,-0.17520
1784708151.927,62.139851,238.973969,-88.225,10.720,-0.00332,-0.17359
1784708152.061,62.142239,238.616409,-88.242,10.737,-0.00389,-0.17158
1784708152.200,62.144550,238.258286,-88.256,10.756,-0.00393,-0.16927
1784708152.342,62.146782,237.899460,-88.270,10.778,-0.00320,-0.16702
1784708152.479,62.148785,237.539871,-88.286,10.801,-0.00189,-0.16499
1784708152.617,62.150654,237.179779,-88.300,10.752,0.00019,-0.16310
1784708152.757,62.152439,236.824081,-88.307,10.632,0.00094,-0.16146
1784708152.893,62.154259,236.469330,-88.306,10.654,0.00146,-0.16095
1784708153.033,62.156204,236.113815,-88.305,10.677,0.00186,-0.16167
1784708153.173,62.158157,235.757584,-88.301,10.701,0.00297,-0.16337
1784708153.309,62.160076,235.400604,-88.296,10.725,0.00287,-0.16523
1784708153.449,62.161999,235.042786,-88.288,10.749,0.00249,-0.16710
1784708153.589,62.163975,234.684143,-88.278,10.773,0.00205,-0.16892
1784708153.726,62.166100,234.324677,-88.270,10.797,0.00285,-0.17038
1784708153.868,62.168327,233.964417,-88.264,10.821,0.00241,-0.17046
1784708154.006,62.170563,233.605545,-88.257,10.665,0.00181,-0.16900
1784708154.141,62.172771,233.250763,-88.247,10.653,0.00097,-0.16639
1784708154.278,62.174980,232.895172,-88.240,10.678,0.00016,-0.16369
1784708154.421,62.177250,232.538757,-88.236,10.703,-0.00071,-0.16094
1784708154.557,62.179558,232.181580,-88.235,10.728,0.00010,-0.15815
1784708154.699,62.181866,231.823578,-88.237,10.754,-0.00065,-0.15559
1784708154.838,62.184151,231.464813,-88.236,10.779,-0.00146,-0.15478
1784708154.975,62.186417,231.105194,-88.238,10.805,-0.00218,-0.15599
1784708155.117,62.188686,230.744965,-88.243,10.758,-0.00113,-0.15862
1784708155.257,62.190857,230.389038,-88.252,10.641,-0.00165,-0.16145
1784708155.396,62.192989,230.033997,-88.262,10.667,-0.00209,-0.16429
1784708155.539,62.195004,229.678040,-88.270,10.693,-0.00256,-0.16727
1784708155.680,62.196949,229.321289,-88.280,10.719,-0.00289,-0.17019
1784708155.820,62.198803,228.963638,-88.293,10.746,-0.00156,-0.17238
1784708155.964,62.200485,228.605057,-88.308,10.771,-0.00167,-0.17376
1784708156.103,62.202236,228.245605,-88.317,10.796,-0.00194,-0.17432
1784708156.243,62.204056,227.885315,-88.327,10.821,-0.00222,-0.17477
1784708156.385,62.205822,227.526428,-88.338,10.666,-0.00242,-0.17525
1784708156.526,62.207340,227.171509,-88.347,10.658,-0.00116,-0.17573
1784708156.662,62.208694,226.815720,-88.357,10.682,-0.00132,-0.17588
1784708156.805,62.210030,226.459122,-88.362,10.707,-0.00161,-0.17552
1784708156.952,62.211456,226.101746,-88.367,10.732,-0.00183,-0.17486
1784708157.094,62.212875,225.743744,-88.375,10.749,-0.00032,-0.17420
1784708157.238,62.214359,225.385132,-88.381,10.769,0.00016,-0.17349
1784708157.378,62.215725,225.025894,-88.384,10.788,0.00077,-0.17289
1784708157.514,62.216995,224.666000,-88.382,10.808,0.00130,-0.17239
1784708157.655,62.218281,224.305740,-88.379,10.754,0.00178,-0.17187
1784708157.801,62.219643,223.950043,-88.375,10.627,0.00302,-0.17123
1784708157.959,62.221153,223.595566,-88.369,10.647,0.00330,-0.17042
1784708158.101,62.222614,223.240356,-88.359,10.669,0.00313,-0.16963
1784708158.248,62.223888,222.884491,-88.346,10.691,0.00251,-0.16903
1784708158.384,62.225216,222.527863,-88.336,10.717,0.00172,-0.16837
1784708158.525,62.226635,222.170349,-88.328,10.741,0.00235,-0.16763
1784708158.668,62.228149,221.812027,-88.328,10.763,0.00177,-0.16680
1784708158.804,62.229889,221.452972,-88.324,10.785,0.00105,-0.16578
1784708158.948,62.231724,221.093170,-88.321,10.807,0.00045,-0.16472
1784708159.089,62.233547,220.732849,-88.322,10.761,0.00026,-0.16369
1784708159.226,62.235073,220.376663,-88.320,10.652,0.00127,-0.16296
1784708159.366,62.236282,220.021072,-88.321,10.683,0.00165,-0.16254
1784708159.505,62.237366,219.664413,-88.322,10.715,0.00204,-0.16225
1784708159.640,62.238750,219.306702,-88.319,10.745,0.00228,-0.16188
1784708159.778,62.240196,218.948135,-88.314,10.770,0.00243,-0.16261
1784708159.916,62.241924,218.588776,-88.308,10.795,0.00349,-0.16438
1784708160.051,62.243694,218.228622,-88.300,10.817,0.00317,-0.16708
1784708160.192,62.245522,217.869965,-88.286,10.652,0.00228,-0.16978
1784708160.334,62.247761,217.515656,-88.274,10.636,0.00111,-0.17200
1784708160.467,62.250221,217.160461,-88.259,10.668,0.00126,-0.17402
1784708160.606,62.252155,216.804413,-88.251,10.695,0.00024,-0.17633
1784708160.744,62.253876,216.447540,-88.243,10.722,-0.00091,-0.17757
1784708160.879,62.255592,216.089813,-88.239,10.748,-0.00198,-0.17724
1784708161.018,62.257450,215.731201,-88.243,10.773,-0.00272,-0.17575
1784708161.158,62.259426,215.371750,-88.250,10.797,-0.00164,-0.17405
1784708161.294,62.261639,215.011734,-88.266,10.806,-0.00196,-0.17211
1784708161.432,62.264099,214.653687,-88.278,10.634,-0.00248,-0.16992
1784708161.572,62.266796,214.300049,-88.286,10.620,-0.00324,-0.16771
1784708161.715,62.269165,213.945496,-88.293,10.647,-0.00369,-0.16689
1784708161.863,62.270889,213.590103,-88.306,10.674,-0.00221,-0.16792
1784708162.005,62.272278,213.233887,-88.320,10.701,-0.00158,-0.17016
1784708162.145,62.273579,212.876816,-88.329,10.725,-0.00101,-0.17257
1784708162.283,62.275040,212.518967,-88.334,10.748,-0.00061,-0.17482
1784708162.426,62.276649,212.160355,-88.337,10.771,0.00068,-0.17693
1784708162.561,62.278404,211.801132,-88.341,10.786,0.00088,-0.17867
1784708162.700,62.280380,211.441422,-88.341,10.801,0.00092,-0.17900
1784708162.837,62.282425,211.081375,-88.337,10.750,0.00082,-0.17779
1784708162.974,62.284241,210.725693,-88.332,10.630,0.00061,-0.17588
1784708163.114,62.285828,210.371002,-88.329,10.652,0.00150,-0.17414
1784708163.254,62.287399,210.015503,-88.327,10.675,0.00124,-0.17241
1784708163.392,62.289059,209.659332,-88.321,10.698,0.00090,-0.17059
1784708163.529,62.290836,209.302429,-88.317,10.721,0.00056,-0.16869
1784708163.669,62.292694,208.944733,-88.317,10.747,0.00146,-0.16688
1784708163.805,62.294331,208.586243,-88.317,10.771,0.00126,-0.16549
1784708163.942,62.295784,208.226929,-88.316,10.794,0.00096,-0.16443
1784708164.080,62.297241,207.866837,-88.316,10.813,0.00054,-0.16337
1784708164.218,62.298973,207.508270,-88.317,10.652,-0.00004,-0.16204
1784708164.357,62.300854,207.153946,-88.318,10.634,0.00066,-0.16101
1784708164.498,62.302711,206.799072,-88.323,10.653,0.00012,-0.16089
1784708164.634,62.304466,206.443573,-88.327,10.672,-0.00051,-0.16179
1784708164.773,62.306011,206.087479,-88.325,10.691,-0.00126,-0.16325
1784708164.913,62.307529,205.730667,-88.325,10.710,-0.00147,-0.16475
1784708165.050,62.309212,205.373230,-88.329,10.730,-0.00002,-0.16609
1784708165.187,62.310890,205.015198,-88.331,10.747,0.00028,-0.16743
1784708165.327,62.312588,204.656723,-88.330,10.763,0.00048,-0.16876
1784708165.464,62.314194,204.297806,-88.327,10.778,0.00065,-0.17011
1784708165.605,62.315784,203.938354,-88.323,10.793,0.00176,-0.17112
1784708165.745,62.317398,203.578445,-88.319,10.808,0.00189,-0.17170
1784708165.879,62.319092,203.220245,-88.313,10.638,0.00176,-0.17190
1784708166.019,62.321129,202.866699,-88.309,10.608,0.00137,-0.17171
1784708166.157,62.323425,202.512985,-88.304,10.614,0.00079,-0.17126
1784708166.295,62.325760,202.158997,-88.299,10.629,0.00138,-0.17078
1784708166.434,62.327751,201.804443,-88.294,10.648,0.00085,-0.17056
1784708166.574,62.329422,201.449234,-88.290,10.669,0.00043,-0.17017
1784708166.711,62.331200,201.093369,-88.288,10.688,0.00007,-0.16909
1784708166.852,62.333141,200.736832,-88.288,10.707,-0.00037,-0.16746
1784708166.992,62.335182,200.379669,-88.289,10.726,0.00053,-0.16570
1784708167.128,62.337254,200.021881,-88.293,10.744,0.00024,-0.16391
1784708167.266,62.339287,199.663513,-88.292,10.762,-0.00018,-0.16216
1784708167.407,62.341305,199.304565,-88.292,10.784,-0.00066,-0.16062
1784708167.545,62.343159,198.944778,-88.291,10.811,-0.00108,-0.16029
1784708167.682,62.344669,198.584305,-88.295,10.768,0.00018,-0.16148
1784708167.821,62.346153,198.228119,-88.302,10.648,0.00012,-0.16350
1784708167.956,62.347816,197.872833,-88.305,10.673,-0.00011,-0.16539
1784708168.099,62.349712,197.516678,-88.308,10.698,-0.00047,-0.16706
1784708168.237,62.351635,197.159729,-88.312,10.723,0.00055,-0.16871
1784708168.377,62.353470,196.802002,-88.316,10.747,0.00034,-0.17033
1784708168.518,62.355194,196.443466,-88.318,10.770,0.00011,-0.17142
1784708168.657,62.356796,196.084000,-88.319,10.797,-0.00018,-0.17185
1784708168.793,62.358326,195.723587,-88.321,10.825,-0.00039,-0.17185
1784708168.932,62.359863,195.364471,-88.324,10.670,0.00068,-0.17181
1784708169.068,62.361416,195.009460,-88.326,10.659,0.00044,-0.17173
1784708169.203,62.363121,194.653671,-88.325,10.684,0.00010,-0.17150
1784708169.339,62.364784,194.297119,-88.324,10.709,-0.00026,-0.17131
1784708169.478,62.366421,193.939697,-88.325,10.734,0.00069,-0.17116
1784708169.614,62.367943,193.581558,-88.324,10.757,0.00043,-0.17113
1784708169.753,62.369518,193.222702,-88.325,10.778,0.00027,-0.17104
1784708169.892,62.371243,192.863205,-88.324,10.798,0.00009,-0.17081
1784708170.066,62.372993,192.503052,-88.322,10.818,-0.00004,-0.17055
1784708170.208,62.374695,192.144394,-88.322,10.658,0.00094,-0.17034
1784708170.343,62.376320,191.789902,-88.323,10.644,0.00083,-0.17018
1784708170.478,62.377895,191.434723,-88.322,10.667,0.00071,-0.17008
1784708170.619,62.379467,191.078735,-88.321,10.695,0.00060,-0.16999
1784708170.757,62.380890,190.721893,-88.321,10.723,0.00056,-0.17004
1784708170.894,62.382229,190.364136,-88.322,10.752,0.00165,-0.17019
1784708171.031,62.383564,190.005371,-88.323,10.779,0.00166,-0.17034
1784708171.171,62.384968,189.645691,-88.323,10.805,0.00163,-0.17043
1784708171.309,62.386627,189.285416,-88.322,10.759,0.00151,-0.17027
1784708171.449,62.388382,188.929428,-88.320,10.641,0.00134,-0.16999
1784708171.587,62.390125,188.574310,-88.319,10.667,0.00230,-0.16972
1784708171.728,62.391705,188.218231,-88.315,10.696,0.00210,-0.16962
1784708171.867,62.393093,187.861252,-88.305,10.721,0.00176,-0.16971
1784708172.006,62.394817,187.503403,-88.297,10.745,0.00144,-0.16947
1784708172.142,62.396908,187.144714,-88.289,10.775,0.00217,-0.16887
1784708172.283,62.398907,186.785110,-88.278,10.804,0.00172,-0.16842
1784708172.421,62.400738,186.424866,-88.270,10.760,0.00136,-0.16838
1784708172.556,62.402489,186.068817,-88.259,10.646,0.00093,-0.16869
1784708172.695,62.404335,185.713516,-88.251,10.674,0.00057,-0.16908
1784708172.834,62.406288,185.357193,-88.245,10.704,0.00137,-0.16937
1784708172.971,62.408440,185.000122,-88.245,10.724,0.00115,-0.16948
1784708173.109,62.410904,184.642532,-88.248,10.741,0.00093,-0.16927
1784708173.247,62.413422,184.284317,-88.244,10.765,0.00053,-0.16902
1784708173.382,62.415714,183.925095,-88.239,10.798,0.00018,-0.16899
1784708173.521,62.417446,183.564758,-88.238,10.829,0.00120,-0.16954
1784708173.661,62.419056,183.205627,-88.245,10.674,0.00162,-0.17019
1784708173.797,62.420921,182.850525,-88.246,10.663,0.00218,-0.17057
1784708173.935,62.423141,182.494553,-88.245,10.690,0.00281,-0.17060
1784708174.074,62.425453,182.137726,-88.242,10.717,0.00336,-0.17054
1784708174.209,62.427666,181.780045,-88.236,10.743,0.00470,-0.17059
1784708174.346,62.429760,181.421600,-88.226,10.764,0.00512,-0.17076
1784708174.485,62.431973,181.062378,-88.212,10.785,0.00540,-0.17081
1784708174.623,62.434540,180.702377,-88.192,10.810,0.00544,-0.17052
1784708174.769,62.437145,180.341858,-88.168,10.758,0.00638,-0.17019
1784708174.916,62.439598,179.985962,-88.145,10.631,0.00633,-0.16999
1784708175.058,62.442261,179.631241,-88.121,10.649,0.00618,-0.16957
1784708175.198,62.445091,179.275940,-88.094,10.666,0.00591,-0.16898
1784708175.339,62.448147,178.920074,-88.068,10.684,0.00564,-0.16817
1784708175.478,62.451385,178.563675,-88.043,10.696,0.00646,-0.16718
1784708175.619,62.455029,178.207092,-88.023,10.703,0.00620,-0.16579
1784708175.758,62.459152,177.850281,-87.996,10.716,0.00564,-0.16392
1784708175.897,62.463341,177.492950,-87.970,10.732,0.00510,-0.16199
1784708176.037,62.467205,177.135056,-87.947,10.748,0.00475,-0.16039
1784708176.176,62.471127,176.776596,-87.928,10.765,0.00561,-0.15902
1784708176.315,62.475239,176.417603,-87.908,10.781,0.00526,-0.15864
1784708176.457,62.479580,176.058060,-87.886,10.797,0.00486,-0.15940
1784708176.594,62.484180,175.698029,-87.867,10.812,0.00480,-0.16079
1784708176.731,62.488949,175.339645,-87.849,10.650,0.00588,-0.16201
1784708176.870,62.493710,174.985489,-87.830,10.636,0.00609,-0.16317
1784708177.013,62.498329,174.630615,-87.810,10.656,0.00635,-0.16448
1784708177.148,62.503101,174.275070,-87.789,10.676,0.00651,-0.16566
1784708177.287,62.508183,173.918915,-87.765,10.696,0.00656,-0.16653
1784708177.425,62.513489,173.562119,-87.741,10.716,0.00757,-0.16719
1784708177.562,62.518955,173.204666,-87.716,10.736,0.00749,-0.16769
1784708177.703,62.524567,172.846558,-87.688,10.755,0.00729,-0.16807
1784708177.844,62.530388,172.487762,-87.658,10.777,0.00701,-0.16825
1784708177.984,62.536449,172.128189,-87.629,10.802,0.00668,-0.16820
1784708178.124,62.542618,171.768097,-87.600,10.752,0.00750,-0.16805
1784708178.261,62.548832,171.412476,-87.573,10.630,0.00714,-0.16778
1784708178.403,62.555225,171.057892,-87.542,10.651,0.00666,-0.16731
1784708178.541,62.561829,170.702545,-87.513,10.673,0.00617,-0.16665
1784708178.681,62.568634,170.346527,-87.487,10.694,0.00690,-0.16579
1784708178.818,62.575600,169.989838,-87.462,10.716,0.00645,-0.16479
1784708178.957,62.582802,169.632446,-87.439,10.736,0.00600,-0.16356
1784708179.097,62.590271,169.274368,-87.414,10.757,0.00546,-0.16231
1784708179.235,62.598049,168.915527,-87.391,10.778,0.00520,-0.16179
1784708179.374,62.605930,168.556000,-87.369,10.800,0.00624,-0.16230
1784708179.514,62.613842,168.195709,-87.348,10.822,0.00676,-0.16349
1784708179.650,62.621727,167.836884,-87.324,10.664,0.00738,-0.16472
1784708179.788,62.629639,167.482239,-87.296,10.650,0.00780,-0.16582
1784708179.925,62.637814,167.126862,-87.267,10.673,0.00811,-0.16668
1784708180.061,62.646229,166.770767,-87.236,10.695,0.00921,-0.16731
1784708180.207,62.654888,166.414078,-87.204,10.715,0.00936,-0.16771
1784708180.347,62.663788,166.056763,-87.167,10.736,0.00931,-0.16789
1784708180.484,62.672874,165.698792,-87.129,10.756,0.00920,-0.16790
1784708180.624,62.682201,165.340118,-87.094,10.776,0.01017,-0.16768
1784708180.763,62.691753,164.980774,-87.060,10.795,0.01007,-0.16726
1784708180.900,62.701618,164.620819,-87.024,10.814,0.00983,-0.16654
1784708181.040,62.711723,164.262375,-86.984,10.654,0.00944,-0.16554
1784708181.181,62.721970,163.908188,-86.948,10.637,0.00901,-0.16430
1784708181.321,62.732418,163.553436,-86.912,10.656,0.00979,-0.16286
1784708181.461,62.742981,163.197998,-86.878,10.675,0.00965,-0.16133
1784708181.601,62.753754,162.841949,-86.843,10.695,0.00978,-0.15960
1784708181.738,62.764847,162.485260,-86.805,10.714,0.00992,-0.15757
1784708181.878,62.776192,162.128006,-86.765,10.732,0.00997,-0.15629
1784708182.018,62.787857,161.770203,-86.726,10.750,0.01095,-0.15642
1784708182.161,62.799747,161.411774,-86.686,10.767,0.01087,-0.15803
1784708182.302,62.811901,161.052765,-86.644,10.785,0.01069,-0.15997
1784708182.441,62.824318,160.693237,-86.599,10.803,0.01035,-0.16166
1784708182.577,62.837070,160.333359,-86.555,10.748,0.00998,-0.16302
1784708182.719,62.849930,159.978088,-86.513,10.623,0.01072,-0.16410
1784708182.861,62.862980,159.623993,-86.474,10.639,0.01029,-0.16495
1784708183.001,62.876320,159.269287,-86.433,10.658,0.00977,-0.16553
1784708183.138,62.889923,158.914032,-86.392,10.676,0.00921,-0.16586
1784708183.279,62.903824,158.558212,-86.355,10.695,0.00991,-0.16592
1784708183.417,62.917969,158.201782,-86.319,10.713,0.00952,-0.16577
1784708183.560,62.932365,157.844727,-86.283,10.733,0.00925,-0.16538
1784708183.698,62.947063,157.487000,-86.246,10.754,0.00898,-0.16472
1784708183.838,62.962032,157.128525,-86.209,10.774,0.00867,-0.16382
1784708183.977,62.977200,156.769363,-86.173,10.796,0.00948,-0.16301
1784708184.113,62.992508,156.409485,-86.138,10.816,0.00917,-0.16312
1784708184.247,63.008018,156.051147,-86.103,10.657,0.00876,-0.16411
1784708184.388,63.023594,155.697037,-86.065,10.641,0.00821,-0.16557
1784708184.530,63.039459,155.342255,-86.031,10.662,0.00890,-0.16679
1784708184.669,63.055553,154.986832,-85.999,10.685,0.00838,-0.16781
1784708184.814,63.071835,154.630646,-85.966,10.711,0.00783,-0.16868
1784708184.957,63.088211,154.273712,-85.934,10.734,0.00727,-0.16949
1784708185.099,63.104809,153.916107,-85.905,10.754,0.00694,-0.17011
1784708185.243,63.121754,153.557770,-85.878,10.776,0.00788,-0.17042
1784708185.385,63.138973,153.198715,-85.852,10.797,0.00790,-0.17049
1784708185.527,63.156387,152.838974,-85.825,10.818,0.00794,-0.17040
1784708185.666,63.173866,152.480759,-85.794,10.659,0.00785,-0.17017
1784708185.805,63.191330,152.126694,-85.765,10.644,0.00769,-0.16976
1784708185.942,63.208950,151.771881,-85.733,10.671,0.00855,-0.16937
1784708186.085,63.226685,151.416092,-85.702,10.699,0.00832,-0.16947
1784708186.221,63.244621,151.059586,-85.673,10.717,0.00810,-0.17001
1784708186.357,63.263023,150.702469,-85.641,10.737,0.00772,-0.17052
1784708186.494,63.281830,150.344681,-85.607,10.758,0.00722,-0.17068
1784708186.633,63.300781,149.986206,-85.576,10.780,0.00792,-0.17072
1784708186.769,63.319824,149.627014,-85.546,10.801,0.00749,-0.17071
1784708186.909,63.339031,149.267380,-85.514,10.750,0.00697,-0.17056
1784708187.046,63.358212,148.912231,-85.484,10.628,0.00640,-0.17021
1784708187.180,63.377621,148.558121,-85.456,10.648,0.00709,-0.16956
1784708187.318,63.397320,148.203430,-85.431,10.661,0.00667,-0.16866
1784708187.455,63.417217,147.848419,-85.405,10.673,0.00637,-0.16758
1784708187.592,63.437283,147.493042,-85.378,10.687,0.00609,-0.16635
1784708187.739,63.457439,147.137161,-85.352,10.702,0.00586,-0.16559
1784708187.889,63.477699,146.780777,-85.328,10.717,0.00673,-0.16567
1784708188.025,63.498142,146.423904,-85.305,10.732,0.00650,-0.16649
1784708188.165,63.518799,146.066559,-85.278,10.748,0.00613,-0.16743
1784708188.301,63.539757,145.708710,-85.252,10.761,0.00575,-0.16809
1784708188.438,63.561123,145.350388,-85.229,10.774,0.00534,-0.16838
1784708188.577,63.582779,144.991730,-85.206,10.787,0.00603,-0.16840
1784708188.717,63.604534,144.632568,-85.181,10.805,0.00550,-0.16835
1784708188.854,63.626202,144.273087,-85.155,10.750,0.00496,-0.16840
1784708188.996,63.647591,143.918152,-85.131,10.624,0.00420,-0.16846
1784708189.134,63.669075,143.564392,-85.110,10.641,0.00459,-0.16835
1784708189.271,63.690773,143.210037,-85.092,10.658,0.00323,-0.16807
1784708189.410,63.712685,142.855194,-85.077,10.674,0.00180,-0.16760
1784708189.551,63.734768,142.499893,-85.064,10.690,0.00044,-0.16699
1784708189.690,63.756893,142.144073,-85.058,10.707,-0.00097,-0.16637
1784708189.828,63.779114,141.787659,-85.059,10.728,-0.00039,-0.16583
1784708189.966,63.801300,141.430450,-85.064,10.750,-0.00159,-0.16591
1784708190.103,63.823452,141.072510,-85.067,10.771,-0.00276,-0.16667
1784708190.244,63.845661,140.713837,-85.075,10.793,-0.00376,-0.16782
1784708190.379,63.867867,140.354446,-85.088,10.814,-0.00452,-0.16902
1784708190.518,63.889847,139.996521,-85.105,10.657,-0.00345,-0.17035
1784708190.657,63.911293,139.642715,-85.122,10.641,-0.00401,-0.17195
1784708190.796,63.932571,139.288223,-85.137,10.662,-0.00456,-0.17376
1784708190.934,63.953930,138.933044,-85.154,10.681,-0.00490,-0.17554
1784708191.075,63.975307,138.577301,-85.173,10.700,-0.00352,-0.17733
1784708191.214,63.996655,138.220947,-85.194,10.719,-0.00340,-0.17919
1784708191.352,64.017845,137.863983,-85.211,10.738,-0.00323,-0.18125
1784708191.491,64.038940,137.506363,-85.225,10.756,-0.00317,-0.18345
1784708191.629,64.060005,137.148132,-85.239,10.775,-0.00167,-0.18484
1784708191.766,64.081009,136.789246,-85.251,10.795,-0.00162,-0.18485
1784708191.903,64.101982,136.429764,-85.262,10.812,-0.00156,-0.18348
1784708192.043,64.122765,136.071960,-85.268,10.649,-0.00168,-0.18178
1784708192.179,64.143196,135.718475,-85.276,10.628,-0.00175,-0.18020
1784708192.323,64.163643,135.364517,-85.286,10.642,-0.00172,-0.17863
1784708192.461,64.184158,135.010101,-85.295,10.657,-0.00032,-0.17701
1784708192.600,64.204674,134.655243,-85.303,10.672,-0.00034,-0.17542
1784708192.742,64.225166,134.299896,-85.307,10.687,-0.00054,-0.17387
1784708192.881,64.245697,133.944061,-85.310,10.702,-0.00073,-0.17232
1784708193.017,64.266197,133.587662,-85.313,10.720,0.00040,-0.17082
1784708193.157,64.286613,133.230591,-85.316,10.740,0.00035,-0.16944
1784708193.295,64.307045,132.872833,-85.318,10.761,0.00033,-0.16809
1784708193.431,64.327484,132.514450,-85.317,10.779,0.00026,-0.16676
1784708193.569,64.348083,132.155533,-85.316,10.797,0.00021,-0.16563
1784708193.707,64.368752,131.795975,-85.316,10.815,0.00118,-0.16501
1784708193.842,64.389290,131.438019,-85.315,10.653,0.00110,-0.16497
1784708193.979,64.409561,131.084320,-85.313,10.638,0.00095,-0.16510
1784708194.117,64.429916,130.729950,-85.309,10.659,0.00076,-0.16520
1784708194.253,64.450325,130.374939,-85.306,10.680,0.00060,-0.16527
1784708194.390,64.470810,130.019257,-85.305,10.701,0.00156,-0.16531
1784708194.531,64.491432,129.662857,-85.305,10.722,0.00143,-0.16525
1784708194.666,64.512184,129.305771,-85.300,10.743,0.00118,-0.16510
1784708194.804,64.533051,128.947983,-85.296,10.764,0.00092,-0.16488
1784708194.942,64.553970,128.589447,-85.289,10.788,0.00168,-0.16465
1784708195.078,64.574852,128.230118,-85.285,10.814,0.00139,-0.16450
1784708195.213,64.595558,127.872070,-85.279,10.661,0.00098,-0.16445
1784708195.351,64.615990,127.517967,-85.272,10.652,0.00048,-0.16445
1784708195.487,64.636566,127.163033,-85.268,10.674,0.00006,-0.16436
1784708195.629,64.657310,126.807449,-85.267,10.695,0.00085,-0.16418
1784708195.766,64.678230,126.451263,-85.267,10.715,0.00047,-0.16406
1784708195.901,64.699181,126.094421,-85.266,10.735,0.00007,-0.16415
1784708196.038,64.720215,125.736839,-85.266,10.760,-0.00040,-0.16434
1784708196.178,64.741135,125.378387,-85.268,10.786,-0.00075,-0.16469
1784708196.318,64.761871,125.019081,-85.271,10.811,0.00037,-0.16528
1784708196.456,64.782623,124.659210,-85.276,10.760,0.00022,-0.16589
1784708196.597,64.803200,124.303848,-85.277,10.633,-0.00007,-0.16640
1784708196.733,64.824020,123.949715,-85.278,10.650,-0.00039,-0.16660
1784708196.872,64.844940,123.594933,-85.278,10.670,0.00060,-0.16674
1784708197.010,64.865692,123.239578,-85.281,10.689,0.00071,-0.16708
1784708197.148,64.886292,122.883575,-85.280,10.710,0.00086,-0.16761
1784708197.286,64.906807,122.526833,-85.275,10.732,0.00092,-0.16826
1784708197.425,64.927399,122.169357,-85.272,10.754,0.00102,-0.16889
1784708197.558,64.948044,121.811127,-85.269,10.776,0.00210,-0.16943
1784708197.694,64.968788,121.452309,-85.268,10.792,0.00223,-0.16966
1784708197.837,64.989784,121.093056,-85.264,10.805,0.00224,-0.16938
1784708197.973,65.011131,120.733513,-85.258,10.749,0.00212,-0.16858
1784708198.110,65.032257,120.378555,-85.251,10.625,0.00193,-0.16775
1784708198.250,65.053276,120.024658,-85.242,10.645,0.00274,-0.16696
1784708198.385,65.074173,119.670074,-85.233,10.665,0.00254,-0.16633
1784708198.523,65.095047,119.314865,-85.221,10.686,0.00212,-0.16576
1784708198.663,65.116043,118.959007,-85.209,10.708,0.00154,-0.16510
1784708198.795,65.137138,118.602402,-85.198,10.731,0.00215,-0.16439
1784708198.934,65.158318,118.245026,-85.190,10.753,0.00155,-0.16364
1784708199.076,65.179665,117.886986,-85.184,10.775,0.00098,-0.16276
1784708199.212,65.201141,117.528244,-85.176,10.796,0.00036,-0.16179
1784708199.355,65.222778,117.168747,-85.174,10.820,-0.00012,-0.16112
1784708199.499,65.244293,116.810638,-85.175,10.663,0.00070,-0.16115
1784708199.650,65.265533,116.456589,-85.179,10.650,0.00034,-0.16183
1784708199.790,65.286804,116.101784,-85.181,10.674,-0.00003,-0.16270
1784708199.928,65.308121,115.746208,-85.182,10.699,-0.00057,-0.16358
1784708200.061,65.329475,115.389862,-85.185,10.725,-0.00101,-0.16447
1784708200.198,65.350830,115.032562,-85.189,10.753,0.00011,-0.16542
1784708200.336,65.372231,114.674286,-85.194,10.782,-0.00017,-0.16638
1784708200.471,65.393608,114.315094,-85.195,10.809,-0.00063,-0.16742
1784708200.609,65.415047,113.955307,-85.196,10.762,-0.00095,-0.16844
1784708200.751,65.436157,113.599854,-85.197,10.644,-0.00100,-0.16952
1784708200.889,65.457138,113.245270,-85.202,10.669,0.00036,-0.17067
1784708201.027,65.478134,112.889793,-85.206,10.695,0.00055,-0.17178
1784708201.166,65.499168,112.533493,-85.205,10.721,0.00062,-0.17241
1784708201.302,65.520325,112.176399,-85.205,10.749,0.00067,-0.17237
1784708201.439,65.541618,111.818390,-85.204,10.777,0.00171,-0.17183
1784708201.576,65.563004,111.459465,-85.203,10.805,0.00172,-0.17122
1784708201.713,65.584427,111.099808,-85.199,10.761,0.00168,-0.17060
1784708201.849,65.605530,110.744339,-85.193,10.647,0.00154,-0.17007
1784708201.988,65.626633,110.389648,-85.187,10.675,0.00143,-0.16949
1784708202.122,65.647842,110.033966,-85.183,10.704,0.00239,-0.16886
1784708202.261,65.669144,109.677376,-85.179,10.734,0.00228,-0.16819
1784708202.397,65.690521,109.319824,-85.173,10.762,0.00212,-0.16750
1784708202.531,65.711998,108.961304,-85.164,10.788,0.00165,-0.16677
1784708202.671,65.733574,108.601868,-85.157,10.814,0.00088,-0.16599
1784708202.813,65.755081,108.243774,-85.152,10.659,0.00134,-0.16521
1784708202.949,65.776382,107.889709,-85.149,10.648,0.00030,-0.16439
1784708203.089,65.797791,107.534866,-85.145,10.673,-0.00103,-0.16352
1784708203.227,65.819260,107.179222,-85.145,10.699,-0.00228,-0.16302
1784708203.364,65.840767,106.822769,-85.151,10.723,-0.00330,-0.16314
1784708203.504,65.862274,106.465576,-85.161,10.743,-0.00237,-0.16388
1784708203.642,65.883812,106.107910,-85.176,10.754,-0.00309,-0.16477
1784708203.778,65.905151,105.749886,-85.184,10.763,-0.00391,-0.16588
1784708203.918,65.926331,105.391556,-85.197,10.772,-0.00452,-0.16718
1784708204.056,65.947502,105.032936,-85.213,10.780,-0.00333,-0.16850
1784708204.193,65.968590,104.674026,-85.232,10.789,-0.00373,-0.16992
1784708204.332,65.989578,104.314804,-85.250,10.797,-0.00455,-0.17145
1784708204.471,66.010468,103.955307,-85.265,10.805,-0.00593,-0.17311
1784708204.607,66.031219,103.597794,-85.284,10.631,-0.00741,-0.17478
1784708204.747,66.051559,103.245026,-85.308,10.596,-0.00673,-0.17656
1784708204.885,66.071617,102.892242,-85.340,10.598,-0.00770,-0.17863
1784708205.023,66.091362,102.539436,-85.374,10.601,-0.00845,-0.18100
1784708205.162,66.110970,102.186600,-85.406,10.603,-0.00922,-0.18267
1784708205.301,66.130463,101.833694,-85.442,10.605,-0.00799,-0.18318
1784708205.437,66.149734,101.480705,-85.481,10.608,-0.00840,-0.18272
1784708205.576,66.168732,101.127602,-85.520,10.611,-0.00872,-0.18220
1784708205.715,66.187439,100.774368,-85.555,10.617,-0.00906,-0.18197
1784708205.849,66.205994,100.421036,-85.593,10.613,-0.00924,-0.18190
1784708205.987,66.224648,100.067871,-85.634,10.606,-0.00772,-0.18172
1784708206.125,66.243530,99.714890,-85.669,10.598,-0.00811,-0.18131
1784708206.261,66.262199,99.361977,-85.689,10.601,-0.00896,-0.18110
1784708206.402,66.280151,99.009010,-85.712,10.604,-0.00945,-0.18161
1784708206.545,66.297546,98.655952,-85.742,10.606,-0.00808,-0.18268
1784708206.685,66.314651,98.302788,-85.772,10.610,-0.00808,-0.18405
1784708206.829,66.331680,97.949455,-85.800,10.614,-0.00813,-0.18539
1784708206.973,66.348839,97.595947,-85.827,10.616,-0.00820,-0.18547
1784708207.111,66.366539,97.242661,-85.861,10.604,-0.00680,-0.18368
1784708207.253,66.384880,96.889862,-85.891,10.597,-0.00721,-0.18017
1784708207.396,66.402946,96.537239,-85.911,10.602,-0.00784,-0.17676
1784708207.535,66.420013,96.184212,-85.932,10.613,-0.00863,-0.17437
1784708207.679,66.436249,95.830795,-85.959,10.623,-0.01043,-0.17283
1784708207.821,66.452385,95.477005,-85.989,10.634,-0.01052,-0.17140
1784708207.962,66.468552,95.122841,-86.025,10.647,-0.01374,-0.16996
1784708208.106,66.484703,94.768234,-86.065,10.658,-0.01668,-0.16855
1784708208.250,66.500710,94.413391,-86.121,10.668,-0.01890,-0.16730
1784708208.387,66.516472,94.058075,-86.187,10.690,-0.01838,-0.16631
1784708208.528,66.531715,93.701859,-86.267,10.719,-0.01957,-0.16587
1784708208.670,66.546173,93.344521,-86.349,10.748,-0.02037,-0.16627
1784708208.813,66.560196,92.986168,-86.430,10.777,-0.02100,-0.16714
1784708208.956,66.573868,92.626823,-86.516,10.807,-0.02127,-0.16841
1784708209.092,66.587059,92.266815,-86.605,10.762,-0.01952,-0.17018
1784708209.228,66.599174,91.910828,-86.689,10.652,-0.01951,-0.17286
1784708209.367,66.610176,91.555443,-86.768,10.684,-0.01930,-0.17663
1784708209.505,66.620621,91.198738,-86.848,10.731,-0.01884,-0.18101
1784708209.638,66.630630,90.840637,-86.935,10.759,-0.01796,-0.18588
1784708209.777,66.640648,90.481598,-87.021,10.788,-0.01554,-0.19078
1784708209.917,66.650711,90.121605,-87.101,10.816,-0.01497,-0.19568
1784708210.052,66.660316,89.762871,-87.169,10.662,-0.01463,-0.20098
1784708210.192,66.669388,89.408157,-87.234,10.651,-0.01277,-0.20532
1784708210.330,66.677826,89.052612,-87.292,10.677,-0.01252,-0.20647
1784708210.468,66.685669,88.696243,-87.345,10.702,-0.01224,-0.20436
1784708210.608,66.693184,88.339073,-87.397,10.728,-0.01186,-0.20046
1784708210.747,66.700394,87.981110,-87.445,10.750,-0.01153,-0.19687
1784708210.884,66.707382,87.622604,-87.488,10.770,-0.01126,-0.19351
1784708211.026,66.714279,87.263474,-87.533,10.788,-0.00956,-0.19025
1784708211.165,66.720894,86.903702,-87.578,10.808,-0.00913,-0.18728
1784708211.299,66.727203,86.543571,-87.621,10.757,-0.00867,-0.18461
1784708211.439,66.733055,86.187889,-87.657,10.635,-0.00849,-0.18236
1784708211.579,66.738724,85.833199,-87.693,10.657,-0.00858,-0.18028
1784708211.723,66.744225,85.477745,-87.728,10.680,-0.00720,-0.17838
1784708211.865,66.749557,85.121521,-87.765,10.705,-0.00756,-0.17665
1784708212.004,66.754875,84.764374,-87.799,10.733,-0.00793,-0.17495
1784708212.141,66.759888,84.406258,-87.833,10.761,-0.00822,-0.17356
1784708212.282,66.764709,84.047173,-87.869,10.793,-0.00835,-0.17238
1784708212.421,66.769096,83.686935,-87.902,10.827,-0.00690,-0.17163
1784708212.557,66.773117,83.327744,-87.938,10.680,-0.00681,-0.17125
1784708212.693,66.776810,82.972321,-87.967,10.678,-0.00688,-0.17115
1784708212.833,66.780365,82.615791,-87.997,10.712,-0.00689,-0.17121
1784708212.969,66.783798,82.258118,-88.027,10.748,-0.00529,-0.17139
1784708213.110,66.787056,81.899361,-88.057,10.778,-0.00516,-0.17177
1784708213.253,66.790260,81.539658,-88.085,10.808,-0.00492,-0.17220
1784708213.389,66.793442,81.179214,-88.108,10.764,-0.00460,-0.17267
1784708213.525,66.796478,80.823006,-88.129,10.647,-0.00408,-0.17324
1784708213.669,66.799393,80.467636,-88.149,10.672,-0.00233,-0.17392
1784708213.817,66.802139,80.111404,-88.167,10.697,-0.00187,-0.17478
1784708213.956,66.804771,79.754410,-88.180,10.722,-0.00151,-0.17576
1784708214.097,66.807335,79.396622,-88.187,10.745,-0.00137,-0.17649
1784708214.237,66.809853,79.038094,-88.192,10.766,-0.00127,-0.17640
1784708214.376,66.812256,78.678917,-88.197,10.785,0.00014,-0.17556
1784708214.513,66.814705,78.319099,-88.201,10.804,0.00020,-0.17425
1784708214.649,66.817207,77.958946,-88.201,10.748,0.00009,-0.17289
1784708214.790,66.819771,77.603432,-88.201,10.621,-0.00022,-0.17146
1784708214.927,66.822403,77.249100,-88.201,10.637,-0.00066,-0.16995
1784708215.067,66.825050,76.894188,-88.202,10.654,0.00032,-0.16842
1784708215.207,66.827682,76.538788,-88.205,10.669,0.00005,-0.16692
1784708215.347,66.830299,76.183014,-88.202,10.679,-0.00047,-0.16543
1784708215.484,66.832733,75.826904,-88.201,10.688,-0.00084,-0.16413
1784708215.621,66.835167,75.470474,-88.203,10.697,0.00026,-0.16282
1784708215.759,66.837624,75.113731,-88.206,10.706,0.00006,-0.16153
1784708215.894,66.840118,74.756706,-88.208,10.714,-0.00025,-0.16068
1784708216.033,66.842712,74.399384,-88.207,10.724,-0.00067,-0.16049
1784708216.171,66.845505,74.041718,-88.208,10.735,-0.00108,-0.16072
1784708216.307,66.848335,73.683693,-88.210,10.746,-0.00001,-0.16104
1784708216.445,66.851181,73.325409,-88.213,10.751,-0.00040,-0.16135
1784708216.585,66.853790,72.966942,-88.210,10.757,-0.00088,-0.16191
1784708216.722,66.856293,72.608330,-88.208,10.762,-0.00131,-0.16256
1784708216.861,66.858803,72.249527,-88.209,10.768,-0.00161,-0.16322
1784708217.001,66.861328,71.890541,-88.213,10.773,-0.00040,-0.16386
1784708217.136,66.863892,71.531387,-88.219,10.780,-0.00056,-0.16443
1784708217.275,66.866493,71.171959,-88.221,10.788,-0.00087,-0.16470
1784708217.413,66.869164,70.812302,-88.223,10.796,-0.00121,-0.16459
1784708217.548,66.871849,70.452362,-88.226,10.804,-0.00002,-0.16424
1784708217.689,66.874496,70.094376,-88.233,10.634,-0.00021,-0.16390
1784708217.828,66.877075,69.740875,-88.236,10.610,-0.00053,-0.16359
1784708217.963,66.879539,69.387009,-88.236,10.622,-0.00090,-0.16341
1784708218.101,66.881966,69.032753,-88.239,10.636,-0.00117,-0.16326
1784708218.243,66.884315,68.678078,-88.242,10.650,0.00001,-0.16319
1784708218.378,66.886604,68.322906,-88.247,10.665,-0.00014,-0.16319
1784708218.514,66.888870,67.967224,-88.248,10.680,-0.00042,-0.16321
1784708218.653,66.891159,67.611038,-88.248,10.695,-0.00072,-0.16322
1784708218.788,66.893440,67.254318,-88.249,10.712,0.00036,-0.16323
1784708218.924,66.895782,66.897018,-88.254,10.728,0.00024,-0.16319
1784708219.062,66.898109,66.539146,-88.257,10.744,0.00009,-0.16316
1784708219.199,66.900436,66.180763,-88.257,10.761,-0.00019,-0.16314
1784708219.337,66.902794,65.821793,-88.258,10.777,-0.00048,-0.16310
1784708219.478,66.905106,65.462265,-88.259,10.794,0.00049,-0.16310
1784708219.615,66.907394,65.102196,-88.261,10.811,0.00017,-0.16313
1784708219.753,66.909714,64.743752,-88.262,10.650,-0.00036,-0.16311
1784708219.887,66.911964,64.389572,-88.260,10.633,-0.00106,-0.16314
1784708220.021,66.914169,64.034798,-88.262,10.651,-0.00160,-0.16322
1784708220.157,66.916359,63.679520,-88.265,10.668,-0.00053,-0.16332
1784708220.293,66.918571,63.323719,-88.271,10.685,-0.00095,-0.16340
1784708220.427,66.920753,62.967365,-88.272,10.702,-0.00148,-0.16351
1784708220.568,66.922966,62.610462,-88.276,10.719,-0.00193,-0.16359
1784708220.707,66.925201,62.252922,-88.283,10.739,-0.00077,-0.16366
1784708220.842,66.927391,61.894730,-88.291,10.759,-0.00107,-0.16377
1784708220.978,66.929466,61.535809,-88.297,10.782,-0.00138,-0.16401
1784708221.115,66.931404,61.176090,-88.301,10.806,-0.00171,-0.16438
1784708221.249,66.933426,60.815815,-88.307,10.759,-0.00196,-0.16468
1784708221.385,66.935410,60.459888,-88.314,10.640,-0.00075,-0.16499
1784708221.523,66.937332,60.104862,-88.323,10.665,-0.00097,-0.16535
1784708221.657,66.939163,59.748943,-88.330,10.692,-0.00118,-0.16581
1784708221.793,66.940880,59.392159,-88.335,10.720,-0.00144,-0.16639
1784708221.929,66.942429,59.034443,-88.340,10.749,-0.00160,-0.16710
1784708222.065,66.943855,58.675762,-88.348,10.777,-0.00020,-0.16765
1784708222.202,66.945229,58.316082,-88.357,10.809,-0.00018,-0.16792
1784708222.338,66.946701,57.955612,-88.362,10.767,-0.00032,-0.16783
1784708222.471,66.948288,57.599308,-88.366,10.653,-0.00049,-0.16759
1784708222.607,66.949944,57.243740,-88.372,10.683,-0.00051,-0.16727
1784708222.744,66.951508,56.887123,-88.375,10.713,0.00063,-0.16705
1784708222.882,66.952980,56.529564,-88.378,10.738,0.00065,-0.16692
1784708223.016,66.954430,56.171211,-88.377,10.761,0.00058,-0.16682
1784708223.151,66.955742,55.813107,-88.375,10.785,0.00053,-0.16686
1784708223.285,66.957054,55.453197,-88.373,10.808,0.00154,-0.16690
1784708223.421,66.958336,55.092754,-88.370,10.755,0.00145,-0.16698
1784708223.558,66.959595,54.736835,-88.367,10.629,0.00135,-0.16706
1784708223.691,66.961037,54.382072,-88.361,10.647,0.00114,-0.16695
1784708223.826,66.962624,54.026688,-88.358,10.662,0.00095,-0.16670
1784708223.962,66.964401,53.670956,-88.358,10.675,0.00192,-0.16627
1784708224.095,66.966125,53.314945,-88.353,10.685,0.00165,-0.16588
1784708224.232,66.967873,52.958622,-88.348,10.696,0.00138,-0.16548
1784708224.367,66.969658,52.601933,-88.342,10.706,0.00108,-0.16503
1784708224.501,66.971588,52.244946,-88.339,10.715,0.00085,-0.16445
1784708224.637,66.973419,51.887680,-88.333,10.727,0.00162,-0.16396
1784708224.774,66.975258,51.530090,-88.325,10.738,0.00128,-0.16347
1784708224.907,66.977013,51.172142,-88.317,10.750,0.00093,-0.16306
1784708225.042,66.978760,50.813740,-88.310,10.765,0.00064,-0.16286
1784708225.177,66.980537,50.454788,-88.307,10.783,0.00155,-0.16294
1784708225.310,66.982269,50.095238,-88.306,10.800,0.00141,-0.16337
1784708225.447,66.984024,49.735104,-88.303,10.817,0.00121,-0.16386
1784708225.581,66.985741,49.376537,-88.298,10.656,0.00095,-0.16439
1784708225.713,66.987587,49.022163,-88.295,10.642,0.00072,-0.16476
1784708225.846,66.989624,48.667015,-88.299,10.664,0.00174,-0.16495
1784708225.981,66.991585,48.311096,-88.302,10.687,0.00161,-0.16521
1784708226.114,66.993546,47.957851,-88.300,10.709,0.00137,-0.16546
1784708226.250,66.995483,47.600494,-88.293,10.728,0.00101,-0.16576
1784708226.392,66.997574,47.242500,-88.290,10.746,0.00072,-0.16591
1784708226.526,66.999626,46.883919,-88.287,10.763,0.00157,-0.16610
1784708226.664,67.001640,46.524750,-88.284,10.780,0.00132,-0.16634
1784708226.804,67.003639,46.165054,-88.277,10.794,0.00091,-0.16659
1784708226.940,67.005478,45.804989,-88.268,10.804,0.00041,-0.16700
1784708227.075,67.007523,45.444874,-88.263,10.741,-0.00016,-0.16721
1784708227.208,67.009605,45.089916,-88.259,10.606,0.00052,-0.16735
1784708227.342,67.011909,44.736248,-88.263,10.611,0.00010,-0.16726
1784708227.476,67.014214,44.382420,-88.260,10.616,-0.00068,-0.16717
1784708227.609,67.016502,44.028500,-88.259,10.622,-0.00140,-0.16710
1784708227.743,67.018837,43.674423,-88.262,10.628,-0.00043,-0.16698
1784708227.878,67.021156,43.320210,-88.267,10.630,-0.00097,-0.16687
1784708228.013,67.023361,42.965900,-88.272,10.634,-0.00147,-0.16689
1784708228.147,67.025414,42.611454,-88.274,10.638,-0.00200,-0.16705
1784708228.282,67.027443,42.256870,-88.279,10.642,-0.00087,-0.16724
1784708228.420,67.029419,41.902119,-88.286,10.649,-0.00121,-0.16748
1784708228.557,67.031273,41.547043,-88.292,10.662,-0.00156,-0.16785
1784708228.693,67.033150,41.191463,-88.297,10.677,-0.00190,-0.16820
1784708228.826,67.035179,40.835400,-88.304,10.692,-0.00223,-0.16840
1784708228.974,67.037224,40.478828,-88.312,10.707,-0.00104,-0.16859
1784708229.110,67.039192,40.121788,-88.321,10.721,-0.00129,-0.16885
1784708229.245,67.041023,39.764252,-88.325,10.736,-0.00165,-0.16926
1784708229.380,67.042809,39.406216,-88.330,10.751,-0.00195,-0.16958
1784708229.516,67.044571,39.047680,-88.337,10.767,-0.00217,-0.16957
1784708229.651,67.046234,38.688595,-88.342,10.783,-0.00095,-0.16929
1784708229.785,67.047974,38.328899,-88.351,10.801,-0.00109,-0.16875
1784708229.920,67.049812,37.968803,-88.355,10.748,-0.00144,-0.16812
1784708230.057,67.051666,37.613224,-88.358,10.623,-0.00177,-0.16745
1784708230.175,67.052589,37.436119,-88.361,10.632,-0.00185,-0.16712
1784708230.294,67.054367,37.081348,-88.366,10.652,-0.00060,-0.16653
1784708230.425,67.056053,36.725895,-88.370,10.675,-0.00063,-0.16603
1784708230.563,67.057579,36.369774,-88.370,10.697,-0.00074,-0.16570
1784708230.699,67.059120,36.012939,-88.371,10.719,-0.00081,-0.16535
1784708230.833,67.060738,35.655392,-88.375,10.742,0.00041,-0.16493
1784708230.969,67.062294,35.297058,-88.378,10.767,0.00042,-0.16457
1784708231.105,67.063866,34.937908,-88.379,10.791,0.00037,-0.16419
1784708231.235,67.065475,34.580147,-88.377,10.811,0.00022,-0.16378
1784708231.372,67.067101,34.222481,-88.376,10.655,0.00009,-0.16335
1784708231.509,67.068733,33.868111,-88.377,10.643,0.00104,-0.16290
1784708231.643,67.070297,33.512775,-88.380,10.668,0.00100,-0.16253
1784708231.781,67.071892,33.156651,-88.379,10.692,0.00087,-0.16212
1784708231.917,67.073418,32.799683,-88.374,10.720,0.00064,-0.16179
1784708232.054,67.074974,32.441765,-88.371,10.748,0.00049,-0.16143
1784708232.191,67.076546,32.082886,-88.370,10.777,0.00143,-0.16106
1784708232.331,67.078110,31.723051,-88.369,10.805,0.00130,-0.16070
1784708232.466,67.079712,31.362896,-88.365,10.763,0.00112,-0.16030
1784708232.601,67.081390,31.007246,-88.363,10.650,0.00091,-0.15986
1784708232.741,67.083138,30.651634,-88.357,10.681,0.00062,-0.15966
1784708232.875,67.084923,30.294981,-88.354,10.713,0.00144,-0.15975
1784708233.011,67.086670,29.937323,-88.352,10.745,0.00125,-0.16012
1784708233.151,67.088371,29.578636,-88.347,10.776,0.00100,-0.16057
1784708233.284,67.089966,29.218966,-88.342,10.806,0.00079,-0.16113
1784708233.419,67.091499,28.858931,-88.340,10.762,0.00174,-0.16176
1784708233.555,67.092964,28.503387,-88.338,10.650,0.00160,-0.16242
1784708233.687,67.094490,28.147659,-88.337,10.688,0.00146,-0.16303
1784708233.825,67.096443,27.790571,-88.335,10.729,0.00122,-0.16322
1784708233.962,67.098381,27.432154,-88.333,10.770,0.00099,-0.16343
1784708234.095,67.100288,27.072683,-88.333,10.812,0.00191,-0.16367
1784708234.233,67.102036,26.712097,-88.330,10.783,0.00172,-0.16409
1784708234.367,67.103615,26.355675,-88.326,10.676,0.00147,-0.16464
1784708234.504,67.105064,25.999004,-88.320,10.714,0.00123,-0.16533
1784708234.643,67.106483,25.641041,-88.317,10.752,0.00108,-0.16606
1784708234.784,67.107903,25.281792,-88.314,10.793,0.00208,-0.16679
1784708234.917,67.109474,24.921280,-88.315,10.829,0.00199,-0.16738
1784708235.057,67.111298,24.562674,-88.310,10.683,0.00170,-0.16771
1784708235.194,67.113220,24.207020,-88.305,10.683,0.00137,-0.16792
1784708235.330,67.115166,23.850058,-88.303,10.718,0.00112,-0.16811
1784708235.468,67.117035,23.492039,-88.300,10.749,0.00200,-0.16839
1784708235.603,67.118866,23.133116,-88.296,10.777,0.00172,-0.16871
1784708235.741,67.120667,22.773247,-88.289,10.806,0.00139,-0.16907
1784708235.876,67.122551,22.413063,-88.283,10.761,0.00107,-0.16934
1784708236.014,67.124367,22.057571,-88.277,10.639,0.00190,-0.16966
1784708236.149,67.126274,21.702393,-88.273,10.662,0.00157,-0.16988
1784708236.283,67.128235,21.346460,-88.267,10.684,0.00120,-0.17005
1784708236.421,67.130234,20.989826,-88.260,10.707,0.00081,-0.17019
1784708236.553,67.132347,20.632561,-88.258,10.725,0.00050,-0.17022
1784708236.694,67.134567,20.274691,-88.255,10.744,0.00132,-0.17014
1784708236.835,67.136864,19.916195,-88.253,10.763,0.00099,-0.16999
1784708236.971,67.139175,19.557072,-88.248,10.782,0.00058,-0.16983
1784708237.108,67.141510,19.197388,-88.243,10.797,0.00019,-0.16966
1784708237.245,67.143761,18.837147,-88.241,10.814,-0.00013,-0.16957
1784708237.381,67.145912,18.479445,-88.240,10.651,0.00076,-0.16957
1784708237.519,67.148041,18.125305,-88.239,10.632,0.00048,-0.16957
1784708237.657,67.150223,17.770525,-88.236,10.647,0.00006,-0.16952
1784708237.792,67.152565,17.415253,-88.235,10.663,-0.00094,-0.16931
1784708237.928,67.155029,17.059467,-88.236,10.679,-0.00037,-0.16899
1784708238.065,67.157478,16.703150,-88.240,10.696,-0.00198,-0.16868
1784708238.201,67.159874,16.346317,-88.244,10.710,-0.00354,-0.16843
1784708238.301,67.161034,16.167730,-88.246,10.717,-0.00430,-0.16835
1784708238.414,67.163231,15.810196,-88.257,10.732,-0.00553,-0.16830
1784708238.554,67.165268,15.452184,-88.275,10.746,-0.00640,-0.16841
1784708238.695,67.167183,15.093697,-88.297,10.760,-0.00534,-0.16865
1784708238.838,67.168983,14.734741,-88.324,10.775,-0.00585,-0.16901
1784708238.978,67.170601,14.375269,-88.346,10.793,-0.00648,-0.16955
1784708239.114,67.172058,14.015244,-88.370,10.810,-0.00695,-0.17026
1784708239.257,67.173386,13.657732,-88.397,10.648,-0.00563,-0.17108
1784708239.399,67.174515,13.303729,-88.427,10.631,-0.00584,-0.17208
1784708239.544,67.175529,12.948970,-88.454,10.651,-0.00611,-0.17320
1784708239.685,67.176369,12.593575,-88.478,10.672,-0.00641,-0.17450
1784708239.827,67.177078,12.237543,-88.505,10.692,-0.00656,-0.17593
1784708239.971,67.177582,11.880828,-88.532,10.713,-0.00512,-0.17757
1784708240.114,67.177811,11.523306,-88.556,10.737,-0.00523,-0.17949
1784708240.256,67.177956,11.164918,-88.578,10.762,-0.00538,-0.18150
1784708240.398,67.178047,10.805710,-88.598,10.786,-0.00555,-0.18267
1784708240.538,67.177917,10.445652,-88.620,10.814,-0.00558,-0.18263
1784708240.681,67.177628,10.085255,-88.643,10.770,-0.00407,-0.18143
1784708240.826,67.177261,9.729346,-88.664,10.658,-0.00410,-0.17995
1784708240.963,67.176682,9.373378,-88.681,10.692,-0.00422,-0.17868
1784708241.105,67.175980,9.016235,-88.699,10.728,-0.00423,-0.17753
1784708241.249,67.175331,8.658041,-88.718,10.760,-0.00275,-0.17632
1784708241.389,67.174606,8.298838,-88.738,10.791,-0.00271,-0.17518
1784708241.531,67.173767,7.938625,-88.753,10.820,-0.00280,-0.17415
1784708241.676,67.172737,7.580512,-88.763,10.670,-0.00298,-0.17332
1784708241.813,67.171646,7.225522,-88.775,10.663,-0.00310,-0.17257
1784708241.952,67.170586,6.869440,-88.788,10.693,-0.00177,-0.17178
1784708242.095,67.169449,6.512317,-88.799,10.725,-0.00190,-0.17104
1784708242.233,67.168205,6.154065,-88.809,10.761,-0.00199,-0.17040
1784708242.373,67.167015,5.794670,-88.816,10.794,-0.00194,-0.16970
1784708242.515,67.165726,5.434185,-88.822,10.827,-0.00163,-0.16908
1784708242.652,67.164299,5.075753,-88.828,10.678,-0.00002,-0.16862
1784708242.792,67.162834,4.720409,-88.833,10.674,0.00027,-0.16821
1784708242.930,67.161385,4.363908,-88.835,10.704,0.00047,-0.16777
1784708243.069,67.160088,4.006493,-88.835,10.733,0.00058,-0.16718
1784708243.212,67.158821,3.648198,-88.834,10.760,0.00066,-0.16656
1784708243.358,67.157471,3.288996,-88.832,10.788,0.00171,-0.16601
1784708243.496,67.156044,2.928883,-88.830,10.815,0.00180,-0.16554
1784708243.657,67.154686,2.570959,-88.825,10.663,0.00180,-0.16501
1784708243.794,67.153404,2.216205,-88.820,10.655,0.00174,-0.16442
1784708243.933,67.152176,1.860392,-88.815,10.684,0.00273,-0.16377
1784708244.069,67.150978,1.503668,-88.811,10.712,0.00267,-0.16308
1784708244.227,67.149780,1.146029,-88.803,10.741,0.00253,-0.16239
1784708244.360,67.148582,0.787456,-88.792,10.770,0.00231,-0.16170
1784708244.497,67.147469,0.427945,-88.783,10.798,0.00212,-0.16091
1784708244.631,67.146439,0.067482,-88.774,10.827,0.00302,-0.16004
1784708244.762,67.145439,-0.290802,-88.764,10.672,0.00278,-0.15915
1784708244.896,67.144539,-0.645836,-88.753,10.662,0.00247,-0.15837
1784708245.032,67.143684,-1.001873,-88.742,10.689,0.00213,-0.15826
1784708245.167,67.142914,-1.358759,-88.732,10.716,0.00184,-0.15876
1784708245.301,67.142181,-1.716490,-88.723,10.742,0.00267,-0.15959
1784708245.438,67.141510,-2.075103,-88.716,10.769,0.00256,-0.16038
1784708245.573,67.140907,-2.434647,-88.707,10.797,0.00257,-0.16109
1784708245.714,67.140312,-2.795093,-88.698,10.822,0.00276,-0.16180
1784708245.859,67.139816,-3.153237,-88.691,10.663,0.00295,-0.16241
1784708246.001,67.139397,-3.507845,-88.683,10.644,0.00403,-0.16294
1784708246.140,67.139023,-3.863167,-88.673,10.662,0.00409,-0.16343
1784708246.281,67.138718,-4.219049,-88.659,10.680,0.00404,-0.16384
1784708246.419,67.138519,-4.575481,-88.646,10.698,0.00396,-0.16415
1784708246.566,67.138405,-4.932494,-88.632,10.716,0.00493,-0.16438
1784708246.709,67.138260,-5.290035,-88.617,10.731,0.00478,-0.16464
1784708246.850,67.138084,-5.648088,-88.599,10.746,0.00460,-0.16492
1784708246.988,67.137947,-6.006601,-88.580,10.760,0.00437,-0.16517
1784708247.127,67.137985,-6.365489,-88.565,10.772,0.00420,-0.16525
1784708247.265,67.138298,-6.724768,-88.551,10.785,0.00512,-0.16505
1784708247.401,67.138756,-7.084468,-88.536,10.798,0.00485,-0.16470
1784708247.543,67.139297,-7.444597,-88.517,10.811,0.00448,-0.16428
1784708247.680,67.139938,-7.802056,-88.500,10.644,0.00409,-0.16375
1784708247.817,67.140648,-8.155825,-88.483,10.621,0.00370,-0.16315
1784708247.959,67.141441,-8.510126,-88.467,10.634,0.00446,-0.16253
1784708248.097,67.142387,-8.864905,-88.450,10.650,0.00398,-0.16229
1784708248.236,67.143318,-9.220233,-88.429,10.669,0.00343,-0.16279
1784708248.375,67.144402,-9.576221,-88.411,10.689,0.00293,-0.16373
1784708248.508,67.145622,-9.931050,-88.396,10.708,0.00363,-0.16458
1784708248.646,67.146919,-10.288327,-88.384,10.727,0.00322,-0.16538
1784708248.784,67.148277,-10.646242,-88.370,10.746,0.00276,-0.16612
1784708248.916,67.149727,-11.004798,-88.355,10.766,0.00228,-0.16676
1784708249.053,67.151405,-11.364040,-88.345,10.785,0.00189,-0.16719
1784708249.192,67.153259,-11.723982,-88.339,10.807,0.00270,-0.16744
1784708249.326,67.155060,-12.084053,-88.331,10.757,0.00233,-0.16775
1784708249.467,67.156815,-12.439342,-88.322,10.634,0.00190,-0.16808
1784708249.604,67.158585,-12.794282,-88.314,10.655,0.00151,-0.16838
1784708249.739,67.160431,-13.149795,-88.308,10.677,0.00116,-0.16862
1784708249.875,67.162292,-13.506113,-88.304,10.698,0.00198,-0.16884
1784708250.012,67.164200,-13.863112,-88.300,10.719,0.00165,-0.16902
1784708250.143,67.166107,-14.220779,-88.293,10.739,0.00113,-0.16921
1784708250.279,67.168037,-14.579100,-88.288,10.758,0.00055,-0.16938
1784708250.412,67.169983,-14.938079,-88.285,10.778,0.00127,-0.16953
1784708250.549,67.171921,-15.297727,-88.285,10.798,0.00077,-0.16970
1784708250.685,67.173897,-15.658054,-88.283,10.818,0.00025,-0.16984
1784708250.821,67.175888,-16.015987,-88.281,10.658,-0.00041,-0.16994
1784708250.954,67.177879,-16.370178,-88.281,10.642,-0.00107,-0.17002
1784708251.091,67.179855,-16.725410,-88.285,10.663,-0.00000,-0.17013
1784708251.226,67.181763,-17.081270,-88.290,10.682,-0.00046,-0.17030
1784708251.361,67.183640,-17.437733,-88.294,10.702,-0.00097,-0.17051
1784708251.497,67.185509,-17.794828,-88.296,10.722,-0.00152,-0.17073
1784708251.637,67.187378,-18.152517,-88.301,10.742,-0.00193,-0.17096
1784708251.771,67.189201,-18.510944,-88.308,10.762,-0.00070,-0.17123
1784708251.907,67.190987,-18.870033,-88.316,10.781,-0.00101,-0.17155
1784708252.044,67.192741,-19.229782,-88.319,10.801,-0.00144,-0.17190
1784708252.179,67.194481,-19.589579,-88.324,10.749,-0.00181,-0.17227
1784708252.315,67.196167,-19.944563,-88.330,10.625,-0.00062,-0.17266
1784708252.453,67.197830,-20.299189,-88.338,10.646,-0.00091,-0.17307
1784708252.586,67.199509,-20.654552,-88.343,10.669,-0.00129,-0.17335
1784708252.721,67.201164,-21.010612,-88.346,10.691,-0.00173,-0.17325
1784708252.858,67.202797,-21.367386,-88.350,10.713,-0.00209,-0.17277
1784708252.989,67.204346,-21.724871,-88.357,10.734,-0.00085,-0.17218
1784708253.127,67.205811,-22.083063,-88.365,10.755,-0.00097,-0.17166
1784708253.262,67.207230,-22.441957,-88.371,10.776,-0.00106,-0.17119
1784708253.396,67.208649,-22.801548,-88.373,10.797,-0.00115,-0.17072
1784708253.533,67.210136,-23.161835,-88.379,10.817,-0.00116,-0.17019
1784708253.668,67.211540,-23.519772,-88.384,10.657,0.00017,-0.16973
1784708253.802,67.212845,-23.874233,-88.389,10.641,0.00014,-0.16936
1784708253.937,67.214142,-24.229452,-88.390,10.660,0.00002,-0.16901
1784708254.074,67.215439,-24.585249,-88.391,10.679,-0.00013,-0.16865
1784708254.208,67.216751,-24.941616,-88.393,10.698,0.00089,-0.16828
1784708254.347,67.218040,-25.298567,-88.396,10.715,0.00084,-0.16794
1784708254.485,67.219368,-25.656109,-88.397,10.733,0.00072,-0.16756
1784708254.618,67.220711,-26.014231,-88.396,10.750,0.00054,-0.16716
1784708254.755,67.222000,-26.372866,-88.393,10.765,0.00035,-0.16682
1784708254.895,67.223297,-26.732046,-88.392,10.784,0.00127,-0.16648
1784708255.027,67.224487,-27.091831,-88.391,10.804,0.00116,-0.16624
1784708255.162,67.225624,-27.451679,-88.391,10.753,0.00106,-0.16605
1784708255.297,67.226860,-27.806770,-88.388,10.631,0.00083,-0.16576
1784708255.430,67.228172,-28.161526,-88.385,10.652,0.00059,-0.16538
1784708255.567,67.229546,-28.516966,-88.383,10.672,0.00148,-0.16498
1784708255.704,67.230888,-28.872185,-88.382,10.693,0.00126,-0.16481
1784708255.839,67.232246,-29.228916,-88.379,10.713,0.00102,-0.16491
1784708255.977,67.233604,-29.586361,-88.376,10.734,0.00079,-0.16525
1784708256.113,67.234886,-29.944603,-88.373,10.757,0.00172,-0.16568
1784708256.251,67.236115,-30.303694,-88.373,10.783,0.00158,-0.16617
1784708256.393,67.237526,-30.663666,-88.370,10.809,0.00134,-0.16649
1784708256.536,67.239029,-31.023905,-88.365,10.763,0.00103,-0.16671
1784708256.686,67.240532,-31.379551,-88.361,10.646,0.00073,-0.16691
1784708256.833,67.241997,-31.735029,-88.359,10.673,0.00161,-0.16715
1784708256.972,67.243416,-32.091389,-88.357,10.698,0.00137,-0.16744
1784708257.109,67.244774,-32.448498,-88.353,10.722,0.00109,-0.16779
1784708257.249,67.246162,-32.806290,-88.349,10.743,0.00082,-0.16811
1784708257.389,67.247711,-33.164772,-88.346,10.763,0.00056,-0.16828
1784708257.527,67.249329,-33.523941,-88.344,10.784,0.00142,-0.16839
1784708257.666,67.250923,-33.883808,-88.342,10.804,0.00115,-0.16852
1784708257.800,67.252502,-34.243694,-88.337,10.753,0.00073,-0.16866
1784708257.937,67.254066,-34.598888,-88.333,10.631,0.00025,-0.16880
1784708258.078,67.255669,-34.953712,-88.332,10.651,-0.00024,-0.16890
1784708258.215,67.257263,-35.309242,-88.332,10.672,0.00062,-0.16900
1784708258.351,67.258842,-35.665371,-88.334,10.691,0.00026,-0.16913
1784708258.488,67.260460,-36.022087,-88.333,10.709,-0.00022,-0.16922
1784708258.626,67.262161,-36.379391,-88.333,10.726,-0.00076,-0.16923
1784708258.761,67.263855,-36.737270,-88.335,10.744,0.00025,-0.16925
1784708258.902,67.265457,-37.095741,-88.338,10.761,-0.00007,-0.16937
1784708259.039,67.266998,-37.454807,-88.340,10.779,-0.00049,-0.16955
1784708259.175,67.268524,-37.814468,-88.340,10.797,-0.00095,-0.16974
1784708259.313,67.270103,-38.174736,-88.343,10.816,-0.00135,-0.16989
1784708259.450,67.271706,-38.532578,-88.346,10.655,-0.00018,-0.17000
1784708259.590,67.273323,-38.886845,-88.352,10.637,-0.00054,-0.17008
1784708259.727,67.274925,-39.241814,-88.355,10.655,-0.00096,-0.17018
1784708259.865,67.276489,-39.597363,-88.356,10.674,-0.00143,-0.17032
1784708260.003,67.278030,-39.953529,-88.359,10.695,-0.00180,-0.17049
1784708260.138,67.279457,-40.310349,-88.365,10.715,-0.00058,-0.17077
1784708260.273,67.280807,-40.667850,-88.371,10.735,-0.00081,-0.17104
1784708260.408,67.282181,-41.026043,-88.372,10.757,-0.00118,-0.17104
1784708260.545,67.283661,-41.385021,-88.377,10.780,-0.00148,-0.17066
1784708260.682,67.285225,-41.744781,-88.382,10.803,-0.00026,-0.17008
1784708260.813,67.286751,-42.104698,-88.388,10.753,-0.00053,-0.16954
1784708260.948,67.288177,-42.459896,-88.390,10.631,-0.00092,-0.16909
1784708261.085,67.289536,-42.814785,-88.391,10.654,-0.00128,-0.16870
1784708261.220,67.290833,-43.170464,-88.395,10.677,-0.00146,-0.16838
1784708261.355,67.292091,-43.526871,-88.400,10.701,-0.00015,-0.16809
1784708261.494,67.293304,-43.884041,-88.406,10.725,-0.00024,-0.16786
1784708261.626,67.294456,-44.241524,-88.410,10.748,-0.00037,-0.16768
1784708261.762,67.295509,-44.600227,-88.412,10.768,-0.00054,-0.16761
1784708261.898,67.296585,-44.959595,-88.416,10.788,-0.00064,-0.16752
1784708262.030,67.297760,-45.318878,-88.422,10.807,0.00057,-0.16733
1784708262.180,67.298920,-45.678898,-88.428,10.754,0.00052,-0.16715
1784708262.316,67.300064,-46.034096,-88.428,10.630,0.00031,-0.16698
1784708262.452,67.301224,-46.388851,-88.430,10.649,0.00012,-0.16679
1784708262.587,67.302307,-46.744370,-88.432,10.673,0.00107,-0.16668
1784708262.721,67.303185,-47.100578,-88.433,10.695,0.00094,-0.16678
1784708262.854,67.303879,-47.457443,-88.432,10.716,0.00078,-0.16706
1784708262.986,67.304657,-47.814877,-88.431,10.731,0.00064,-0.16726
1784708263.121,67.305717,-48.172871,-88.431,10.748,0.00045,-0.16718
1784708263.253,67.306953,-48.531506,-88.429,10.767,0.00130,-0.16693
1784708263.388,67.308182,-48.890800,-88.427,10.788,0.00102,-0.16668
1784708263.523,67.309235,-49.250755,-88.425,10.808,0.00077,-0.16667
1784708263.656,67.310188,-49.610817,-88.419,10.758,0.00047,-0.16685
1784708263.789,67.311073,-49.966202,-88.415,10.637,0.00019,-0.16718
1784708263.926,67.312027,-50.321323,-88.414,10.661,0.00109,-0.16747
1784708264.058,67.313042,-50.677185,-88.414,10.681,0.00089,-0.16770
1784708264.193,67.314224,-51.033596,-88.411,10.700,0.00058,-0.16777
1784708264.327,67.315506,-51.390564,-88.407,10.718,0.00025,-0.16774
1784708264.458,67.316765,-51.748196,-88.408,10.737,0.00003,-0.16773
1784708264.592,67.317902,-52.106476,-88.408,10.755,0.00095,-0.16785
1784708264.727,67.319031,-52.465382,-88.410,10.774,0.00078,-0.16797
1784708264.859,67.320190,-52.824902,-88.407,10.792,0.00050,-0.16807
1784708264.997,67.321442,-53.184986,-88.405,10.808,0.00024,-0.16808
1784708265.133,67.322723,-53.542599,-88.404,10.645,0.00109,-0.16805
1784708265.265,67.323982,-53.896584,-88.404,10.625,0.00085,-0.16803
1784708265.398,67.325226,-54.251167,-88.402,10.640,0.00071,-0.16803
1784708265.535,67.326408,-54.606174,-88.398,10.653,0.00067,-0.16809
1784708265.667,67.327606,-54.959873,-88.396,10.666,0.00071,-0.16813
1784708265.800,67.328835,-55.315674,-88.394,10.679,0.00173,-0.16814
1784708265.934,67.330101,-55.671902,-88.391,10.692,0.00174,-0.16812
1784708266.070,67.331436,-56.028507,-88.385,10.703,0.00167,-0.16804
1784708266.205,67.332840,-56.385483,-88.379,10.715,0.00156,-0.16788
1784708266.339,67.334259,-56.741005,-88.373,10.726,0.00251,-0.16771
1784708266.474,67.335693,-57.098747,-88.369,10.738,0.00243,-0.16752
1784708266.613,67.337181,-57.456860,-88.362,10.749,0.00229,-0.16729
1784708266.749,67.338715,-57.815384,-88.353,10.762,0.00212,-0.16701
1784708266.887,67.340324,-58.174301,-88.346,10.774,0.00214,-0.16666
1784708267.026,67.341972,-58.533627,-88.339,10.786,0.00324,-0.16627
1784708267.162,67.343628,-58.893417,-88.331,10.802,0.00346,-0.16587
1784708267.296,67.345192,-59.253227,-88.321,10.749,0.00362,-0.16557
1784708267.434,67.346786,-59.608231,-88.307,10.626,0.00365,-0.16521
1784708267.570,67.348549,-59.962757,-88.294,10.645,0.00364,-0.16469
1784708267.703,67.350403,-60.315826,-88.281,10.666,0.00464,-0.16407
1784708267.841,67.352432,-60.671688,-88.268,10.686,0.00458,-0.16346
1784708267.978,67.354568,-61.028210,-88.251,10.707,0.00436,-0.16324
1784708268.109,67.356827,-61.385410,-88.233,10.728,0.00414,-0.16342
1784708268.244,67.359161,-61.743332,-88.216,10.750,0.00503,-0.16375
1784708268.382,67.361488,-62.102135,-88.199,10.777,0.00480,-0.16409
1784708268.515,67.363922,-62.461895,-88.183,10.805,0.00445,-0.16434
1784708268.652,67.366501,-62.822025,-88.164,10.761,0.00372,-0.16445
1784708268.786,67.369186,-63.176167,-88.147,10.645,0.00275,-0.16440
1784708268.929,67.371986,-63.531586,-88.134,10.673,0.00323,-0.16425
1784708269.073,67.374893,-63.887947,-88.125,10.701,0.00236,-0.16400
1784708269.211,67.377853,-64.245201,-88.116,10.730,0.00151,-0.16370
1784708269.346,67.380859,-64.603371,-88.107,10.758,0.00069,-0.16349
1784708269.479,67.383919,-64.962448,-88.103,10.785,-0.00001,-0.16381
1784708269.614,67.386971,-65.321815,-88.102,10.811,0.00067,-0.16474
1784708269.746,67.389923,-65.682121,-88.103,10.764,0.00012,-0.16616
1784708269.883,67.392776,-66.037865,-88.101,10.646,-0.00066,-0.16765
1784708270.018,67.395645,-66.390984,-88.104,10.674,-0.00135,-0.16908
1784708270.152,67.398636,-66.747360,-88.109,10.702,-0.00193,-0.17044
1784708270.287,67.401611,-67.104599,-88.117,10.730,-0.00079,-0.17181
1784708270.423,67.404533,-67.462723,-88.127,10.758,-0.00123,-0.17326
1784708270.561,67.407364,-67.821793,-88.132,10.785,-0.00176,-0.17480
1784708270.702,67.410156,-68.181755,-88.138,10.812,-0.00222,-0.17640
1784708270.838,67.412849,-68.542068,-88.146,10.765,-0.00098,-0.17810
1784708270.971,67.415421,-68.897827,-88.156,10.647,-0.00130,-0.17983
1784708271.112,67.417915,-69.253250,-88.163,10.674,-0.00167,-0.18114
1784708271.254,67.420456,-69.609650,-88.169,10.702,-0.00211,-0.18137
1784708271.391,67.422997,-69.966911,-88.177,10.730,-0.00243,-0.18068
1784708271.532,67.425476,-70.325081,-88.187,10.758,-0.00114,-0.17976
1784708271.667,67.427872,-70.684166,-88.198,10.785,-0.00132,-0.17893
1784708271.802,67.430206,-71.044159,-88.206,10.811,-0.00158,-0.17816
1784708271.937,67.432571,-71.404510,-88.212,10.764,-0.00191,-0.17736
1784708272.079,67.434891,-71.760292,-88.219,10.646,-0.00221,-0.17659
1784708272.227,67.437149,-72.115692,-88.227,10.671,-0.00094,-0.17588
1784708272.368,67.439316,-72.471939,-88.236,10.695,-0.00114,-0.17527
1784708272.505,67.441399,-72.828918,-88.241,10.719,-0.00147,-0.17474
1784708272.643,67.443466,-73.186684,-88.246,10.743,-0.00174,-0.17423
1784708272.782,67.445526,-73.545219,-88.253,10.767,-0.00044,-0.17374
1784708272.921,67.447594,-73.904518,-88.262,10.787,-0.00059,-0.17323
1784708273.063,67.449654,-74.264435,-88.267,10.805,-0.00084,-0.17274
1784708273.201,67.451653,-74.624435,-88.270,10.751,-0.00104,-0.17231
1784708273.334,67.453568,-74.977478,-88.274,10.625,-0.00106,-0.17193
1784708273.464,67.455452,-75.330276,-88.279,10.640,0.00029,-0.17159
1784708273.601,67.457260,-75.685341,-88.285,10.655,0.00042,-0.17132
1784708273.737,67.459061,-76.039543,-88.288,10.670,0.00046,-0.17107
1784708273.877,67.460899,-76.395508,-88.287,10.685,0.00041,-0.17078
1784708274.014,67.462776,-76.751968,-88.288,10.700,0.00039,-0.17045
1784708274.169,67.464661,-77.108902,-88.288,10.714,0.00140,-0.17013
1784708274.309,67.466515,-77.466286,-88.287,10.729,0.00133,-0.16983
1784708274.454,67.468391,-77.824150,-88.283,10.743,0.00118,-0.16951
1784708274.593,67.470337,-78.182480,-88.279,10.757,0.00103,-0.16913
1784708274.726,67.472298,-78.541229,-88.275,10.770,0.00196,-0.16873
1784708274.862,67.474274,-78.900406,-88.272,10.784,0.00175,-0.16832
1784708274.997,67.476250,-79.260040,-88.266,10.797,0.00117,-0.16791
1784708275.129,67.478241,-79.620125,-88.259,10.811,0.00023,-0.16748
1784708275.265,67.480255,-79.977936,-88.255,10.647,-0.00103,-0.16703
1784708275.397,67.482300,-80.331940,-88.255,10.628,-0.00034,-0.16653
1784708275.530,67.484413,-80.686569,-88.260,10.646,-0.00141,-0.16596
1784708275.666,67.486496,-81.041763,-88.266,10.664,-0.00243,-0.16547
1784708275.797,67.488518,-81.396332,-88.270,10.683,-0.00343,-0.16540
1784708275.933,67.490479,-81.752769,-88.280,10.703,-0.00417,-0.16580
1784708276.069,67.492294,-82.109871,-88.295,10.722,-0.00305,-0.16666
1784708276.210,67.493988,-82.467628,-88.311,10.742,-0.00336,-0.16769
1784708276.343,67.495613,-82.826035,-88.324,10.762,-0.00346,-0.16879
1784708276.477,67.497192,-83.185150,-88.339,10.783,-0.00316,-0.16994
1784708276.615,67.498734,-83.544975,-88.354,10.805,-0.00146,-0.17113
1784708276.750,67.500168,-83.905022,-88.368,10.754,-0.00110,-0.17243
1784708276.898,67.501495,-84.260406,-88.377,10.630,-0.00093,-0.17380
1784708277.041,67.502747,-84.615112,-88.382,10.649,-0.00089,-0.17525
1784708277.176,67.504013,-84.970520,-88.387,10.669,-0.00082,-0.17668
1784708277.314,67.505272,-85.326538,-88.392,10.689,0.00045,-0.17813
1784708277.447,67.506485,-85.678741,-88.396,10.710,0.00044,-0.17916
1784708277.578,67.507660,-86.035355,-88.396,10.731,0.00035,-0.17913
1784708277.718,67.508804,-86.393417,-88.395,10.753,0.00028,-0.17791
1784708277.855,67.509949,-86.752197,-88.395,10.775,0.00023,-0.17621
1784708277.995,67.511093,-87.111725,-88.396,10.798,0.00126,-0.17449
1784708278.130,67.512268,-87.472046,-88.398,10.822,0.00123,-0.17275
1784708278.265,67.513474,-87.825951,-88.394,10.666,0.00102,-0.17098
1784708278.394,67.514702,-88.180679,-88.390,10.654,0.00082,-0.16919
1784708278.530,67.515984,-88.536263,-88.388,10.679,0.00175,-0.16734
1784708278.670,67.517212,-88.892662,-88.386,10.705,0.00158,-0.16557
1784708278.807,67.518425,-89.249878,-88.382,10.730,0.00139,-0.16424
1784708278.947,67.519653,-89.607956,-88.377,10.756,0.00115,-0.16381
1784708279.079,67.520927,-89.966873,-88.373,10.781,0.00096,-0.16414
1784708279.214,67.522217,-90.326721,-88.370,10.810,0.00191,-0.16471
1784708279.350,67.523590,-90.687134,-88.368,10.767,0.00174,-0.16520
1784708279.493,67.524933,-91.043228,-88.364,10.651,0.00148,-0.16570
1784708279.625,67.526321,-91.396393,-88.358,10.680,0.00115,-0.16614
1784708279.761,67.527786,-91.752975,-88.354,10.709,0.00090,-0.16652
1784708279.902,67.529266,-92.110443,-88.351,10.736,0.00180,-0.16689
1784708280.039,67.530746,-92.468765,-88.348,10.763,0.00156,-0.16727
1784708280.181,67.532219,-92.827972,-88.342,10.790,0.00126,-0.16765
1784708280.320,67.533737,-93.188080,-88.337,10.816,0.00097,-0.16800
1784708280.455,67.535286,-93.546532,-88.333,10.663,0.00071,-0.16830
1784708280.593,67.536819,-93.901253,-88.331,10.652,0.00158,-0.16861
1784708280.730,67.538399,-94.256866,-88.329,10.679,0.00134,-0.16887
1784708280.861,67.539993,-94.612091,-88.324,10.705,0.00102,-0.16911
1784708280.995,67.541634,-94.969345,-88.320,10.730,0.00076,-0.16932
1784708281.131,67.543335,-95.327393,-88.318,10.754,0.00165,-0.16947
1784708281.261,67.545029,-95.683563,-88.316,10.779,0.00142,-0.16962
1784708281.397,67.546722,-96.043259,-88.313,10.803,0.00117,-0.16979
1784708281.533,67.548431,-96.403351,-88.307,10.753,0.00087,-0.16994
1784708281.662,67.550117,-96.756721,-88.304,10.631,0.00058,-0.17008
1784708281.799,67.551857,-97.111519,-88.302,10.653,0.00145,-0.17018
1784708281.941,67.553619,-97.467072,-88.300,10.675,0.00121,-0.17026
1784708282.075,67.555389,-97.823326,-88.296,10.699,0.00090,-0.17033
1784708282.210,67.557159,-98.180344,-88.293,10.725,0.00061,-0.17041
1784708282.349,67.558945,-98.538216,-88.290,10.750,0.00151,-0.17048
1784708282.486,67.560791,-98.896912,-88.289,10.776,0.00124,-0.17049
1784708282.627,67.562675,-99.256485,-88.287,10.800,0.00080,-0.17046
1784708282.766,67.564537,-99.616470,-88.283,10.752,0.00017,-0.17046
1784708282.901,67.566422,-99.972046,-88.280,10.633,-0.00063,-0.17042
1784708283.034,67.568298,-100.326859,-88.281,10.657,0.00023,-0.17038
1784708283.175,67.570152,-100.682526,-88.284,10.682,-0.00036,-0.17037
1784708283.311,67.571930,-101.039024,-88.287,10.710,-0.00103,-0.17044
1784708283.450,67.573723,-101.396477,-88.289,10.739,-0.00167,-0.17055
1784708283.586,67.575546,-101.754868,-88.294,10.767,-0.00219,-0.17068
1784708283.724,67.577332,-102.114197,-88.302,10.795,-0.00101,-0.17089
1784708283.858,67.579056,-102.474503,-88.311,10.824,-0.00130,-0.17118
1784708283.994,67.580688,-102.833351,-88.316,10.672,-0.00156,-0.17155
1784708284.125,67.582283,-103.188446,-88.322,10.665,-0.00167,-0.17194
1784708284.259,67.583878,-103.544495,-88.330,10.694,-0.00024,-0.17233
1784708284.392,67.585426,-103.899887,-88.339,10.723,-0.00022,-0.17276
1784708284.523,67.586891,-104.257568,-88.344,10.751,-0.00029,-0.17329
1784708284.660,67.588310,-104.616356,-88.345,10.779,-0.00047,-0.17388
1784708284.798,67.589722,-104.976097,-88.348,10.808,-0.00058,-0.17447
1784708284.931,67.591141,-105.336449,-88.352,10.764,0.00060,-0.17506
1784708285.067,67.592545,-105.692505,-88.355,10.649,0.00051,-0.17543
1784708285.202,67.593948,-106.047920,-88.357,10.677,0.00037,-0.17530
1784708285.332,67.595345,-106.403946,-88.356,10.706,0.00017,-0.17463
1784708285.467,67.596748,-106.761284,-88.357,10.736,0.00002,-0.17375
1784708285.598,67.598099,-107.116898,-88.358,10.767,0.00096,-0.17292
1784708285.729,67.599396,-107.476059,-88.359,10.797,0.00085,-0.17215
1784708285.867,67.600677,-107.836403,-88.357,10.828,0.00066,-0.17139
1784708286.005,67.601990,-108.195442,-88.355,10.678,0.00046,-0.17061
1784708286.141,67.603333,-108.550751,-88.354,10.674,0.00028,-0.16978
1784708286.277,67.604767,-108.907127,-88.355,10.706,0.00122,-0.16888
1784708286.413,67.606171,-109.264549,-88.356,10.739,0.00106,-0.16824
1784708286.542,67.607536,-109.617531,-88.353,10.771,0.00078,-0.16803
1784708286.676,67.608940,-109.977020,-88.350,10.801,0.00052,-0.16820
1784708286.812,67.610435,-110.337242,-88.348,10.758,0.00144,-0.16838
1784708286.949,67.611893,-110.693283,-88.347,10.644,0.00120,-0.16859
1784708287.085,67.613327,-111.048599,-88.345,10.673,0.00093,-0.16881
1784708287.222,67.614777,-111.404915,-88.340,10.702,0.00060,-0.16903
1784708287.354,67.616272,-111.762154,-88.338,10.730,0.00035,-0.16920
1784708287.495,67.617752,-112.120308,-88.336,10.759,0.00124,-0.16939
1784708287.628,67.619247,-112.479416,-88.335,10.788,0.00102,-0.16957
1784708287.759,67.620789,-112.839424,-88.332,10.813,0.00075,-0.16971
1784708287.893,67.622421,-113.197990,-88.329,10.656,0.00045,-0.16975
1784708288.025,67.624046,-113.551109,-88.327,10.642,0.00014,-0.16978
1784708288.159,67.625648,-113.906288,-88.327,10.665,0.00104,-0.16983
1784708288.294,67.627235,-114.262169,-88.328,10.685,0.00090,-0.16991
1784708288.430,67.628769,-114.618637,-88.326,10.704,0.00077,-0.17004
1784708288.561,67.630318,-114.972496,-88.323,10.724,0.00065,-0.17014
1784708288.693,67.631935,-115.330246,-88.322,10.743,0.00163,-0.17019
1784708288.829,67.633560,-115.688644,-88.321,10.762,0.00155,-0.17024
1784708288.961,67.635216,-116.047646,-88.319,10.779,0.00142,-0.17026
1784708289.096,67.636894,-116.407196,-88.313,10.796,0.00120,-0.17026
1784708289.231,67.638611,-116.764603,-88.309,10.813,0.00101,-0.17021
1784708289.365,67.640343,-117.123169,-88.305,10.650,0.00193,-0.17015
1784708289.501,67.642029,-117.477325,-88.302,10.629,0.00172,-0.17012
1784708289.635,67.643761,-117.831192,-88.296,10.645,0.00144,-0.17004
1784708289.768,67.645546,-118.186295,-88.290,10.660,0.00116,-0.16991
1784708289.902,67.647385,-118.541855,-88.286,10.676,0.00205,-0.16973
1784708290.037,67.649216,-118.895126,-88.283,10.690,0.00187,-0.16955
1784708290.206,67.651070,-119.251778,-88.277,10.708,0.00187,-0.16936
1784708290.341,67.653000,-119.609009,-88.271,10.726,0.00204,-0.16910
1784708290.474,67.655045,-119.966858,-88.265,10.744,0.00229,-0.16873
1784708290.606,67.657150,-120.325302,-88.257,10.762,0.00341,-0.16829
1784708290.742,67.659248,-120.684334,-88.248,10.780,0.00357,-0.16797
1784708290.884,67.661362,-121.043983,-88.236,10.797,0.00365,-0.16787
1784708291.029,67.663551,-121.404205,-88.222,10.815,0.00364,-0.16797
1784708291.167,67.665848,-121.761940,-88.207,10.653,0.00357,-0.16803
1784708291.303,67.668213,-122.114990,-88.193,10.637,0.00451,-0.16800
1784708291.441,67.670784,-122.470047,-88.179,10.658,0.00425,-0.16778
1784708291.578,67.673492,-122.825783,-88.161,10.679,0.00351,-0.16743
1784708291.711,67.676346,-123.181244,-88.145,10.700,0.00252,-0.16692
1784708291.844,67.679260,-123.538300,-88.132,10.722,0.00296,-0.16637
1784708291.986,67.682159,-123.896072,-88.122,10.743,0.00207,-0.16584
1784708292.126,67.685074,-124.254578,-88.113,10.765,0.00122,-0.16530
1784708292.260,67.688065,-124.613800,-88.105,10.787,0.00040,-0.16468
1784708292.396,67.691139,-124.973717,-88.102,10.808,-0.00038,-0.16399
1784708292.536,67.694260,-125.333748,-88.102,10.757,0.00038,-0.16325
1784708292.670,67.697327,-125.689011,-88.104,10.635,-0.00030,-0.16287
1784708292.809,67.700363,-126.043922,-88.106,10.656,-0.00110,-0.16331
1784708292.953,67.703407,-126.399605,-88.107,10.679,-0.00189,-0.16464
1784708293.087,67.706421,-126.756027,-88.112,10.702,-0.00250,-0.16633
1784708293.225,67.709351,-127.113190,-88.121,10.725,-0.00137,-0.16812
1784708293.364,67.712219,-127.471107,-88.131,10.748,-0.00178,-0.16998
1784708293.496,67.715004,-127.829155,-88.137,10.772,-0.00231,-0.17193
1784708293.634,67.717804,-128.188675,-88.145,10.796,-0.00273,-0.17389
1784708293.769,67.720535,-128.548660,-88.156,10.819,-0.00143,-0.17592
1784708293.901,67.723106,-128.904999,-88.168,10.663,-0.00170,-0.17802
1784708294.038,67.725563,-129.259659,-88.178,10.650,-0.00200,-0.17960
1784708294.176,67.728012,-129.615189,-88.187,10.673,-0.00233,-0.18002
1784708294.308,67.730499,-129.971420,-88.198,10.696,-0.00257,-0.17931
1784708294.449,67.732948,-130.328400,-88.210,10.719,-0.00124,-0.17833
1784708294.587,67.735291,-130.686111,-88.222,10.742,-0.00139,-0.17745
1784708294.731,67.737526,-131.044586,-88.231,10.764,-0.00162,-0.17669
1784708294.879,67.739632,-131.403763,-88.237,10.783,-0.00191,-0.17606
1784708295.029,67.741638,-131.763611,-88.245,10.803,-0.00185,-0.17553
1784708295.161,67.743546,-132.123520,-88.255,10.751,0.00004,-0.17510
1784708295.294,67.745369,-132.478668,-88.264,10.626,0.00119,-0.17473
1784708295.426,67.747276,-132.833313,-88.266,10.644,0.00270,-0.17428
1784708295.561,67.749290,-133.188568,-88.264,10.662,0.00405,-0.17372
1784708295.693,67.751358,-133.544357,-88.256,10.680,0.00578,-0.17311
1784708295.829,67.753479,-133.898865,-88.242,10.697,0.00680,-0.17245
1784708295.965,67.755669,-134.255722,-88.220,10.712,0.00757,-0.17172
1784708296.102,67.758018,-134.613113,-88.194,10.727,0.00817,-0.17084
1784708296.242,67.760574,-134.970978,-88.165,10.743,0.00864,-0.16975
1784708296.378,67.763344,-135.329330,-88.133,10.757,0.00987,-0.16845
1784708296.514,67.766335,-135.688126,-88.099,10.771,0.01009,-0.16693
1784708296.650,67.769562,-136.047394,-88.060,10.785,0.01021,-0.16518
1784708296.779,67.772980,-136.405426,-88.020,10.799,0.01028,-0.16323
1784708296.914,67.776695,-136.765625,-87.979,10.813,0.01035,-0.16099
1784708297.047,67.780701,-137.122971,-87.938,10.647,0.01135,-0.15845
1784708297.177,67.784927,-137.472244,-87.898,10.625,0.01120,-0.15566
1784708297.323,67.789520,-137.826721,-87.854,10.639,0.01106,-0.15252
1784708297.464,67.794334,-138.181641,-87.809,10.654,0.01145,-0.14916
1784708297.602,67.799423,-138.537079,-87.765,10.671,0.01246,-0.14586
1784708297.744,67.804726,-138.893066,-87.720,10.688,0.01411,-0.14452
1784708297.889,67.810287,-139.249603,-87.670,10.704,0.01512,-0.14552
1784708298.031,67.816261,-139.606689,-87.614,10.721,0.01582,-0.14833
1784708298.175,67.822678,-139.964355,-87.553,10.738,0.01630,-0.15082
1784708298.309,67.829620,-140.322495,-87.492,10.754,0.01750,-0.15280
1784708298.444,67.837112,-140.681183,-87.426,10.770,0.01761,-0.15425
1784708298.575,67.844986,-141.040390,-87.353,10.787,0.01805,-0.15532
1784708298.708,67.853088,-141.396179,-87.281,10.805,0.01932,-0.15609
1784708298.838,67.861649,-141.755981,-87.208,10.749,0.02122,-0.15649
1784708298.974,67.870544,-142.111023,-87.130,10.623,0.02314,-0.15644
1784708299.107,67.879913,-142.463181,-87.045,10.643,0.02450,-0.15585
1784708299.236,67.889900,-142.816803,-86.952,10.665,0.02546,-0.15489
1784708299.370,67.900612,-143.172470,-86.854,10.685,0.02617,-0.15356
1784708299.505,67.912079,-143.528717,-86.752,10.705,0.02759,-0.15174
1784708299.636,67.924301,-143.885651,-86.647,10.726,0.02872,-0.14926
1784708299.767,67.937111,-144.243271,-86.537,10.747,0.03020,-0.14621
1784708299.901,67.950378,-144.596405,-86.422,10.768,0.03141,-0.14301
1784708300.029,67.964607,-144.954620,-86.301,10.789,0.03228,-0.14120
1784708300.161,67.979691,-145.314255,-86.173,10.810,0.03355,-0.14100
1784708300.296,67.995621,-145.674210,-86.042,10.762,0.03384,-0.14164
1784708300.429,68.012199,-146.029633,-85.907,10.641,0.03375,-0.14154
1784708300.562,68.029617,-146.384399,-85.771,10.665,0.03336,-0.14058
1784708300.701,68.047897,-146.739914,-85.636,10.687,0.03400,-0.13878
1784708300.835,68.067055,-147.096085,-85.502,10.709,0.03333,-0.13615
1784708300.974,68.087082,-147.452881,-85.367,10.731,0.03246,-0.13270
1784708301.112,68.108002,-147.810364,-85.232,10.752,0.03145,-0.13073
1784708301.245,68.129814,-148.168488,-85.101,10.773,0.03044,-0.13136
1784708301.379,68.152466,-148.527222,-84.974,10.792,0.03079,-0.13427
1784708301.515,68.175758,-148.884552,-84.851,10.810,0.02966,-0.13722
1784708301.649,68.199753,-149.241821,-84.730,10.648,0.02839,-0.13946
1784708301.786,68.224213,-149.595108,-84.610,10.630,0.02696,-0.14095
1784708301.923,68.249504,-149.948914,-84.498,10.647,0.02552,-0.14176
1784708302.058,68.275536,-150.303192,-84.390,10.663,0.02565,-0.14338
1784708302.191,68.302200,-150.657898,-84.289,10.680,0.02421,-0.14684
1784708302.327,68.329506,-151.013123,-84.189,10.696,0.02270,-0.15209
1784708302.461,68.357445,-151.368805,-84.091,10.711,0.02112,-0.15729
1784708302.594,68.386002,-151.724945,-83.999,10.726,0.02120,-0.16192
1784708302.727,68.415192,-152.081528,-83.914,10.741,0.01968,-0.16596
1784708302.859,68.444809,-152.436768,-83.832,10.757,0.01813,-0.16945
1784708302.997,68.475166,-152.794327,-83.750,10.776,0.01650,-0.17242
1784708303.133,68.505814,-153.150024,-83.676,10.795,0.01496,-0.17493
1784708303.261,68.536606,-153.503616,-83.609,10.814,0.01509,-0.17709
1784708303.397,68.568031,-153.860550,-83.547,10.653,0.01372,-0.17894
1784708303.527,68.599129,-154.209412,-83.487,10.635,0.01223,-0.18050
1784708303.657,68.630836,-154.560455,-83.432,10.652,0.01085,-0.18196
1784708303.791,68.663155,-154.914352,-83.384,10.670,0.01118,-0.18337
1784708303.923,68.695740,-155.268829,-83.342,10.690,0.01035,-0.18470
1784708304.051,68.728127,-155.618179,-83.303,10.713,0.00980,-0.18574
1784708304.187,68.761398,-155.974030,-83.261,10.736,0.00929,-0.18652
1784708304.322,68.794952,-156.330643,-83.224,10.759,0.00884,-0.18709
1784708304.452,68.828690,-156.686813,-83.188,10.783,0.00958,-0.18744
1784708304.586,68.862808,-157.044937,-83.153,10.806,0.00912,-0.18759
1784708304.719,68.896675,-157.398087,-83.116,10.758,0.00849,-0.18752
1784708304.849,68.930466,-157.748917,-83.078,10.671,0.00781,-0.18730
1784708304.982,68.964783,-158.103409,-83.045,10.696,0.00849,-0.18691
1784708305.116,68.999390,-158.458801,-83.015,10.723,0.00795,-0.18632
1784708305.245,69.034027,-158.811798,-82.984,10.750,0.00731,-0.18546
1784708305.378,69.069290,-159.168869,-82.952,10.777,0.00663,-0.18438
1784708305.511,69.104858,-159.526794,-82.924,10.803,0.00601,-0.18307
1784708305.639,69.140236,-159.881439,-82.898,10.758,0.00666,-0.18163
1784708305.771,69.175644,-160.235168,-82.874,10.641,0.00604,-0.18008
1784708305.901,69.210869,-160.585693,-82.849,10.673,0.00535,-0.17841
1784708306.032,69.246552,-160.939377,-82.826,10.705,0.00473,-0.17658
1784708306.164,69.282532,-161.294983,-82.806,10.736,0.00419,-0.17464
1784708306.294,69.318451,-161.649170,-82.789,10.766,0.00490,-0.17303
1784708306.424,69.354828,-162.006714,-82.773,10.795,0.00441,-0.17231
1784708306.557,69.391495,-162.365204,-82.755,10.824,0.00382,-0.17250
1784708306.691,69.427551,-162.716629,-82.738,10.673,0.00321,-0.17302
1784708306.819,69.463333,-163.064453,-82.724,10.665,0.00389,-0.17345
1784708306.958,69.499809,-163.418671,-82.714,10.693,0.00341,-0.17385
1784708307.103,69.536331,-163.773804,-82.700,10.721,0.00281,-0.17430
1784708307.232,69.572548,-164.125504,-82.688,10.749,0.00197,-0.17470
1784708307.364,69.609406,-164.482422,-82.679,10.777,0.00246,-0.17500
1784708307.495,69.646194,-164.837769,-82.674,10.803,0.00131,-0.17521
1784708307.623,69.682846,-165.190857,-82.669,10.757,0.00016,-0.17532
1784708307.754,69.719604,-165.544769,-82.664,10.640,-0.00130,-0.17540
1784708307.887,69.755241,-165.887909,-82.666,10.666,-0.00262,-0.17549
1784708308.014,69.791275,-166.235733,-82.671,10.692,-0.00193,-0.17567
1784708308.144,69.827950,-166.590576,-82.681,10.713,-0.00287,-0.17594
1784708308.272,69.863823,-166.937393,-82.689,10.731,-0.00389,-0.17617
1784708308.405,69.900726,-167.293610,-82.700,10.751,-0.00474,-0.17636
1784708308.534,69.937630,-167.650513,-82.715,10.772,-0.00372,-0.17661
1784708308.666,69.974327,-168.008133,-82.734,10.793,-0.00421,-0.17714
1784708308.792,70.010017,-168.357986,-82.750,10.813,-0.00474,-0.17788
1784708308.925,70.046234,-168.714111,-82.765,10.654,-0.00523,-0.17873
1784708309.058,70.082085,-169.066696,-82.784,10.641,-0.00558,-0.17959
1784708309.185,70.117767,-169.417511,-82.806,10.661,-0.00430,-0.18042
1784708309.315,70.153770,-169.771423,-82.829,10.678,-0.00452,-0.18126
1784708309.447,70.189003,-170.117706,-82.846,10.693,-0.00500,-0.18208
1784708309.574,70.224304,-170.466751,-82.862,10.703,-0.00389,-0.18296
1784708309.704,70.259850,-170.821976,-82.881,10.715,-0.00405,-0.18330
1784708309.834,70.294807,-171.173996,-82.900,10.726,-0.00420,-0.18280
1784708309.963,70.329353,-171.522461,-82.916,10.736,-0.00445,-0.18150
1784708310.094,70.364746,-171.878830,-82.935,10.747,-0.00457,-0.18004
1784708310.224,70.399811,-172.232544,-82.955,10.759,-0.00316,-0.17865
1784708310.355,70.435074,-172.589630,-82.976,10.768,-0.00315,-0.17738
1784708310.490,70.470230,-172.947037,-82.995,10.777,-0.00318,-0.17625
1784708310.625,70.505325,-173.304688,-83.009,10.785,-0.00333,-0.17520
1784708310.754,70.539536,-173.654510,-83.024,10.792,-0.00346,-0.17429
1784708310.884,70.574509,-174.012619,-83.040,10.800,-0.00205,-0.17340
1784708311.016,70.608917,-174.366196,-83.053,10.808,-0.00219,-0.17265
1784708311.147,70.643509,-174.722733,-83.060,10.637,-0.00249,-0.17200
1784708311.281,70.677574,-175.074661,-83.067,10.612,-0.00281,-0.17143
1784708311.413,70.711578,-175.426254,-83.076,10.622,-0.00156,-0.17090
1784708311.545,70.745392,-175.777298,-83.086,10.633,-0.00172,-0.17050
1784708311.679,70.779320,-176.130219,-83.095,10.645,-0.00190,-0.17016
1784708311.809,70.813072,-176.481308,-83.100,10.656,-0.00219,-0.16983
1784708311.941,70.847137,-176.835098,-83.108,10.668,-0.00238,-0.16944
1784708312.071,70.881279,-177.189331,-83.117,10.683,-0.00111,-0.16902
1784708312.202,70.915291,-177.543320,-83.127,10.698,-0.00123,-0.16868
1784708312.335,70.949409,-177.898621,-83.133,10.715,-0.00148,-0.16831
1784708312.466,70.983398,-178.253006,-83.138,10.733,-0.00137,-0.16792
1784708312.597,71.017227,-178.606155,-83.145,10.750,0.00036,-0.16755
1784708312.726,71.050995,-178.958588,-83.151,10.766,0.00157,-0.16716
1784708312.859,71.085236,-179.316116,-83.151,10.781,0.00309,-0.16679
1784708312.992,71.119514,-179.674103,-83.145,10.794,0.00440,-0.16642
1784708313.121,71.153336,-180.026260,-83.132,10.810,0.00544,-0.16596
1784708313.252,71.187630,-180.382446,-83.114,10.645,0.00693,-0.16541
1784708313.385,71.221512,-180.733398,-83.092,10.625,0.00768,-0.16477
1784708313.517,71.255722,-181.086258,-83.066,10.640,0.00826,-0.16399
1784708313.654,71.290192,-181.439560,-83.035,10.654,0.00866,-0.16299
1784708313.791,71.324982,-181.793243,-83.002,10.668,0.00976,-0.16170
1784708313.923,71.360054,-182.147308,-82.968,10.680,0.00962,-0.16017
1784708314.060,71.395355,-182.501770,-82.930,10.692,0.00907,-0.15846
1784708314.192,71.430588,-182.853638,-82.892,10.704,0.00834,-0.15656
1784708314.325,71.466400,-183.208878,-82.856,10.716,0.00768,-0.15441
1784708314.456,71.502441,-183.564545,-82.823,10.729,0.00829,-0.15207
1784708314.589,71.538521,-183.918564,-82.793,10.741,0.00763,-0.14953
1784708314.715,71.574265,-184.267303,-82.761,10.753,0.00686,-0.14683
1784708314.847,71.611046,-184.624039,-82.731,10.763,0.00616,-0.14386
1784708314.982,71.648102,-184.981110,-82.704,10.773,0.00551,-0.14137
1784708315.110,71.685257,-185.337219,-82.679,10.783,0.00608,-0.14111
1784708315.242,71.722687,-185.694870,-82.656,10.794,0.00543,-0.14333
1784708315.374,71.760208,-186.051620,-82.631,10.805,0.00470,-0.14698
1784708315.508,71.797974,-186.409561,-82.606,10.744,0.00397,-0.15053
1784708315.640,71.835297,-186.762604,-82.585,10.612,0.00451,-0.15395
1784708315.770,71.872482,-187.113327,-82.567,10.624,0.00386,-0.15725
1784708315.902,71.909904,-187.465729,-82.550,10.637,0.00323,-0.16050
1784708316.035,71.947418,-187.818451,-82.534,10.649,0.00262,-0.16370
1784708316.166,71.984421,-188.165039,-82.521,10.664,0.00324,-0.16671
1784708316.296,72.022156,-188.516144,-82.512,10.680,0.00273,-0.16912
1784708316.427,72.060432,-188.870331,-82.503,10.701,0.00216,-0.17040
1784708316.561,72.098740,-189.225220,-82.491,10.721,0.00158,-0.17068
1784708316.691,72.136490,-189.575165,-82.484,10.741,0.00108,-0.17058
1784708316.820,72.174934,-189.931381,-82.479,10.762,0.00183,-0.17044
1784708316.949,72.212395,-190.279083,-82.472,10.781,0.00135,-0.17037
1784708317.077,72.250061,-190.628830,-82.464,10.802,0.00085,-0.17032
1784708317.225,72.288727,-190.986664,-82.459,10.752,0.00044,-0.17013
1784708317.362,72.327026,-191.339859,-82.456,10.632,0.00118,-0.16982
1784708317.490,72.364487,-191.684937,-82.454,10.655,0.00074,-0.16947
1784708317.626,72.402840,-192.038559,-82.450,10.679,0.00032,-0.16914
1784708317.760,72.440895,-192.389877,-82.446,10.703,-0.00013,-0.16887
1784708317.891,72.479385,-192.744995,-82.445,10.727,-0.00052,-0.16857
1784708318.023,72.517975,-193.100922,-82.445,10.751,0.00047,-0.16826
1784708318.155,72.556534,-193.456512,-82.447,10.773,0.00036,-0.16794
1784708318.287,72.594986,-193.810730,-82.446,10.795,0.00018,-0.16758
1784708318.425,72.633896,-194.168823,-82.445,10.816,0.00003,-0.16718
1784708318.571,72.672539,-194.524872,-82.445,10.655,0.00094,-0.16683
1784708318.702,72.710754,-194.877182,-82.446,10.639,0.00080,-0.16650
1784708318.832,72.749031,-195.230194,-82.445,10.659,0.00062,-0.16619
1784708318.961,72.786530,-195.575729,-82.442,10.679,0.00035,-0.16585
1784708319.090,72.824738,-195.927307,-82.440,10.699,0.00014,-0.16545
1784708319.220,72.863297,-196.282227,-82.440,10.720,0.00102,-0.16506
1784708319.351,72.901428,-196.633545,-82.439,10.740,0.00084,-0.16471
1784708319.479,72.939888,-196.987686,-82.435,10.760,0.00057,-0.16434
1784708319.609,72.978683,-197.344589,-82.432,10.780,0.00035,-0.16392
1784708319.741,73.017616,-197.702133,-82.430,10.801,0.00119,-0.16344
1784708319.873,73.056602,-198.060013,-82.428,10.750,0.00097,-0.16294
1784708320.008,73.095070,-198.413391,-82.425,10.627,0.00070,-0.16248
1784708320.137,73.133369,-198.765228,-82.420,10.648,0.00038,-0.16202
1784708320.265,73.171844,-199.118271,-82.417,10.668,0.00013,-0.16151
1784708320.395,73.210434,-199.472107,-82.416,10.689,0.00096,-0.16109
1784708320.527,73.248627,-199.822006,-82.415,10.710,0.00069,-0.16087
1784708320.656,73.287392,-200.176804,-82.410,10.731,0.00037,-0.16088
1784708320.788,73.326370,-200.532700,-82.407,10.754,0.00007,-0.16088
1784708320.923,73.365288,-200.888077,-82.405,10.778,0.00087,-0.16090
1784708321.055,73.404358,-201.245575,-82.405,10.801,0.00065,-0.16099
1784708321.190,73.443481,-201.603546,-82.403,10.752,0.00041,-0.16109
1784708321.325,73.482109,-201.956711,-82.399,10.633,0.00007,-0.16115
1784708321.453,73.520683,-202.308899,-82.397,10.656,-0.00030,-0.16116
1784708321.582,73.559479,-202.662399,-82.397,10.680,0.00060,-0.16109
1784708321.712,73.597870,-203.012146,-82.398,10.705,0.00035,-0.16102
1784708321.840,73.635925,-203.359009,-82.397,10.725,0.00005,-0.16096
1784708321.970,73.674881,-203.714844,-82.393,10.749,-0.00037,-0.16099
1784708322.101,73.713608,-204.069077,-82.394,10.772,0.00060,-0.16107
1784708322.231,73.752190,-204.421265,-82.395,10.794,0.00038,-0.16107
1784708322.360,73.791466,-204.779343,-82.395,10.817,0.00016,-0.16102
1784708322.489,73.830536,-205.135254,-82.394,10.659,-0.00016,-0.16094
1784708322.621,73.868668,-205.482452,-82.394,10.645,-0.00049,-0.16085
1784708322.752,73.907455,-205.835663,-82.394,10.666,0.00054,-0.16076
1784708322.885,73.945671,-206.183502,-82.395,10.688,0.00058,-0.16065
1784708323.017,73.984619,-206.538147,-82.392,10.714,0.00069,-0.16055
1784708323.146,74.023476,-206.893555,-82.390,10.735,0.00088,-0.16063
1784708323.278,74.062248,-207.247131,-82.388,10.756,0.00195,-0.16060
1784708323.408,74.101448,-207.603912,-82.384,10.776,0.00204,-0.16048
1784708323.538,74.140770,-207.961334,-82.377,10.797,0.00205,-0.16032
1784708323.670,74.179848,-208.316071,-82.368,10.816,0.00199,-0.16011
1784708323.801,74.218903,-208.669800,-82.360,10.654,0.00191,-0.15981
1784708323.934,74.257805,-209.021912,-82.352,10.635,0.00280,-0.15948
1784708324.064,74.296318,-209.370422,-82.344,10.653,0.00269,-0.15915
1784708324.192,74.335335,-209.723740,-82.335,10.670,0.00256,-0.15884
1784708324.325,74.374428,-210.076462,-82.324,10.688,0.00236,-0.15839
1784708324.457,74.413826,-210.430695,-82.314,10.705,0.00321,-0.15781
1784708324.585,74.452530,-210.778076,-82.305,10.722,0.00285,-0.15716
1784708324.719,74.492172,-211.133499,-82.294,10.739,-0.00380,-0.15646
1784708324.852,74.531555,-211.486252,-82.283,10.753,-0.02053,-0.15573
1784708324.981,74.571419,-211.842651,-82.292,10.765,-0.04275,-0.15491
1784708325.113,74.611099,-212.199524,-82.367,10.777,-0.05271,-0.15440
1784708325.244,74.649170,-212.549469,-82.529,10.787,-0.06949,-0.15522
1784708325.369,74.686104,-212.903900,-82.756,10.797,-0.08315,-0.15833
1784708325.501,74.721474,-213.262222,-83.027,10.805,-0.09461,-0.16402
1784708325.633,74.754799,-213.618805,-83.362,10.633,-0.10319,-0.17161
1784708325.761,74.784744,-213.963455,-83.733,10.602,-0.10372,-0.18120
1784708325.891,74.812843,-214.315948,-84.148,10.608,-0.05806,-0.19351
1784708326.023,74.837753,-214.661774,-84.522,10.167,-0.05720,-0.20823
1784708326.151,74.859062,-214.982880,-84.711,9.563,-0.06449,-0.22371
1784708326.283,74.879318,-215.291092,-84.917,9.053,-0.07182,-0.23876
1784708326.420,74.898041,-215.584412,-85.144,8.637,-0.06518,-0.25364
1784708326.558,74.914314,-215.865433,-85.358,8.295,-0.08564,-0.26955
1784708326.694,74.928749,-216.136322,-85.574,8.016,-0.08002,-0.28612
1784708326.829,74.941612,-216.398819,-85.819,7.786,-0.08565,-0.30330
1784708326.961,74.953064,-216.655029,-86.068,7.661,-0.10212,-0.32117
1784708327.093,74.963280,-216.910553,-86.325,7.675,-0.14112,-0.39636
1784708327.229,74.972382,-217.167938,-86.637,7.789,-0.13792,-0.36051
1784708327.370,74.979912,-217.431122,-87.076,7.984,-0.13139,-0.38276
1784708327.508,74.985016,-217.700882,-87.508,8.180,-0.12434,-0.40026
1784708327.646,74.987991,-217.976929,-87.915,8.363,-0.11497,-0.50108
1784708327.776,74.989479,-218.258789,-88.316,8.537,-0.10452,-0.70876
1784708327.910,74.989304,-218.546402,-88.693,8.702,-0.10167,-0.78746
1784708328.041,74.987442,-218.834229,-89.036,8.858,-0.10502,-0.34665
1784708328.170,74.983803,-219.130890,-89.380,9.002,-0.09923,-0.32643
1784708328.306,74.978256,-219.433350,-89.745,9.138,-0.09283,-0.30762
1784708328.439,74.970711,-219.735168,-90.089,9.267,-0.08640,-0.29034
1784708328.570,74.961060,-220.046051,-90.417,9.389,-0.08007,-0.27386
1784708328.702,74.949669,-220.360794,-90.728,9.505,-0.07389,-0.25810
1784708328.836,74.936584,-220.679260,-91.018,9.615,-0.06759,-0.24348
1784708328.972,74.921799,-221.001068,-91.289,9.692,-0.06201,-0.23027
1784708329.105,74.905510,-221.324020,-91.538,9.714,-0.05621,-0.21846
1784708329.241,74.887886,-221.647614,-91.769,9.734,-0.05179,-0.20791
1784708329.366,74.869370,-221.967300,-91.977,9.755,-0.04730,-0.19860
1784708329.496,74.849487,-222.292206,-92.170,9.775,-0.04255,-0.19020
1784708329.629,74.828697,-222.615997,-92.347,9.797,-0.03864,-0.18279
1784708329.759,74.806961,-222.939575,-92.505,9.818,-0.03509,-0.17635
1784708329.909,74.784180,-223.266388,-92.651,9.839,-0.03114,-0.17067
1784708330.048,74.760529,-223.593887,-92.782,9.861,-0.02814,-0.16579
1784708330.177,74.736130,-223.921570,-92.898,9.883,-0.02466,-0.16164
1784708330.308,74.711113,-224.250458,-93.004,9.905,-0.02222,-0.15801
1784708330.438,74.685593,-224.578644,-93.098,9.926,-0.02006,-0.15493
1784708330.567,74.659538,-224.908463,-93.180,9.948,-0.01729,-0.15225
1784708330.696,74.632904,-225.239349,-93.255,9.970,-0.01556,-0.15005
1784708330.826,74.606369,-225.563873,-93.320,9.992,-0.01409,-0.14831
1784708330.953,74.579208,-225.891632,-93.377,10.015,-0.01176,-0.14690
1784708331.087,74.551346,-226.224594,-93.430,10.037,-0.01054,-0.14575
1784708331.218,74.523170,-226.558289,-93.475,10.061,-0.00953,-0.14484
1784708331.349,74.494652,-226.892700,-93.516,10.084,-0.00746,-0.14422
1784708331.477,74.466171,-227.223709,-93.552,10.107,-0.00663,-0.14385
1784708331.606,74.437935,-227.550018,-93.584,10.126,-0.00597,-0.14364
1784708331.737,74.408684,-227.886749,-93.610,10.150,-0.00420,-0.14354
1784708331.870,74.379280,-228.224243,-93.633,10.174,-0.00425,-0.14353
1784708332.001,74.350174,-228.557251,-93.650,10.198,-0.00516,-0.14361
1784708332.130,74.320839,-228.891495,-93.667,10.222,-0.00448,-0.14381
1784708332.272,74.290916,-229.231323,-93.689,10.246,-0.00559,-0.14411
1784708332.414,74.260696,-229.572021,-93.709,10.273,-0.00663,-0.14463
1784708332.553,74.230171,-229.913620,-93.729,10.301,-0.00914,-0.14538
1784708332.700,74.199387,-230.256104,-93.756,10.327,-0.00811,-0.14631
1784708332.840,74.168312,-230.599411,-93.792,10.351,-0.00825,-0.14746
1784708332.973,74.137039,-230.943100,-93.824,10.375,-0.00842,-0.14877
1784708333.103,74.105545,-231.287903,-93.858,10.398,-0.00703,-0.15020
1784708333.236,74.074135,-231.630356,-93.892,10.422,-0.00711,-0.15176
1784708333.363,74.042130,-231.976715,-93.922,10.446,-0.00720,-0.15357
1784708333.499,74.009865,-232.323822,-93.950,10.470,-0.00731,-0.15557
1784708333.627,73.977814,-232.666641,-93.979,10.496,-0.00591,-0.15773
1784708333.753,73.945198,-233.012756,-94.008,10.522,-0.00588,-0.16017
1784708333.885,73.912064,-233.362350,-94.032,10.549,-0.00591,-0.16282
1784708334.013,73.879662,-233.703278,-94.055,10.575,-0.00601,-0.16550
1784708334.139,73.846710,-234.048874,-94.079,10.603,-0.00460,-0.16832
1784708334.271,73.812988,-234.401093,-94.104,10.632,-0.00451,-0.17127
1784708334.401,73.779495,-234.749695,-94.123,10.660,-0.00459,-0.17299
1784708334.527,73.746368,-235.093338,-94.142,10.689,-0.00325,-0.17327
1784708334.657,73.712021,-235.448349,-94.161,10.718,-0.00325,-0.17231
1784708334.787,73.677406,-235.804337,-94.177,10.748,-0.00331,-0.17129
1784708334.915,73.643257,-236.154480,-94.189,10.773,-0.00348,-0.17039
1784708335.045,73.608276,-236.512466,-94.203,10.803,-0.00351,-0.16954
1784708335.174,73.573685,-236.865173,-94.218,10.762,-0.00215,-0.16883
1784708335.303,73.539436,-237.212982,-94.233,10.650,-0.00238,-0.16826
1784708335.438,73.504578,-237.566925,-94.246,10.681,-0.00285,-0.16770
1784708335.569,73.469810,-237.919983,-94.255,10.713,-0.00345,-0.16712
1784708335.697,73.434731,-238.276001,-94.268,10.743,-0.00390,-0.16657
1784708335.827,73.399513,-238.632935,-94.283,10.773,-0.00269,-0.16606
1784708335.959,73.365013,-238.981873,-94.298,10.800,-0.00310,-0.16563
1784708336.091,73.329315,-239.340576,-94.308,10.825,-0.00352,-0.16542
1784708336.223,73.293610,-239.697418,-94.320,10.668,-0.00382,-0.16540
1784708336.356,73.258347,-240.048676,-94.335,10.654,-0.00253,-0.16550
1784708336.486,73.222832,-240.402527,-94.351,10.676,-0.00271,-0.16560
1784708336.619,73.187225,-240.757080,-94.364,10.698,-0.00296,-0.16571
1784708336.753,73.151855,-241.108688,-94.374,10.720,-0.00327,-0.16588
1784708336.886,73.116013,-241.464645,-94.388,10.744,-0.00342,-0.16609
1784708337.018,73.079865,-241.821320,-94.403,10.767,-0.00205,-0.16653
1784708337.147,73.044518,-242.167938,-94.416,10.789,-0.00216,-0.16718
1784708337.272,73.008972,-242.515152,-94.426,10.811,-0.00236,-0.16796
1784708337.405,72.972298,-242.873627,-94.439,10.759,-0.00238,-0.16875
1784708337.538,72.936203,-243.227432,-94.451,10.635,-0.00101,-0.16942
1784708337.666,72.900703,-243.575439,-94.463,10.656,-0.00119,-0.16985
1784708337.797,72.864586,-243.928665,-94.470,10.677,-0.00145,-0.16989
1784708337.921,72.829247,-244.272858,-94.475,10.698,-0.00176,-0.16958
1784708338.045,72.793304,-244.621460,-94.481,10.722,-0.00047,-0.16925
1784708338.176,72.756546,-244.977386,-94.489,10.745,-0.00039,-0.16898
1784708338.303,72.720688,-245.324280,-94.494,10.768,-0.00045,-0.16874
1784708338.434,72.684952,-245.669250,-94.494,10.789,-0.00062,-0.16859
1784708338.566,72.647972,-246.027374,-94.497,10.810,0.00054,-0.16830
1784708338.695,72.611664,-246.379669,-94.500,10.759,0.00044,-0.16796
1784708338.821,72.575615,-246.728928,-94.500,10.637,0.00028,-0.16767
1784708338.952,72.539154,-247.082047,-94.499,10.658,0.00009,-0.16739
1784708339.080,72.503624,-247.426483,-94.499,10.679,-0.00011,-0.16708
1784708339.206,72.467880,-247.773270,-94.501,10.696,0.00082,-0.16674
1784708339.336,72.431244,-248.128326,-94.502,10.716,0.00068,-0.16643
1784708339.467,72.394936,-248.479950,-94.500,10.735,0.00047,-0.16616
1784708339.589,72.359520,-248.823624,-94.498,10.753,0.00023,-0.16581
1784708339.716,72.322884,-249.179443,-94.497,10.771,0.00111,-0.16543
1784708339.845,72.287033,-249.527176,-94.496,10.790,0.00089,-0.16510
1784708339.976,72.250107,-249.885162,-94.493,10.808,0.00078,-0.16478
1784708340.109,72.213173,-250.243439,-94.490,10.756,0.00086,-0.16444
1784708340.238,72.176956,-250.594147,-94.487,10.633,0.00195,-0.16416
1784708340.365,72.141296,-250.939148,-94.485,10.654,0.00210,-0.16399
1784708340.494,72.104790,-251.292786,-94.480,10.675,0.00222,-0.16399
1784708340.625,72.068619,-251.643402,-94.474,10.698,0.00227,-0.16422
1784708340.749,72.033127,-251.989288,-94.468,10.722,0.00327,-0.16439
1784708340.884,71.996674,-252.345154,-94.461,10.745,0.00327,-0.16451
1784708341.016,71.960464,-252.699127,-94.453,10.765,0.00319,-0.16457
1784708341.144,71.924164,-253.054245,-94.441,10.790,0.00303,-0.16462
1784708341.282,71.887550,-253.412521,-94.429,10.814,0.00290,-0.16465
1784708341.421,71.851196,-253.768616,-94.418,10.659,0.00384,-0.16465
1784708341.559,71.815201,-254.121323,-94.408,10.646,0.00367,-0.16464
1784708341.686,71.779167,-254.474915,-94.396,10.671,0.00346,-0.16457
1784708341.817,71.743149,-254.829300,-94.383,10.695,0.00324,-0.16441
1784708341.945,71.708015,-255.177475,-94.371,10.721,0.00407,-0.16400
1784708342.076,71.672150,-255.533493,-94.359,10.746,0.00386,-0.16352
1784708342.206,71.636238,-255.890320,-94.346,10.772,0.00361,-0.16300
1784708342.330,71.600670,-256.243927,-94.331,10.798,0.00330,-0.16248
1784708342.459,71.564651,-256.602478,-94.318,10.823,0.00305,-0.16234
1784708342.590,71.529282,-256.954987,-94.305,10.668,0.00392,-0.16274
1784708342.717,71.493912,-257.308075,-94.295,10.658,0.00366,-0.16361
1784708342.847,71.458534,-257.662170,-94.283,10.687,0.00338,-0.16450
1784708342.978,71.423813,-258.011902,-94.270,10.717,0.00305,-0.16516
1784708343.107,71.388977,-258.363525,-94.259,10.748,0.00406,-0.16574
1784708343.236,71.353653,-258.720520,-94.248,10.778,0.00451,-0.16629
1784708343.365,71.318748,-259.073029,-94.235,10.809,0.00526,-0.16686
1784708343.490,71.283958,-259.424927,-94.217,10.767,0.00592,-0.16738
1784708343.631,71.249046,-259.779388,-94.197,10.653,0.00647,-0.16777
1784708343.759,71.214737,-260.129883,-94.176,10.683,0.00773,-0.16794
1784708343.886,71.180862,-260.477325,-94.151,10.715,0.00802,-0.16798
1784708344.019,71.146332,-260.833374,-94.121,10.747,0.00819,-0.16783
1784708344.154,71.111923,-261.190491,-94.090,10.779,0.00826,-0.16746
1784708344.280,71.078346,-261.540924,-94.058,10.806,0.00925,-0.16699
1784708344.413,71.044189,-261.899536,-94.026,10.765,0.00968,-0.16643
1784708344.539,71.011124,-262.248627,-93.991,10.653,0.01052,-0.16583
1784708344.664,70.978745,-262.592865,-93.954,10.684,0.01158,-0.16503
1784708344.791,70.945969,-262.943726,-93.914,10.715,0.01315,-0.16399
1784708344.922,70.913414,-263.294983,-93.869,10.746,0.01397,-0.16270
1784708345.045,70.881393,-263.643982,-93.820,10.777,0.01453,-0.16109
1784708345.174,70.848923,-264.001740,-93.765,10.808,0.01490,-0.15908
1784708345.308,70.816765,-264.360535,-93.707,10.766,0.01511,-0.15667
1784708345.435,70.785774,-264.710022,-93.650,10.654,0.01611,-0.15410
1784708345.569,70.754684,-265.064301,-93.591,10.685,0.01623,-0.15231
1784708345.701,70.723839,-265.419647,-93.529,10.717,0.01713,-0.15197
1784708345.829,70.694054,-265.766632,-93.466,10.748,0.01882,-0.15284
1784708345.957,70.663834,-266.124054,-93.399,10.777,0.02102,-0.15360
1784708346.087,70.634766,-266.473907,-93.327,10.806,0.02278,-0.15384
1784708346.217,70.605431,-266.833069,-93.243,10.762,0.02417,-0.15358
1784708346.345,70.576988,-267.188171,-93.153,10.647,0.02514,-0.15276
1784708346.478,70.549622,-267.536926,-93.058,10.671,0.02607,-0.15139
1784708346.606,70.522324,-267.892151,-92.957,10.700,0.02791,-0.14942
1784708346.735,70.495590,-268.248444,-92.852,10.730,0.03025,-0.14692
1784708346.865,70.469818,-268.600830,-92.741,10.756,0.03298,-0.14551
1784708346.989,70.445175,-268.947418,-92.623,10.782,0.03517,-0.14549
1784708347.117,70.420479,-269.306458,-92.490,10.808,0.03719,-0.14641
1784708347.249,70.396942,-269.661743,-92.350,10.761,0.03856,-0.14667
1784708347.378,70.374649,-270.012268,-92.204,10.642,0.03939,-0.14601
1784708347.513,70.353073,-270.366791,-92.050,10.666,0.03978,-0.14437
1784708347.641,70.332825,-270.715179,-91.895,10.691,0.04076,-0.14181
1784708347.773,70.313095,-271.071411,-91.736,10.716,0.04061,-0.13822
1784708347.902,70.294296,-271.428467,-91.574,10.739,0.04012,-0.13364
1784708348.038,70.276474,-271.786377,-91.409,10.761,0.03931,-0.12858
1784708348.161,70.260201,-272.135040,-91.251,10.782,0.03825,-0.12568
1784708348.289,70.244431,-272.494385,-91.089,10.802,0.03847,-0.12539
1784708348.419,70.229919,-272.845306,-90.936,10.748,0.03715,-0.12701
1784708348.543,70.216278,-273.195892,-90.786,10.657,0.03584,-0.12810
1784708348.673,70.203362,-273.551361,-90.635,10.675,0.03468,-0.12830
1784708348.799,70.191605,-273.899841,-90.494,10.694,0.03370,-0.12760
1784708348.927,70.180466,-274.256592,-90.354,10.714,0.03407,-0.12628
1784708349.055,70.170311,-274.609772,-90.219,10.733,0.03298,-0.12762
1784708349.190,70.160904,-274.967743,-90.082,10.751,0.03167,-0.13253
1784708349.321,70.152382,-275.326324,-89.949,10.768,0.03183,-0.14007
1784708349.451,70.144646,-275.685455,-89.821,10.784,0.03032,-0.14722
1784708349.584,70.137695,-276.037964,-89.698,10.800,0.02836,-0.15360
1784708349.711,70.131485,-276.391052,-89.576,10.816,0.02600,-0.15924
1784708349.843,70.125946,-276.749084,-89.463,10.652,0.02368,-0.16420
1784708349.973,70.121201,-277.098083,-89.361,10.632,0.02332,-0.16836
1784708350.101,70.116943,-277.452820,-89.265,10.649,0.02115,-0.17199
1784708350.266,70.113205,-277.808105,-89.172,10.667,0.01896,-0.17508
1784708350.397,70.110016,-278.154816,-89.089,10.685,0.01687,-0.17763
1784708350.524,70.107254,-278.506622,-89.016,10.707,0.01677,-0.17974
1784708350.656,70.104935,-278.863861,-88.949,10.729,0.01505,-0.18140
1784708350.783,70.103058,-279.214142,-88.883,10.751,0.01338,-0.18263
1784708350.912,70.101578,-279.563293,-88.825,10.769,0.01190,-0.18347
1784708351.041,70.100410,-279.922638,-88.774,10.790,0.01063,-0.18442
1784708351.173,70.099487,-280.282715,-88.728,10.811,0.01097,-0.18619
1784708351.302,70.098824,-280.637817,-88.685,10.649,0.00977,-0.18878
1784708351.432,70.098473,-280.991974,-88.642,10.630,0.00850,-0.19156
1784708351.561,70.098412,-281.343750,-88.604,10.647,0.00740,-0.19405
1784708351.689,70.098549,-281.694702,-88.570,10.665,0.00781,-0.19633
1784708351.820,70.098801,-282.050598,-88.540,10.682,0.00701,-0.19852
1784708351.951,70.099167,-282.402008,-88.508,10.700,0.00615,-0.20024
1784708352.076,70.099739,-282.757446,-88.480,10.717,0.00536,-0.20066
1784708352.205,70.100517,-283.115082,-88.456,10.734,0.00596,-0.19978
1784708352.335,70.101494,-283.471558,-88.436,10.748,0.00529,-0.19814
1784708352.459,70.102661,-283.822784,-88.413,10.762,0.00448,-0.19632
1784708352.588,70.104050,-284.181793,-88.392,10.776,0.00357,-0.19426
1784708352.721,70.105576,-284.541199,-88.375,10.788,0.00242,-0.19206
1784708352.848,70.107025,-284.897339,-88.360,10.801,0.00267,-0.18994
1784708352.981,70.108490,-285.256958,-88.350,10.741,0.00140,-0.18784
1784708353.123,70.109970,-285.611877,-88.339,10.611,0.00010,-0.18608
1784708353.249,70.111542,-285.964966,-88.334,10.623,-0.00142,-0.18468
1784708353.376,70.113167,-286.319366,-88.335,10.637,-0.00083,-0.18358
1784708353.508,70.114738,-286.673523,-88.341,10.653,-0.00198,-0.18257
1784708353.636,70.116180,-287.021149,-88.349,10.668,-0.00301,-0.18169
1784708353.766,70.117569,-287.376923,-88.357,10.684,-0.00344,-0.18087
1784708353.897,70.118958,-287.732910,-88.371,10.701,-0.00313,-0.18009
1784708354.020,70.120232,-288.078857,-88.387,10.718,-0.00143,-0.17967
1784708354.150,70.121437,-288.436371,-88.402,10.735,-0.00083,-0.17974
1784708354.277,70.122551,-288.785889,-88.409,10.749,-0.00052,-0.18021
1784708354.403,70.123665,-289.141479,-88.414,10.766,-0.00028,-0.18077
1784708354.532,70.124733,-289.500732,-88.417,10.786,0.00092,-0.18139
1784708354.659,70.125725,-289.855743,-88.418,10.805,0.00093,-0.18207
1784708354.786,70.126648,-290.208984,-88.416,10.752,0.00069,-0.18281
1784708354.919,70.127594,-290.564331,-88.414,10.631,0.00038,-0.18353
1784708355.053,70.128693,-290.919098,-88.413,10.652,0.00124,-0.18366
1784708355.179,70.129814,-291.270813,-88.413,10.674,0.00091,-0.18270
1784708355.308,70.130920,-291.624268,-88.410,10.695,0.00052,-0.18066
1784708355.436,70.132019,-291.974060,-88.408,10.717,0.00015,-0.17808
1784708355.565,70.133118,-292.324738,-88.408,10.738,0.00097,-0.17549
1784708355.696,70.134216,-292.682983,-88.409,10.759,0.00072,-0.17287
1784708355.824,70.135315,-293.036804,-88.408,10.779,0.00045,-0.17028
1784708355.956,70.136459,-293.396423,-88.405,10.799,0.00019,-0.16761
1784708356.089,70.137634,-293.756653,-88.404,10.818,-0.00003,-0.16506
1784708356.221,70.138748,-294.109253,-88.404,10.657,0.00086,-0.16365
1784708356.349,70.139809,-294.458344,-88.404,10.640,0.00063,-0.16358
1784708356.479,70.140900,-294.813416,-88.404,10.660,0.00042,-0.16465
1784708356.611,70.141983,-295.163147,-88.402,10.679,0.00014,-0.16585
1784708356.736,70.143112,-295.511536,-88.402,10.696,0.00100,-0.16700
1784708356.868,70.144257,-295.868439,-88.403,10.716,0.00082,-0.16818
1784708356.996,70.145302,-296.216339,-88.402,10.736,0.00051,-0.16940
1784708357.124,70.146408,-296.574524,-88.401,10.754,0.00017,-0.17024
1784708357.253,70.147552,-296.933258,-88.402,10.772,0.00101,-0.17055
1784708357.382,70.148720,-297.287964,-88.404,10.790,0.00059,-0.17040
1784708357.505,70.149857,-297.635071,-88.404,10.808,0.00011,-0.17019
1784708357.634,70.151001,-297.991852,-88.403,10.753,-0.00045,-0.16999
1784708357.765,70.152107,-298.340088,-88.404,10.630,-0.00103,-0.16981
1784708357.889,70.153152,-298.683990,-88.406,10.652,-0.00004,-0.16968
1784708358.019,70.154221,-299.039429,-88.411,10.674,-0.00041,-0.16956
1784708358.145,70.155220,-299.382324,-88.412,10.694,-0.00077,-0.16951
1784708358.269,70.156250,-299.732300,-88.413,10.719,-0.00087,-0.16957
1784708358.406,70.157341,-300.089966,-88.416,10.744,0.00042,-0.16973
1784708358.537,70.158340,-300.444977,-88.419,10.769,0.00050,-0.17004
1784708358.665,70.159317,-300.804382,-88.418,10.794,0.00049,-0.17039
1784708358.798,70.160324,-301.164581,-88.416,10.819,0.00047,-0.17072
1784708358.927,70.161400,-301.518402,-88.415,10.664,0.00147,-0.17095
1784708359.051,70.162544,-301.862610,-88.415,10.654,0.00135,-0.17107
1784708359.181,70.163811,-302.217224,-88.413,10.679,0.00121,-0.17112
1784708359.311,70.165070,-302.562805,-88.407,10.708,0.00092,-0.17114
1784708359.441,70.166267,-302.915131,-88.402,10.736,0.00177,-0.17111
1784708359.572,70.167412,-303.273438,-88.399,10.765,0.00157,-0.17085
1784708359.702,70.168564,-303.629486,-88.395,10.793,0.00128,-0.17025
1784708359.830,70.169769,-303.985138,-88.389,10.817,0.00094,-0.16943
1784708359.959,70.171082,-304.343170,-88.384,10.664,0.00063,-0.16850
1784708360.086,70.172417,-304.692749,-88.382,10.651,0.00146,-0.16755
1784708360.212,70.173813,-305.043335,-88.381,10.675,0.00115,-0.16653
1784708360.338,70.175232,-305.396332,-88.376,10.698,0.00078,-0.16549
1784708360.466,70.176636,-305.746124,-88.372,10.720,0.00030,-0.16453
1784708360.592,70.177979,-306.093079,-88.371,10.743,0.00097,-0.16404
1784708360.721,70.179359,-306.451508,-88.370,10.765,0.00036,-0.16412
1784708360.854,70.180763,-306.808838,-88.367,10.788,-0.00046,-0.16468
1784708360.981,70.182175,-307.162231,-88.367,10.810,-0.00134,-0.16528
1784708361.111,70.183617,-307.522583,-88.370,10.760,-0.00037,-0.16589
1784708361.243,70.184860,-307.870209,-88.375,10.639,-0.00106,-0.16662
1784708361.377,70.185989,-308.225220,-88.381,10.661,-0.00162,-0.16752
1784708361.507,70.187073,-308.580994,-88.387,10.683,-0.00213,-0.16846
1784708361.636,70.188240,-308.931244,-88.397,10.704,-0.00096,-0.16929
1784708361.763,70.189476,-309.288208,-88.408,10.725,-0.00136,-0.17006
1784708361.892,70.190643,-309.645996,-88.417,10.747,-0.00170,-0.17076
1784708362.021,70.191711,-309.999969,-88.424,10.768,-0.00189,-0.17134
1784708362.146,70.192703,-310.351227,-88.433,10.787,-0.00176,-0.17185
1784708362.276,70.193581,-310.711243,-88.441,10.812,-0.00020,-0.17251
1784708362.408,70.194321,-311.071075,-88.448,10.764,0.00005,-0.17330
1784708362.535,70.194962,-311.419647,-88.449,10.646,0.00001,-0.17414
1784708362.665,70.195740,-311.775024,-88.450,10.672,-0.00001,-0.17487
1784708362.794,70.196609,-312.125397,-88.451,10.697,0.00097,-0.17548
1784708362.921,70.197464,-312.482422,-88.452,10.723,0.00094,-0.17584
1784708363.053,70.198288,-312.840271,-88.451,10.749,0.00086,-0.17562
1784708363.180,70.199081,-313.190186,-88.448,10.774,0.00069,-0.17482
1784708363.309,70.199959,-313.544678,-88.446,10.800,0.00058,-0.17376
1784708363.439,70.200920,-313.905090,-88.445,10.825,0.00156,-0.17262
1784708363.566,70.201881,-314.259583,-88.443,10.669,0.00142,-0.17148
1784708363.693,70.202835,-314.609100,-88.437,10.658,0.00113,-0.17034
1784708363.823,70.203796,-314.964905,-88.432,10.684,0.00092,-0.16920
1784708363.948,70.204735,-315.308014,-88.429,10.710,0.00176,-0.16809
1784708364.073,70.205711,-315.657745,-88.425,10.731,0.00152,-0.16693
1784708364.204,70.206718,-316.015961,-88.419,10.757,0.00123,-0.16575
1784708364.335,70.207794,-316.371277,-88.414,10.780,0.00092,-0.16465
1784708364.460,70.208885,-316.722900,-88.411,10.803,0.00177,-0.16415
1784708364.593,70.209915,-317.082581,-88.409,10.753,0.00155,-0.16435
1784708364.737,70.210892,-317.438019,-88.406,10.633,0.00131,-0.16498
1784708364.868,70.211945,-317.792877,-88.403,10.655,0.00104,-0.16554
1784708365.001,70.213135,-318.148529,-88.401,10.679,0.00078,-0.16596
1784708365.136,70.214371,-318.504883,-88.400,10.702,0.00167,-0.16634
1784708365.267,70.215576,-318.858093,-88.400,10.725,0.00135,-0.16673
1784708365.397,70.216759,-319.215973,-88.396,10.748,0.00089,-0.16717
1784708365.527,70.217911,-319.574646,-88.390,10.772,0.00037,-0.16764
1784708365.652,70.219086,-319.922668,-88.388,10.796,0.00108,-0.16805
1784708365.782,70.220367,-320.282898,-88.387,10.821,0.00065,-0.16842
1784708365.913,70.221603,-320.637329,-88.384,10.665,0.00013,-0.16882
1784708366.037,70.222839,-320.988373,-88.380,10.654,-0.00057,-0.16921
1784708366.168,70.224068,-321.343994,-88.379,10.680,-0.00113,-0.16963
1784708366.299,70.225250,-321.693115,-88.381,10.705,-0.00009,-0.17007
1784708366.430,70.226402,-322.042450,-88.384,10.731,-0.00051,-0.17054
1784708366.558,70.227638,-322.400543,-88.385,10.757,-0.00091,-0.17093
1784708366.687,70.228973,-322.755035,-88.389,10.778,-0.00126,-0.17110
1784708366.813,70.230423,-323.109680,-88.394,10.804,-0.00009,-0.17106
1784708366.943,70.231865,-323.469696,-88.398,10.754,-0.00042,-0.17100
1784708367.070,70.233032,-323.810822,-88.398,10.634,-0.00098,-0.17113
1784708367.198,70.234146,-324.160004,-88.400,10.658,-0.00135,-0.17135
1784708367.330,70.235283,-324.515808,-88.405,10.681,-0.00009,-0.17157
1784708367.461,70.236389,-324.872314,-88.411,10.705,-0.00028,-0.17182
1784708367.587,70.237488,-325.228455,-88.414,10.727,-0.00056,-0.17208
1784708367.718,70.238602,-325.585938,-88.416,10.748,-0.00090,-0.17208
1784708367.849,70.239746,-325.944580,-88.419,10.767,-0.00117,-0.17177
1784708367.977,70.240837,-326.296753,-88.424,10.786,0.00005,-0.17126
1784708368.109,70.241898,-326.656616,-88.429,10.804,-0.00011,-0.17074
1784708368.242,70.242905,-327.015015,-88.431,10.749,-0.00043,-0.17028
1784708368.369,70.243904,-327.370392,-88.431,10.624,-0.00077,-0.16983
1784708368.497,70.244919,-327.724854,-88.434,10.640,0.00032,-0.16935
1784708368.625,70.245903,-328.064117,-88.438,10.658,0.00005,-0.16888
1784708368.749,70.246857,-328.405762,-88.441,10.672,-0.00023,-0.16849
1784708368.882,70.247787,-328.761780,-88.441,10.689,-0.00043,-0.16825
1784708369.015,70.248619,-329.112854,-88.442,10.705,0.00065,-0.16822
1784708369.144,70.249458,-329.465576,-88.446,10.723,0.00063,-0.16824
1784708369.270,70.250328,-329.820679,-88.447,10.742,0.00055,-0.16824
1784708369.398,70.251251,-330.171783,-88.446,10.761,0.00036,-0.16817
1784708369.526,70.252205,-330.520813,-88.445,10.779,0.00126,-0.16807
1784708369.659,70.253212,-330.880341,-88.446,10.797,0.00116,-0.16793
1784708369.792,70.254181,-331.240479,-88.445,10.815,0.00102,-0.16784
1784708369.915,70.255127,-331.587860,-88.440,10.655,0.00038,-0.16774
1784708370.048,70.256111,-331.942200,-88.437,10.639,-0.00179,-0.16762
1784708370.178,70.257133,-332.297211,-88.435,10.659,-0.00237,-0.16745
1784708370.305,70.258110,-332.645813,-88.438,10.679,-0.00647,-0.16730
1784708370.430,70.259003,-333.002075,-88.446,10.698,-0.01020,-0.16725
1784708370.559,70.259720,-333.349792,-88.470,10.714,-0.01324,-0.16735
1784708370.685,70.260284,-333.703918,-88.513,10.733,-0.01302,-0.16763
1784708370.817,70.260490,-334.060669,-88.565,10.752,-0.01492,-0.16826
1784708370.943,70.260376,-334.415131,-88.618,10.771,-0.01664,-0.16922
1784708371.075,70.260040,-334.774567,-88.680,10.791,-0.01765,-0.17043
1784708371.203,70.259323,-335.134705,-88.750,10.811,-0.01797,-0.17220
1784708371.331,70.258163,-335.485199,-88.820,10.645,-0.01630,-0.17460
1784708371.454,70.256393,-335.826843,-88.889,10.622,-0.01615,-0.17773
1784708371.583,70.254074,-336.181213,-88.956,10.634,-0.01589,-0.18149
1784708371.711,70.251526,-336.527832,-89.020,10.647,-0.01408,-0.18544
1784708371.835,70.248665,-336.876556,-89.085,10.658,-0.01376,-0.18972
1784708371.965,70.245422,-337.231995,-89.146,10.669,-0.01340,-0.19440
1784708372.091,70.241913,-337.576324,-89.199,10.677,-0.01325,-0.19931
1784708372.219,70.238152,-337.928650,-89.254,10.686,-0.01148,-0.20450
1784708372.349,70.234085,-338.285004,-89.307,10.694,-0.01118,-0.20954
1784708372.481,70.229691,-338.638489,-89.350,10.700,-0.01109,-0.21140
1784708372.607,70.224907,-338.991241,-89.393,10.707,-0.01092,-0.20933
1784708372.734,70.219734,-339.348206,-89.437,10.714,-0.01057,-0.20431
1784708372.862,70.214386,-339.697174,-89.479,10.721,-0.00885,-0.19948
1784708372.992,70.208740,-340.050293,-89.519,10.729,-0.00850,-0.19483
1784708373.126,70.202835,-340.408020,-89.555,10.736,-0.00821,-0.19031
1784708373.254,70.196854,-340.765930,-89.590,10.744,-0.00793,-0.18586
1784708373.384,70.190781,-341.122559,-89.624,10.751,-0.00765,-0.18154
1784708373.515,70.184471,-341.480896,-89.656,10.757,-0.00600,-0.17781
1784708373.645,70.178001,-341.833923,-89.687,10.765,-0.00519,-0.17514
1784708373.771,70.171265,-342.186340,-89.712,10.773,-0.00385,-0.17352
1784708373.904,70.164261,-342.545410,-89.733,10.781,-0.00206,-0.17223
1784708374.032,70.157349,-342.896240,-89.750,10.790,0.00020,-0.17104
1784708374.165,70.150146,-343.255951,-89.759,10.800,0.00122,-0.16993
1784708374.293,70.142982,-343.613525,-89.759,10.811,0.00199,-0.16884
1784708374.425,70.135857,-343.971802,-89.756,10.646,0.00264,-0.16769
1784708374.555,70.129028,-344.323395,-89.749,10.625,0.00391,-0.16639
1784708374.685,70.122299,-344.677765,-89.738,10.643,0.00425,-0.16494
1784708374.812,70.115761,-345.021088,-89.724,10.659,0.00442,-0.16355
1784708374.938,70.109062,-345.372772,-89.706,10.677,0.00456,-0.16212
1784708375.067,70.102364,-345.728912,-89.687,10.696,0.00509,-0.16060
1784708375.203,70.095787,-346.085388,-89.669,10.715,0.00654,-0.15894
1784708375.333,70.089310,-346.442780,-89.647,10.735,0.00776,-0.15716
1784708375.464,70.082916,-346.800934,-89.621,10.759,0.00890,-0.15528
1784708375.597,70.076828,-347.156158,-89.591,10.784,0.00985,-0.15317
1784708375.731,70.071030,-347.516022,-89.556,10.812,0.01129,-0.15065
1784708375.871,70.065491,-347.876373,-89.517,10.770,0.01191,-0.14787
1784708376.002,70.060226,-348.228821,-89.474,10.656,0.01229,-0.14505
1784708376.129,70.055191,-348.584625,-89.427,10.687,0.01250,-0.14342
1784708376.257,70.050514,-348.937531,-89.380,10.718,0.01258,-0.14327
1784708376.383,70.046150,-349.286713,-89.331,10.752,0.01349,-0.14436
1784708376.512,70.041939,-349.642120,-89.280,10.786,0.01330,-0.14549
1784708376.638,70.037933,-350.001068,-89.227,10.820,0.01266,-0.14638
1784708376.772,70.034286,-350.358429,-89.173,10.676,0.01159,-0.14692
1784708376.903,70.030983,-350.713715,-89.123,10.678,0.01195,-0.14714
1784708377.035,70.028061,-351.070374,-89.079,10.718,0.01090,-0.14696
1784708377.169,70.025436,-351.427887,-89.036,10.757,0.00979,-0.14648
1784708377.295,70.023117,-351.779968,-88.993,10.797,0.00863,-0.14574
1784708377.427,70.020996,-352.140381,-88.955,10.837,0.00761,-0.14476
1784708377.560,70.019066,-352.494171,-88.922,10.693,0.00802,-0.14472
1784708377.692,70.017242,-352.850067,-88.892,10.695,0.00740,-0.14646
1784708377.825,70.015518,-353.207214,-88.864,10.734,0.00719,-0.15005
1784708377.958,70.013969,-353.565704,-88.835,10.776,0.00718,-0.15399
1784708378.087,70.012566,-353.921509,-88.807,10.820,0.00820,-0.15776
1784708378.217,70.011467,-354.282562,-88.780,10.790,0.00816,-0.16126
1784708378.347,70.010544,-354.634430,-88.751,10.688,0.00794,-0.16453
1784708378.475,70.009834,-354.991302,-88.719,10.731,0.00764,-0.16761
1784708378.606,70.009300,-355.349731,-88.688,10.772,0.00735,-0.17053
1784708378.734,70.008904,-355.701477,-88.659,10.805,0.00814,-0.17327
1784708378.861,70.008553,-356.051758,-88.632,10.769,0.00781,-0.17595
1784708378.993,70.008377,-356.407898,-88.601,10.661,0.00740,-0.17811
1784708379.138,70.008507,-356.764038,-88.571,10.698,0.00695,-0.17875
1784708379.273,70.008896,-357.121429,-88.544,10.735,0.00767,-0.17796
1784708379.411,70.009422,-357.480011,-88.518,10.772,0.00692,-0.17645
1784708379.541,70.010101,-357.836304,-88.491,10.808,0.00579,-0.17479
1784708379.675,70.010941,-358.196777,-88.464,10.772,0.00453,-0.17296
1784708379.809,70.011887,-358.553040,-88.441,10.666,0.00335,-0.17104
1784708379.940,70.012749,-358.906219,-88.424,10.704,0.00377,-0.16921
1784708380.068,70.013702,-359.263641,-88.413,10.742,0.00287,-0.16738
1784708380.198,70.014877,-359.622345,-88.402,10.781,0.00197,-0.16645
1784708380.329,70.016190,-359.982300,-88.391,10.820,0.00122,-0.16680
1784708380.457,70.017555,-360.335022,-88.385,10.679,0.00069,-0.16811
1784708380.587,70.018936,-360.690399,-88.381,10.682,0.00149,-0.16951
1784708380.718,70.020309,-361.046997,-88.380,10.720,0.00119,-0.17094
1784708380.844,70.021622,-361.399658,-88.374,10.764,0.00076,-0.17239
1784708380.978,70.022873,-361.758362,-88.369,10.810,0.00044,-0.17395
1784708381.120,70.024132,-362.119019,-88.368,10.785,0.00138,-0.17552
1784708381.249,70.025436,-362.472046,-88.368,10.690,0.00109,-0.17698
1784708381.375,70.026779,-362.826813,-88.365,10.746,0.00079,-0.17842
1784708381.502,70.027954,-363.178223,-88.362,10.807,0.00056,-0.18000
1784708381.626,70.029060,-363.524323,-88.362,10.785,0.00152,-0.18161
1784708381.755,70.030342,-363.881104,-88.362,10.701,0.00142,-0.18279
1784708381.881,70.031624,-364.229370,-88.360,10.762,0.00121,-0.18296
1784708382.004,70.032921,-364.579620,-88.358,10.820,0.00101,-0.18201
1784708382.132,70.034286,-364.940735,-88.359,10.803,0.00095,-0.18043
1784708382.259,70.035583,-365.291748,-88.360,10.641,0.00197,-0.17888
1784708382.383,70.036758,-365.638977,-88.359,10.668,0.00178,-0.17745
1784708382.509,70.037743,-365.992126,-88.352,10.739,0.00149,-0.17619
1784708382.633,70.038589,-366.343994,-88.350,10.815,0.00130,-0.17509
1784708382.758,70.039551,-366.695709,-88.352,10.812,0.00236,-0.17427
1784708382.882,70.040733,-367.053345,-88.353,10.664,0.00216,-0.17382
1784708383.013,70.042038,-367.398621,-88.349,10.685,0.00174,-0.17373
1784708383.141,70.043404,-367.756195,-88.345,10.751,0.00141,-0.17374
1784708383.268,70.044739,-368.115845,-88.342,10.815,0.00232,-0.17378
1784708383.395,70.045891,-368.467529,-88.341,10.800,0.00203,-0.17397
1784708383.522,70.047142,-368.823975,-88.336,10.711,0.00167,-0.17409
1784708383.646,70.048668,-369.177521,-88.329,10.771,0.00140,-0.17391
1784708383.772,70.050156,-369.525452,-88.322,10.823,0.00257,-0.17382
1784708383.897,70.051529,-369.880310,-88.317,10.798,0.00379,-0.17406
1784708384.023,70.052872,-370.234802,-88.309,10.699,0.00564,-0.17451
1784708384.152,70.054253,-370.581543,-88.294,10.747,0.00723,-0.17500
1784708384.276,70.055824,-370.931183,-88.272,10.786,0.00856,-0.17531
1784708384.400,70.057610,-371.289337,-88.240,10.830,0.01019,-0.17545
1784708384.528,70.059898,-371.637421,-88.210,10.685,0.01111,-0.17504
1784708384.651,70.062775,-371.984985,-88.170,10.685,0.01161,-0.17404
1784708384.778,70.066040,-372.336853,-88.126,10.717,0.01191,-0.17265
1784708384.901,70.069305,-372.681732,-88.080,10.745,0.01294,-0.17112
1784708385.026,70.072556,-373.034485,-88.029,10.772,0.01309,-0.16946
1784708385.153,70.076065,-373.392670,-87.974,10.797,0.01309,-0.16740
1784708385.278,70.079857,-373.743408,-87.919,10.823,0.01295,-0.16499
1784708385.401,70.084145,-374.098358,-87.866,10.698,0.01382,-0.16210
1784708385.527,70.088997,-374.454193,-87.814,10.688,0.01359,-0.15865
1784708385.653,70.094154,-374.801514,-87.760,10.714,0.01309,-0.15486
1784708385.779,70.099701,-375.150024,-87.707,10.741,0.01256,-0.15069
1784708385.903,70.105576,-375.501465,-87.656,10.767,0.01322,-0.14620
1784708386.029,70.111664,-375.849762,-87.606,10.795,0.01265,-0.14159
1784708386.151,70.118248,-376.207336,-87.555,10.821,0.01204,-0.13909
1784708386.277,70.124931,-376.563690,-87.503,10.666,0.01137,-0.13996
1784708386.402,70.131660,-376.906433,-87.457,10.656,0.01191,-0.14327
1784708386.526,70.138695,-377.250916,-87.412,10.682,0.01120,-0.14684
1784708386.648,70.146042,-377.602386,-87.366,10.716,0.01044,-0.15032
1784708386.773,70.153442,-377.948242,-87.323,10.751,0.00971,-0.15357
1784708386.894,70.161209,-378.294739,-87.284,10.786,0.01030,-0.15647
1784708387.018,70.169525,-378.652893,-87.246,10.821,0.00963,-0.15919
1784708387.149,70.177994,-379.003998,-87.208,10.677,0.00886,-0.16153
1784708387.285,70.186768,-379.358185,-87.171,10.677,0.00809,-0.16366
1784708387.409,70.195755,-379.711121,-87.139,10.713,0.00868,-0.16555
1784708387.531,70.204643,-380.054352,-87.110,10.745,0.00793,-0.16723
1784708387.659,70.213539,-380.398346,-87.077,10.785,0.00708,-0.16892
1784708387.791,70.223083,-380.758514,-87.046,10.829,0.00637,-0.17047
1784708387.923,70.232964,-381.117340,-87.019,10.691,0.00699,-0.17164
1784708388.053,70.242935,-381.470276,-86.994,10.698,0.00565,-0.17255
1784708388.180,70.253128,-381.827545,-86.968,10.739,0.00350,-0.17339
1784708388.304,70.263138,-382.174011,-86.943,10.782,0.00071,-0.17412
1784708388.425,70.273209,-382.521423,-86.927,10.825,0.00019,-0.17483
1784708388.549,70.283615,-382.880432,-86.922,10.688,-0.00277,-0.17557
1784708388.671,70.293503,-383.222534,-86.924,10.686,-0.00554,-0.17630
1784708388.794,70.303574,-383.569336,-86.936,10.729,-0.00789,-0.17700
1784708388.920,70.313614,-383.922974,-86.960,10.773,-0.00745,-0.17794
1784708389.047,70.322838,-384.272034,-86.992,10.817,-0.00880,-0.17955
1784708389.173,70.331924,-384.629974,-87.034,10.793,-0.00960,-0.18157
1784708389.303,70.340958,-384.982910,-87.078,10.696,-0.01034,-0.18350
1784708389.433,70.350090,-385.334473,-87.125,10.745,-0.01099,-0.18528
1784708389.569,70.359230,-385.693359,-87.175,10.794,-0.00955,-0.18728
1784708389.702,70.368034,-386.053833,-87.228,10.847,-0.00983,-0.18966
1784708389.831,70.376129,-386.409302,-87.275,10.725,-0.01014,-0.19260
1784708389.955,70.382896,-386.757111,-87.312,10.642,-0.01046,-0.19663
1784708390.087,70.388817,-387.112549,-87.360,10.691,-0.00829,-0.20174
1784708390.217,70.394455,-387.468323,-87.416,10.740,-0.00754,-0.20715
1784708390.347,70.400749,-387.820953,-87.464,10.786,-0.00731,-0.21180
1784708390.480,70.407616,-388.181213,-87.504,10.830,-0.00742,-0.21396
1784708390.606,70.414131,-388.529358,-87.541,10.722,-0.00594,-0.21338
1784708390.727,70.420090,-388.873993,-87.577,10.622,-0.00613,-0.21082
1784708390.857,70.425613,-389.228882,-87.601,10.670,-0.00645,-0.20821
1784708390.981,70.430595,-389.573914,-87.624,10.715,-0.00676,-0.20607
1784708391.102,70.435585,-389.917419,-87.651,10.758,-0.00530,-0.20390
1784708391.227,70.440666,-390.272491,-87.682,10.777,-0.00525,-0.20174
1784708391.361,70.446205,-390.625580,-87.708,10.800,-0.00552,-0.19911
1784708391.489,70.451706,-390.985718,-87.719,10.756,-0.00625,-0.19657
1784708391.619,70.456551,-391.341614,-87.735,10.640,-0.00668,-0.19465
1784708391.744,70.460915,-391.688416,-87.755,10.663,-0.00535,-0.19314
1784708391.869,70.465157,-392.037964,-87.778,10.689,-0.00556,-0.19177
1784708391.994,70.469742,-392.390747,-87.804,10.710,-0.00571,-0.19008
1784708392.120,70.474327,-392.737030,-87.825,10.731,-0.00606,-0.18831
1784708392.240,70.478691,-393.081787,-87.848,10.751,-0.00477,-0.18671
1784708392.367,70.482918,-393.435181,-87.874,10.772,-0.00482,-0.18529
1784708392.490,70.486938,-393.778076,-87.896,10.801,-0.00501,-0.18398
1784708392.611,70.490616,-394.123352,-87.919,10.761,-0.00506,-0.18304
1784708392.737,70.494110,-394.474182,-87.944,10.649,-0.00338,-0.18233
1784708392.865,70.497604,-394.826447,-87.969,10.681,-0.00326,-0.18162
1784708392.986,70.500977,-395.174103,-87.986,10.716,-0.00338,-0.18101
1784708393.114,70.504211,-395.529419,-88.000,10.754,-0.00343,-0.18059
1784708393.240,70.507141,-395.875427,-88.018,10.789,-0.00184,-0.18040
1784708393.373,70.510063,-396.235596,-88.036,10.824,-0.00157,-0.18033
1784708393.500,70.512985,-396.593445,-88.046,10.679,-0.00160,-0.18024
1784708393.626,70.515816,-396.937317,-88.054,10.673,-0.00181,-0.18014
1784708393.747,70.518585,-397.282959,-88.062,10.706,-0.00045,-0.18011
1784708393.875,70.521454,-397.640533,-88.072,10.739,-0.00049,-0.18007
1784708394.000,70.524200,-397.993042,-88.076,10.773,-0.00074,-0.18007
1784708394.121,70.526878,-398.338074,-88.080,10.806,-0.00104,-0.17989
1784708394.249,70.529633,-398.698395,-88.084,10.760,0.00029,-0.17956
1784708394.377,70.532288,-399.045654,-88.090,10.641,0.00027,-0.17911
1784708394.500,70.535149,-399.396240,-88.092,10.664,0.00022,-0.17848
1784708394.627,70.538101,-399.750671,-88.092,10.690,0.00017,-0.17778
1784708394.754,70.540916,-400.101593,-88.091,10.717,0.00116,-0.17719
1784708394.880,70.543602,-400.459167,-88.092,10.744,0.00118,-0.17678
1784708395.007,70.546234,-400.817688,-88.090,10.770,0.00118,-0.17643
1784708395.132,70.548828,-401.163422,-88.086,10.792,0.00101,-0.17603
1784708395.255,70.551598,-401.517059,-88.083,10.817,0.00200,-0.17551
1784708395.381,70.554504,-401.873016,-88.081,10.660,0.00189,-0.17488
1784708395.504,70.557388,-402.216553,-88.077,10.646,0.00045,-0.17429
1784708395.625,70.560310,-402.559052,-88.071,10.669,-0.00388,-0.17380
1784708395.753,70.563377,-402.915131,-88.071,10.695,-0.00589,-0.17339
1784708395.884,70.566177,-403.260986,-88.085,10.721,-0.01198,-0.17319
1784708396.012,70.568848,-403.618713,-88.116,10.746,-0.01716,-0.17320
1784708396.141,70.571213,-403.977264,-88.162,10.771,-0.02161,-0.17353
1784708396.270,70.573227,-404.332581,-88.232,10.796,-0.02496,-0.17418
1784708396.394,70.574738,-404.692413,-88.322,10.821,-0.02455,-0.17537
1784708396.518,70.575562,-405.047729,-88.422,10.696,-0.02658,-0.17722
1784708396.642,70.575706,-405.393524,-88.519,10.684,-0.02836,-0.17982
1784708396.764,70.575340,-405.738525,-88.626,10.707,-0.02957,-0.18329
1784708396.887,70.574310,-406.089722,-88.742,10.730,-0.02797,-0.18785
1784708397.012,70.572563,-406.432220,-88.856,10.751,-0.02859,-0.19322
1784708397.133,70.569984,-406.777679,-88.968,10.771,-0.03015,-0.19945
1784708397.261,70.566605,-407.137024,-89.086,10.791,-0.03263,-0.20663
1784708397.386,70.562675,-407.485352,-89.207,10.808,-0.03234,-0.21424
1784708397.510,70.557861,-407.843781,-89.339,10.756,-0.03489,-0.22284
1784708397.635,70.552246,-408.194519,-89.470,10.636,-0.03709,-0.23216
1784708397.761,70.545822,-408.537231,-89.608,10.659,-0.03587,-0.24221
1784708397.885,70.538368,-408.886017,-89.758,10.684,-0.03686,-0.25061
1784708398.010,70.530029,-409.234253,-89.903,10.707,-0.03761,-0.25363
1784708398.142,70.520836,-409.581543,-90.052,10.728,-0.03786,-0.25071
1784708398.269,70.510612,-409.935822,-90.208,10.749,-0.03753,-0.24562
1784708398.399,70.499374,-410.294159,-90.367,10.770,-0.03487,-0.24127
1784708398.526,70.487282,-410.648376,-90.522,10.787,-0.03407,-0.23796
1784708398.652,70.474274,-410.999237,-90.666,10.812,-0.03358,-0.23571
1784708398.783,70.459862,-411.359314,-90.805,10.767,-0.03434,-0.23446
1784708398.911,70.444878,-411.710632,-90.941,10.651,-0.03631,-0.23416
1784708399.037,70.429047,-412.062744,-91.082,10.681,-0.03533,-0.23467
1784708399.161,70.412224,-412.417786,-91.231,10.712,-0.03703,-0.23605
1784708399.286,70.395081,-412.762970,-91.373,10.742,-0.03858,-0.23818
1784708399.410,70.377106,-413.109344,-91.522,10.772,-0.03700,-0.24095
1784708399.536,70.357704,-413.465393,-91.681,10.801,-0.03761,-0.24242
1784708399.665,70.337036,-413.824951,-91.835,10.760,-0.03933,-0.24105
1784708399.790,70.315750,-414.176636,-91.988,10.653,-0.04231,-0.23709
1784708399.918,70.293274,-414.529022,-92.148,10.688,-0.04557,-0.23343
1784708400.044,70.269859,-414.877533,-92.318,10.723,-0.04465,-0.23099
1784708400.166,70.245499,-415.223450,-92.506,10.743,-0.04624,-0.22969
1784708400.290,70.219872,-415.576111,-92.703,10.766,-0.04718,-0.22916
1784708400.417,70.193420,-415.929718,-92.895,10.791,-0.04793,-0.22937
1784708400.540,70.166199,-416.279297,-93.083,10.822,-0.04595,-0.23065
1784708400.665,70.136986,-416.633820,-93.277,10.672,-0.04635,-0.23355
1784708400.790,70.107277,-416.976105,-93.461,10.671,-0.04768,-0.23785
1784708400.917,70.076210,-417.319275,-93.640,10.708,-0.04642,-0.24344
1784708401.039,70.043076,-417.672668,-93.832,10.744,-0.04824,-0.24994
1784708401.163,70.009895,-418.014832,-94.022,10.770,-0.04961,-0.25443
1784708401.285,69.975266,-418.360901,-94.213,10.787,-0.05045,-0.25611
1784708401.413,69.938797,-418.718872,-94.419,10.805,-0.05057,-0.25491
1784708401.542,69.901611,-419.072174,-94.622,10.756,-0.05029,-0.25442
1784708401.666,69.863853,-419.418060,-94.823,10.642,-0.04763,-0.25529
1784708401.793,69.823601,-419.770996,-95.028,10.670,-0.04796,-0.25789
1784708401.918,69.783028,-420.116211,-95.219,10.700,-0.04634,-0.26141
1784708402.039,69.742188,-420.454681,-95.407,10.724,-0.04921,-0.26293
1784708402.165,69.698990,-420.803802,-95.600,10.747,-0.05174,-0.26141
1784708402.291,69.655602,-421.145813,-95.794,10.769,-0.05371,-0.25719
1784708402.415,69.609695,-421.498413,-96.006,10.790,-0.05462,-0.25316
1784708402.538,69.562531,-421.849609,-96.224,10.813,-0.05475,-0.25058
1784708402.666,69.514091,-422.199280,-96.445,10.658,-0.05197,-0.24948
1784708402.789,69.464783,-422.544220,-96.663,10.647,-0.05158,-0.24990
1784708402.915,69.413315,-422.895264,-96.875,10.672,-0.05191,-0.25160
1784708403.039,69.362007,-423.237213,-97.080,10.698,-0.04987,-0.25352
1784708403.167,69.309097,-423.581665,-97.286,10.715,-0.05082,-0.25379
1784708403.290,69.254486,-423.929596,-97.489,10.734,-0.05145,-0.25214
1784708403.416,69.199524,-424.272827,-97.692,10.753,-0.05157,-0.24958
1784708403.539,69.143417,-424.615479,-97.896,10.772,-0.05117,-0.24824
1784708403.665,69.084167,-424.968414,-98.107,10.793,-0.04829,-0.24830
1784708403.791,69.025040,-425.312073,-98.310,10.814,-0.04819,-0.24977
1784708403.914,68.964920,-425.654114,-98.501,10.656,-0.04898,-0.25249
1784708404.041,68.902420,-426.003021,-98.695,10.641,-0.04694,-0.25624
1784708404.165,68.841393,-426.337952,-98.884,10.658,-0.04752,-0.25808
1784708404.286,68.778648,-426.676147,-99.070,10.675,-0.04777,-0.25677
1784708404.413,68.714134,-427.018250,-99.260,10.692,-0.04751,-0.25204
1784708404.538,68.648865,-427.358337,-99.450,10.705,-0.04678,-0.24737
1784708404.663,68.581825,-427.701050,-99.641,10.721,-0.04374,-0.24391
1784708404.789,68.511909,-428.051727,-99.834,10.737,-0.04352,-0.24166
1784708404.914,68.442734,-428.392883,-100.010,10.753,-0.04542,-0.24060
1784708405.034,68.373489,-428.729553,-100.181,10.766,-0.04490,-0.24052
1784708405.161,68.300377,-429.079956,-100.368,10.780,-0.04777,-0.24096
1784708405.286,68.228218,-429.420502,-100.555,10.794,-0.05009,-0.24032
1784708405.409,68.153290,-429.768250,-100.748,10.807,-0.05171,-0.23827
1784708405.533,68.077957,-430.112183,-100.949,10.639,-0.05251,-0.23568
1784708405.659,68.002876,-430.448364,-101.152,10.614,-0.05023,-0.23447
1784708405.783,67.926613,-430.783997,-101.359,10.626,-0.04997,-0.23454
1784708405.909,67.847359,-431.127014,-101.561,10.638,-0.04914,-0.23590
1784708406.035,67.767509,-431.467438,-101.760,10.648,-0.04596,-0.23808
1784708406.158,67.687355,-431.804321,-101.957,10.659,-0.04430,-0.23938
1784708406.284,67.604431,-432.147858,-102.146,10.669,-0.04248,-0.23944
1784708406.409,67.523445,-432.478821,-102.318,10.680,-0.04084,-0.23858
1784708406.537,67.439064,-432.819427,-102.489,10.689,-0.03895,-0.23850
1784708406.671,67.352287,-433.165131,-102.655,10.696,-0.03560,-0.23952
1784708406.802,67.264328,-433.510742,-102.817,10.701,-0.03474,-0.24170
1784708406.925,67.178085,-433.846039,-102.962,10.706,-0.03565,-0.24470
1784708407.053,67.088455,-434.191528,-103.106,10.711,-0.03437,-0.24854
1784708407.178,67.001259,-434.524780,-103.247,10.714,-0.03605,-0.25066
1784708407.301,66.911697,-434.863739,-103.386,10.717,-0.03742,-0.24870
1784708407.427,66.820335,-435.206116,-103.534,10.722,-0.03824,-0.24221
1784708407.553,66.729134,-435.544525,-103.687,10.726,-0.03884,-0.23443
1784708407.676,66.637344,-435.881470,-103.841,10.726,-0.03693,-0.22760
1784708407.806,66.542435,-436.225586,-104.001,10.729,-0.03708,-0.22174
1784708407.939,66.446274,-436.570068,-104.152,10.732,-0.03733,-0.21697
1784708408.074,66.350227,-436.910828,-104.299,10.730,-0.03847,-0.21315
1784708408.206,66.252380,-437.254761,-104.451,10.727,-0.04019,-0.21026
1784708408.335,66.154037,-437.597137,-104.609,10.726,-0.03891,-0.20888
1784708408.460,66.055901,-437.934875,-104.769,10.728,-0.04024,-0.20933
1784708408.587,65.955734,-438.276123,-104.933,10.730,-0.04105,-0.21136
1784708408.712,65.856667,-438.610291,-105.092,10.731,-0.04183,-0.21436
1784708408.834,65.757835,-438.940216,-105.253,10.733,-0.03998,-0.21829
1784708408.960,65.655754,-439.277618,-105.422,10.738,-0.04027,-0.22329
1784708409.088,65.553741,-439.611084,-105.584,10.741,-0.04053,-0.22907
1784708409.213,65.451508,-439.941864,-105.745,10.740,-0.03825,-0.23276
1784708409.337,65.345718,-440.280518,-105.908,10.744,-0.03789,-0.23369
1784708409.463,65.241676,-440.610352,-106.061,10.750,-0.03800,-0.23219
1784708409.588,65.136223,-440.941895,-106.214,10.758,-0.03851,-0.23090
1784708409.714,65.026993,-441.282379,-106.371,10.765,-0.03918,-0.23047
1784708409.838,64.920403,-441.611755,-106.525,10.770,-0.03730,-0.23074
1784708409.965,64.809853,-441.949951,-106.685,10.778,-0.03757,-0.23132
1784708410.092,64.698654,-442.286530,-106.835,10.783,-0.03828,-0.23216
1784708410.226,64.589066,-442.615631,-106.984,10.788,-0.03914,-0.23322
1784708410.331,64.531952,-442.786133,-107.062,10.790,-0.03692,-0.23409
1784708410.468,64.417435,-443.125641,-107.221,10.793,-0.03727,-0.23526
1784708410.593,64.303123,-443.461578,-107.376,10.794,-0.03738,-0.23448
1784708410.721,64.188354,-443.796021,-107.526,10.794,-0.03768,-0.23159
1784708410.851,64.070496,-444.136230,-107.676,10.810,-0.03871,-0.22841
1784708410.974,63.955227,-444.464539,-107.823,10.636,-0.03731,-0.22676
1784708411.101,63.840717,-444.786926,-107.985,10.603,-0.03833,-0.22636
1784708411.232,63.722130,-445.120087,-108.149,10.608,-0.03912,-0.22565
1784708411.365,63.602901,-445.453217,-108.309,10.615,-0.03976,-0.22473
1784708411.498,63.482765,-445.786255,-108.473,10.621,-0.03994,-0.22400
1784708411.629,63.361485,-446.118958,-108.641,10.627,-0.03755,-0.22430
1784708411.755,63.242287,-446.442535,-108.800,10.630,-0.03792,-0.22577
1784708411.883,63.120228,-446.770813,-108.953,10.636,-0.03879,-0.22797
1784708412.010,62.996399,-447.101044,-109.102,10.661,-0.03715,-0.22939
1784708412.135,62.872040,-447.427612,-109.254,10.661,-0.03750,-0.23065
1784708412.264,62.747505,-447.753418,-109.405,10.662,-0.03770,-0.23089
1784708412.390,62.620689,-448.083923,-109.555,10.663,-0.03770,-0.23139
1784708412.514,62.495136,-448.408966,-109.705,10.666,-0.03547,-0.23167
1784708412.643,62.368549,-448.733917,-109.854,10.666,-0.03614,-0.23168
1784708412.767,62.240891,-449.059021,-110.001,10.670,-0.03785,-0.23145
1784708412.900,62.110184,-449.389954,-110.146,10.674,-0.04014,-0.23167
1784708413.031,61.979961,-449.717590,-110.298,10.678,-0.03906,-0.23266
1784708413.162,61.847610,-450.048065,-110.458,10.676,-0.04036,-0.23399
1784708413.286,61.719048,-450.365845,-110.614,10.676,-0.04129,-0.23408
1784708413.413,61.587898,-450.686829,-110.770,10.676,-0.04177,-0.23252
1784708413.544,61.452320,-451.015869,-110.936,10.676,-0.04160,-0.22997
1784708413.670,61.316673,-451.342712,-111.105,10.673,-0.03948,-0.22822
1784708413.801,61.179527,-451.670929,-111.276,10.670,-0.04087,-0.22732
1784708413.930,61.041527,-451.998688,-111.440,10.668,-0.04367,-0.22738
1784708414.054,60.906433,-452.317017,-111.601,10.663,-0.04643,-0.22815
1784708414.181,60.770561,-452.634491,-111.774,10.657,-0.04534,-0.22856
1784708414.305,60.632271,-452.954376,-111.959,10.651,-0.04655,-0.22860
1784708414.434,60.490276,-453.279663,-112.146,10.646,-0.04728,-0.22851
1784708414.569,60.347919,-453.603088,-112.336,10.642,-0.04744,-0.22937
1784708414.701,60.204025,-453.927246,-112.531,10.637,-0.04496,-0.23134
1784708414.830,60.061199,-454.246063,-112.723,10.633,-0.04699,-0.23448
1784708414.961,59.917820,-454.563141,-112.909,10.634,-0.05173,-0.23859
1784708415.090,59.770638,-454.885498,-113.099,10.637,-0.05275,-0.24114
1784708415.225,59.621902,-455.207275,-113.308,10.637,-0.05787,-0.24190
1784708415.362,59.471550,-455.528351,-113.533,10.642,-0.06166,-0.24163
1784708415.495,59.319977,-455.848969,-113.775,10.640,-0.06425,-0.24224
1784708415.627,59.170425,-456.162994,-114.029,10.639,-0.06638,-0.24384
1784708415.764,59.016743,-456.482513,-114.296,10.637,-0.07023,-0.24683
1784708415.903,58.861523,-456.801208,-114.571,10.635,-0.07022,-0.25156
1784708416.037,58.704632,-457.118958,-114.858,10.632,-0.07637,-0.25817
1784708416.171,58.547943,-457.431885,-115.140,10.638,-0.07674,-0.26492
1784708416.299,58.387711,-457.747253,-115.448,10.642,-0.08122,-0.26930
1784708416.431,58.224949,-458.062714,-115.772,10.649,-0.08467,-0.27167
1784708416.564,58.060181,-458.377411,-116.102,10.652,-0.08949,-0.27430
1784708416.689,57.896698,-458.685791,-116.444,10.651,-0.09557,-0.27868
1784708416.815,57.733185,-458.990509,-116.800,10.649,-0.10124,-0.28475
1784708416.942,57.568077,-459.293335,-117.178,10.646,-0.10026,-0.29311
1784708417.070,57.395901,-459.603668,-117.590,10.644,-0.10271,-0.30432
1784708417.194,57.226112,-459.904297,-117.998,10.643,-0.10014,-0.31733
1784708417.319,57.055183,-460.201874,-118.400,10.637,-0.10352,-0.32638
1784708417.447,56.877380,-460.506073,-118.812,10.629,-0.10761,-0.33063
1784708417.570,56.702541,-460.800018,-119.218,10.621,-0.11136,-0.33118
1784708417.697,56.525177,-461.093445,-119.649,10.617,-0.11313,-0.33322
1784708417.824,56.340843,-461.393494,-120.104,10.615,-0.11321,-0.33785
1784708417.952,56.156364,-461.688782,-120.559,10.613,-0.10882,-0.34505
1784708418.082,55.966499,-461.987183,-121.022,10.612,-0.10361,-0.35797
1784708418.211,55.774193,-462.284088,-121.468,10.614,-0.10187,-0.36233
1784708418.339,55.585541,-462.570618,-121.885,10.618,-0.10107,-0.36396
1784708418.465,55.394669,-462.855774,-122.285,10.615,-0.10580,-0.36186
1784708418.597,55.195755,-463.148254,-122.699,10.610,-0.10260,-0.36092
1784708418.726,54.995544,-463.438049,-123.124,10.610,-0.10215,-0.36258
1784708418.855,54.795391,-463.723663,-123.536,10.612,-0.09789,-0.36527
1784708418.986,54.590233,-464.011993,-123.948,10.614,-0.09652,-0.36419
1784708419.111,54.386742,-464.293732,-124.339,10.618,-0.09485,-0.35887
1784708419.242,54.180634,-464.575073,-124.726,10.624,-0.09243,-0.35143
1784708419.371,53.969273,-464.859467,-125.112,10.632,-0.08997,-0.34593
1784708419.500,53.759525,-465.137634,-125.483,10.639,-0.08529,-0.34294
1784708419.631,53.546291,-465.416626,-125.846,10.643,-0.08397,-0.33977
1784708419.762,53.329082,-465.697144,-126.197,10.644,-0.08279,-0.33374
1784708419.889,53.115334,-465.970001,-126.536,10.645,-0.08116,-0.32477
1784708420.022,52.895012,-466.248230,-126.880,10.645,-0.07880,-0.31535
1784708420.153,52.673107,-466.525208,-127.215,10.647,-0.07602,-0.30795
1784708420.282,52.449509,-466.800842,-127.541,10.651,-0.07099,-0.30271
1784708420.413,52.227417,-467.071442,-127.849,10.654,-0.06810,-0.29954
1784708420.547,52.000626,-467.344910,-128.143,10.656,-0.06607,-0.29814
1784708420.683,51.772514,-467.617126,-128.423,10.653,-0.06218,-0.29787
1784708420.818,51.543030,-467.888184,-128.694,10.652,-0.06127,-0.29537
1784708420.952,51.312202,-468.158203,-128.951,10.655,-0.06031,-0.28982
1784708421.084,51.080284,-468.427246,-129.203,10.654,-0.05897,-0.28212
1784708421.225,50.847378,-468.695404,-129.453,10.654,-0.05725,-0.27542
1784708421.326,50.730499,-468.829132,-129.576,10.655,-0.05627,-0.27262
1784708421.448,50.495850,-469.095825,-129.816,10.656,-0.05223,-0.26820
1784708421.589,50.260086,-469.361511,-130.051,10.659,-0.05007,-0.26528
1784708421.723,50.023159,-469.626343,-130.271,10.663,-0.04885,-0.26379
1784708421.856,49.785194,-469.890381,-130.474,10.667,-0.04866,-0.26307
1784708421.995,49.546295,-470.153625,-130.674,10.669,-0.04599,-0.26087
1784708422.132,49.306366,-470.416138,-130.872,10.672,-0.04571,-0.25695
1784708422.266,49.065437,-470.677856,-131.062,10.674,-0.04521,-0.25223
1784708422.399,48.823631,-470.938843,-131.251,10.676,-0.04434,-0.24849
1784708422.534,48.580963,-471.199188,-131.439,10.679,-0.04341,-0.24582
1784708422.669,48.337311,-471.458801,-131.622,10.686,-0.04074,-0.24436
1784708422.811,48.092560,-471.717865,-131.801,10.697,-0.04154,-0.24408
1784708422.942,47.846756,-471.976532,-131.979,10.710,-0.04313,-0.24481
1784708423.083,47.599915,-472.234833,-132.151,10.721,-0.04457,-0.24484
1784708423.222,47.352036,-472.492615,-132.334,10.736,-0.04518,-0.24335
1784708423.360,47.102989,-472.749939,-132.522,10.754,-0.04264,-0.24068
1784708423.497,46.852764,-473.006897,-132.709,10.772,-0.04264,-0.23851
1784708423.636,46.601265,-473.263428,-132.892,10.790,-0.04357,-0.23755
1784708423.770,46.348457,-473.519592,-133.068,10.810,-0.04578,-0.23778
1784708423.903,46.094601,-473.775146,-133.250,10.759,-0.04823,-0.23918
1784708424.041,45.843014,-474.026489,-133.435,10.633,-0.04681,-0.24192
1784708424.173,45.591125,-474.276184,-133.632,10.651,-0.04798,-0.24522
1784708424.309,45.337723,-474.525391,-133.825,10.675,-0.04870,-0.24762
1784708424.453,45.082951,-474.774414,-134.025,10.703,-0.04878,-0.24850
1784708424.594,44.826889,-475.023499,-134.232,10.733,-0.04839,-0.24909
1784708424.734,44.569183,-475.272400,-134.442,10.762,-0.04567,-0.25090
1784708424.873,44.309895,-475.521057,-134.648,10.792,-0.04704,-0.25399
1784708425.007,44.048927,-475.769470,-134.842,10.823,-0.05002,-0.25843
1784708425.144,43.788136,-476.016052,-135.038,10.670,-0.04895,-0.26337
1784708425.281,43.529205,-476.258972,-135.245,10.659,-0.05107,-0.26623
1784708425.415,43.268604,-476.501343,-135.459,10.685,-0.05233,-0.26692
1784708425.551,43.006371,-476.743286,-135.672,10.714,-0.05305,-0.26648
1784708425.690,42.742638,-476.984955,-135.894,10.744,-0.05296,-0.26709
1784708425.821,42.477325,-477.226135,-136.117,10.768,-0.05233,-0.26914
1784708425.962,42.210602,-477.467041,-136.341,10.794,-0.04894,-0.27233
1784708426.105,41.942436,-477.707458,-136.563,10.817,-0.04861,-0.27602
1784708426.241,41.674603,-477.945801,-136.769,10.660,-0.04976,-0.27741
1784708426.378,41.408852,-478.180420,-136.967,10.642,-0.05172,-0.27611
1784708426.513,41.141762,-478.414459,-137.174,10.660,-0.05293,-0.27351
1784708426.654,40.873276,-478.647797,-137.389,10.680,-0.05042,-0.27226
1784708426.793,40.603371,-478.880432,-137.608,10.699,-0.05041,-0.27248
1784708426.934,40.332100,-479.112488,-137.826,10.717,-0.04992,-0.27402
1784708427.069,40.059574,-479.343994,-138.038,10.734,-0.04922,-0.27680
1784708427.207,39.785870,-479.575012,-138.249,10.748,-0.04583,-0.28046
1784708427.345,39.511089,-479.805420,-138.455,10.759,-0.04475,-0.28202
1784708427.480,39.235424,-480.035339,-138.649,10.768,-0.04410,-0.27968
1784708427.616,38.958839,-480.264618,-138.837,10.775,-0.04375,-0.27409
1784708427.753,38.681252,-480.493011,-139.023,10.783,-0.04327,-0.26900
1784708427.889,38.402767,-480.720581,-139.207,10.788,-0.04245,-0.26511
1784708428.028,38.123268,-480.947266,-139.383,10.796,-0.03943,-0.26254
1784708428.173,37.842773,-481.172974,-139.557,10.801,-0.03821,-0.26137
1784708428.306,37.561829,-481.397827,-139.723,10.732,-0.03691,-0.26114
1784708428.443,37.284599,-481.618744,-139.882,10.588,-0.03565,-0.26166
1784708428.581,37.008186,-481.838165,-140.036,10.586,-0.03276,-0.26232
1784708428.717,36.731201,-482.056702,-140.181,10.583,-0.03242,-0.26096
1784708428.856,36.453667,-482.274384,-140.317,10.581,-0.03270,-0.25702
1784708428.994,36.175690,-482.491333,-140.450,10.579,-0.03283,-0.25107
1784708429.133,35.897308,-482.707672,-140.588,10.583,-0.03252,-0.24564
1784708429.275,35.618244,-482.923462,-140.726,10.589,-0.02993,-0.24106
1784708429.415,35.338425,-483.138641,-140.862,10.595,-0.02918,-0.23742
1784708429.553,35.057907,-483.353302,-140.992,10.604,-0.02886,-0.23462
1784708429.693,34.776516,-483.567505,-141.114,10.620,-0.02982,-0.23271
1784708429.836,34.494125,-483.781189,-141.235,10.635,-0.02837,-0.23181
1784708429.973,34.210705,-483.994354,-141.362,10.650,-0.03005,-0.23170
1784708430.116,33.926346,-484.207214,-141.488,10.666,-0.03138,-0.23136
1784708430.256,33.641014,-484.419739,-141.617,10.688,-0.03231,-0.23061
1784708430.397,33.354843,-484.632385,-141.760,10.709,-0.03315,-0.22947
1784708430.540,33.067760,-484.845093,-141.903,10.731,-0.03137,-0.22878
1784708430.686,32.779587,-485.057495,-142.050,10.753,-0.03278,-0.22898
1784708430.829,32.490059,-485.269440,-142.191,10.780,-0.03407,-0.23035
1784708430.969,32.199070,-485.481018,-142.328,10.804,-0.03506,-0.23288
1784708431.114,31.907188,-485.692139,-142.475,10.755,-0.03279,-0.23622
1784708431.258,31.618313,-485.899750,-142.621,10.635,-0.03291,-0.23941
1784708431.399,31.329491,-486.106323,-142.765,10.663,-0.03323,-0.24164
1784708431.541,31.039433,-486.312744,-142.901,10.685,-0.03415,-0.24305
1784708431.687,30.748463,-486.519012,-143.042,10.707,-0.03515,-0.24478
1784708431.829,30.456425,-486.724976,-143.186,10.729,-0.03575,-0.24738
1784708431.971,30.163237,-486.930634,-143.334,10.750,-0.03344,-0.25090
1784708432.110,29.869091,-487.135895,-143.487,10.767,-0.03347,-0.25527
1784708432.254,29.574045,-487.340759,-143.628,10.783,-0.03481,-0.25902
1784708432.395,29.278181,-487.545471,-143.768,10.801,-0.03709,-0.25977
1784708432.533,28.981705,-487.749634,-143.914,10.745,-0.03927,-0.25799
1784708432.682,28.688564,-487.950256,-144.064,10.617,-0.03799,-0.25595
1784708432.831,28.395580,-488.149292,-144.219,10.634,-0.03923,-0.25514
1784708432.971,28.101421,-488.347656,-144.373,10.652,-0.04006,-0.25540
1784708433.117,27.806225,-488.545410,-144.531,10.670,-0.03781,-0.25523
1784708433.262,27.510036,-488.742767,-144.694,10.689,-0.03776,-0.25402
1784708433.406,27.212856,-488.939758,-144.856,10.710,-0.03800,-0.25208
1784708433.547,26.914587,-489.136475,-145.012,10.733,-0.03898,-0.25071
1784708433.687,26.615198,-489.332886,-145.170,10.756,-0.04024,-0.25020
1784708433.827,26.314617,-489.528870,-145.333,10.777,-0.03829,-0.25071
1784708433.966,26.012817,-489.724304,-145.501,10.800,-0.03864,-0.25218
1784708434.110,25.709667,-489.919189,-145.670,10.824,-0.03855,-0.25351
1784708434.254,25.407249,-490.112305,-145.831,10.668,-0.03835,-0.25416
1784708434.394,25.107609,-490.302551,-145.993,10.657,-0.03777,-0.25423
1784708434.537,24.806744,-490.492432,-146.154,10.682,-0.03480,-0.25513
1784708434.682,24.504673,-490.682007,-146.314,10.709,-0.03380,-0.25693
1784708434.825,24.201401,-490.871399,-146.466,10.736,-0.03366,-0.25853
1784708434.968,23.896915,-491.060303,-146.608,10.762,-0.03445,-0.25797
1784708435.114,23.591316,-491.249023,-146.748,10.783,-0.03559,-0.25474
1784708435.218,23.438084,-491.343079,-146.819,10.793,-0.03597,-0.25287
1784708435.372,23.130848,-491.530914,-146.965,10.812,-0.03385,-0.24963
1784708435.512,22.824636,-491.717041,-147.114,10.652,-0.03398,-0.24733
1784708435.654,22.521368,-491.900269,-147.257,10.634,-0.03391,-0.24601
1784708435.755,22.369429,-491.991760,-147.328,10.642,-0.03381,-0.24561
1784708435.879,22.064934,-492.174500,-147.469,10.661,-0.03342,-0.24533
1784708436.019,21.759632,-492.357056,-147.611,10.679,-0.03081,-0.24539
1784708436.161,21.453407,-492.539154,-147.749,10.698,-0.03023,-0.24450
1784708436.308,21.146248,-492.720825,-147.877,10.714,-0.03011,-0.24217
1784708436.449,20.838148,-492.902008,-147.999,10.733,-0.03029,-0.23875
1784708436.592,20.529013,-493.082703,-148.122,10.752,-0.03023,-0.23611
1784708436.733,20.218887,-493.262939,-148.246,10.772,-0.02781,-0.23436
1784708436.872,19.907825,-493.442871,-148.370,10.790,-0.02729,-0.23334
1784708437.012,19.595972,-493.622559,-148.488,10.807,-0.02678,-0.23292
1784708437.155,19.283630,-493.801941,-148.603,10.752,-0.02614,-0.23302
1784708437.299,18.974949,-493.978333,-148.714,10.626,-0.02362,-0.23388
1784708437.442,18.666739,-494.153625,-148.824,10.644,-0.02277,-0.23488
1784708437.583,18.357700,-494.328644,-148.928,10.660,-0.02186,-0.23424
1784708437.724,18.047836,-494.503357,-149.026,10.678,-0.02087,-0.23164
1784708437.864,17.737175,-494.677795,-149.121,10.696,-0.01971,-0.22794
1784708438.002,17.425737,-494.852112,-149.212,10.715,-0.01695,-0.22467
1784708438.140,17.113586,-495.026337,-149.298,10.729,-0.01582,-0.22183
1784708438.281,16.800804,-495.200317,-149.373,10.744,-0.01493,-0.21950
1784708438.423,16.487480,-495.374329,-149.441,10.758,-0.01423,-0.21741
1784708438.567,16.173580,-495.548279,-149.505,10.773,-0.01351,-0.21564
1784708438.714,15.859116,-495.722046,-149.564,10.783,-0.01134,-0.21431
1784708438.864,15.544104,-495.895447,-149.616,10.792,-0.01076,-0.21315
1784708439.001,15.228622,-496.068665,-149.663,10.801,-0.01031,-0.21129
1784708439.145,14.913052,-496.241516,-149.706,10.737,-0.00989,-0.20863
1784708439.287,14.601788,-496.411865,-149.747,10.597,-0.00958,-0.20568
1784708439.429,14.291803,-496.581665,-149.789,10.602,-0.00771,-0.20260
1784708439.570,13.981770,-496.751770,-149.830,10.607,-0.00753,-0.19927
1784708439.712,13.671606,-496.921906,-149.865,10.612,-0.00754,-0.19598
1784708439.852,13.361135,-497.091919,-149.889,10.623,-0.00783,-0.19294
1784708439.994,13.050121,-497.261475,-149.913,10.636,-0.00645,-0.19055
1784708440.137,12.738380,-497.430542,-149.940,10.648,-0.00622,-0.18895
1784708440.280,12.426176,-497.599548,-149.969,10.657,-0.00586,-0.18772
1784708440.423,12.113718,-497.768799,-149.993,10.665,-0.00581,-0.18663
1784708440.567,11.801296,-497.938477,-150.021,10.671,-0.00585,-0.18535
1784708440.707,11.488823,-498.108459,-150.049,10.678,-0.00441,-0.18390
1784708440.850,11.176165,-498.278564,-150.074,10.683,-0.00476,-0.18244
1784708440.991,10.863167,-498.448486,-150.093,10.694,-0.00519,-0.18129
1784708441.129,10.549421,-498.618347,-150.113,10.713,-0.00544,-0.18056
1784708441.269,10.234820,-498.787964,-150.137,10.731,-0.00376,-0.18044
1784708441.417,9.919616,-498.957672,-150.162,10.748,-0.00362,-0.18053
1784708441.558,9.603973,-499.127563,-150.181,10.761,-0.00367,-0.18067
1784708441.702,9.288074,-499.297913,-150.196,10.773,-0.00385,-0.18044
1784708441.843,8.971840,-499.468628,-150.215,10.788,-0.00363,-0.17993
1784708441.983,8.655181,-499.639465,-150.232,10.800,-0.00191,-0.17942
1784708442.125,8.338360,-499.810211,-150.248,10.741,-0.00133,-0.17904
1784708442.271,8.025606,-499.978394,-150.257,10.611,-0.00090,-0.17899
1784708442.407,7.713768,-500.145844,-150.261,10.623,-0.00062,-0.17915
1784708442.549,7.401534,-500.313599,-150.265,10.635,-0.00035,-0.17923
1784708442.692,7.088993,-500.481506,-150.267,10.645,0.00089,-0.17933
1784708442.837,6.776375,-500.649658,-150.270,10.650,0.00100,-0.17924
1784708442.981,6.463749,-500.818054,-150.267,10.655,0.00100,-0.17891
1784708443.124,6.150985,-500.986755,-150.263,10.666,0.00102,-0.17807
1784708443.265,5.837902,-501.155609,-150.258,10.677,0.00207,-0.17687
1784708443.409,5.524379,-501.324463,-150.254,10.688,0.00224,-0.17557
1784708443.551,5.210620,-501.493347,-150.246,10.693,0.00233,-0.17431
1784708443.694,4.896680,-501.662170,-150.237,10.697,0.00241,-0.17319
1784708443.831,4.582667,-501.831238,-150.228,10.701,0.00244,-0.17188
1784708443.971,4.268731,-502.000580,-150.221,10.700,0.00353,-0.17030
1784708444.109,3.954959,-502.169983,-150.213,10.698,0.00349,-0.16858
1784708444.247,3.641286,-502.339752,-150.201,10.702,0.00325,-0.16650
1784708444.389,3.327484,-502.509766,-150.186,10.709,0.00281,-0.16441
1784708444.534,3.013482,-502.679871,-150.173,10.714,0.00230,-0.16309
1784708444.675,2.699351,-502.850098,-150.161,10.717,0.00296,-0.16258
1784708444.835,2.385114,-503.020142,-150.148,10.721,0.00238,-0.16288
1784708444.974,2.070779,-503.190186,-150.133,10.724,0.00179,-0.16328
1784708445.114,1.756370,-503.360413,-150.121,10.728,0.00125,-0.16355
1784708445.252,1.441927,-503.530762,-150.113,10.730,0.00199,-0.16372
1784708445.390,1.127542,-503.701416,-150.109,10.735,0.00156,-0.16361
1784708445.530,0.813165,-503.872375,-150.103,10.739,0.00102,-0.16322
1784708445.670,0.498753,-504.043457,-150.095,10.740,0.00034,-0.16302
1784708445.807,0.184257,-504.214417,-150.090,10.741,-0.00035,-0.16338
1784708445.948,-0.130359,-504.385376,-150.089,10.746,0.00043,-0.16417
1784708446.090,-0.445224,-504.556335,-150.089,10.751,-0.00004,-0.16517
1784708446.230,-0.760291,-504.727295,-150.087,10.757,-0.00070,-0.16627
1784708446.374,-1.075488,-504.898438,-150.087,10.762,-0.00130,-0.16727
1784708446.519,-1.390807,-505.069763,-150.091,10.770,-0.00179,-0.16817
1784708446.659,-1.706301,-505.241394,-150.098,10.778,-0.00066,-0.16889
1784708446.804,-2.021956,-505.413177,-150.103,10.783,-0.00107,-0.16954
1784708446.945,-2.337825,-505.584900,-150.105,10.789,-0.00145,-0.17032
1784708447.087,-2.653877,-505.756622,-150.107,10.794,-0.00175,-0.17079
1784708447.229,-2.970138,-505.928345,-150.111,10.799,-0.00195,-0.17090
1784708447.369,-3.286629,-506.100067,-150.116,10.805,-0.00066,-0.17076
1784708447.505,-3.601164,-506.270660,-150.121,10.631,-0.00078,-0.17063
1784708447.645,-3.911748,-506.439117,-150.123,10.601,-0.00105,-0.17049
1784708447.789,-4.222474,-506.607788,-150.126,10.610,-0.00129,-0.17023
1784708447.925,-4.533381,-506.776672,-150.130,10.618,-0.00014,-0.16988
1784708448.063,-4.844504,-506.945679,-150.135,10.626,-0.00051,-0.16951
1784708448.203,-5.155853,-507.114716,-150.139,10.632,-0.00097,-0.16913
1784708448.338,-5.467390,-507.283844,-150.140,10.639,-0.00151,-0.16852
1784708448.482,-5.779180,-507.452942,-150.144,10.645,-0.00189,-0.16786
1784708448.626,-6.091180,-507.622070,-150.151,10.652,-0.00069,-0.16720
1784708448.769,-6.403395,-507.791290,-150.158,10.659,-0.00095,-0.16655
1784708448.914,-6.715905,-507.960693,-150.160,10.669,-0.00140,-0.16588
1784708449.059,-7.028681,-508.130219,-150.164,10.677,-0.00167,-0.16523
1784708449.199,-7.341661,-508.300049,-150.170,10.686,-0.00041,-0.16441
1784708449.338,-7.654865,-508.470032,-150.176,10.693,-0.00032,-0.16361
1784708449.478,-7.968309,-508.640076,-150.179,10.701,-0.00018,-0.16310
1784708449.617,-8.282061,-508.810120,-150.177,10.711,-0.00020,-0.16301
1784708449.758,-8.596123,-508.980225,-150.176,10.721,-0.00013,-0.16321
1784708449.901,-8.910469,-509.150513,-150.175,10.730,0.00088,-0.16339
1784708450.046,-9.225090,-509.321014,-150.173,10.741,0.00088,-0.16352
1784708450.191,-9.539885,-509.491760,-150.169,10.749,0.00080,-0.16351
1784708450.346,-9.854778,-509.662872,-150.165,10.756,0.00054,-0.16324
1784708450.488,-10.169861,-509.834045,-150.161,10.763,0.00129,-0.16298
1784708450.631,-10.485196,-510.005310,-150.158,10.772,0.00091,-0.16262
1784708450.772,-10.800895,-510.176758,-150.153,10.785,0.00048,-0.16201
1784708450.909,-11.117033,-510.348267,-150.147,10.797,0.00006,-0.16131
1784708451.049,-11.433517,-510.520020,-150.145,10.810,-0.00038,-0.16051
1784708451.190,-11.748202,-510.690857,-150.144,10.644,0.00051,-0.15966
1784708451.334,-12.059164,-510.859833,-150.146,10.624,0.00014,-0.15868
1784708451.477,-12.370547,-511.029175,-150.146,10.639,-0.00057,-0.15758
1784708451.620,-12.682304,-511.198669,-150.144,10.653,-0.00148,-0.15652
1784708451.770,-12.994461,-511.368378,-150.145,10.668,-0.00224,-0.15565
1784708451.912,-13.307140,-511.538330,-150.150,10.687,-0.00135,-0.15539
1784708452.058,-13.620447,-511.708435,-150.156,10.706,-0.00189,-0.15589
1784708452.195,-13.934364,-511.878784,-150.160,10.726,-0.00247,-0.15682
1784708452.340,-14.248850,-512.049438,-150.166,10.745,-0.00298,-0.15775
1784708452.487,-14.563889,-512.220337,-150.175,10.764,-0.00187,-0.15874
1784708452.629,-14.879517,-512.391724,-150.187,10.785,-0.00229,-0.15958
1784708452.770,-15.195724,-512.563416,-150.196,10.805,-0.00285,-0.16043
1784708452.917,-15.512217,-512.735107,-150.202,10.752,-0.00348,-0.16139
1784708453.056,-15.824732,-512.904541,-150.212,10.630,-0.00396,-0.16208
1784708453.198,-16.136629,-513.073608,-150.224,10.652,-0.00292,-0.16241
1784708453.341,-16.449314,-513.242798,-150.238,10.675,-0.00349,-0.16267
1784708453.484,-16.762667,-513.412231,-150.250,10.698,-0.00453,-0.16298
1784708453.629,-17.076679,-513.582031,-150.262,10.721,-0.00595,-0.16328
1784708453.768,-17.391333,-513.752258,-150.279,10.746,-0.00715,-0.16351
1784708453.904,-17.706673,-513.922913,-150.301,10.768,-0.00643,-0.16366
1784708454.052,-18.022753,-514.093628,-150.327,10.789,-0.00715,-0.16380
1784708454.193,-18.339605,-514.264404,-150.352,10.810,-0.00722,-0.16386
1784708454.331,-18.656891,-514.435181,-150.380,10.761,-0.00645,-0.16377
1784708454.475,-18.970299,-514.603699,-150.408,10.640,-0.00542,-0.16380
1784708454.614,-19.283115,-514.771667,-150.434,10.664,-0.00346,-0.16403
1784708454.754,-19.596708,-514.940002,-150.454,10.688,-0.00267,-0.16431
1784708454.901,-19.911036,-515.108643,-150.469,10.716,-0.00205,-0.16466
1784708455.041,-20.226131,-515.277771,-150.480,10.742,-0.00156,-0.16495
1784708455.175,-20.541954,-515.447266,-150.486,10.766,-0.00002,-0.16517
1784708455.316,-20.858547,-515.616943,-150.492,10.790,0.00041,-0.16540
1784708455.455,-21.175947,-515.787048,-150.493,10.817,0.00078,-0.16546
1784708455.597,-21.491974,-515.956360,-150.489,10.664,0.00103,-0.16549
1784708455.741,-21.804646,-516.123962,-150.485,10.655,0.00121,-0.16544
1784708455.886,-22.118093,-516.291992,-150.480,10.682,0.00223,-0.16527
1784708456.027,-22.432301,-516.460510,-150.473,10.710,0.00225,-0.16407
1784708456.170,-22.747284,-516.629578,-150.464,10.740,0.00180,-0.16153
1784708456.315,-23.063055,-516.799194,-150.453,10.769,0.00094,-0.15780
1784708456.454,-23.379641,-516.969238,-150.445,10.797,0.00000,-0.15397
1784708456.595,-23.697067,-517.139771,-150.440,10.825,0.00043,-0.15009
1784708456.739,-24.013165,-517.309631,-150.439,10.672,-0.00044,-0.14676
1784708456.887,-24.325954,-517.477539,-150.439,10.664,-0.00140,-0.14522
1784708457.030,-24.639576,-517.646057,-150.439,10.692,-0.00236,-0.14524
1784708457.173,-24.953997,-517.814941,-150.444,10.721,-0.00150,-0.14611
1784708457.313,-25.269243,-517.984314,-150.454,10.750,-0.00202,-0.14696
1784708457.452,-25.585371,-518.154053,-150.462,10.779,-0.00251,-0.14792
1784708457.598,-25.902367,-518.324158,-150.468,10.807,-0.00302,-0.14896
1784708457.743,-26.219889,-518.494507,-150.477,10.762,-0.00338,-0.15017
1784708457.888,-26.533615,-518.662659,-150.489,10.645,-0.00223,-0.15184
1784708458.033,-26.846806,-518.830444,-150.501,10.672,-0.00247,-0.15391
1784708458.174,-27.160851,-518.998718,-150.512,10.699,-0.00286,-0.15615
1784708458.316,-27.475683,-519.167236,-150.520,10.726,-0.00337,-0.15855
1784708458.457,-27.791273,-519.336182,-150.531,10.752,-0.00378,-0.16094
1784708458.595,-28.107647,-519.505432,-150.544,10.778,-0.00264,-0.16343
1784708458.734,-28.424828,-519.674927,-150.557,10.803,-0.00289,-0.16561
1784708458.873,-28.742493,-519.844666,-150.567,10.756,-0.00327,-0.16644
1784708459.009,-29.056280,-520.012268,-150.577,10.638,-0.00329,-0.16585
1784708459.150,-29.369461,-520.179504,-150.589,10.662,-0.00245,-0.16470
1784708459.289,-29.683441,-520.347046,-150.602,10.687,-0.00034,-0.16362
1784708459.428,-29.998146,-520.514893,-150.611,10.712,0.00101,-0.16262
1784708459.567,-30.313560,-520.683105,-150.612,10.736,0.00203,-0.16162
1784708459.707,-30.629623,-520.851685,-150.606,10.759,0.00287,-0.16067
1784708459.847,-30.946316,-521.020874,-150.598,10.782,0.00419,-0.15964
1784708459.987,-31.263653,-521.190369,-150.585,10.805,0.00473,-0.15881
1784708460.129,-31.581310,-521.360229,-150.568,10.756,0.00475,-0.15790
1784708460.266,-31.894964,-521.528015,-150.547,10.636,0.00425,-0.15694
1784708460.405,-32.207916,-521.695557,-150.525,10.660,0.00360,-0.15587
1784708460.545,-32.521561,-521.863525,-150.506,10.684,0.00417,-0.15474
1784708460.685,-32.835815,-522.032043,-150.490,10.709,0.00361,-0.15334
1784708460.827,-33.150715,-522.200928,-150.476,10.735,0.00309,-0.15171
1784708460.973,-33.466335,-522.370300,-150.460,10.760,0.00252,-0.14976
1784708461.112,-33.782669,-522.540161,-150.447,10.784,0.00201,-0.14761
1784708461.249,-34.099651,-522.710388,-150.439,10.806,0.00268,-0.14544
1784708461.387,-34.416889,-522.881042,-150.431,10.756,0.00198,-0.14302
1784708461.525,-34.730125,-523.049561,-150.420,10.637,0.00104,-0.14061
1784708461.669,-35.042706,-523.217896,-150.411,10.661,0.00012,-0.13887
1784708461.810,-35.356026,-523.386536,-150.407,10.685,-0.00085,-0.13928
1784708461.947,-35.670116,-523.555420,-150.404,10.713,-0.00008,-0.14192
1784708462.089,-35.985035,-523.724731,-150.404,10.740,-0.00048,-0.14566
1784708462.229,-36.300785,-523.894470,-150.403,10.768,-0.00058,-0.14944
1784708462.367,-36.617306,-524.064575,-150.403,10.793,-0.00047,-0.15326
1784708462.507,-36.934464,-524.235107,-150.405,10.818,0.00069,-0.15702
1784708462.648,-37.250141,-524.405029,-150.407,10.663,0.00074,-0.16011
1784708462.785,-37.562458,-524.573242,-150.406,10.653,0.00068,-0.16187
1784708462.925,-37.875603,-524.741699,-150.402,10.680,0.00058,-0.16249
1784708463.065,-38.189495,-524.910645,-150.399,10.707,0.00051,-0.16249
1784708463.203,-38.504116,-525.079956,-150.397,10.733,0.00141,-0.16251
1784708463.341,-38.819504,-525.249695,-150.394,10.760,0.00119,-0.16250
1784708463.484,-39.135689,-525.419861,-150.388,10.786,0.00050,-0.16250
1784708463.625,-39.452629,-525.590454,-150.383,10.812,-0.00069,-0.16248
1784708463.765,-39.770012,-525.761414,-150.380,10.766,-0.00207,-0.16227
1784708463.909,-40.083511,-525.930298,-150.382,10.648,-0.00154,-0.16153
1784708464.049,-40.396461,-526.098816,-150.388,10.675,-0.00264,-0.16026
1784708464.195,-40.710255,-526.267700,-150.393,10.702,-0.00373,-0.15858
1784708464.335,-41.024815,-526.436951,-150.402,10.728,-0.00460,-0.15689
1784708464.473,-41.340134,-526.606445,-150.416,10.753,-0.00519,-0.15535
1784708464.618,-41.656273,-526.776245,-150.434,10.778,-0.00405,-0.15430
1784708464.759,-41.973167,-526.946289,-150.454,10.802,-0.00432,-0.15429
1784708464.905,-42.290462,-527.116516,-150.470,10.751,-0.00474,-0.15530
1784708465.006,-42.447697,-527.200867,-150.478,10.655,-0.00492,-0.15600
1784708465.126,-42.760063,-527.368286,-150.497,10.640,-0.00518,-0.15752
1784708465.229,-42.916504,-527.452026,-150.507,10.651,-0.00381,-0.15838
1784708465.356,-43.229900,-527.619873,-150.527,10.672,-0.00387,-0.16003
1784708465.503,-43.543930,-527.787842,-150.545,10.693,-0.00359,-0.16187
1784708465.645,-43.858608,-527.955933,-150.558,10.714,-0.00303,-0.16391
1784708465.787,-44.173920,-528.124329,-150.572,10.734,-0.00239,-0.16598
1784708465.935,-44.489883,-528.292969,-150.585,10.754,-0.00071,-0.16811
1784708466.083,-44.806461,-528.461792,-150.594,10.774,-0.00019,-0.16964
1784708466.228,-45.123611,-528.630981,-150.596,10.793,0.00005,-0.16969
1784708466.372,-45.441269,-528.800476,-150.596,10.811,0.00017,-0.16836
1784708466.515,-45.757286,-528.969177,-150.596,10.650,0.00025,-0.16659
1784708466.653,-46.069744,-529.135864,-150.595,10.633,0.00121,-0.16495
1784708466.793,-46.382759,-529.302917,-150.593,10.651,0.00121,-0.16324
1784708466.937,-46.696278,-529.470215,-150.588,10.669,0.00112,-0.16155
1784708467.084,-47.010273,-529.637817,-150.582,10.687,0.00104,-0.15987
1784708467.231,-47.324760,-529.805786,-150.577,10.705,0.00194,-0.15820
1784708467.375,-47.639801,-529.974060,-150.573,10.724,0.00196,-0.15662
1784708467.513,-47.955368,-530.142578,-150.566,10.743,0.00198,-0.15510
1784708467.657,-48.271477,-530.311523,-150.557,10.762,0.00192,-0.15346
1784708467.799,-48.588100,-530.480774,-150.549,10.781,0.00187,-0.15179
1784708467.938,-48.905239,-530.650391,-150.541,10.799,0.00278,-0.15006
1784708468.078,-49.222900,-530.820374,-150.533,10.817,0.00268,-0.14879
1784708468.217,-49.538910,-530.989502,-150.523,10.655,0.00223,-0.14848
1784708468.354,-49.851284,-531.156677,-150.511,10.636,0.00135,-0.14912
1784708468.492,-50.164154,-531.324280,-150.501,10.654,0.00032,-0.14986
1784708468.637,-50.477482,-531.492188,-150.495,10.671,0.00070,-0.15055
1784708468.772,-50.791264,-531.660339,-150.493,10.688,-0.00023,-0.15124
1784708468.915,-51.105526,-531.828735,-150.490,10.705,-0.00139,-0.15194
1784708469.053,-51.420277,-531.997437,-150.490,10.722,-0.00240,-0.15259
1784708469.191,-51.735558,-532.166382,-150.495,10.740,-0.00155,-0.15323
1784708469.329,-52.051357,-532.335571,-150.504,10.757,-0.00204,-0.15386
1784708469.472,-52.367691,-532.504944,-150.512,10.772,-0.00239,-0.15457
1784708469.612,-52.684547,-532.674316,-150.518,10.788,-0.00271,-0.15553
1784708469.751,-53.001869,-532.844116,-150.528,10.803,-0.00293,-0.15638
1784708469.893,-53.319317,-533.013855,-150.539,10.746,-0.00168,-0.15754
1784708470.030,-53.632607,-533.181335,-150.550,10.618,-0.00188,-0.15896
1784708470.175,-53.945015,-533.348328,-150.559,10.633,-0.00247,-0.16058
1784708470.320,-54.257965,-533.515503,-150.566,10.650,-0.00344,-0.16230
1784708470.440,-54.414612,-533.599121,-150.570,10.659,-0.00396,-0.16322
1784708470.561,-54.728252,-533.766663,-150.581,10.674,-0.00323,-0.16495
1784708470.698,-55.042389,-533.934326,-150.596,10.690,-0.00398,-0.16680
1784708470.841,-55.357063,-534.101990,-150.609,10.707,-0.00411,-0.16834
1784708470.984,-55.672279,-534.269958,-150.624,10.724,-0.00352,-0.16856
1784708471.127,-55.988007,-534.438049,-150.641,10.741,-0.00261,-0.16771
1784708471.232,-56.146076,-534.522217,-150.649,10.749,-0.00120,-0.16704
1784708471.372,-56.462631,-534.690552,-150.661,10.766,-0.00040,-0.16590
1784708471.522,-56.779739,-534.859192,-150.668,10.785,0.00012,-0.16475
1784708471.668,-57.097412,-535.028076,-150.668,10.804,0.00038,-0.16365
1784708471.805,-57.415283,-535.197021,-150.667,10.749,0.00062,-0.16264
1784708471.950,-57.729073,-535.363953,-150.665,10.624,0.00161,-0.16182
1784708472.092,-58.042091,-535.530334,-150.663,10.644,0.00157,-0.16149
1784708472.232,-58.355721,-535.697144,-150.659,10.665,0.00131,-0.16136
1784708472.373,-58.669868,-535.864319,-150.652,10.686,0.00090,-0.16117
1784708472.520,-58.984558,-536.031860,-150.647,10.706,0.00163,-0.16091
1784708472.659,-59.299854,-536.199707,-150.644,10.728,0.00128,-0.16066
1784708472.800,-59.615829,-536.367981,-150.640,10.751,0.00094,-0.16024
1784708472.945,-59.932503,-536.536377,-150.635,10.773,0.00061,-0.15921
1784708473.086,-60.249805,-536.705139,-150.632,10.794,0.00032,-0.15716
1784708473.229,-60.567726,-536.874329,-150.630,10.814,0.00008,-0.15433
1784708473.372,-60.884132,-537.042603,-150.630,10.656,0.00095,-0.15164
1784708473.512,-61.196983,-537.209229,-150.631,10.642,0.00068,-0.14993
1784708473.654,-61.510452,-537.376221,-150.628,10.663,0.00034,-0.14988
1784708473.792,-61.824509,-537.543518,-150.627,10.684,0.00004,-0.15123
1784708473.928,-62.139198,-537.711060,-150.626,10.707,0.00083,-0.15290
1784708474.066,-62.454575,-537.878845,-150.625,10.729,0.00057,-0.15468
1784708474.202,-62.770607,-538.046936,-150.622,10.749,0.00007,-0.15651
1784708474.338,-63.087269,-538.215393,-150.619,10.768,-0.00081,-0.15831
1784708474.473,-63.404480,-538.384033,-150.621,10.788,0.00004,-0.16021
1784708474.611,-63.722198,-538.553101,-150.626,10.807,-0.00079,-0.16171
1784708474.746,-64.040154,-538.722351,-150.629,10.754,-0.00167,-0.16256
1784708474.887,-64.354050,-538.889343,-150.632,10.630,-0.00252,-0.16287
1784708475.028,-64.667160,-539.056030,-150.640,10.649,-0.00306,-0.16285
1784708475.165,-64.980911,-539.222900,-150.652,10.668,-0.00185,-0.16295
1784708475.303,-65.295219,-539.389893,-150.665,10.685,-0.00199,-0.16322
1784708475.440,-65.610062,-539.556824,-150.675,10.701,-0.00211,-0.16378
1784708475.575,-65.925430,-539.723999,-150.683,10.719,-0.00232,-0.16438
1784708475.713,-66.241348,-539.891602,-150.692,10.739,-0.00275,-0.16486
1784708475.852,-66.557816,-540.059448,-150.703,10.757,-0.00172,-0.16537
1784708475.985,-66.874863,-540.227600,-150.714,10.776,-0.00255,-0.16586
1784708476.118,-67.192535,-540.395935,-150.721,10.796,-0.00352,-0.16648
1784708476.258,-67.510811,-540.564575,-150.731,10.814,-0.00494,-0.16711
1784708476.392,-67.827522,-540.732178,-150.746,10.653,-0.00706,-0.16793
1784708476.531,-68.140762,-540.897827,-150.766,10.637,-0.00713,-0.16883
1784708476.666,-68.454727,-541.063599,-150.794,10.660,-0.00955,-0.16987
1784708476.798,-68.769379,-541.229431,-150.823,10.682,-0.01249,-0.17052
1784708476.930,-69.084702,-541.395386,-150.862,10.704,-0.01664,-0.17061
1784708477.065,-69.400757,-541.561584,-150.914,10.725,-0.01796,-0.17028
1784708477.198,-69.717613,-541.727783,-150.981,10.746,-0.02369,-0.17028
1784708477.338,-70.035347,-541.893738,-151.062,10.765,-0.02956,-0.17089
1784708477.477,-70.353943,-542.059509,-151.155,10.784,-0.03525,-0.17222
1784708477.613,-70.673470,-542.224854,-151.275,10.804,-0.03992,-0.17473
1784708477.753,-70.993736,-542.389648,-151.420,10.755,-0.04002,-0.17841
1784708477.890,-71.310471,-542.551453,-151.581,10.634,-0.04314,-0.18324
1784708478.022,-71.627029,-542.711914,-151.750,10.657,-0.04554,-0.18918
1784708478.160,-71.944733,-542.871826,-151.922,10.680,-0.04801,-0.19608
1784708478.297,-72.263519,-543.031128,-152.108,10.701,-0.05049,-0.20339
1784708478.429,-72.581253,-543.188477,-152.302,10.721,-0.04955,-0.21113
1784708478.560,-72.902306,-543.346069,-152.505,10.738,-0.05214,-0.21948
1784708478.699,-73.224487,-543.502686,-152.707,10.756,-0.05510,-0.22909
1784708478.831,-73.547760,-543.658386,-152.920,10.774,-0.05810,-0.23840
1784708478.969,-73.872154,-543.813232,-153.146,10.793,-0.05722,-0.24645
1784708479.109,-74.197754,-543.966919,-153.382,10.812,-0.06027,-0.25373
1784708479.250,-74.522446,-544.118652,-153.615,10.652,-0.06381,-0.26166
1784708479.395,-74.844086,-544.267151,-153.857,10.635,-0.06288,-0.26908
1784708479.539,-75.166901,-544.414551,-154.116,10.652,-0.06529,-0.27328
1784708479.670,-75.487488,-544.559021,-154.376,10.667,-0.06746,-0.27411
1784708479.803,-75.812569,-544.703674,-154.638,10.681,-0.06971,-0.27298
1784708479.937,-76.138680,-544.847107,-154.913,10.695,-0.07175,-0.27100
1784708480.068,-76.465912,-544.989136,-155.196,10.709,-0.07304,-0.26903
1784708480.203,-76.794296,-545.129700,-155.488,10.723,-0.07374,-0.26792
1784708480.338,-77.123856,-545.268738,-155.787,10.737,-0.07116,-0.26796
1784708480.470,-77.454605,-545.406189,-156.087,10.752,-0.07237,-0.26935
1784708480.605,-77.786522,-545.542053,-156.377,10.766,-0.07424,-0.27255
1784708480.742,-78.119537,-545.676453,-156.672,10.780,-0.07564,-0.27572
1784708480.873,-78.453629,-545.809326,-156.976,10.793,-0.07301,-0.27818
1784708481.007,-78.788818,-545.940491,-157.285,10.806,-0.07304,-0.28012
1784708481.140,-79.124847,-546.069885,-157.584,10.747,-0.07306,-0.28159
1784708481.280,-79.457092,-546.195801,-157.878,10.617,-0.07280,-0.28255
1784708481.416,-79.788864,-546.319702,-158.175,10.630,-0.07187,-0.28265
1784708481.553,-80.121704,-546.442078,-158.470,10.642,-0.06842,-0.28176
1784708481.685,-80.455467,-546.562866,-158.761,10.654,-0.06827,-0.27988
1784708481.839,-80.790138,-546.682190,-159.038,10.666,-0.06933,-0.27748
1784708481.976,-81.125748,-546.800171,-159.314,10.680,-0.07027,-0.27541
1784708482.105,-81.462372,-546.916687,-159.593,10.694,-0.07044,-0.27381
1784708482.240,-81.800079,-547.031494,-159.877,10.709,-0.06728,-0.27241
1784708482.377,-82.138855,-547.144714,-160.162,10.724,-0.06691,-0.27066
1784708482.510,-82.478683,-547.256409,-160.435,10.740,-0.06738,-0.26853
1784708482.646,-82.819511,-547.366760,-160.706,10.755,-0.06817,-0.26733
1784708482.784,-83.161247,-547.475769,-160.982,10.770,-0.06548,-0.26665
1784708482.916,-83.503983,-547.583313,-161.260,10.786,-0.06572,-0.26496
1784708483.052,-83.847763,-547.689270,-161.534,10.802,-0.06678,-0.26148
1784708483.186,-84.192276,-547.793701,-161.801,10.748,-0.06886,-0.25720
1784708483.317,-84.532516,-547.894958,-162.070,10.621,-0.07063,-0.25379
1784708483.453,-84.872597,-547.994446,-162.349,10.638,-0.07194,-0.25192
1784708483.589,-85.210693,-548.091614,-162.633,10.654,-0.06973,-0.25106
1784708483.719,-85.552795,-548.187988,-162.923,10.671,-0.07063,-0.25115
1784708483.854,-85.895889,-548.282837,-163.206,10.689,-0.07179,-0.25217
1784708483.985,-86.240005,-548.376221,-163.491,10.708,-0.06957,-0.25472
1784708484.115,-86.584023,-548.467651,-163.782,10.727,-0.07104,-0.25698
1784708484.248,-86.930367,-548.557800,-164.072,10.747,-0.07264,-0.25757
1784708484.379,-87.276550,-548.646118,-164.357,10.767,-0.07496,-0.25648
1784708484.510,-87.625053,-548.733032,-164.653,10.786,-0.07834,-0.25636
1784708484.645,-87.974602,-548.818237,-164.959,10.805,-0.08269,-0.25815
1784708484.779,-88.324951,-548.901611,-165.278,10.750,-0.08214,-0.26148
1784708484.909,-88.668274,-548.981262,-165.606,10.625,-0.08677,-0.26430
1784708485.041,-89.014015,-549.059448,-165.936,10.643,-0.09244,-0.26634
1784708485.182,-89.360840,-549.135681,-166.284,10.661,-0.09770,-0.26836
1784708485.315,-89.708641,-549.209839,-166.657,10.678,-0.09701,-0.27225
1784708485.449,-90.057465,-549.281738,-167.052,10.696,-0.10126,-0.27613
1784708485.583,-90.405731,-549.350952,-167.453,10.716,-0.10608,-0.27893
1784708485.713,-90.753487,-549.417297,-167.856,10.735,-0.11097,-0.28095
1784708485.845,-91.105667,-549.481995,-168.287,10.753,-0.11476,-0.28403
1784708485.979,-91.458939,-549.544067,-168.739,10.772,-0.11261,-0.28838
1784708486.113,-91.813316,-549.603210,-169.207,10.790,-0.11436,-0.29404
1784708486.247,-92.168808,-549.659546,-169.679,10.810,-0.11542,-0.30101
1784708486.381,-92.523254,-549.712708,-170.143,10.754,-0.11625,-0.30916
1784708486.511,-92.874786,-549.762634,-170.610,10.630,-0.11642,-0.31747
1784708486.644,-93.226410,-549.809631,-171.083,10.649,-0.11228,-0.32567
1784708486.780,-93.579102,-549.853821,-171.556,10.670,-0.11154,-0.33493
1784708486.913,-93.932800,-549.895142,-172.017,10.692,-0.11075,-0.34312
1784708487.045,-94.287506,-549.933777,-172.468,10.714,-0.10652,-0.34850
1784708487.179,-94.643234,-549.969788,-172.917,10.736,-0.10578,-0.35048
1784708487.310,-94.998169,-550.002930,-173.351,10.758,-0.10531,-0.35165
1784708487.444,-95.355896,-550.033569,-173.790,10.780,-0.10480,-0.35101
1784708487.581,-95.714592,-550.061523,-174.221,10.803,-0.10468,-0.34814
1784708487.712,-96.073608,-550.086670,-174.651,10.752,-0.10422,-0.34524
1784708487.848,-96.428055,-550.109009,-175.074,10.630,-0.09995,-0.34168
1784708487.983,-96.782310,-550.128662,-175.498,10.651,-0.09899,-0.33661
1784708488.115,-97.137451,-550.145935,-175.909,10.674,-0.09887,-0.32918
1784708488.253,-97.493416,-550.160645,-176.309,10.698,-0.09969,-0.32148
1784708488.390,-97.850204,-550.172852,-176.712,10.719,-0.10186,-0.31420
1784708488.520,-98.207779,-550.182495,-177.119,10.741,-0.10532,-0.30774
1784708488.655,-98.566132,-550.189575,-177.536,10.762,-0.10820,-0.30257
1784708488.788,-98.925217,-550.193909,-177.968,10.782,-0.10546,-0.29859
1784708488.918,-99.284958,-550.195557,-178.413,10.800,-0.10595,-0.29558
1784708489.053,-99.644745,-550.194519,181.155,10.748,-0.10639,-0.29355
1784708489.187,-99.999702,-550.190735,180.725,10.623,-0.10665,-0.29266
1784708489.318,-100.354233,-550.184387,180.292,10.644,-0.10291,-0.29271
1784708489.452,-100.709396,-550.175232,179.859,10.665,-0.10220,-0.29387
1784708489.587,-101.065125,-550.163208,179.435,10.686,-0.10078,-0.29595
1784708489.717,-101.421425,-550.148560,179.021,10.708,-0.09876,-0.29867
1784708489.853,-101.778351,-550.131470,178.609,10.730,-0.09604,-0.30126
1784708489.988,-102.135857,-550.111816,178.204,10.750,-0.09091,-0.30343
1784708490.120,-102.493896,-550.089600,177.811,10.770,-0.08856,-0.30529
1784708490.256,-102.852448,-550.065186,177.438,10.790,-0.08692,-0.30812
1784708490.391,-103.211548,-550.038513,177.074,10.812,-0.08495,-0.31225
1784708490.524,-103.568146,-550.009583,176.720,10.654,-0.08027,-0.31541
1784708490.659,-103.921112,-549.978638,176.376,10.639,-0.07764,-0.31755
1784708490.795,-104.274734,-549.945557,176.046,10.662,-0.07574,-0.31692
1784708490.925,-104.628937,-549.910400,175.731,10.686,-0.07478,-0.31190
1784708491.062,-104.983711,-549.873535,175.422,10.711,-0.07468,-0.30211
1784708491.195,-105.339035,-549.834595,175.115,10.733,-0.07544,-0.29221
1784708491.328,-105.694862,-549.793701,174.809,10.754,-0.07311,-0.28419
1784708491.459,-106.051193,-549.750732,174.499,10.776,-0.07432,-0.27791
1784708491.593,-106.407997,-549.705872,174.192,10.797,-0.07523,-0.27164
1784708491.724,-106.765205,-549.658752,173.888,10.816,-0.07666,-0.26532
1784708491.860,-107.119789,-549.610046,173.581,10.656,-0.07845,-0.25912
1784708492.002,-107.470650,-549.560181,173.269,10.641,-0.08091,-0.25454
1784708492.139,-107.822037,-549.508240,172.949,10.662,-0.07943,-0.25192
1784708492.275,-108.173775,-549.454224,172.621,10.683,-0.08289,-0.25131
1784708492.416,-108.525826,-549.398010,172.298,10.703,-0.08620,-0.25260
1784708492.552,-108.878174,-549.339722,171.960,10.722,-0.08816,-0.25405
1784708492.690,-109.230804,-549.279175,171.606,10.741,-0.08534,-0.25555
1784708492.832,-109.583595,-549.216187,171.245,10.758,-0.08584,-0.25782
1784708492.971,-109.936554,-549.150879,170.890,10.776,-0.08653,-0.26214
1784708493.109,-110.289696,-549.083374,170.540,10.793,-0.08726,-0.26859
1784708493.249,-110.642967,-549.013550,170.184,10.810,-0.08388,-0.27611
1784708493.386,-110.993362,-548.942078,169.828,10.647,-0.08318,-0.28287
1784708493.524,-111.339798,-548.869019,169.485,10.629,-0.08221,-0.28901
1784708493.661,-111.686485,-548.793884,169.149,10.647,-0.08184,-0.29373
1784708493.797,-112.033302,-548.716675,168.815,10.665,-0.08185,-0.29644
1784708493.932,-112.380219,-548.637512,168.482,10.684,-0.08154,-0.29732
1784708494.068,-112.726326,-548.556213,168.150,10.703,-0.07786,-0.29942
1784708494.199,-113.073448,-548.472595,167.819,10.719,-0.07644,-0.30217
1784708494.335,-113.420601,-548.386780,167.501,10.735,-0.07473,-0.30375
1784708494.470,-113.767822,-548.298950,167.188,10.750,-0.07061,-0.30371
1784708494.603,-114.115097,-548.209290,166.881,10.766,-0.07035,-0.30121
1784708494.738,-114.462410,-548.117615,166.588,10.783,-0.07214,-0.29604
1784708494.873,-114.809799,-548.024109,166.300,10.799,-0.07516,-0.28835
1784708495.005,-115.157227,-547.928711,166.004,10.814,-0.07814,-0.28142
1784708495.141,-115.501732,-547.832336,165.698,10.648,-0.08096,-0.27625
1784708495.277,-115.842140,-547.734985,165.383,10.627,-0.07927,-0.27279
1784708495.412,-116.182465,-547.635437,165.056,10.640,-0.08111,-0.26951
1784708495.549,-116.522537,-547.533630,164.729,10.653,-0.08272,-0.26632
1784708495.690,-116.862358,-547.429688,164.403,10.666,-0.08434,-0.26369
1784708495.833,-117.202042,-547.324036,164.067,10.678,-0.08577,-0.26264
1784708495.976,-117.541481,-547.216187,163.724,10.690,-0.08318,-0.26377
1784708496.134,-117.880630,-547.106079,163.374,10.700,-0.08338,-0.26579
1784708496.277,-118.219460,-546.994019,163.026,10.710,-0.08373,-0.26700
1784708496.414,-118.557846,-546.879883,162.687,10.717,-0.08526,-0.26744
1784708496.549,-118.895866,-546.763550,162.346,10.727,-0.08788,-0.26909
1784708496.682,-119.233498,-546.644958,161.998,10.738,-0.09047,-0.27299
1784708496.815,-119.570618,-546.524109,161.639,10.747,-0.08821,-0.27919
1784708496.955,-119.907234,-546.401062,161.271,10.757,-0.08931,-0.28757
1784708497.092,-120.243362,-546.275696,160.912,10.767,-0.08676,-0.29556
1784708497.229,-120.579033,-546.148071,160.549,10.777,-0.08844,-0.29970
1784708497.366,-120.914253,-546.018433,160.195,10.788,-0.09062,-0.30014
1784708497.495,-121.248955,-545.886414,159.833,10.796,-0.09226,-0.29927
1784708497.629,-121.583054,-545.752319,159.459,10.804,-0.09329,-0.29791
1784708497.760,-121.912094,-545.617798,159.087,10.633,-0.09361,-0.29637
1784708497.900,-122.238258,-545.481750,158.710,10.607,-0.09307,-0.29550
1784708498.039,-122.563889,-545.343384,158.331,10.618,-0.08912,-0.29541
1784708498.180,-122.888939,-545.202759,157.956,10.630,-0.08820,-0.29591
1784708498.315,-123.213402,-545.059937,157.597,10.642,-0.08776,-0.29650
1784708498.453,-123.537376,-544.914856,157.241,10.653,-0.08764,-0.29704
1784708498.597,-123.860855,-544.767883,156.885,10.665,-0.08438,-0.29809
1784708498.731,-124.183830,-544.618652,156.529,10.679,-0.08422,-0.30100
1784708498.872,-124.506256,-544.467102,156.183,10.693,-0.08374,-0.30363
1784708499.011,-124.828125,-544.313232,155.843,10.709,-0.08351,-0.30400
1784708499.148,-125.149544,-544.157288,155.501,10.723,-0.08332,-0.30069
1784708499.289,-125.470497,-543.999329,155.159,10.738,-0.08377,-0.29644
1784708499.423,-125.790985,-543.839355,154.819,10.753,-0.08119,-0.29334
1784708499.552,-126.110970,-543.677307,154.477,10.767,-0.08301,-0.29116
1784708499.688,-126.430397,-543.513184,154.145,10.781,-0.08488,-0.28824
1784708499.829,-126.749260,-543.347046,153.804,10.793,-0.08567,-0.28430
1784708499.963,-127.067535,-543.178650,153.455,10.809,-0.08232,-0.28041
1784708500.099,-127.382530,-543.009399,153.105,10.646,-0.08244,-0.27713
1784708500.235,-127.693275,-542.839783,152.767,10.627,-0.08340,-0.27465
1784708500.374,-128.003647,-542.668213,152.434,10.644,-0.08490,-0.27363
1784708500.513,-128.313538,-542.494507,152.094,10.660,-0.08551,-0.27404
1784708500.651,-128.622772,-542.318848,151.749,10.676,-0.08258,-0.27500
1784708500.790,-128.931381,-542.140991,151.401,10.692,-0.08336,-0.27665
1784708500.930,-129.239349,-541.960999,151.059,10.708,-0.08467,-0.27828
1784708501.068,-129.546646,-541.778809,150.722,10.722,-0.08547,-0.27938
1784708501.210,-129.853317,-541.594666,150.375,10.737,-0.08589,-0.27984
1784708501.349,-130.159302,-541.408325,150.025,10.752,-0.08284,-0.28189
1784708501.489,-130.464569,-541.219849,149.676,10.768,-0.08355,-0.28507
1784708501.621,-130.769135,-541.029297,149.337,10.784,-0.08418,-0.28805
1784708501.755,-131.073044,-540.836853,148.995,10.800,-0.08473,-0.29055
1784708501.889,-131.375763,-540.642700,148.648,10.743,-0.08214,-0.29128
1784708502.020,-131.673157,-540.449036,148.309,10.617,-0.08437,-0.29018
1784708502.153,-131.968964,-540.254089,147.977,10.634,-0.08716,-0.28719
1784708502.291,-132.264145,-540.057068,147.636,10.649,-0.08899,-0.28537
1784708502.423,-132.558472,-539.858154,147.282,10.664,-0.09052,-0.28560
1784708502.561,-132.851883,-539.656982,146.920,10.679,-0.08797,-0.28756
1784708502.694,-133.144409,-539.453552,146.555,10.695,-0.08917,-0.28862
1784708502.827,-133.436081,-539.248047,146.198,10.711,-0.08992,-0.28825
1784708502.969,-133.726929,-539.040344,145.835,10.727,-0.09024,-0.28763
1784708503.105,-134.016907,-538.830566,145.467,10.744,-0.09032,-0.28878
1784708503.236,-134.306000,-538.618591,145.097,10.762,-0.08683,-0.28958
1784708503.375,-134.594086,-538.404358,144.729,10.776,-0.08608,-0.28955
1784708503.510,-134.881195,-538.188049,144.373,10.790,-0.08494,-0.28925
1784708503.649,-135.167389,-537.969727,144.020,10.803,-0.08336,-0.29070
1784708503.787,-135.452194,-537.749878,143.670,10.745,-0.08183,-0.29217
1784708503.925,-135.731720,-537.531189,143.333,10.617,-0.08053,-0.29311
1784708504.057,-136.009476,-537.311401,143.001,10.631,-0.07688,-0.29363
1784708504.192,-136.286423,-537.089661,142.676,10.646,-0.07674,-0.29560
1784708504.329,-136.562546,-536.866089,142.366,10.663,-0.07408,-0.29710
1784708504.467,-136.837845,-536.640747,142.056,10.676,-0.07794,-0.29516
1784708504.604,-137.112152,-536.413696,141.749,10.685,-0.07768,-0.29054
1784708504.742,-137.385483,-536.185059,141.439,10.693,-0.07442,-0.28627
1784708504.877,-137.657776,-535.954773,141.122,10.702,-0.07455,-0.28290
1784708505.014,-137.929001,-535.722656,140.821,10.713,-0.07637,-0.27895
1784708505.155,-138.199280,-535.489014,140.518,10.722,-0.07899,-0.27388
1784708505.292,-138.468582,-535.253723,140.205,10.730,-0.07744,-0.26958
1784708505.432,-138.736786,-535.016785,139.882,10.739,-0.08013,-0.26668
1784708505.569,-139.003799,-534.778076,139.559,10.747,-0.08264,-0.26404
1784708505.709,-139.269592,-534.537781,139.234,10.753,-0.08443,-0.26133
1784708505.848,-139.534164,-534.295837,138.895,10.758,-0.08559,-0.25938
1784708505.990,-139.797379,-534.052185,138.549,10.764,-0.08285,-0.25959
1784708506.130,-140.059265,-533.806763,138.199,10.770,-0.08335,-0.26195
1784708506.281,-140.319763,-533.559448,137.854,10.778,-0.08335,-0.26570
1784708506.437,-140.578949,-533.310547,137.514,10.785,-0.08408,-0.26982
1784708506.587,-140.836868,-533.059814,137.172,10.793,-0.08144,-0.27426
1784708506.736,-141.093521,-532.807556,136.827,10.801,-0.08312,-0.27759
1784708506.886,-141.348465,-532.553955,136.487,10.737,-0.08439,-0.27958
1784708507.033,-141.598282,-532.302490,136.155,10.602,-0.08498,-0.28083
1784708507.190,-141.846085,-532.050232,135.814,10.611,-0.08539,-0.28364
1784708507.333,-142.092545,-531.796204,135.471,10.620,-0.08285,-0.28865
1784708507.477,-142.337540,-531.540466,135.127,10.629,-0.08510,-0.29434
1784708507.618,-142.581192,-531.283020,134.787,10.639,-0.08813,-0.29752
1784708507.755,-142.823578,-531.023987,134.447,10.649,-0.09094,-0.29775
1784708507.900,-143.064713,-530.763184,134.089,10.660,-0.09289,-0.29578
1784708508.039,-143.304459,-530.500671,133.720,10.669,-0.09015,-0.29285
1784708508.184,-143.542648,-530.236389,133.345,10.679,-0.09044,-0.28935
1784708508.326,-143.779327,-529.970276,132.981,10.690,-0.09065,-0.28699
1784708508.469,-144.014587,-529.702332,132.615,10.702,-0.09040,-0.28641
1784708508.609,-144.248322,-529.432617,132.246,10.714,-0.08976,-0.28627
1784708508.748,-144.480545,-529.160950,131.878,10.726,-0.08889,-0.28671
1784708508.907,-144.711334,-528.887573,131.512,10.739,-0.08503,-0.28841
1784708509.058,-144.940674,-528.612427,131.152,10.754,-0.08370,-0.29156
1784708509.201,-145.168716,-528.335449,130.805,10.769,-0.08344,-0.29322
1784708509.349,-145.395462,-528.056885,130.463,10.784,-0.08574,-0.29247
1784708509.492,-145.620850,-527.776611,130.121,10.798,-0.09007,-0.29118
1784708509.630,-145.844818,-527.494507,129.770,10.812,-0.08908,-0.29198
1784708509.771,-146.065445,-527.213013,129.407,10.647,-0.09203,-0.29489
1784708509.915,-146.281876,-526.932922,129.048,10.625,-0.09013,-0.29755
1784708510.053,-146.496902,-526.651062,128.676,10.639,-0.09176,-0.29660
1784708510.198,-146.710419,-526.367493,128.303,10.655,-0.09270,-0.29266
1784708510.339,-146.922409,-526.082153,127.934,10.671,-0.09285,-0.28811
1784708510.477,-147.132919,-525.795044,127.558,10.687,-0.09190,-0.28410
1784708510.615,-147.341766,-525.506104,127.181,10.703,-0.09181,-0.28095
1784708510.755,-147.548965,-525.215393,126.807,10.719,-0.09361,-0.27988
1784708510.897,-147.754593,-524.922791,126.433,10.735,-0.09195,-0.28050
1784708511.038,-147.958633,-524.628418,126.052,10.751,-0.09443,-0.28224
1784708511.179,-148.160995,-524.332275,125.669,10.767,-0.09593,-0.28514
1784708511.318,-148.361664,-524.034363,125.284,10.783,-0.09647,-0.28892
1784708511.462,-148.560623,-523.734680,124.890,10.797,-0.09598,-0.29345
1784708511.601,-148.757858,-523.433289,124.494,10.812,-0.09259,-0.29897
1784708511.737,-148.951645,-523.132629,124.104,10.647,-0.09423,-0.30642
1784708511.877,-149.141357,-522.833801,123.726,10.627,-0.09243,-0.31280
1784708512.015,-149.329468,-522.533081,123.352,10.644,-0.09601,-0.31078
1784708512.155,-149.515884,-522.230713,122.980,10.662,-0.10323,-0.30416
1784708512.297,-149.700562,-521.926819,122.590,10.678,-0.10143,-0.29786
1784708512.437,-149.883316,-521.621033,122.169,10.693,-0.10301,-0.29387
1784708512.580,-150.064026,-521.313477,121.751,10.712,-0.10402,-0.29188
1784708512.725,-150.242859,-521.004089,121.334,10.728,-0.10414,-0.29173
1784708512.870,-150.419861,-520.693115,120.910,10.743,-0.10312,-0.29372
1784708513.012,-150.594742,-520.380310,120.486,10.756,-0.09857,-0.29845
1784708513.154,-150.767380,-520.065857,120.068,10.771,-0.09684,-0.30547
1784708513.296,-150.938034,-519.749512,119.667,10.788,-0.09279,-0.31031
1784708513.436,-151.106750,-519.431641,119.275,10.805,-0.09645,-0.30907
1784708513.579,-151.273361,-519.112671,118.897,10.750,-0.09650,-0.30478
1784708513.718,-151.435730,-518.796936,118.515,10.624,-0.09607,-0.30228
1784708513.859,-151.595856,-518.480530,118.120,10.645,-0.09218,-0.30208
1784708514.001,-151.754105,-518.162415,117.734,10.665,-0.09173,-0.30433
1784708514.144,-151.910416,-517.842651,117.363,10.685,-0.08820,-0.30845
1784708514.282,-152.064911,-517.521484,116.994,10.704,-0.08735,-0.30950
1784708514.426,-152.217682,-517.198608,116.636,10.724,-0.08605,-0.30628
1784708514.568,-152.368774,-516.874268,116.282,10.744,-0.08454,-0.30009
1784708514.710,-152.518158,-516.548401,115.930,10.764,-0.08306,-0.29534
1784708514.859,-152.665848,-516.220947,115.585,10.784,-0.08174,-0.29045
1784708515.016,-152.811905,-515.892151,115.245,10.806,-0.08063,-0.28432
1784708515.164,-152.956131,-515.562195,114.911,10.760,-0.07700,-0.27755
1784708515.320,-153.096481,-515.235657,114.586,10.641,-0.07621,-0.27254
1784708515.466,-153.234879,-514.908386,114.269,10.668,-0.07494,-0.26962
1784708515.606,-153.371948,-514.579712,113.960,10.696,-0.07334,-0.26846
1784708515.751,-153.507706,-514.249512,113.654,10.723,-0.06939,-0.26884
1784708515.904,-153.642120,-513.917786,113.356,10.751,-0.06806,-0.26835
1784708516.050,-153.775177,-513.584473,113.073,10.779,-0.06736,-0.26584
1784708516.199,-153.906921,-513.249756,112.794,10.808,-0.06643,-0.26167
1784708516.343,-154.037125,-512.913940,112.518,10.766,-0.06539,-0.25873
1784708516.485,-154.163849,-512.581482,112.248,10.648,-0.06211,-0.25629
1784708516.630,-154.289032,-512.248779,111.980,10.674,-0.06189,-0.25293
1784708516.779,-154.413315,-511.914581,111.723,10.702,-0.06214,-0.24860
1784708516.922,-154.536499,-511.579193,111.473,10.728,-0.06204,-0.24506
1784708517.065,-154.658478,-511.242401,111.218,10.755,-0.06124,-0.24312
1784708517.210,-154.779190,-510.904297,110.963,10.782,-0.05782,-0.24254
1784708517.354,-154.898651,-510.564697,110.712,10.810,-0.05637,-0.24207
1784708517.502,-155.016586,-510.224213,110.474,10.764,-0.05556,-0.24152
1784708517.649,-155.131424,-509.887512,110.247,10.640,-0.05531,-0.24080
1784708517.795,-155.244934,-509.551086,110.019,10.657,-0.05480,-0.23910
1784708517.944,-155.357529,-509.213715,109.794,10.673,-0.05396,-0.23652
1784708518.088,-155.468903,-508.875519,109.569,10.686,-0.05070,-0.23426
1784708518.233,-155.579147,-508.536438,109.348,10.700,-0.05021,-0.23330
1784708518.384,-155.688263,-508.196533,109.141,10.714,-0.05110,-0.23366
1784708518.532,-155.796326,-507.855743,108.934,10.730,-0.05262,-0.23401
1784708518.674,-155.903168,-507.514099,108.724,10.744,-0.05074,-0.23384
1784708518.822,-156.008606,-507.171600,108.511,10.755,-0.05126,-0.23347
1784708518.966,-156.112747,-506.828369,108.302,10.765,-0.05140,-0.23408
1784708519.115,-156.215820,-506.484375,108.088,10.779,-0.05102,-0.23466
1784708519.266,-156.317902,-506.139648,107.873,10.791,-0.05144,-0.23358
1784708519.416,-156.418945,-505.794250,107.661,10.802,-0.04958,-0.23107
1784708519.559,-156.518753,-505.448792,107.447,10.740,-0.05157,-0.22877
1784708519.710,-156.615738,-505.107727,107.241,10.611,-0.05343,-0.22798
1784708519.853,-156.711182,-504.766846,107.034,10.625,-0.05466,-0.22863
1784708519.998,-156.805435,-504.425201,106.816,10.638,-0.05237,-0.23064
1784708520.145,-156.898376,-504.082733,106.594,10.651,-0.05230,-0.23312
1784708520.288,-156.990082,-503.739441,106.377,10.671,-0.05185,-0.23504
1784708520.433,-157.080887,-503.395172,106.164,10.692,-0.05195,-0.23604
1784708520.582,-157.170822,-503.049896,105.953,10.714,-0.05562,-0.23742
1784708520.727,-157.259583,-502.703583,105.741,10.735,-0.05661,-0.24020
1784708520.870,-157.347153,-502.356232,105.513,10.756,-0.06463,-0.24408
1784708521.017,-157.433350,-502.007782,105.273,10.778,-0.07167,-0.24665
1784708521.158,-157.518158,-501.658295,105.010,10.798,-0.07719,-0.24699
1784708521.299,-157.601395,-501.307800,104.713,10.817,-0.08191,-0.24592
1784708521.442,-157.682068,-500.959045,104.397,10.659,-0.08692,-0.24670
1784708521.588,-157.759918,-500.613190,104.065,10.646,-0.08669,-0.24956
1784708521.729,-157.836014,-500.266022,103.714,10.671,-0.09099,-0.25443
1784708521.879,-157.910049,-499.917603,103.363,10.697,-0.09433,-0.26121
1784708522.037,-157.982056,-499.567932,102.992,10.721,-0.09214,-0.26694
1784708522.180,-158.051895,-499.216980,102.608,10.746,-0.09503,-0.27106
1784708522.327,-158.119370,-498.864685,102.232,10.774,-0.10024,-0.27467
1784708522.474,-158.184570,-498.511017,101.842,10.800,-0.10638,-0.28036
1784708522.626,-158.247498,-498.156708,101.426,10.754,-0.11081,-0.28840
1784708522.778,-158.307068,-497.806427,100.993,10.636,-0.11344,-0.29894
1784708522.928,-158.363831,-497.455933,100.540,10.661,-0.11424,-0.31228
1784708523.085,-158.417816,-497.104095,100.075,10.689,-0.11033,-0.32860
1784708523.248,-158.468964,-496.750946,99.607,10.718,-0.10634,-0.34530
1784708523.400,-158.517319,-496.396423,99.149,10.747,-0.10284,-0.39284
1784708523.552,-158.563004,-496.040527,98.710,10.782,-0.11795,-0.35302
1784708523.703,-158.606186,-495.683044,98.277,10.818,-0.12106,-0.34959
1784708523.853,-158.646500,-495.327148,97.804,10.668,-0.11791,-0.34861
1784708523.993,-158.683411,-494.974121,97.309,10.664,-0.11710,-0.35058
1784708524.140,-158.717163,-494.619568,96.830,10.697,-0.11238,-0.35246
1784708524.283,-158.748123,-494.263702,96.355,10.731,-0.11172,-0.35211
1784708524.430,-158.776367,-493.906403,95.897,10.767,-0.11661,-0.35018
1784708524.580,-158.801987,-493.547791,95.437,10.801,-0.11337,-0.35003
1784708524.728,-158.824799,-493.188477,94.959,10.763,-0.11277,-0.35274
1784708524.869,-158.844223,-492.833191,94.501,10.654,-0.10832,-0.35683
1784708525.016,-158.860733,-492.477631,94.044,10.690,-0.10674,-0.35613
1784708525.158,-158.874603,-492.120758,93.603,10.727,-0.10833,-0.35009
1784708525.300,-158.885834,-491.762634,93.166,10.764,-0.11375,-0.34220
1784708525.442,-158.894485,-491.403229,92.721,10.799,-0.12129,-0.33665
1784708525.586,-158.900375,-491.042633,92.252,10.831,-0.12755,-0.33387
1784708525.728,-158.903183,-490.684021,91.755,10.681,-0.12635,-0.33415
1784708525.872,-158.902512,-490.328674,91.235,10.671,-0.12985,-0.33587
1784708526.018,-158.898376,-489.972351,90.710,10.699,-0.13176,-0.33469
1784708526.163,-158.890900,-489.615204,90.182,10.726,-0.13235,-0.33015
1784708526.308,-158.880219,-489.257294,89.641,10.753,-0.13265,-0.32496
1784708526.453,-158.866165,-488.898560,89.097,10.781,-0.13337,-0.32311
1784708526.596,-158.848663,-488.539032,88.551,10.808,-0.12953,-0.32467
1784708526.743,-158.827728,-488.179413,88.001,10.762,-0.12943,-0.32965
1784708526.889,-158.803757,-487.824493,87.469,10.646,-0.09147,-0.33638
1784708527.035,-158.776703,-487.471710,86.950,10.474,-0.09430,-0.34197
1784708527.183,-158.747803,-487.135468,86.549,9.866,-0.12511,-0.34599
1784708527.329,-158.718399,-486.817322,86.238,9.496,-0.12261,-0.34999
1784708527.468,-158.688080,-486.500336,85.824,9.583,-0.12357,-0.35489
1784708527.614,-158.654877,-486.180176,85.350,9.694,-0.11888,-0.36240
1784708527.759,-158.617966,-485.858154,84.901,9.734,-0.11948,-0.37355
1784708527.899,-158.578461,-485.535645,84.462,9.762,-0.11095,-0.51653
1784708528.044,-158.536606,-485.212555,84.021,9.788,-0.11177,-0.47391
1784708528.188,-158.492462,-484.888794,83.600,9.810,-0.11997,-0.36107
1784708528.331,-158.445847,-484.564697,83.181,9.828,-0.12003,-0.34896
1784708528.475,-158.396774,-484.240326,82.727,9.847,-0.11518,-0.33750
1784708528.616,-158.344818,-483.915833,82.275,9.867,-0.11255,-0.32736
1784708528.767,-158.290115,-483.591125,81.844,9.889,-0.10957,-0.31956
1784708528.917,-158.232986,-483.265991,81.419,9.910,-0.10432,-0.31407
1784708529.065,-158.173462,-482.940643,81.007,9.932,-0.10250,-0.31066
1784708529.206,-158.111603,-482.614929,80.612,9.954,-0.09844,-0.30602
1784708529.351,-158.047470,-482.289032,80.228,9.970,-0.09810,-0.29959
1784708529.495,-157.980896,-481.963013,79.855,9.984,-0.09716,-0.29189
1784708529.635,-157.912018,-481.637146,79.483,9.997,-0.09524,-0.28570
1784708529.775,-157.841049,-481.311279,79.110,10.008,-0.09029,-0.28155
1784708529.921,-157.768021,-480.985504,78.745,10.020,-0.08913,-0.27942
1784708530.062,-157.692902,-480.659760,78.395,10.032,-0.08598,-0.27934
1784708530.207,-157.615799,-480.334076,78.055,10.041,-0.08843,-0.27931
1784708530.350,-157.536850,-480.008545,77.718,10.050,-0.09090,-0.27724
1784708530.529,-157.455994,-479.683258,77.380,10.057,-0.09295,-0.27283
1784708530.673,-157.373108,-479.358337,77.031,10.059,-0.09069,-0.26831
1784708530.818,-157.287964,-479.033905,76.674,10.062,-0.09251,-0.26580
1784708530.961,-157.200623,-478.709930,76.320,10.066,-0.09412,-0.26382
1784708531.106,-157.111237,-478.386414,75.967,10.068,-0.09490,-0.26187
1784708531.248,-157.019989,-478.063385,75.605,10.069,-0.09157,-0.26016
1784708531.387,-156.926712,-477.740967,75.244,10.071,-0.09126,-0.26030
1784708531.533,-156.831406,-477.419128,74.893,10.070,-0.08770,-0.26255
1784708531.675,-156.734222,-477.097839,74.543,10.070,-0.08681,-0.26627
1784708531.817,-156.635147,-476.777161,74.201,10.071,-0.08569,-0.26909
1784708531.961,-156.534149,-476.457092,73.870,10.071,-0.08484,-0.27028
1784708532.103,-156.431335,-476.137482,73.542,10.073,-0.08115,-0.27063
1784708532.244,-156.326645,-475.818451,73.216,10.074,-0.08005,-0.27259
1784708532.389,-156.220123,-475.499939,72.901,10.077,-0.07881,-0.27644
1784708532.537,-156.111847,-475.181885,72.595,10.079,-0.07541,-0.28211
1784708532.679,-156.001984,-474.864319,72.294,10.081,-0.07210,-0.28812
1784708532.825,-155.890488,-474.547272,72.005,10.083,-0.07311,-0.28846
1784708532.969,-155.777451,-474.230682,71.724,10.086,-0.07409,-0.28527
1784708533.109,-155.662857,-473.914612,71.446,10.088,-0.07438,-0.28053
1784708533.254,-155.546661,-473.598999,71.161,10.091,-0.07370,-0.27700
1784708533.397,-155.428772,-473.283875,70.875,10.095,-0.06999,-0.27282
1784708533.540,-155.309235,-472.969269,70.593,10.098,-0.06903,-0.26764
1784708533.687,-155.188126,-472.655060,70.325,10.103,-0.06962,-0.26160
1784708533.829,-155.065628,-472.341278,70.060,10.107,-0.07122,-0.25654
1784708533.975,-154.941650,-472.027954,69.791,10.112,-0.06904,-0.25258
1784708534.122,-154.816086,-471.715057,69.519,10.117,-0.06963,-0.24941
1784708534.268,-154.688889,-471.402618,69.253,10.122,-0.06979,-0.24699
1784708534.411,-154.560257,-471.090698,68.983,10.125,-0.06698,-0.24572
1784708534.555,-154.430176,-470.779236,68.714,10.128,-0.06758,-0.24569
1784708534.700,-154.298584,-470.468231,68.456,10.132,-0.06889,-0.24573
1784708534.845,-154.165588,-470.157684,68.195,10.136,-0.06657,-0.24559
1784708534.991,-154.031143,-469.847717,67.928,10.137,-0.06680,-0.24574
1784708535.145,-153.895248,-469.538239,67.668,10.139,-0.06654,-0.24721
1784708535.245,-153.826797,-469.383698,67.541,10.141,-0.06376,-0.24785
1784708535.370,-153.688812,-469.074921,67.286,10.149,-0.06309,-0.24805
1784708535.513,-153.549164,-468.766541,67.037,10.159,-0.06207,-0.24694
1784708535.659,-153.407867,-468.458618,66.796,10.166,-0.06080,-0.24507
1784708535.803,-153.265335,-468.151123,66.555,10.170,-0.05909,-0.24434
1784708535.947,-153.121582,-467.843994,66.319,10.175,-0.05532,-0.24488
1784708536.049,-153.049255,-467.690613,66.204,10.178,-0.05434,-0.24564
1784708536.175,-152.903641,-467.384003,65.983,10.182,-0.05056,-0.24808
1784708536.324,-152.757050,-467.077881,65.769,10.182,-0.04859,-0.25033
1784708536.469,-152.609451,-466.772278,65.568,10.183,-0.04666,-0.25010
1784708536.614,-152.460800,-466.467102,65.380,10.188,-0.04507,-0.24700
1784708536.759,-152.310883,-466.162231,65.200,10.197,-0.04364,-0.24265
1784708536.914,-152.159714,-465.857635,65.025,10.206,-0.04041,-0.23944
1784708537.057,-152.007462,-465.553192,64.855,10.213,-0.03884,-0.23725
1784708537.204,-151.854370,-465.248993,64.698,10.221,-0.03573,-0.23480
1784708537.352,-151.700485,-464.944885,64.547,10.228,-0.03435,-0.23057
1784708537.499,-151.545746,-464.640991,64.405,10.236,-0.03297,-0.22470
1784708537.648,-151.390121,-464.337219,64.272,10.244,-0.03162,-0.21822
1784708537.795,-151.233627,-464.033569,64.143,10.254,-0.03015,-0.21256
1784708537.938,-151.076233,-463.729980,64.019,10.266,-0.02719,-0.20772
1784708538.086,-150.918030,-463.426361,63.901,10.278,-0.02571,-0.20359
1784708538.231,-150.759064,-463.122650,63.794,10.292,-0.02565,-0.20001
1784708538.377,-150.599426,-462.818726,63.692,10.307,-0.02306,-0.19663
1784708538.522,-150.439056,-462.514587,63.591,10.322,-0.02159,-0.19347
1784708538.668,-150.277924,-462.210327,63.496,10.337,-0.02015,-0.19066
1784708538.815,-150.116013,-461.905823,63.410,10.353,-0.01903,-0.18839
1784708538.961,-149.953415,-461.601105,63.330,10.370,-0.01676,-0.18664
1784708539.110,-149.790054,-461.296082,63.255,10.389,-0.01615,-0.18540
1784708539.256,-149.626053,-460.990723,63.188,10.407,-0.01576,-0.18451
1784708539.402,-149.461456,-460.684937,63.123,10.426,-0.01383,-0.18333
1784708539.548,-149.296188,-460.378784,63.059,10.447,-0.01333,-0.18179
1784708539.694,-149.130295,-460.072113,63.001,10.469,-0.01298,-0.17986
1784708539.842,-148.963791,-459.765015,62.948,10.490,-0.01273,-0.17812
1784708539.988,-148.796661,-459.457428,62.895,10.511,-0.01092,-0.17669
1784708540.133,-148.628922,-459.149353,62.843,10.533,-0.01059,-0.17556
1784708540.278,-148.460541,-458.840820,62.797,10.553,-0.01033,-0.17478
1784708540.426,-148.291641,-458.531860,62.754,10.572,-0.01013,-0.17418
1784708540.570,-148.122375,-458.222351,62.712,10.591,-0.00843,-0.17356
1784708540.717,-147.952667,-457.912384,62.672,10.610,-0.00803,-0.17303
1784708540.863,-147.782303,-457.601959,62.637,10.631,-0.00718,-0.17284
1784708541.009,-147.611298,-457.291077,62.606,10.652,-0.00592,-0.17298
1784708541.157,-147.439774,-456.979706,62.577,10.673,-0.00459,-0.17335
1784708541.306,-147.267792,-456.667725,62.554,10.695,-0.00244,-0.17382
1784708541.454,-147.095398,-456.355194,62.537,10.716,-0.00149,-0.17439
1784708541.599,-146.922729,-456.042114,62.526,10.733,-0.00073,-0.17475
1784708541.750,-146.749939,-455.728485,62.518,10.750,-0.00035,-0.17421
1784708541.900,-146.576935,-455.414368,62.516,10.764,-0.00040,-0.17290
1784708542.052,-146.403595,-455.099915,62.515,10.779,0.00059,-0.17131
1784708542.200,-146.229813,-454.785065,62.513,10.793,0.00043,-0.16991
1784708542.345,-146.055771,-454.469818,62.515,10.808,0.00021,-0.16853
1784708542.495,-145.882980,-454.156769,62.516,10.643,-0.00017,-0.16704
1784708542.645,-145.712051,-453.846924,62.516,10.622,0.00049,-0.16534
1784708542.789,-145.540817,-453.536591,62.514,10.637,-0.00077,-0.16354
1784708542.937,-145.369370,-453.225800,62.512,10.654,-0.00269,-0.16167
1784708543.086,-145.197632,-452.914551,62.509,10.670,-0.00453,-0.15983
1784708543.238,-145.025650,-452.602966,62.497,10.684,-0.00601,-0.15805
1784708543.386,-144.853271,-452.291046,62.477,10.697,-0.00519,-0.15649
1784708543.535,-144.680542,-451.978851,62.450,10.710,-0.00607,-0.15588
1784708543.683,-144.507446,-451.666321,62.425,10.723,-0.00692,-0.15679
1784708543.836,-144.334045,-451.353516,62.400,10.736,-0.00770,-0.15914
1784708543.983,-144.160324,-451.040375,62.371,10.749,-0.00791,-0.16194
1784708544.129,-143.986145,-450.726929,62.339,10.765,-0.00612,-0.16500
1784708544.277,-143.811508,-450.413086,62.306,10.782,-0.00491,-0.16826
1784708544.428,-143.636429,-450.098907,62.280,10.799,-0.00340,-0.17176
1784708544.577,-143.460983,-449.784210,62.259,10.816,-0.00203,-0.17487
1784708544.732,-143.286682,-449.471710,62.246,10.653,0.00003,-0.17737
1784708544.888,-143.114075,-449.162415,62.238,10.634,0.00069,-0.17931
1784708545.038,-142.941101,-448.852478,62.236,10.652,0.00115,-0.18111
1784708545.194,-142.767883,-448.542145,62.239,10.669,0.00130,-0.18293
1784708545.341,-142.594452,-448.231323,62.242,10.688,0.00230,-0.18442
1784708545.486,-142.420731,-447.919952,62.247,10.704,0.00209,-0.18431
1784708545.635,-142.246796,-447.608032,62.254,10.720,0.00179,-0.18231
1784708545.788,-142.072662,-447.295441,62.262,10.745,0.00143,-0.17880
1784708545.937,-141.898117,-446.982147,62.269,10.770,0.00112,-0.17523
1784708546.084,-141.723053,-446.668335,62.272,10.792,0.00096,-0.17185
1784708546.229,-141.547668,-446.353760,62.275,10.814,0.00191,-0.16837
1784708546.377,-141.373505,-446.041168,62.278,10.656,0.00169,-0.16481
1784708546.524,-141.201050,-445.731567,62.285,10.642,0.00136,-0.16125
1784708546.672,-141.028275,-445.421204,62.290,10.663,0.00112,-0.15759
1784708546.820,-140.855270,-445.110260,62.291,10.682,0.00099,-0.15449
1784708546.967,-140.681946,-444.798737,62.294,10.708,0.00188,-0.15329
1784708547.114,-140.508072,-444.486420,62.299,10.736,0.00169,-0.15429
1784708547.258,-140.333649,-444.173370,62.306,10.758,0.00149,-0.15677
1784708547.407,-140.158981,-443.859711,62.311,10.781,0.00132,-0.15925
1784708547.551,-139.984085,-443.545288,62.315,10.803,0.00217,-0.16158
1784708547.697,-139.809158,-443.230682,62.320,10.753,0.00159,-0.16384
1784708547.846,-139.636520,-442.920197,62.326,10.632,0.00063,-0.16591
1784708547.995,-139.464050,-442.609985,62.332,10.655,-0.00057,-0.16723
1784708548.153,-139.291290,-442.299133,62.334,10.676,-0.00183,-0.16777
1784708548.300,-139.118301,-441.987579,62.331,10.697,-0.00115,-0.16773
1784708548.446,-138.944946,-441.675568,62.324,10.714,-0.00215,-0.16777
1784708548.589,-138.771149,-441.363159,62.320,10.731,-0.00305,-0.16800
1784708548.738,-138.597031,-441.050293,62.311,10.747,-0.00350,-0.16829
1784708548.889,-138.422623,-440.736969,62.298,10.764,-0.00213,-0.16861
1784708549.032,-138.247879,-440.423187,62.284,10.780,-0.00207,-0.16899
1784708549.182,-138.072769,-440.109009,62.273,10.797,-0.00209,-0.16951
1784708549.330,-137.897430,-439.794342,62.263,10.811,-0.00215,-0.17005
1784708549.472,-137.723328,-439.481934,62.252,10.645,-0.00218,-0.17077
1784708549.621,-137.550919,-439.172882,62.243,10.620,-0.00084,-0.17177
1784708549.766,-137.378220,-438.863525,62.232,10.631,-0.00090,-0.17294
1784708549.909,-137.205322,-438.553864,62.225,10.643,-0.00113,-0.17413
1784708550.057,-137.032257,-438.243927,62.221,10.654,-0.00146,-0.17534
1784708550.203,-136.859009,-437.933655,62.215,10.666,-0.00022,-0.17655
1784708550.345,-136.685532,-437.623108,62.207,10.677,-0.00043,-0.17737
1784708550.495,-136.511810,-437.312286,62.203,10.688,-0.00074,-0.17719
1784708550.642,-136.337860,-437.001099,62.202,10.699,-0.00114,-0.17587
1784708550.786,-136.163727,-436.689636,62.198,10.712,-0.00140,-0.17409
1784708550.933,-135.989380,-436.377716,62.193,10.727,-0.00015,-0.17227
1784708551.077,-135.814774,-436.065399,62.187,10.742,-0.00036,-0.17047
1784708551.221,-135.639862,-435.752686,62.184,10.757,-0.00056,-0.16874
1784708551.369,-135.464676,-435.439545,62.183,10.772,-0.00042,-0.16730
1784708551.515,-135.289276,-435.125946,62.181,10.787,0.00016,-0.16649
1784708551.658,-135.113602,-434.811951,62.178,10.802,0.00150,-0.16637
1784708551.805,-134.937958,-434.497955,62.177,10.747,0.00221,-0.16651
1784708551.949,-134.764725,-434.188202,62.181,10.620,0.00327,-0.16662
1784708552.097,-134.591782,-433.878906,62.189,10.636,0.00568,-0.16671
1784708552.243,-134.418549,-433.569092,62.200,10.652,0.00863,-0.16679
1784708552.388,-134.245178,-433.258820,62.221,10.668,0.01199,-0.16671
1784708552.530,-134.071747,-432.948029,62.254,10.684,0.01580,-0.16630
1784708552.676,-133.898331,-432.636597,62.301,10.700,0.02020,-0.16543
1784708552.822,-133.724991,-432.324524,62.364,10.715,0.02534,-0.16412
1784708552.966,-133.551849,-432.011780,62.445,10.730,0.03143,-0.16231
1784708553.112,-133.378937,-431.698303,62.548,10.746,0.03878,-0.15994
1784708553.257,-133.206421,-431.384064,62.676,10.761,0.04794,-0.15685
1784708553.401,-133.034485,-431.069031,62.833,10.773,0.05960,-0.15287
