-131.689797551 -428.331022938 28.543960282
-131.545721845 -428.067883828 28.544188796
-131.497696610 -427.980170792 28.544264968
-131.401646139 -427.804744719 28.544417311
-131.305595669 -427.629318645 28.544569653
-131.209545198 -427.453892572 28.544721996
-131.113494728 -427.278466499 28.544874339
-131.017444257 -427.103040426 28.545026682
-130.921393787 -426.927614353 28.545179025
-130.825343316 -426.752188280 28.545331368
-130.729292845 -426.576762207 28.545483711
-130.633080556 -426.401425709 28.545587727
-130.536544631 -426.226268360 28.545595089
-130.439685071 -426.051290160 28.545505799
-130.342501876 -425.876491110 28.545319856
-130.244995045 -425.701871208 28.545037259
-130.147326398 -425.527340880 28.544706337
-130.049657751 -425.352810552 28.544375414
-129.951989104 -425.178280224 28.544044491
-129.854320456 -425.003749896 28.543713569
-129.756651809 -424.829219569 28.543382646
-129.658983162 -424.654689241 28.543051723
-129.561314515 -424.480158913 28.542720801
-129.463645867 -424.305628585 28.542389878
-129.365977220 -424.131098257 28.542058955
-129.268308573 -423.956567929 28.541728033
-129.170639926 -423.782037601 28.541397110
-129.072971279 -423.607507273 28.541066187
-128.975302631 -423.432976945 28.540735264
-128.877633984 -423.258446618 28.540404342
-128.779965337 -423.083916290 28.540073419
-128.682296293 -422.909386184 28.539841759
-128.584626457 -422.734856521 28.539808613
-128.486955827 -422.560327303 28.539973980
-128.389284405 -422.385798528 28.540337860
-128.291612190 -422.211270197 28.540900254
-128.193939578 -422.036742087 28.541561898
-128.096266967 -421.862213978 28.542223543
-127.998594355 -421.687685869 28.542885187
-127.900921744 -421.513157759 28.543546831
-127.803249132 -421.338629650 28.544208475
-127.705576521 -421.164101540 28.544870120
-127.607903909 -420.989573431 28.545531764
-127.510231298 -420.815045322 28.546193408
-127.412558686 -420.640517212 28.546855053
-127.314886075 -420.465989103 28.547516697
-127.217213463 -420.291460994 28.548178341
-127.119540852 -420.116932884 28.548839986
-127.021868240 -419.942404775 28.549501630
-126.924195629 -419.767876666 28.550163274
-126.826523017 -419.593348556 28.550824919
-126.728917131 -419.418783272 28.551434971
-126.631444657 -419.244143659 28.551941870
-126.534105597 -419.069429717 28.552345615
-126.436899949 -418.894641446 28.552646205
-126.339827714 -418.719778846 28.552843642
-126.242822167 -418.544879093 28.552989515
-126.145816620 -418.369979339 28.553135389
-126.048811073 -418.195079585 28.553281263
-125.951805526 -418.020179832 28.553427137
-125.854799979 -417.845280078 28.553573011
-125.757794432 -417.670380324 28.553718885
-125.660788885 -417.495480571 28.553864759
-125.563783337 -417.320580817 28.554010633
-125.466777790 -417.145681063 28.554156506
-125.369772243 -416.970781310 28.554302380
-125.272766696 -416.795881556 28.554448254
-125.175761149 -416.620981803 28.554594128
-125.078755602 -416.446082049 28.554740002
-124.981750055 -416.271182295 28.554885876
-124.884744508 -416.096282542 28.555031750
-124.787721938 -415.921392240 28.555172105
-124.690665334 -415.746520837 28.555301425
-124.593574696 -415.571668332 28.555419711
-124.496450023 -415.396834725 28.555526962
-124.399291315 -415.222020017 28.555623178
-124.302115595 -415.047214756 28.555713879
-124.204939875 -414.872409494 28.555804580
-124.107764155 -414.697604233 28.555895281
-124.010588435 -414.522798971 28.555985982
-123.913412716 -414.347993710 28.556076683
-123.816236996 -414.173188448 28.556167384
-123.719061276 -413.998383187 28.556258085
-123.621885556 -413.823577925 28.556348786
-123.524709836 -413.648772664 28.556439487
-123.427534116 -413.473967402 28.556530188
-123.330358396 -413.299162141 28.556620888
-123.233182676 -413.124356879 28.556711589
-123.136006956 -412.949551618 28.556802290
-123.038831236 -412.774746356 28.556892991
-122.941655516 -412.599941095 28.556983692
-122.844479796 -412.425135833 28.557074393
-122.747304076 -412.250330572 28.557165094
-122.650128345 -412.075525316 28.557255789
-122.552879222 -411.900760961 28.557305717
-122.455556707 -411.726037506 28.557314880
-122.358160798 -411.551354952 28.557283276
-122.260691498 -411.376713299 28.557210905
-122.163148816 -411.202112539 28.557097775
-122.065606134 -411.027511780 28.556984644
-121.968063452 -410.852911020 28.556871514
-121.870520770 -410.678310261 28.556758383
-121.772978087 -410.503709502 28.556645252
-121.675435405 -410.329108742 28.556532122
-121.577892723 -410.154507983 28.556418991
-121.480350041 -409.979907224 28.556305861
-121.382807359 -409.805306464 28.556192730
-121.285264677 -409.630705705 28.556079599
-121.187721995 -409.456104946 28.555966469
-121.090179313 -409.281504186 28.555853338
-120.992636631 -409.106903427 28.555740208
-120.895093949 -408.932302667 28.555627077
-120.797551267 -408.757701908 28.555513946
-120.700008584 -408.583101149 28.555400816
-120.602465902 -408.408500389 28.555287685
-120.504923220 -408.233899630 28.555174555
-120.407416807 -408.059278658 28.555038407
-120.309982908 -407.884617274 28.554856239
-120.212621524 -407.709915477 28.554628050
-120.115332656 -407.535173267 28.554353841
-120.018116302 -407.360390644 28.554033611
-119.920936195 -407.185587822 28.553690378
-119.823756088 -407.010784999 28.553347145
-119.726575981 -406.835982177 28.553003912
-119.629395874 -406.661179354 28.552660679
-119.532215767 -406.486376532 28.552317446
-119.435035660 -406.311573709 28.551974213
-119.337855553 -406.136770886 28.551630980
-119.240675446 -405.961968064 28.551287747
-119.143495339 -405.787165241 28.550944514
-119.046315231 -405.612362419 28.550601281
-118.949135124 -405.437559596 28.550258048
-118.851955017 -405.262756773 28.549914815
-118.754774910 -405.087953951 28.549571582
-118.657594803 -404.913151128 28.549228349
-118.560414696 -404.738348306 28.548885116
-118.463210685 -404.563558793 28.548565850
-118.365958884 -404.388795893 28.548294499
-118.268659292 -404.214059604 28.548071064
-118.171311911 -404.039349926 28.547895545
-118.073916738 -403.864666859 28.547767942
-117.976497680 -403.689997094 28.547664288
-117.879078621 -403.515327328 28.547560634
-117.781659562 -403.340657562 28.547456979
-117.684240504 -403.165987797 28.547353325
-117.586821445 -402.991318031 28.547249671
-117.489402386 -402.816648266 28.547146017
-117.391983328 -402.641978500 28.547042363
-117.294564269 -402.467308735 28.546938709
-117.197145210 -402.292638969 28.546835054
-117.099726152 -402.117969203 28.546731400
-117.002307093 -401.943299438 28.546627746
-116.904888034 -401.768629672 28.546524092
-116.807468988 -401.593959900 28.546420440
-116.710114941 -401.419253954 28.546329345
-116.612825894 -401.244511835 28.546250806
-116.515601847 -401.069733543 28.546184824
-116.418442800 -400.894919077 28.546131399
-116.321348741 -400.720068444 28.546090528
-116.224254683 -400.545217812 28.546049657
-116.127160624 -400.370367179 28.546008787
-116.030066565 -400.195516546 28.545967916
-115.932972506 -400.020665914 28.545927045
-115.835878447 -399.845815281 28.545886174
-115.738784388 -399.670964648 28.545845303
-115.641690330 -399.496114016 28.545804432
-115.544596271 -399.321263383 28.545763561
-115.447502212 -399.146412750 28.545722691
-115.350408153 -398.971562118 28.545681820
-115.253314094 -398.796711485 28.545640949
-115.156220035 -398.621860853 28.545600078
-115.059118161 -398.447014562 28.545573538
-114.962000660 -398.272176954 28.545575649
-114.864867534 -398.097348026 28.545606410
-114.767718782 -397.922527781 28.545665823
-114.670554403 -397.747716217 28.545753887
-114.573382215 -397.572908992 28.545856270
-114.476210027 -397.398101767 28.545958654
-114.379037839 -397.223294543 28.546061038
-114.281865651 -397.048487318 28.546163422
-114.184693462 -396.873680093 28.546265806
-114.087521274 -396.698872868 28.546368189
-113.990349086 -396.524065643 28.546470573
-113.893176898 -396.349258419 28.546572957
-113.796004709 -396.174451194 28.546675341
-113.698832521 -395.999643969 28.546777724
-113.601584748 -395.824878975 28.546853614
-113.504185861 -395.650198411 28.546876535
-113.406635859 -395.475602277 28.546846487
-113.308934744 -395.301090574 28.546763471
-113.211082514 -395.126663300 28.546627486
-113.113154756 -394.952278226 28.546465026
-113.015226997 -394.777893151 28.546302566
-112.917299239 -394.603508077 28.546140107
-112.819371480 -394.429123003 28.545977647
-112.721443722 -394.254737929 28.545815187
-112.623515963 -394.080352854 28.545652728
-112.525588205 -393.905967780 28.545490268
-112.427660447 -393.731582706 28.545327809
-112.329732688 -393.557197632 28.545165349
-112.231804930 -393.382812557 28.545002889
-112.133877171 -393.208427483 28.544840430
-112.035949413 -393.034042409 28.544677970
-111.938021694 -392.859657313 28.544515510
-111.840299920 -392.685157363 28.544349470
-111.742784092 -392.510542559 28.544179850
-111.645474208 -392.335812902 28.544006651
-111.548370270 -392.160968392 28.543829872
-111.451472238 -391.986009050 28.543649514
-111.354574206 -391.811049708 28.543469156
-111.257676174 -391.636090366 28.543288798
-111.160778141 -391.461131024 28.543108440
-111.063880109 -391.286171682 28.542928082
-110.966982077 -391.111212340 28.542747724
-110.870084045 -390.936252998 28.542567366
-110.773186012 -390.761293656 28.542387008
-110.676287980 -390.586334314 28.542206650
-110.579389948 -390.411374972 28.542026292
-110.482491916 -390.236415630 28.541845934
-110.385593883 -390.061456288 28.541665576
-110.288695851 -389.886496946 28.541485218
-110.191797819 -389.711537604 28.541304860
-110.094899787 -389.536578262 28.541124502
-109.998001754 -389.361618920 28.540944144
-109.901103722 -389.186659578 28.540763786
-109.804205690 -389.011700236 28.540583428
-109.707347172 -388.836719068 28.540404502
-109.610567651 -388.661694266 28.540228436
-109.513867127 -388.486625828 28.540055231
-109.417245599 -388.311513757 28.539884886
-109.320703068 -388.136358050 28.539717403
-109.224200020 -387.961180536 28.539551350
-109.127696972 -387.786003021 28.539385297
-109.031193924 -387.610825506 28.539219244
-108.934690876 -387.435647991 28.539053190
-108.838187827 -387.260470476 28.538887137
-108.741684779 -387.085292962 28.538721084
-108.645181731 -386.910115447 28.538555031
-108.548678683 -386.734937932 28.538388978
-108.452175635 -386.559760417 28.538222924
-108.355672586 -386.384582902 28.538056871
-108.259114029 -386.209436082 28.537908375
-108.162444498 -386.034350625 28.537794977
-108.065663993 -385.859326531 28.537716679
-107.968772516 -385.684363800 28.537673480
-107.871770065 -385.509462432 28.537665380
-107.774712150 -385.334591734 28.537674822
-107.677654236 -385.159721035 28.537684264
-107.580596321 -384.984850337 28.537693706
-107.483538406 -384.809979638 28.537703149
-107.386480492 -384.635108940 28.537712591
-107.289422577 -384.460238241 28.537722033
-107.192364662 -384.285367543 28.537731475
-107.095306748 -384.110496844 28.537740917
-106.998248833 -383.935626146 28.537750360
-106.901190918 -383.760755447 28.537759802
-106.804133004 -383.585884749 28.537769244
-106.707075089 -383.411014050 28.537778686
-106.610017174 -383.236143352 28.537788129
-106.512959260 -383.061272653 28.537797571
-106.415901345 -382.886401955 28.537807013
-106.318843430 -382.711531256 28.537816455
-106.221785516 -382.536660557 28.537825897
-106.124727624 -382.361789846 28.537835344
-106.027782034 -382.186857040 28.537865278
-105.930948744 -382.011862140 28.537915699
-105.834227756 -381.836805144 28.537986608
-105.737619069 -381.661686054 28.538078004
-105.641122660 -381.486504882 28.538189883
-105.544626250 -381.311323710 28.538301763
-105.448129841 -381.136142538 28.538413642
-105.351633432 -380.960961366 28.538525521
-105.255137022 -380.785780195 28.538637401
-105.158640613 -380.610599023 28.538749280
-105.062144204 -380.435417851 28.538861159
-104.965647795 -380.260236679 28.538973039
-104.869151385 -380.085055507 28.539084918
-104.772654976 -379.909874335 28.539196797
-104.676158567 -379.734693163 28.539308677
-104.579662157 -379.559511991 28.539420556
-104.483165748 -379.384330819 28.539532436
-104.386669339 -379.209149647 28.539644315
-104.290172930 -379.033968475 28.539756194
-104.193676461 -378.858787336 28.539868049
-104.096896171 -378.683764042 28.539863911
-103.999832058 -378.508898593 28.539743778
-103.902484124 -378.334190989 28.539507652
-103.804852369 -378.159641230 28.539155531
-103.706936851 -377.985249283 28.538687442
-103.609021332 -377.810857335 28.538219352
-103.511105814 -377.636465388 28.537751262
-103.413190296 -377.462073440 28.537283172
-103.315274778 -377.287681493 28.536815082
-103.217359260 -377.113289546 28.536346993
-103.119443742 -376.938897598 28.535878903
-103.021528223 -376.764505651 28.535410813
-102.923612705 -376.590113704 28.534942723
-102.825697187 -376.415721756 28.534474633
-102.727781669 -376.241329809 28.534006544
-102.629866151 -376.066937862 28.533538454
-102.531950632 -375.892545914 28.533070364
-102.434035114 -375.718153967 28.532602274
-102.336119596 -375.543762020 28.532134184
-102.238204135 -375.369370040 28.531666082
-102.140505491 -375.194857209 28.531152441
-102.043023663 -375.020223525 28.530593260
-101.945758653 -374.845468988 28.529988539
-101.848710459 -374.670593599 28.529338278
-101.751879024 -374.495597390 28.528642490
-101.655047590 -374.320601181 28.527946701
-101.558216155 -374.145604971 28.527250913
-101.461384721 -373.970608762 28.526555124
-101.364553287 -373.795612552 28.525859336
-101.267721852 -373.620616343 28.525163547
-101.170890418 -373.445620133 28.524467759
-101.074058983 -373.270623924 28.523771971
-100.977227549 -373.095627715 28.523076182
-100.880396114 -372.920631505 28.522380394
-100.783564680 -372.745635296 28.521684605
-100.686733246 -372.570639086 28.520988817
-100.589901811 -372.395642877 28.520293029
-100.493070377 -372.220646668 28.519597240
-100.396238942 -372.045650458 28.518901452
-100.299407255 -371.870654392 28.518205741
-100.201919475 -371.696029482 28.517711036
-100.103775601 -371.521775729 28.517417338
-100.004975633 -371.347893132 28.517324646
-99.905519573 -371.174381692 28.517432961
-99.805407671 -371.001241266 28.517742205
-99.705295769 -370.828100841 28.518051448
-99.605183867 -370.654960415 28.518360692
-99.505071965 -370.481819989 28.518669936
-99.404960063 -370.308679563 28.518979180
-99.304848161 -370.135539137 28.519288423
-99.204736259 -369.962398711 28.519597667
-99.104624357 -369.789258285 28.519906911
-99.004512455 -369.616117859 28.520216155
-98.904400553 -369.442977433 28.520525398
-98.804288651 -369.269837007 28.520834642
-98.704176749 -369.096696581 28.521143886
-98.604064847 -368.923556155 28.521453130
-98.503952946 -368.750415729 28.521762373
-98.403841044 -368.577275303 28.522071617
-98.303729389 -368.404134737 28.522380907
-98.204223452 -368.230650936 28.522802699
-98.105323233 -368.056823901 28.523336992
-98.007028731 -367.882653631 28.523983788
-97.909339947 -367.708140127 28.524743085
-97.812256632 -367.533283529 28.525614839
-97.715173317 -367.358426930 28.526486592
-97.618090003 -367.183570332 28.527358346
-97.521006688 -367.008713733 28.528230099
-97.423923374 -366.833857135 28.529101853
-97.326840059 -366.659000536 28.529973606
-97.229756744 -366.484143938 28.530845360
-97.132673430 -366.309287339 28.531717113
-97.035590115 -366.134430741 28.532588867
-96.938506801 -365.959574143 28.533460620
-96.841423486 -365.784717544 28.534332374
-96.744340171 -365.609860946 28.535204127
-96.647256857 -365.435004347 28.536075881
-96.550173542 -365.260147749 28.536947634
-96.454728179 -365.084438736 28.537767995
-96.361198198 -364.907732929 28.538528259
-96.269583599 -364.730030329 28.539228427
-96.179884382 -364.551330936 28.539868497
-96.092100547 -364.371634749 28.540448470
-96.004594143 -364.191794183 28.541019739
-95.917087739 -364.011953617 28.541591007
-95.830453494 -363.831724361 28.542182475
-95.746274743 -363.650400780 28.542830814
-95.664551487 -363.467982875 28.543536023
-95.585283724 -363.284470645 28.544298103
-95.508471455 -363.099864090 28.545117053
-95.433242520 -362.914551901 28.545972673
-95.358013586 -362.729239713 28.546828294
-95.282784651 -362.543927524 28.547683915
-95.210414573 -362.357599944 28.548602677
-95.141387186 -362.170085128 28.549595267
-95.075702491 -361.981383076 28.550661684
-95.013360488 -361.791493788 28.551801928
-94.954361176 -361.600417264 28.553016001
-94.899036914 -361.408358172 28.554213879
-94.847443540 -361.215351255 28.555380332
-94.799581054 -361.021396514 28.556515360
-94.755449458 -360.826493948 28.557618963
-94.715048749 -360.630643556 28.558691140
-94.677248873 -360.434302072 28.559729261
-94.641858519 -360.237546768 28.560732883
-94.608877690 -360.040377644 28.561702008
-94.578306384 -359.842794701 28.562636633
-94.550144601 -359.644797938 28.563536761
-94.525441998 -359.446448542 28.564464213
-94.504375771 -359.247756875 28.565429435
-94.486945919 -359.048722937 28.566432428
-94.473152442 -358.849346727 28.567473193
-94.462995341 -358.649628246 28.568551728
-94.455453772 -358.449823445 28.569668862
-94.450355057 -358.249975569 28.570824734
-94.447699196 -358.050084618 28.572019342
-94.447486190 -357.850150592 28.573252686
-94.449716039 -357.650173491 28.574524767
-94.455419556 -357.450373254 28.575649050
-94.464770359 -357.250786990 28.576594060
-94.477768445 -357.051414699 28.577359796
-94.494413816 -356.852256382 28.577946260
-94.514706470 -356.653312039 28.578353451
-94.535525624 -356.454398583 28.578734764
-94.556344778 -356.255485128 28.579116076
-94.578448332 -356.056765730 28.579406604
-94.604163202 -355.858591961 28.579441878
-94.633489388 -355.660963820 28.579221898
-94.666426890 -355.463881308 28.578746663
-94.702975707 -355.267344424 28.578016173
-94.743180560 -355.071489686 28.577115786
-94.787121939 -354.876564292 28.576200142
-94.834799846 -354.682568242 28.575269240
-94.886214279 -354.489501534 28.574323081
-94.941365239 -354.297364170 28.573361665
-94.999747980 -354.106101017 28.572397785
-95.060447878 -353.915612086 28.571454611
-95.123464935 -353.725897377 28.570532142
-95.188799150 -353.536956890 28.569630378
-95.256450523 -353.348790626 28.568749320
-95.326792132 -353.161627537 28.567875028
-95.400499107 -352.975882027 28.566982266
-95.477571448 -352.791554095 28.566071032
-95.558009154 -352.608643742 28.565141328
-95.641812226 -352.427150967 28.564193153
-95.728556432 -352.246968897 28.563226220
-95.817473379 -352.067903864 28.562240017
-95.908563064 -351.889955867 28.561234541
-96.001825488 -351.713124906 28.560209794
-96.097260652 -351.537410982 28.559165775
-96.195203196 -351.363097485 28.558064769
-96.296258207 -351.190696975 28.556838532
-96.400425684 -351.020209453 28.555487066
-96.507705627 -350.851634918 28.554010371
-96.618098036 -350.684973371 28.552408446
-96.730495050 -350.519543895 28.550725865
-96.842892064 -350.354114420 28.549043285
-96.955289078 -350.188684945 28.547360705
-97.070200879 -350.025138271 28.545546437
-97.188049799 -349.863790595 28.543578367
-97.309575140 -349.705294447 28.541513154
-97.436111982 -349.550828211 28.539453114
-97.567660326 -349.400391886 28.537398249
-97.701705384 -349.252102671 28.535480244
-97.837824824 -349.105644369 28.533721217
-97.975279344 -348.960364450 28.532064508
-98.112733863 -348.815084530 28.530407798
-98.250188383 -348.669804611 28.528751089
-98.389582776 -348.526515261 28.527290583
-98.531241647 -348.385549570 28.526059110
-98.675164995 -348.246907535 28.525056672
-98.821352821 -348.110589159 28.524283267
-98.969805124 -347.976594439 28.523738897
-99.120746742 -347.845599940 28.523288496
-99.274215249 -347.717718813 28.522909464
-99.430210644 -347.592951057 28.522601799
-99.588732928 -347.471296673 28.522365502
-99.749782101 -347.352755660 28.522200573
-99.912445538 -347.236494008 28.522052529
-100.076570544 -347.122372175 28.521912257
-100.242157119 -347.010390161 28.521779754
-100.409205264 -346.900547965 28.521655022
-100.577714978 -346.792845588 28.521538061
-100.746833921 -346.686093508 28.521411241
-100.916419491 -346.580092708 28.521271612
-101.086471687 -346.474843187 28.521119175
-101.256990509 -346.370344946 28.520953929
-101.427975958 -346.266597984 28.520775875
-101.598932230 -346.162801123 28.520505538
-101.770073648 -346.059342818 28.520131516
-101.942402380 -345.957984506 28.519660191
-102.115918424 -345.858726187 28.519091564
-102.290629308 -345.761582177 28.518426433
-102.466633891 -345.666715380 28.517755544
-102.643651579 -345.573630822 28.517092199
-102.820682257 -345.480570968 28.516430235
-102.997725924 -345.387535820 28.515769651
-103.174784185 -345.294528458 28.514982598
-103.351857636 -345.201550028 28.514021503
-103.528945667 -345.108599371 28.512886303
-103.706046229 -345.015672584 28.511576780
-103.883159319 -344.922769666 28.510092932
-104.060282691 -344.829886353 28.508457763
-104.237415506 -344.737021055 28.506679862
-104.414557764 -344.644173772 28.504759229
-104.591709464 -344.551344504 28.502695862
-104.768870608 -344.458533251 28.500489764
-104.946042084 -344.365741730 28.498124215
-105.123224219 -344.272970570 28.495593073
-105.300417013 -344.180219772 28.492896338
-105.477620466 -344.087489336 28.490034008
-105.654834577 -343.994779261 28.487006085
-105.832058029 -343.902087045 28.483831755
-106.009290326 -343.809411746 28.480518254
-106.186531466 -343.716753363 28.477065581
-106.363781450 -343.624111897 28.473473738
-106.541040279 -343.531487347 28.469742722
-106.718275730 -343.438818167 28.466051248
-106.895475920 -343.346081659 28.462465330
-107.072640850 -343.253277824 28.458984969
-107.249770520 -343.160406662 28.455610165
-107.426864929 -343.067468172 28.452340918
-107.603932491 -342.974478547 28.449181129
-107.780976328 -342.881443794 28.446132136
-107.957996438 -342.788363912 28.443193940
-108.134992823 -342.695238902 28.440366540
-108.311965482 -342.602068764 28.437649937
-108.488910634 -342.508846444 28.435063343
-108.665826910 -342.415569386 28.432613729
-108.842714310 -342.322237589 28.430301096
-109.019572833 -342.228851055 28.428125443
-109.196402479 -342.135409783 28.426086771
-109.373204045 -342.041915424 28.424181371
-109.549977834 -341.948368603 28.422407842
-109.726723845 -341.854769320 28.420766181
-109.903442077 -341.761117574 28.419256391
-110.080132532 -341.667413365 28.417878469
-110.256801580 -341.573668807 28.416597292
-110.433451557 -341.479888337 28.415399994
-110.610082461 -341.386071956 28.414286574
-110.786694293 -341.292219663 28.413257033
-110.963287053 -341.198331458 28.412311371
-111.139872796 -341.104430044 28.411393735
-111.316455929 -341.010523725 28.410483699
-111.493036454 -340.916612500 28.409581264
-111.669614369 -340.822696369 28.408686430
-111.846189676 -340.728775333 28.407799196
-112.022762415 -340.634849470 28.406917678
-112.199332603 -340.540918811 28.406041187
-112.375900239 -340.446983357 28.405169723
-112.552465323 -340.353043105 28.404303286
-112.729027856 -340.259098058 28.403441876
-112.905513654 -340.165009738 28.402658767
-113.081895607 -340.070727541 28.401980736
-113.258173717 -339.976251468 28.401407784
-113.434347982 -339.881581518 28.400939909
-113.610418404 -339.786717692 28.400577113
-113.786394647 -339.691679549 28.400307386
-113.962280247 -339.596474239 28.400126340
-114.138075202 -339.501101760 28.400033975
-114.313779513 -339.405562114 28.400030291
-114.489393180 -339.309855299 28.400115288
-114.664905192 -339.213962740 28.400299011
-114.840311525 -339.117877647 28.400585131
-115.015612181 -339.021600021 28.400973648
-115.190807158 -338.925129861 28.401464562
-115.365896457 -338.828467168 28.402057873
-115.540893711 -338.731638140 28.402739806
-115.715803904 -338.634652356 28.403505325
-115.890597372 -338.537457088 28.404343533
-116.065176150 -338.439878209 28.405218449
-116.239540239 -338.341915718 28.406130072
-116.413753401 -338.243684425 28.407017184
-116.587838934 -338.145226276 28.407857419
-116.761801138 -338.046549543 28.408644922
-116.935654236 -337.947681574 28.409360381
-117.109398227 -337.848622369 28.410003795
-117.283033112 -337.749371929 28.410575164
-117.456558890 -337.649930252 28.411074488
-117.629958349 -337.550268424 28.411486662
-117.803174674 -337.450290994 28.411761826
-117.976207864 -337.349997962 28.411899979
-118.148944850 -337.249198165 28.411813483
-118.321344338 -337.147821789 28.411470332
-118.493383157 -337.045833700 28.410899531
-118.664984851 -336.943117955 28.410196833
-118.836149419 -336.839674555 28.409362240
-119.006871317 -336.735503523 28.408521082
-119.177148531 -336.630604887 28.407719130
-119.347001160 -336.525014965 28.406981084
-119.516495584 -336.418853694 28.406388464
-119.685631803 -336.312121075 28.405941269
-119.854395937 -336.204802715 28.405675888
-120.022782921 -336.096893361 28.405605605
-120.190775420 -335.988369685 28.405724780
-120.358316228 -335.879154698 28.406014802
-120.525405345 -335.769248400 28.406475670
-120.692102329 -335.658747696 28.407025924
-120.858428926 -335.547687971 28.407635823
-121.024428610 -335.436135947 28.408281550
-121.190244856 -335.324311824 28.408884509
-121.355877664 -335.212215605 28.409444701
-121.521215260 -335.099687559 28.409933905
-121.686216847 -334.986669386 28.410341820
-121.850859481 -334.873129450 28.410675054
-122.015067467 -334.758963376 28.410955411
-122.178840804 -334.644171163 28.411182889
-122.342161970 -334.528739234 28.411390405
-122.505024567 -334.412662633 28.411589974
-122.667297411 -334.295770386 28.411806391
-122.828547681 -334.177498391 28.412121464
-122.988775375 -334.057846646 28.412535194
-123.147885601 -333.936720082 28.413135052
-123.305843733 -333.814084009 28.413952963
-123.462701437 -333.690020843 28.415002915
-123.618629336 -333.564802695 28.416331015
-123.773627431 -333.438429563 28.417937261
-123.927356468 -333.310542456 28.419839643
-124.079692846 -333.181010599 28.422044691
-124.230678424 -333.049894533 28.424505497
-124.380451826 -332.917394544 28.427067415
-124.529013050 -332.783510633 28.429730445
-124.676567756 -332.648519288 28.432316862
-124.823191297 -332.512521717 28.434761921
-124.968852581 -332.375492231 28.437052563
-125.113449989 -332.237347008 28.439145938
-125.256983521 -332.098086050 28.441042048
-125.398690750 -331.957030718 28.442681656
-125.538294788 -331.813934582 28.444043265
-125.675643422 -331.668683063 28.445125249
-125.810237126 -331.520900182 28.445922310
-125.942075901 -331.370585939 28.446434449
-126.071483632 -331.218179364 28.446716358
-126.198578045 -331.063840017 28.446787913
-126.323622547 -330.907796619 28.446672923
-126.447481926 -330.750800068 28.446449553
-126.570156183 -330.592850365 28.446117803
-126.691058228 -330.433589999 28.445665527
-126.809974757 -330.272889079 28.445088311
-126.926905768 -330.110747606 28.444386156
-127.041851263 -329.947165579 28.443559061
-127.154811241 -329.782142998 28.442607027
-127.266590719 -329.616306318 28.441625583
-127.377482276 -329.449883210 28.440649437
-127.487229137 -329.282714748 28.439680671
-127.594988752 -329.114279452 28.438726110
-127.700761123 -328.944577323 28.437785754
-127.804143454 -328.773438622 28.436864898
-127.904989541 -328.600801753 28.435965466
-128.002726041 -328.426427267 28.435089424
-128.095472411 -328.249529823 28.434243224
-128.183228651 -328.070109421 28.433426865
-128.266382835 -327.888495368 28.432631549
-128.345075936 -327.704807270 28.431854082
-128.419599878 -327.519251257 28.431094494
-128.490912638 -327.332503640 28.430352887
-128.559014216 -327.144564418 28.429629263
-128.623880121 -326.955490446 28.428937364
-128.685501504 -326.765302376 28.428282181
-128.744046145 -326.574091006 28.427668281
-128.800064484 -326.382154169 28.427110648
-128.853556520 -326.189491865 28.426609281
-128.904050058 -325.996049949 28.426139738
-128.951373725 -325.801808773 28.425693149
-128.995476562 -325.606791716 28.425252448
-129.036191549 -325.411075464 28.424761677
-129.073518688 -325.214660018 28.424220834
-129.108102695 -325.017734269 28.423627854
-129.140177602 -324.820366783 28.422981986
-129.169649323 -324.622576265 28.422288552
-129.196209624 -324.424424079 28.421564995
-129.219858506 -324.225910224 28.420811316
-129.240097549 -324.027042896 28.420040728
-129.256745929 -323.827825073 28.419258025
-129.269970764 -323.628304427 28.418467714
-129.280320203 -323.428637259 28.417684566
-129.287794246 -323.228823567 28.416908580
-129.291537717 -323.028965939 28.416150765
-129.291240432 -322.829101597 28.415415117
-129.287012374 -322.629256943 28.414701975
-129.279214190 -322.429518513 28.414012448
-129.267845881 -322.229886307 28.413346537
-129.253803662 -322.030417644 28.412699751
-129.237412728 -321.831133317 28.412070459
-129.218639243 -321.632052109 28.411459014
-129.197372446 -321.433235562 28.410866568
-129.173612336 -321.234683677 28.410293121
-129.146690779 -321.036581849 28.409731999
-129.116365472 -320.838997320 28.409180780
-129.082498215 -320.641986792 28.408634877
-129.044636292 -320.445736025 28.408079249
-129.002779703 -320.250245022 28.407513896
-128.958013618 -320.055381037 28.406933469
-128.910731659 -319.861095918 28.406336027
-128.860971768 -319.667406222 28.405725438
-128.808858419 -319.474366150 28.405114369
-128.754391612 -319.281975701 28.404502822
-128.697159579 -319.090411648 28.403911759
-128.637013024 -318.899738089 28.403348781
-128.573971956 -318.709978811 28.402814889
-128.508102043 -318.521211702 28.402313353
-128.439403283 -318.333436760 28.401844175
-128.368196933 -318.146599722 28.401384407
-128.294599505 -317.960680903 28.400925730
-128.218703938 -317.775663732 28.400462045
-128.140814722 -317.591493906 28.399973377
-128.060931858 -317.408171426 28.399459725
-127.978690789 -317.225919238 28.398932445
-127.893959354 -317.044818169 28.398395651
-127.806926834 -316.864790052 28.397858442
-127.718213221 -316.685578846 28.397350610
-127.627818514 -316.507184550 28.396872156
-127.536549215 -316.329227610 28.396439494
-127.444697744 -316.151570405 28.396058574
-127.352334326 -315.974177133 28.395724022
-127.259688946 -315.796930536 28.395418238
-127.166761604 -315.619830616 28.395141221
-127.073481447 -315.442917539 28.394916577
-126.979822789 -315.266205868 28.394752866
-126.885785629 -315.089695603 28.394650085
-126.791369968 -314.913386743 28.394608236
-126.696575806 -314.737279290 28.394627318
-126.601703303 -314.561213380 28.394669717
-126.506861280 -314.385131059 28.394721796
-126.412054383 -314.209029828 28.394784868
-126.317297828 -314.032901509 28.394863239
-126.222591615 -313.856746101 28.394956907
-126.127913374 -313.680575650 28.395058770
-126.033254996 -313.504394523 28.395166250
-125.938617169 -313.328202352 28.395279503
-125.844002151 -313.151997938 28.395399034
-125.749409944 -312.975781281 28.395524844
-125.654706231 -312.799624870 28.395671337
-125.559842317 -312.623554983 28.395843735
-125.464812867 -312.447574485 28.396040568
-125.369600407 -312.271692755 28.396257027
-125.274204936 -312.095909793 28.396493113
-125.178653982 -311.920211389 28.396744719
-125.082957525 -311.744592391 28.397010358
-124.987115564 -311.569052799 28.397290029
-124.891128100 -311.393592613 28.397583733
-124.794995133 -311.218211833 28.397891469
-124.698694319 -311.042923422 28.398215106
-124.602217562 -310.867732079 28.398555321
-124.505564860 -310.692637804 28.398912114
-124.408736215 -310.517640597 28.399285485
-124.311731625 -310.342740458 28.399675435
-124.214554126 -310.167936532 28.400081608
-124.117204821 -309.993228508 28.400503877
-124.019676606 -309.818620379 28.400940196
-123.921946222 -309.644125216 28.401383875
-123.824013669 -309.469743019 28.401834913
-123.726005044 -309.295403401 28.402281497
-123.627966055 -309.121080847 28.402719344
-123.529905894 -308.946770191 28.403148097
-123.431854646 -308.772454523 28.403566580
-123.333812314 -308.598133840 28.403974794
-123.235778896 -308.423808144 28.404372739
-123.137754393 -308.249477434 28.404760415
-123.039741853 -308.075139998 28.405136897
-122.941751257 -307.900790234 28.405499162
-122.843782606 -307.726428142 28.405847210
-122.745835898 -307.552053720 28.406181040
-122.647911134 -307.377666970 28.406500653
-122.550009311 -307.203267337 28.406805902
-122.452133687 -307.028853009 28.407096311
-122.354284263 -306.854423984 28.407371879
-122.256462238 -306.679979591 28.407637354
-122.158668046 -306.505519587 28.407894457
-122.060895558 -306.331047410 28.408146659
-121.963124704 -306.156574318 28.408405330
-121.865355483 -305.982100310 28.408670468
-121.767582755 -305.807628268 28.408944147
-121.669804656 -305.633159235 28.409227115
-121.572021187 -305.458693213 28.409519373
-121.474232348 -305.284230201 28.409820922
-121.376438138 -305.109770198 28.410131761
-121.278635808 -304.935314748 28.410454665
-121.180824363 -304.760864410 28.410790642
-121.083003803 -304.586419183 28.411139691
-120.985174127 -304.411979067 28.411501812
-120.887335336 -304.237544062 28.411877006
-120.789486827 -304.063114509 28.412265565
-120.691628383 -303.888690531 28.412667596
-120.593762688 -303.714270622 28.413088477
-120.495898525 -303.539849853 28.413545805
-120.398035894 -303.365428224 28.414039582
-120.300182089 -303.191001644 28.414559919
-120.202339751 -303.016568630 28.415103231
-120.104508618 -302.842129331 28.415667416
-120.006687826 -302.667684233 28.416245586
-119.908877376 -302.493233338 28.416837740
-119.811077267 -302.318776644 28.417443879
-119.713287499 -302.144314153 28.418064003
-119.615509346 -301.969845151 28.418699316
-119.517746977 -301.795367308 28.419353760
-119.420000392 -301.620880624 28.420027336
-119.322269590 -301.446385099 28.420720043
-119.224554571 -301.271880732 28.421431882
-119.126851642 -301.097369593 28.422158373
-119.029148712 -300.922858454 28.422884865
-118.931445783 -300.748347315 28.423611357
-118.833751858 -300.573831137 28.424348437
-118.736070198 -300.399308095 28.425099940
-118.638400804 -300.224778188 28.425865865
-118.540743676 -300.050241418 28.426646214
-118.443098813 -299.875697783 28.427440985
-118.345457212 -299.701152322 28.428239591
-118.247815610 -299.526606862 28.429038197
-118.150174009 -299.352061402 28.429836804
-118.052532407 -299.177515942 28.430635410
-117.954890806 -299.002970482 28.431434016
-117.857249205 -298.828425021 28.432232623
-117.759607603 -298.653879561 28.433031229
-117.661966002 -298.479334101 28.433829835
-117.564610240 -298.304630343 28.436028587
-117.467554049 -298.129760684 28.439694744
-117.370797429 -297.954725122 28.444828307
-117.274340380 -297.779523659 28.451429276
-117.178182902 -297.604156294 28.459497650
-117.082039155 -297.428781324 28.467633285
-116.985895408 -297.253406355 28.475768920
-116.889670534 -297.078076127 28.483358265
-116.793269434 -296.902843086 28.489760954
-116.696692110 -296.727707232 28.494976986
-116.599938559 -296.552668565 28.499006363
-116.503008784 -296.377727086 28.501849084
-116.405983910 -296.202838053 28.504051439
-116.308959036 -296.027949020 28.506253794
-116.211934163 -295.853059987 28.508456149
-116.114909289 -295.678170954 28.510658504
-116.017884415 -295.503281921 28.512860859
-115.920859542 -295.328392888 28.515063214
-115.823834668 -295.153503855 28.517265569
-115.726809794 -294.978614822 28.519467924
-115.629784920 -294.803725789 28.521670279
-115.532760047 -294.628836756 28.523872634
-115.435735173 -294.453947723 28.526074989
-115.338710299 -294.279058690 28.528277344
-115.241685426 -294.104169657 28.530479699
-115.144660552 -293.929280623 28.532682054
-115.047635678 -293.754391590 28.534884409
-114.950610805 -293.579502557 28.537086764
-114.853585931 -293.404613524 28.539289119
-114.756561057 -293.229724491 28.541491474
-114.659536184 -293.054835458 28.543693829
-114.562511310 -292.879946425 28.545896184
-114.465486436 -292.705057392 28.548098539
-114.368461563 -292.530168359 28.550300894
-114.271436689 -292.355279326 28.552503249
-114.174411815 -292.180390293 28.554705604
-114.077386941 -292.005501260 28.556907959
-113.980356762 -291.830615171 28.559049402
-113.883315102 -291.655735454 28.561059052
-113.786261963 -291.480862109 28.562936909
-113.689197343 -291.305995134 28.564682974
-113.592121244 -291.131134531 28.566297245
-113.495038970 -290.956277355 28.567840635
-113.397956696 -290.781420179 28.569384026
-113.300874423 -290.606563002 28.570927416
-113.203792149 -290.431705826 28.572470807
-113.106709875 -290.256848650 28.574014197
-113.009627601 -290.081991473 28.575557588
-112.912545328 -289.907134297 28.577100978
-112.815463054 -289.732277120 28.578644369
-112.718380780 -289.557419944 28.580187759
-112.621298506 -289.382562768 28.581731150
-112.524216233 -289.207705591 28.583274540
-112.427133959 -289.032848415 28.584817931
-112.330051685 -288.857991239 28.586361321
-112.232969411 -288.683134062 28.587904712
-112.135887138 -288.508276886 28.589448102
-112.038804705 -288.333419798 28.590838916
-111.941721927 -288.158562901 28.591900029
-111.844638806 -287.983706196 28.592631443
-111.747555340 -287.808849681 28.593033157
-111.650471529 -287.633993358 28.593105171
-111.553387534 -287.459137137 28.593000063
-111.456303539 -287.284280917 28.592894954
-111.359219544 -287.109424696 28.592789845
-111.262135549 -286.934568476 28.592684736
-111.165051554 -286.759712255 28.592579627
-111.067967558 -286.584856034 28.592474519
-110.970883563 -286.409999814 28.592369410
-110.873799568 -286.235143593 28.592264301
-110.776715573 -286.060287373 28.592159192
-110.679631578 -285.885431152 28.592054083
-110.582547583 -285.710574931 28.591948975
-110.485463587 -285.535718711 28.591843866
-110.388379592 -285.360862490 28.591738757
-110.291295597 -285.186006270 28.591633648
-110.194211602 -285.011150049 28.591528539
-110.097127595 -284.836293835 28.591343737
-110.000043563 -284.661437635 28.590986729
-109.902959506 -284.486581448 28.590457515
-109.805875424 -284.311725276 28.589756096
-109.708791317 -284.136869118 28.588882470
-109.611707196 -283.962012967 28.587916331
-109.514623076 -283.787156816 28.586950192
-109.417538955 -283.612300665 28.585984054
-109.320454835 -283.437444514 28.585017915
-109.223370714 -283.262588363 28.584051776
-109.126286593 -283.087732212 28.583085637
-109.029202473 -282.912876061 28.582119499
-108.932118352 -282.738019910 28.581153360
-108.835034231 -282.563163759 28.580187221
-108.737950111 -282.388307608 28.579221083
-108.640865990 -282.213451457 28.578254944
-108.543781869 -282.038595306 28.577288805
-108.446697749 -281.863739155 28.576322667
-108.349613628 -281.688883004 28.575356528
-108.252529508 -281.514026854 28.574390389
-108.155445385 -281.339170703 28.573285164
-108.058361260 -281.164314555 28.571879544
-107.961277132 -280.989458408 28.570173530
-107.864193001 -280.814602263 28.568167120
-107.767108867 -280.639746120 28.565860316
-107.670024731 -280.464889977 28.563392203
-107.572940595 -280.290033835 28.560924090
-107.475856459 -280.115177693 28.558455977
-107.378772323 -279.940321550 28.555987864
-107.281688187 -279.765465408 28.553519751
-107.184604051 -279.590609265 28.551051638
-107.087519915 -279.415753123 28.548583525
-106.990435779 -279.240896980 28.546115412
-106.893351643 -279.066040838 28.543647299
-106.796267507 -278.891184696 28.541179186
-106.699183371 -278.716328553 28.538711073
-106.602099235 -278.541472411 28.536242960
-106.505015099 -278.366616268 28.533774847
-106.407930963 -278.191760126 28.531306734
-106.310846827 -278.016903984 28.528838620
-106.213762691 -277.842047841 28.526370507
-106.116678555 -277.667191699 28.523902394
-106.019594419 -277.492335556 28.521434281
-105.922510283 -277.317479414 28.518966168
-105.825426147 -277.142623271 28.516498055
-105.728342011 -276.967767129 28.514029942
-105.631257875 -276.792910987 28.511561829
-105.534173739 -276.618054844 28.509093716
-105.437089603 -276.443198702 28.506625603
-105.340005467 -276.268342559 28.504157490
-105.242921331 -276.093486417 28.501689377
-105.145837195 -275.918630274 28.499221264
-105.048753059 -275.743774132 28.496753151
-104.951668923 -275.568917990 28.494285038
-104.854628926 -275.394037404 28.491385440
-104.757666182 -275.219114038 28.487730625
-104.660780691 -275.044147889 28.483320596
-104.563972455 -274.869138959 28.478155351
-104.467241472 -274.694087248 28.472234890
-104.370543605 -274.519017198 28.465990700
-104.273845738 -274.343947147 28.459746510
-104.177139858 -274.168881539 28.453555732
-104.080327133 -273.993875158 28.448077176
-103.983407563 -273.818928005 28.443310841
-103.886381147 -273.644040080 28.439256728
-103.789247887 -273.469211382 28.435914837
-103.692015795 -273.294437471 28.433231756
-103.594783702 -273.119663559 28.430548674
-103.497551609 -272.944889647 28.427865592
-103.400319517 -272.770115736 28.425182510
-103.303087424 -272.595341824 28.422499429
-103.205855332 -272.420567913 28.419816347
-103.108623239 -272.245794001 28.417133265
-103.011391146 -272.071020089 28.414450183
-102.914159054 -271.896246178 28.411767102
-102.816926961 -271.721472266 28.409084020
-102.719694869 -271.546698355 28.406400938
-102.622462776 -271.371924443 28.403717856
-102.525230684 -271.197150532 28.401034775
-102.427998591 -271.022376620 28.398351693
-102.330766498 -270.847602708 28.395668611
-102.233543161 -270.672823945 28.393009890
-102.136433829 -270.497981999 28.390668388
-102.039438503 -270.323076872 28.388644104
-101.942557183 -270.148108563 28.386937040
-101.845789868 -269.973077071 28.385547195
-101.749127805 -269.797987250 28.384450209
-101.652465741 -269.622897429 28.383353223
-101.555803678 -269.447807608 28.382256236
-101.459141614 -269.272717787 28.381159250
-101.362479551 -269.097627965 28.380062264
-101.265817487 -268.922538144 28.378965278
-101.169155424 -268.747448323 28.377868291
-101.072493361 -268.572358502 28.376771305
-100.975831297 -268.397268681 28.375674319
-100.879169234 -268.222178859 28.374577333
-100.782507170 -268.047089038 28.373480346
-100.685845107 -267.871999217 28.372383360
-100.589183043 -267.696909396 28.371286374
-100.492548589 -267.521804357 28.370372048
-100.395961979 -267.346672947 28.369774259
-100.299423214 -267.171515166 28.369493008
-100.202932294 -266.996331014 28.369528295
-100.106489218 -266.821120491 28.369880119
-100.010066378 -266.645898815 28.370365821
-99.913643538 -266.470677138 28.370851523
-99.817220698 -266.295455462 28.371337225
-99.720797858 -266.120233785 28.371822927
-99.624375018 -265.945012109 28.372308629
-99.527952178 -265.769790432 28.372794331
-99.431529337 -265.594568756 28.373280033
-99.335106497 -265.419347079 28.373765735
-99.238683657 -265.244125403 28.374251436
-99.142260817 -265.068903727 28.374737138
-99.045837977 -264.893682050 28.375222840
-98.949415137 -264.718460374 28.375708542
-98.852992297 -264.543238697 28.376194244
-98.756569457 -264.368017021 28.376679946
-98.660146617 -264.192795344 28.377165648
-98.563723776 -264.017573668 28.377651350
-98.467300936 -263.842351991 28.378137052
-98.370878096 -263.667130315 28.378622754
-98.274455256 -263.491908638 28.379108455
-98.178032416 -263.316686962 28.379594157
-98.081609576 -263.141465285 28.380079859
-97.985186736 -262.966243609 28.380565561
-97.888746531 -262.791031561 28.381056766
-97.792081219 -262.615944332 28.381619304
-97.695190800 -262.440981924 28.382253176
-97.598075272 -262.266144336 28.382958382
-97.500734637 -262.091431567 28.383734921
-97.403186259 -261.916833990 28.384577292
-97.305637881 -261.742236413 28.385419663
-97.208089502 -261.567638836 28.386262033
-97.110541124 -261.393041259 28.387104404
-97.012992745 -261.218443682 28.387946775
-96.915444367 -261.043846105 28.388789146
-96.817895989 -260.869248529 28.389631516
-96.720347610 -260.694650952 28.390473887
-96.622799232 -260.520053375 28.391316258
-96.525250854 -260.345455798 28.392158629
-96.427702475 -260.170858221 28.393001000
-96.330154097 -259.996260644 28.393843370
-96.232605718 -259.821663067 28.394685741
-96.135057340 -259.647065490 28.395528112
-96.037508962 -259.472467913 28.396370483
-95.939960583 -259.297870336 28.397212853
-95.842412205 -259.123272759 28.398055224
-95.744863826 -258.948675182 28.398897595
-95.647367805 -258.774048442 28.399789313
-95.549962472 -258.599371189 28.400766505
-95.452647826 -258.424643422 28.401829172
-95.355423867 -258.249865143 28.402977312
-95.258290596 -258.075036350 28.404210927
-95.161195655 -257.900186207 28.405480668
-95.064100714 -257.725336065 28.406750410
-94.967005772 -257.550485922 28.408020151
-94.869910831 -257.375635779 28.409289892
-94.772815890 -257.200785636 28.410559634
-94.675720949 -257.025935493 28.411829375
-94.578626008 -256.851085351 28.413099117
-94.481531067 -256.676235208 28.414368858
-94.384436126 -256.501385065 28.415638599
-94.287341185 -256.326534922 28.416908341
-94.190246244 -256.151684780 28.418178082
-94.093211679 -255.976801206 28.419755051
-93.996262719 -255.801870233 28.421767621
-93.899399363 -255.626891861 28.424215794
-93.802621612 -255.451866089 28.427099568
-93.705929464 -255.276792917 28.430418944
-93.609262545 -255.101705777 28.433866694
-93.512595627 -254.926618636 28.437314445
-93.415928708 -254.751531496 28.440762196
-93.319261789 -254.576444355 28.444209946
-93.222594870 -254.401357215 28.447657697
-93.125927951 -254.226270074 28.451105447
-93.029261032 -254.051182934 28.454553198
-92.932594113 -253.876095793 28.458000948
-92.835927194 -253.701008653 28.461448699
-92.739260275 -253.525921512 28.464896450
-92.642593356 -253.350834372 28.468344200
-92.545926437 -253.175747231 28.471791951
-92.449259518 -253.000660091 28.475239701
-92.352592599 -252.825572950 28.478687452
-92.255925680 -252.650485810 28.482135203
-92.159258761 -252.475398669 28.485582953
-92.062591842 -252.300311529 28.489030704
-91.965924923 -252.125224388 28.492478454
-91.869258004 -251.950137247 28.495926205
-91.772591085 -251.775050107 28.499373955
-91.675924540 -251.599962760 28.502198413
-91.579258522 -251.424875122 28.504143763
-91.482593032 -251.249787193 28.505210008
-91.385928069 -251.074698972 28.505397145
-91.289263633 -250.899610460 28.504705176
-91.192599351 -250.724521864 28.503757394
-91.095935070 -250.549433268 28.502809612
-90.999270788 -250.374344671 28.501861830
-90.902606506 -250.199256075 28.500914047
-90.805942224 -250.024167478 28.499966265
-90.709277942 -249.849078882 28.499018483
-90.612613660 -249.673990285 28.498070701
-90.515949378 -249.498901689 28.497122919
-90.419285096 -249.323813093 28.496175136
-90.322620814 -249.148724496 28.495227354
-90.225956532 -248.973635900 28.494279572
-90.129292250 -248.798547303 28.493331790
-90.032627968 -248.623458707 28.492384008
-89.935963686 -248.448370111 28.491436225
-89.839299404 -248.273281514 28.490488443
-89.742635122 -248.098192918 28.489540661
-89.645970840 -247.923104321 28.488592879
-89.549306558 -247.748015725 28.487645097
-89.452642276 -247.572927129 28.486697314
-89.355977994 -247.397838532 28.485749532
-89.259313712 -247.222749936 28.484801750
-89.162649430 -247.047661339 28.483853968
-89.065985148 -246.872572743 28.482906186
-88.969320866 -246.697484146 28.481958403
-88.872656585 -246.522395550 28.481010621
-88.775992303 -246.347306954 28.480062839
-88.679328021 -246.172218357 28.479115057
-88.582663739 -245.997129761 28.478167275
-88.485999457 -245.822041164 28.477219492
-88.389335175 -245.646952568 28.476271710
-88.292670908 -245.471863963 28.475297269
-88.196006662 -245.296775347 28.474285249
-88.099342438 -245.121686718 28.473235650
-88.002678236 -244.946598078 28.472148471
-87.906014054 -244.771509426 28.471023714
-87.809349879 -244.596420771 28.469888036
-87.712685704 -244.421332115 28.468752357
-87.616021529 -244.246243460 28.467616679
-87.519357354 -244.071154805 28.466481001
-87.422693179 -243.896066149 28.465345323
-87.326029003 -243.720977494 28.464209645
-87.229364828 -243.545888839 28.463073966
-87.132700653 -243.370800183 28.461938288
-87.036036478 -243.195711528 28.460802610
-86.939372303 -243.020622872 28.459666932
-86.842708128 -242.845534217 28.458531254
-86.746043952 -242.670445562 28.457395575
-86.649379777 -242.495356906 28.456259897
-86.552715602 -242.320268251 28.455124219
-86.456051427 -242.145179596 28.453988541
-86.359387252 -241.970090940 28.452852863
-86.262723077 -241.795002285 28.451717185
-86.166058902 -241.619913629 28.450581506
-86.069394726 -241.444824974 28.449445828
-85.972730551 -241.269736319 28.448310150
-85.876066376 -241.094647663 28.447174472
-85.779402201 -240.919559008 28.446038794
-85.682738026 -240.744470353 28.444903115
-85.586073851 -240.569381697 28.443767437
-85.489409675 -240.394293042 28.442631759
-85.392745500 -240.219204386 28.441680055
-85.296081325 -240.044115731 28.440987512
-85.199417150 -239.869027075 28.440554129
-85.102752975 -239.693938420 28.440379907
-85.006088800 -239.518849764 28.440464846
-84.909424626 -239.343761109 28.440624972
-84.812760451 -239.168672453 28.440785098
-84.716096276 -238.993583798 28.440945223
-84.619432101 -238.818495142 28.441105349
-84.522767926 -238.643406487 28.441265474
-84.426103751 -238.468317831 28.441425600
-84.329439577 -238.293229176 28.441585725
-84.232775402 -238.118140520 28.441745851
-84.136111227 -237.943051865 28.441905977
-84.039447052 -237.767963209 28.442066102
-83.942782877 -237.592874553 28.442226228
-83.846118702 -237.417785898 28.442386353
-83.749454527 -237.242697242 28.442546479
-83.652790353 -237.067608587 28.442706604
-83.556126178 -236.892519931 28.442866730
-83.459462003 -236.717431276 28.443026856
-83.362797828 -236.542342620 28.443186981
-83.266133653 -236.367253965 28.443285064
-83.169469479 -236.192165309 28.443087553
-83.072805304 -236.017076653 28.442594449
-82.976141129 -235.841987998 28.441805751
-82.879476955 -235.666899342 28.440721459
-82.782812781 -235.491810686 28.439403617
-82.686148606 -235.316722030 28.438085774
-82.589484432 -235.141633374 28.436767931
-82.492820258 -234.966544718 28.435450089
-82.396156084 -234.791456063 28.434132246
-82.299491909 -234.616367407 28.432814404
-82.202827735 -234.441278751 28.431496561
-82.106163561 -234.266190095 28.430178718
-82.009499386 -234.091101439 28.428860876
-81.912835212 -233.916012783 28.427543033
-81.816171038 -233.740924127 28.426225190
-81.719506863 -233.565835472 28.424907348
-81.622842689 -233.390746816 28.423589505
-81.526178515 -233.215658160 28.422271662
-81.429514341 -233.040569504 28.420953820
-81.332850166 -232.865480848 28.419635977
-81.236185992 -232.690392192 28.418318134
-81.139521818 -232.515303536 28.417000292
-81.042857643 -232.340214881 28.415682449
-80.946193469 -232.165126225 28.414364606
-80.849529295 -231.990037569 28.413046764
-80.752865120 -231.814948913 28.411728921
-80.656200946 -231.639860257 28.410411078
-80.559536772 -231.464771601 28.409093236
-80.462872598 -231.289682946 28.407775393
-80.366208423 -231.114594290 28.406457550
-80.269544249 -230.939505634 28.405139708
-80.172880075 -230.764416978 28.403821865
-80.076215900 -230.589328322 28.402484078
-79.979551725 -230.414239667 28.401123781
-79.882887550 -230.239151011 28.399740974
-79.786223374 -230.064062356 28.398335658
-79.689559199 -229.888973701 28.396907832
-79.592895023 -229.713885046 28.395477440
-79.496230847 -229.538796391 28.394047049
-79.399566671 -229.363707736 28.392616658
-79.302902495 -229.188619081 28.391186267
-79.206238319 -229.013530426 28.389755876
-79.109574143 -228.838441771 28.388325485
-79.012909967 -228.663353116 28.386895094
-78.916411758 -228.488174153 28.385620642
-78.820343101 -228.312761453 28.384749794
-78.724703999 -228.137115017 28.384282548
-78.629494450 -227.961234845 28.384218906
-78.534714455 -227.785120937 28.384558866
-78.440198047 -227.608863600 28.385146490
-78.345681639 -227.432606263 28.385734115
-78.251165232 -227.256348927 28.386321739
-78.156648824 -227.080091590 28.386909363
-78.062132417 -226.903834254 28.387496987
-77.967616009 -226.727576917 28.388084611
-77.873099601 -226.551319581 28.388672235
-77.778583194 -226.375062244 28.389259860
-77.684066786 -226.198804908 28.389847484
-77.589550378 -226.022547571 28.390435108
-77.495033971 -225.846290235 28.391022732
-77.400517563 -225.670032898 28.391610356
-77.306001155 -225.493775561 28.392197980
-77.211484748 -225.317518225 28.392785604
-77.116968340 -225.141260888 28.393373229
-77.022717351 -224.964864518 28.393922041
-76.929153166 -224.788108383 28.394370424
-76.836275784 -224.610992481 28.394718377
-76.744085206 -224.433516813 28.394965901
-76.652581432 -224.255681380 28.395112995
-76.561499042 -224.077625213 28.395198470
-76.470416653 -223.899569047 28.395283946
-76.379334263 -223.721512881 28.395369422
-76.288251874 -223.543456715 28.395454897
-76.197169484 -223.365400548 28.395540373
-76.106199948 -223.187287235 28.395646459
-76.015522433 -223.009026046 28.395805878
-75.925136940 -222.830616981 28.396018630
-75.835043468 -222.652060041 28.396284714
-75.745242017 -222.473355226 28.396604130
-75.655619734 -222.294559682 28.396956268
-75.565997451 -222.115764139 28.397308406
-75.476375168 -221.936968595 28.397660545
-75.386752886 -221.758173051 28.398012683
-75.297130603 -221.579377508 28.398364821
-75.207795413 -221.400441750 28.398708194
-75.119203080 -221.221143189 28.399028884
-75.031353603 -221.041481822 28.399326893
-74.944246984 -220.861457651 28.399602220
-74.857883221 -220.681070674 28.399854866
-74.771975222 -220.500461107 28.400093595
-74.686067223 -220.319851540 28.400332325
-74.600159224 -220.139241973 28.400571054
-74.514494577 -219.958517784 28.400803328
-74.429104445 -219.777664295 28.401028320
-74.343988829 -219.596681505 28.401246029
-74.259147729 -219.415569415 28.401456456
-74.174581143 -219.234328025 28.401659601
-74.090045722 -219.053071956 28.401861919
-74.005510301 -218.871815887 28.402064237
-73.920974880 -218.690559818 28.402266556
-73.836439458 -218.509303749 28.402468874
-73.751904037 -218.328047680 28.402671192
-73.667850576 -218.146571201 28.402897040
-73.584340792 -217.964846088 28.403149430
-73.501374685 -217.782872340 28.403428364
-73.418952256 -217.600649959 28.403733840
-73.337073504 -217.418178943 28.404065860
-73.255256470 -217.235679702 28.404400892
-73.173439435 -217.053180461 28.404735925
-73.091622400 -216.870681221 28.405070957
-73.009805365 -216.688181980 28.405405989
-72.927988331 -216.505682739 28.405741022
-72.846914950 -216.322860268 28.406072948
-72.766680439 -216.139673180 28.406401369
-72.687284797 -215.956121477 28.406726287
-72.608728024 -215.772205157 28.407047700
-72.531010121 -215.587924220 28.407365609
-72.453387432 -215.403601899 28.407683121
-72.375764744 -215.219279577 28.408000632
-72.298142055 -215.034957256 28.408318143
-72.220519367 -214.850634934 28.408635654
-72.142896679 -214.666312612 28.408953166
-72.065273990 -214.481990291 28.409270677
-71.987651302 -214.297667969 28.409588188
-71.910262099 -214.113249558 28.409884156
-71.833476978 -213.928582541 28.410124387
-71.757295940 -213.743666917 28.410308879
-71.681718984 -213.558502687 28.410437634
-71.606746111 -213.373089850 28.410510651
-71.532143836 -213.187524497 28.410549474
-71.457541560 -213.001959143 28.410588296
-71.382939285 -212.816393789 28.410627119
-71.308337010 -212.630828435 28.410665942
-71.233734734 -212.445263081 28.410704764
-71.159132459 -212.259697728 28.410743587
-71.084530184 -212.074132374 28.410782409
-71.009927908 -211.888567020 28.410821232
-70.935656766 -211.702870470 28.410835645
-70.861759149 -211.517025927 28.410822524
-70.788235055 -211.331033393 28.410781868
-70.715084485 -211.144892866 28.410713678
-70.642307440 -210.958604348 28.410617953
-70.569572785 -210.772299034 28.410519104
-70.496838130 -210.585993720 28.410420255
-70.424103475 -210.399688407 28.410321406
-70.351368819 -210.213383093 28.410222556
-70.278634164 -210.027077779 28.410123707
-70.205899509 -209.840772465 28.410024858
-70.133164854 -209.654467151 28.409926009
-70.060813345 -209.468018069 28.409844445
-69.989453122 -209.281197026 28.409807601
-69.919084185 -209.094004022 28.409815479
-69.849706535 -208.906439056 28.409868077
-69.781320171 -208.718502129 28.409965396
-69.713541948 -208.530337009 28.410090151
-69.645763725 -208.342171888 28.410214906
-69.577985503 -208.154006768 28.410339660
-69.510207280 -207.965841648 28.410464415
-69.442429057 -207.777676527 28.410589170
-69.374650834 -207.589511407 28.410713925
-69.306872611 -207.401346287 28.410838679
-69.239094389 -207.213181166 28.410963434
-69.171316166 -207.025016046 28.411088189
-69.103537943 -206.836850926 28.411212944
-69.035759720 -206.648685805 28.411337698
-68.967981498 -206.460520685 28.411462453
-68.900203275 -206.272355564 28.411587208
-68.832995629 -206.083990398 28.411741447
-68.766431600 -205.895399577 28.411928944
-68.700511187 -205.706583101 28.412149700
-68.635234391 -205.517540971 28.412403714
-68.570601212 -205.328273187 28.412690987
-68.506041073 -205.138979794 28.412982034
-68.441480933 -204.949686402 28.413273081
-68.376920794 -204.760393010 28.413564128
-68.312360654 -204.571099617 28.413855175
-68.247800515 -204.381806225 28.414146222
-68.183240375 -204.192512833 28.414437269
-68.118680236 -204.003219440 28.414728316
-68.054120096 -203.813926048 28.415019363
-67.989559957 -203.624632656 28.415310410
-67.924999817 -203.435339263 28.415601457
-67.860922587 -203.245885030 28.415865366
-67.797390074 -203.056249370 28.416098664
-67.734402278 -202.866432283 28.416301352
-67.671959198 -202.676433768 28.416473429
-67.610060836 -202.486253827 28.416614895
-67.548224281 -202.296053300 28.416752887
-67.486387727 -202.105852773 28.416890879
-67.424551172 -201.915652246 28.417028872
-67.362714617 -201.725451719 28.417166864
-67.300878063 -201.535251192 28.417304857
-67.239041508 -201.345050665 28.417442849
-67.177204953 -201.154850138 28.417580842
-67.115627271 -200.964567954 28.417708806
-67.054719315 -200.774074515 28.417810828
-66.994481085 -200.583369823 28.417886906
-66.934912580 -200.392453876 28.417937041
-66.876013801 -200.201326676 28.417961234
-66.817525875 -200.010069879 28.417969511
-66.759037949 -199.818813081 28.417977788
-66.700550023 -199.627556284 28.417986065
-66.642062097 -199.436299487 28.417994342
-66.583574171 -199.245042690 28.418002619
-66.525086245 -199.053785892 28.418010897
-66.466598318 -198.862529095 28.418019174
-66.408110392 -198.671272298 28.418027451
-66.349622466 -198.480015501 28.418035728
-66.291134540 -198.288758703 28.418044005
-66.232978130 -198.097404563 28.418058706
-66.175679382 -197.905798586 28.418090025
-66.119238294 -197.713940774 28.418137962
-66.063654867 -197.521831126 28.418202517
-66.008929101 -197.329469642 28.418283691
-65.954729480 -197.136953666 28.418375059
-65.900529858 -196.944437690 28.418466427
-65.846330237 -196.751921714 28.418557796
-65.792130615 -196.559405738 28.418649164
-65.737930994 -196.366889762 28.418740532
-65.683731372 -196.174373786 28.418831900
-65.629531751 -195.981857810 28.418923269
-65.575332130 -195.789341834 28.419014637
-65.521609213 -195.596695228 28.419001357
-65.468424014 -195.403901274 28.418870037
-65.415776531 -195.210959972 28.418620675
-65.363666764 -195.017871321 28.418253272
-65.312094713 -194.824635322 28.417767828
-65.260583674 -194.631382605 28.417268990
-65.209072634 -194.438129887 28.416770153
-65.157561594 -194.244877170 28.416271316
-65.106050555 -194.051624452 28.415772478
-65.054539515 -193.858371735 28.415273641
-65.003028476 -193.665119017 28.414774804
-64.951517436 -193.471866300 28.414275966
-64.900217329 -193.278558948 28.413763750
-64.849462864 -193.085110266 28.413216924
-64.799254042 -192.891520254 28.412635489
-64.749590863 -192.697788913 28.412019444
-64.700473326 -192.503916241 28.411368790
-64.651690499 -192.309956875 28.410696905
-64.602907673 -192.115997508 28.410025021
-64.554124847 -191.922038142 28.409353136
-64.505342020 -191.728078775 28.408681252
-64.456559194 -191.534119409 28.408009367
-64.407840457 -191.340144069 28.407358588
-64.359287482 -191.146127414 28.406762396
-64.310900270 -190.952069444 28.406220791
-64.262678821 -190.757970159 28.405733773
-64.214623134 -190.563829559 28.405301342
-64.166669121 -190.369663618 28.404902394
-64.118715108 -190.175497677 28.404503445
-64.070761095 -189.981331736 28.404104496
-64.022807082 -189.787165795 28.403705548
-63.974853069 -189.592999854 28.403306599
-63.927239797 -189.398753839 28.402914330
-63.880507784 -189.204300727 28.402539336
-63.834657030 -189.009640518 28.402181617
-63.789687536 -188.814773212 28.401841173
-63.745599301 -188.619698809 28.401518004
-63.702051585 -188.424497384 28.401205432
-63.658503868 -188.229295958 28.400892859
-63.614956152 -188.034094533 28.400580286
-63.571408436 -187.838893108 28.400267713
-63.527860719 -187.643691683 28.399955140
-63.484542685 -187.448440846 28.399627338
-63.441818658 -187.253062219 28.399260149
-63.399688640 -187.057555802 28.398853572
-63.358152629 -186.861921596 28.398407609
-63.317210627 -186.666159600 28.397922259
-63.276632951 -186.470319225 28.397412751
-63.236055275 -186.274478851 28.396903244
-63.195477599 -186.078638477 28.396393736
-63.154899924 -185.882798102 28.395884228
-63.114322248 -185.686957728 28.395374721
-63.073744572 -185.491117354 28.394865213
-63.033166896 -185.295276979 28.394355705
-62.992589220 -185.099436605 28.393846198
-62.952011544 -184.903596231 28.393336690
-62.911433868 -184.707755856 28.392827182
-62.871233032 -184.511842266 28.392299620
-62.832006663 -184.315739349 28.391725368
-62.793754762 -184.119447103 28.391104428
-62.756477329 -183.922965529 28.390436799
-62.720174364 -183.726294627 28.389722482
-62.684469028 -183.529507613 28.388979531
-62.648763691 -183.332720599 28.388236580
-62.613058355 -183.135933585 28.387493629
-62.577353018 -182.939146570 28.386750678
-62.541647682 -182.742359556 28.386007727
-62.505942345 -182.545572542 28.385264776
-62.470237008 -182.348785528 28.384521825
-62.434531672 -182.151998514 28.383778875
-62.399302864 -181.955128390 28.383155814
-62.364611414 -181.758164546 28.382667948
-62.330457322 -181.561106984 28.382315277
-62.296840587 -181.363955702 28.382097801
-62.263761211 -181.166710702 28.382015519
-62.230742664 -180.969455092 28.381948541
-62.197724117 -180.772199482 28.381881564
-62.164705570 -180.574943873 28.381814586
-62.131687023 -180.377688263 28.381747608
-62.098668476 -180.180432653 28.381680631
-62.065649929 -179.983177044 28.381613653
-62.032631382 -179.785921434 28.381546675
-61.999929069 -179.588616247 28.381502069
-61.968044318 -179.391182889 28.381515299
-61.936977130 -179.193621358 28.381586365
-61.906727505 -178.995931656 28.381715267
-61.877295443 -178.798113781 28.381902006
-61.848364710 -178.600217311 28.382124209
-61.819433978 -178.402320842 28.382346413
-61.790503245 -178.204424372 28.382568617
-61.761572512 -178.006527902 28.382790821
-61.732641780 -177.808631433 28.383013025
-61.703948329 -177.610702148 28.383181198
-61.675868317 -177.412688029 28.383209685
-61.648401743 -177.214589076 28.383098486
-61.621548608 -177.016405288 28.382847602
-61.595308911 -176.818136665 28.382457033
-61.569445371 -176.619816023 28.381980809
-61.543581831 -176.421495380 28.381504586
-61.517718291 -176.223174738 28.381028362
-61.491854751 -176.024854095 28.380552139
-61.465991210 -175.826533452 28.380075915
-61.440175575 -175.628206638 28.379631893
-61.414483777 -175.429863871 28.379271115
-61.388915817 -175.231505150 28.378993581
-61.363471694 -175.033130476 28.378799292
-61.338151409 -174.834739848 28.378688246
-61.312907057 -174.636339438 28.378628243
-61.287662704 -174.437939028 28.378568239
-61.262418352 -174.239538618 28.378508236
-61.237529523 -174.041094794 28.378555895
-61.213041583 -173.842602016 28.378724954
-61.188954534 -173.644060285 28.379015414
-61.165268374 -173.445469600 28.379427274
-61.141983104 -173.246829962 28.379960534
-61.118743201 -173.048184784 28.380507533
-61.095503297 -172.849539605 28.381054532
-61.072436453 -172.650875167 28.381603097
-61.049816950 -172.452160942 28.382155711
-61.027644788 -172.253396933 28.382712373
-61.005919966 -172.054583137 28.383273085
-60.984642485 -171.855719556 28.383837844
-60.963639285 -171.656825450 28.384405086
-60.942636084 -171.457931343 28.384972329
-60.921632884 -171.259037237 28.385539571
-60.900629684 -171.060143130 28.386106813
-60.879626484 -170.861249024 28.386674055
-60.858623284 -170.662354917 28.387241297
-60.837620084 -170.463460811 28.387808539
-60.816616884 -170.264566704 28.388375781
-60.796365541 -170.065601285 28.388906809
-60.776961920 -169.866555461 28.389397005
-60.758406022 -169.667429231 28.389846368
-60.740697848 -169.468222596 28.390254900
-60.723837396 -169.268935556 28.390622600
-60.707072810 -169.069639423 28.390985682
-60.690308225 -168.870343290 28.391348765
-60.673543639 -168.671047157 28.391711847
-60.656779053 -168.471751024 28.392074929
-60.640014468 -168.272454891 28.392438011
-60.623249882 -168.073158757 28.392801094
-60.606485296 -167.873862624 28.393164176
-60.589642402 -167.674573279 28.393527259
-60.572597123 -167.475301475 28.393890343
-60.555349461 -167.276047214 28.394253429
-60.537899415 -167.076810494 28.394616516
-60.520246986 -166.877591316 28.394979605
-60.502470482 -166.678382893 28.395342694
-60.484693977 -166.479174470 28.395705784
-60.466917473 -166.279966047 28.396068873
-60.449681095 -166.080713580 28.396358704
-60.433053690 -165.881411456 28.396565938
-60.417035257 -165.682059676 28.396690575
-60.401625798 -165.482658238 28.396732616
-60.386825311 -165.283207143 28.396692060
-60.372093671 -165.083750434 28.396642166
-60.357362031 -164.884293725 28.396592272
-60.342630391 -164.684837015 28.396542378
-60.327898750 -164.485380306 28.396492485
-60.313167110 -164.285923597 28.396442591
-60.298655038 -164.086451356 28.396504488
-60.284390520 -163.886961603 28.396692424
-60.270373557 -163.687454337 28.397006400
-60.256604148 -163.487929559 28.397446416
-60.243082293 -163.288387269 28.398012472
-60.229588426 -163.088843000 28.398592777
-60.216094559 -162.889298730 28.399173082
-60.202600691 -162.689754461 28.399753387
-60.189106824 -162.490210191 28.400333691
-60.175612956 -162.290665921 28.400913996
-60.162700698 -162.091087116 28.401506717
-60.150444152 -161.891469375 28.402113437
-60.138843317 -161.691812699 28.402734154
-60.127898194 -161.492117086 28.403368870
-60.117608784 -161.292382538 28.404017584
-60.107393476 -161.092643590 28.404667880
-60.097178169 -160.892904641 28.405318176
-60.086962861 -160.693165693 28.405968471
-60.076747553 -160.493426745 28.406618767
-60.066532246 -160.293687796 28.407269063
-60.056316938 -160.093948848 28.407919359
-60.046101630 -159.894209899 28.408569655
-60.035886323 -159.694470951 28.409219951
-60.025671015 -159.494732003 28.409870246
-60.015455707 -159.294993054 28.410520542
-60.005342215 -159.095249046 28.411055184
-59.995343499 -158.895499332 28.411459448
-59.985459561 -158.695743913 28.411733334
-59.975690401 -158.495982790 28.411876842
-59.966036017 -158.296215962 28.411889972
-59.956394596 -158.096448490 28.411888378
-59.946753174 -157.896681017 28.411886784
-59.937111752 -157.696913545 28.411885190
-59.927470331 -157.497146073 28.411883597
-59.917828909 -157.297378601 28.411882003
-59.908187488 -157.097611128 28.411880409
-59.898546066 -156.897843656 28.411878815
-59.888904645 -156.698076184 28.411877221
-59.879263223 -156.498308711 28.411875627
-59.869621802 -156.298541239 28.411874034
-59.860493754 -156.098752714 28.411840383
-59.851944437 -155.898940456 28.411770593
-59.844638985 -155.699093800 28.411623182
-59.839328920 -155.499200694 28.411351277
-59.836014242 -155.299261139 28.410954878
-59.834181577 -155.099296188 28.410466042
-59.833765569 -154.899308520 28.409888851
-59.834101083 -154.699308802 28.409264788
-59.834436597 -154.499309083 28.408640725
-59.834772111 -154.299309365 28.408016662
-59.835107625 -154.099309646 28.407392599
-59.835443139 -153.899309927 28.406768536
-59.835778653 -153.699310209 28.406144473
-59.836114167 -153.499310490 28.405520410
-59.836449681 -153.299310772 28.404896348
-59.836785196 -153.099311053 28.404272285
-59.837120710 -152.899311335 28.403648222
-59.837456224 -152.699311616 28.403024159
-59.837791738 -152.499311897 28.402400096
-59.838127252 -152.299312179 28.401776033
-59.838462766 -152.099312460 28.401151970
-59.838798280 -151.899312742 28.400527907
-59.839133794 -151.699313023 28.399903844
-59.839469308 -151.499313305 28.399279781
-59.839804823 -151.299313586 28.398655718
-59.840140337 -151.099313867 28.398031656
-59.840475851 -150.899314149 28.397407593
-59.840811365 -150.699314430 28.396750677
-59.841146879 -150.499314712 28.396023809
-59.841482392 -150.299314993 28.395226987
-59.841817906 -150.099315275 28.394360212
-59.842153419 -149.899315556 28.393423483
-59.842488933 -149.699315837 28.392449653
-59.842824446 -149.499316119 28.391475823
-59.843159959 -149.299316400 28.390501993
-59.843495472 -149.099316682 28.389528163
-59.843830986 -148.899316963 28.388554334
-59.844166499 -148.699317245 28.387580504
-59.844502012 -148.499317526 28.386606674
-59.844837525 -148.299317807 28.385632844
-59.845173039 -148.099318089 28.384659014
-59.845508552 -147.899318370 28.383685184
-59.845844065 -147.699318652 28.382711355
-59.846179578 -147.499318933 28.381737525
-59.846515092 -147.299319214 28.380763695
-59.846850605 -147.099319496 28.379789865
-59.847186118 -146.899319777 28.378816035
-59.847521632 -146.699320059 28.377842205
-59.847857145 -146.499320340 28.376868375
-59.848192658 -146.299320622 28.375894546
-59.848528171 -146.099320903 28.374920716
-59.848863685 -145.899321184 28.373946886
-59.849199198 -145.699321466 28.373046333
-59.849534711 -145.499321747 28.372301711
-59.849870224 -145.299322029 28.371713021
-59.850205738 -145.099322310 28.371280262
-59.850541251 -144.899322592 28.371003435
-59.850876765 -144.699322873 28.370809264
-59.851212278 -144.499323154 28.370615092
-59.851547791 -144.299323436 28.370420920
-59.851883305 -144.099323717 28.370226748
-59.852218818 -143.899323999 28.370032577
-59.852554331 -143.699324280 28.369838405
-59.852889845 -143.499324562 28.369644233
-59.853225358 -143.299324843 28.369450061
-59.853560871 -143.099325124 28.369255890
-59.853896385 -142.899325406 28.369061718
-59.854231898 -142.699325687 28.368867546
-59.854567411 -142.499325969 28.368673374
-59.854902925 -142.299326250 28.368479203
-59.855238438 -142.099326531 28.368285031
-59.855573951 -141.899326813 28.368090859
-59.855909465 -141.699327094 28.367896687
-59.856244978 -141.499327376 28.367702515
-59.856580491 -141.299327657 28.367508344
-59.856916005 -141.099327939 28.367314172
-59.857251518 -140.899328220 28.367120000
-59.857587031 -140.699328501 28.366925828
-59.857922545 -140.499328783 28.366731657
-59.858258058 -140.299329064 28.366537485
-59.858593571 -140.099329346 28.366573192
-59.858929085 -139.899329627 28.366845904
-59.859264598 -139.699329909 28.367355618
-59.859600111 -139.499330190 28.368102336
-59.859935625 -139.299330471 28.369086058
-59.860271138 -139.099330753 28.370076904
-59.860606651 -138.899331034 28.371067751
-59.860942165 -138.699331316 28.372058597
-59.861277678 -138.499331597 28.373049443
-59.861613191 -138.299331879 28.374040289
-59.861948704 -138.099332160 28.375031135
-59.862284218 -137.899332441 28.376021981
-59.862619731 -137.699332723 28.377012827
-59.862955244 -137.499333004 28.378003673
-59.863290758 -137.299333286 28.378994519
-59.863626271 -137.099333567 28.379985365
-59.863961784 -136.899333848 28.380976212
-59.864297298 -136.699334130 28.381967058
-59.864632811 -136.499334411 28.382957904
-59.864968324 -136.299334693 28.383948750
-59.865303837 -136.099334974 28.384939596
-59.865639351 -135.899335256 28.385930442
-59.865974864 -135.699335537 28.386921288
-59.866310377 -135.499335818 28.387912134
-59.866645891 -135.299336100 28.388902980
-59.866981404 -135.099336381 28.389893826
-59.867316917 -134.899336663 28.390884673
-59.867652431 -134.699336944 28.391875519
-59.867987944 -134.499337226 28.392866365
-59.868323457 -134.299337507 28.393857211
-59.868658970 -134.099337788 28.394593586
-59.868994484 -133.899338070 28.395067704
-59.869329997 -133.699338351 28.395279565
-59.869665510 -133.499338633 28.395229167
-59.870001023 -133.299338914 28.394916513
-59.870336537 -133.099339196 28.394596071
-59.870672050 -132.899339477 28.394275630
-59.871007563 -132.699339758 28.393955188
-59.871343076 -132.499340040 28.393634747
-59.871678590 -132.299340321 28.393314305
-59.872014103 -132.099340603 28.392993864
-59.872349616 -131.899340884 28.392673422
-59.872685129 -131.699341165 28.392352981
-59.873020643 -131.499341447 28.392032540
-59.873356156 -131.299341728 28.391712098
-59.873691669 -131.099342010 28.391391657
-59.874027182 -130.899342291 28.391071215
-59.874362696 -130.699342573 28.390750774
-59.874698209 -130.499342854 28.390430332
-59.875033722 -130.299343135 28.390109891
-59.875369235 -130.099343417 28.389789449
-59.875704749 -129.899343698 28.389469008
-59.876040262 -129.699343980 28.389148566
-59.876375775 -129.499344261 28.388828125
-59.876711289 -129.299344543 28.388507683
-59.877046802 -129.099344824 28.388187242
-59.877382315 -128.899345105 28.387866800
-59.877717828 -128.699345387 28.387546359
-59.878053342 -128.499345668 28.387225917
-59.878388855 -128.299345950 28.386905476
-59.878724368 -128.099346231 28.386585034
-59.879059881 -127.899346513 28.386264593
-59.879395395 -127.699346794 28.385944152
-59.879730908 -127.499347075 28.385623710
-59.880066421 -127.299347357 28.385303269
-59.880401934 -127.099347638 28.384982827
-59.880737448 -126.899347920 28.384662386
-59.881072961 -126.699348201 28.384341944
-59.881408474 -126.499348482 28.384021503
-59.881743987 -126.299348764 28.383701061
-59.882079501 -126.099349045 28.383380620
-59.882415014 -125.899349327 28.383060178
-59.882750527 -125.699349608 28.382739737
-59.883086040 -125.499349890 28.382419295
-59.883421554 -125.299350171 28.382098854
-59.883757067 -125.099350452 28.381778412
-59.884641442 -124.899364608 28.381508067
-59.887412706 -124.699426463 28.381409942
-59.892070857 -124.499536015 28.381484037
-59.898615896 -124.299693266 28.381730353
-59.907047823 -124.099898214 28.382148889
-59.916817776 -123.900136987 28.382689550
-59.926587728 -123.700375759 28.383230211
-59.936357681 -123.500614532 28.383770872
-59.946127633 -123.300853304 28.384311533
-59.955897586 -123.101092077 28.384852194
-59.965667538 -122.901330849 28.385392855
-59.975437491 -122.701569622 28.385933516
-59.985207443 -122.501808394 28.386474177
-59.994977396 -122.302047167 28.387014838
-60.004747348 -122.102285939 28.387555498
-60.013999004 -121.902510926 28.388053181
-60.021469185 -121.702688531 28.388403140
-60.027157892 -121.502818753 28.388605374
-60.031065124 -121.302901593 28.388659885
-60.033190882 -121.102937050 28.388566672
-60.034053462 -120.902938910 28.388368713
-60.034916043 -120.702940770 28.388170755
-60.035778623 -120.502942630 28.387972796
-60.036641204 -120.302944491 28.387774837
-60.037503784 -120.102946351 28.387576879
-60.038366365 -119.902948211 28.387378920
-60.039228945 -119.702950071 28.387180961
-60.040091526 -119.502951931 28.386983003
-60.040954106 -119.302953791 28.386785044
-60.041816687 -119.102955651 28.386587086
-60.042679267 -118.902957511 28.386389127
-60.043541847 -118.702959372 28.386191168
-60.044404428 -118.502961232 28.385993210
-60.045267008 -118.302963092 28.385795251
-60.046129589 -118.102964952 28.385597292
-60.046948703 -117.902966706 28.385388129
-60.047618422 -117.702968094 28.385140455
-60.048138744 -117.502969117 28.384854271
-60.048509671 -117.302969775 28.384529576
-60.048731202 -117.102970068 28.384166370
-60.048846803 -116.902970101 28.383775858
-60.048962404 -116.702970134 28.383385347
-60.049078006 -116.502970168 28.382994835
-60.049193607 -116.302970201 28.382604323
-60.049309208 -116.102970235 28.382213811
-60.049424810 -115.902970268 28.381823300
-60.049540411 -115.702970301 28.381432788
-60.049656012 -115.502970335 28.381042276
-60.049771614 -115.302970368 28.380651764
-60.049887215 -115.102970402 28.380261253
-60.050002816 -114.902970435 28.379870741
-60.050118418 -114.702970469 28.379480229
-60.050234019 -114.502970502 28.379089717
-60.050349620 -114.302970535 28.378699206
-60.050465222 -114.102970569 28.378308694
-60.050580823 -113.902970602 28.377918182
-60.050696424 -113.702970636 28.377527670
-60.050812025 -113.502970669 28.377137158
-60.050465770 -113.302973807 28.376761612
-60.049535619 -113.102980869 28.376404985
-60.048021570 -112.902991855 28.376067277
-60.045923625 -112.703006766 28.375748489
-60.043241783 -112.503025601 28.375448620
-60.040437901 -112.303045256 28.375152706
-60.037634019 -112.103064911 28.374856792
-60.034830137 -111.903084567 28.374560877
-60.032026255 -111.703104222 28.374264963
-60.029222373 -111.503123877 28.373969049
-60.026418490 -111.303143533 28.373673134
-60.023614608 -111.103163188 28.373377220
-60.020810726 -110.903182844 28.373081306
-60.018006844 -110.703202499 28.372785391
-60.015202962 -110.503222154 28.372489477
-60.012399079 -110.303241810 28.372193563
-60.009595197 -110.103261465 28.371897649
-60.006791315 -109.903281120 28.371601734
-60.003987433 -109.703300776 28.371305820
-60.001183551 -109.503320431 28.371009906
-59.998048237 -109.303346470 28.370698269
-59.994493925 -109.103380579 28.370366757
-59.990520615 -108.903422758 28.370015368
-59.986128308 -108.703473008 28.369644103
-59.981317004 -108.503531328 28.369252962
-59.976418134 -108.303591334 28.368857668
-59.971519264 -108.103651340 28.368462373
-59.966620393 -107.903711347 28.368067079
-59.961721523 -107.703771353 28.367671784
-59.956822653 -107.503831359 28.367276490
-59.951923783 -107.303891366 28.366881195
-59.947024913 -107.103951372 28.366485900
-59.942126043 -106.904011378 28.366090606
-59.937227172 -106.704071385 28.365695311
-59.932328302 -106.504131391 28.365300017
-59.927370220 -106.304192904 28.364920572
-59.922337285 -106.104256320 28.364561165
-59.917163222 -105.904323578 28.364239539
-59.911686588 -105.704399395 28.363998914
-59.905907384 -105.504483771 28.363839291
-59.899875216 -105.304575510 28.363747391
-59.893599871 -105.104674402 28.363720595
-59.887147624 -104.904778512 28.363741160
-59.880679917 -104.704883120 28.363765864
-59.874196750 -104.504988227 28.363794708
-59.867707728 -104.305093524 28.363825119
-59.861218706 -104.105198820 28.363855530
-59.854729684 -103.905304116 28.363885941
-59.848240662 -103.705409412 28.363916352
-59.841751640 -103.505514709 28.363946763
-59.835262619 -103.305620005 28.363977174
-59.828773597 -103.105725301 28.364007585
-59.822284575 -102.905830597 28.364037996
-59.815795553 -102.705935893 28.364068407
-59.809306531 -102.506041190 28.364098818
-59.802817509 -102.306146486 28.364129229
-59.796328487 -102.106251782 28.364159640
-59.790025542 -101.906354608 28.364190807
-59.785256616 -101.706437073 28.364228204
-59.782021707 -101.506499176 28.364271831
-59.780320816 -101.306540917 28.364321688
-59.780153943 -101.106562296 28.364377775
-59.781335011 -100.906565783 28.364439336
-59.782516079 -100.706569271 28.364500898
-59.783697147 -100.506572758 28.364562459
-59.784878215 -100.306576245 28.364624021
-59.786059283 -100.106579733 28.364685582
-59.787240351 -99.906583220 28.364747144
-59.788421419 -99.706586707 28.364808705
-59.789602487 -99.506590195 28.364870267
-59.790783555 -99.306593682 28.364931828
-59.791964623 -99.106597169 28.364993390
-59.793145691 -98.906600657 28.365054951
-59.794326759 -98.706604144 28.365116513
-59.795507827 -98.506607631 28.365178074
-59.796688895 -98.306611119 28.365239636
-59.797869963 -98.106614606 28.365301197
-59.799051031 -97.906618093 28.365362759
-59.800232099 -97.706621581 28.365424320
-59.801413167 -97.506625068 28.365485882
-59.802556890 -97.306628363 28.365582974
-59.803640505 -97.106631348 28.365737254
-59.804664013 -96.906634023 28.365948723
-59.805627412 -96.706636389 28.366217379
-59.806530704 -96.506638444 28.366543222
-59.807411232 -96.306640383 28.366890723
-59.808291761 -96.106642321 28.367238224
-59.809172290 -95.906644259 28.367585725
-59.810052819 -95.706646198 28.367933226
-59.810933348 -95.506648136 28.368280727
-59.811813877 -95.306650074 28.368628227
-59.812694405 -95.106652013 28.368975728
-59.813574934 -94.906653951 28.369323229
-59.814455463 -94.706655889 28.369670730
-59.815335992 -94.506657828 28.370018231
-59.816216521 -94.306659766 28.370365731
-59.817097050 -94.106661704 28.370713232
-59.817977579 -93.906663643 28.371060733
-59.818858107 -93.706665581 28.371408234
-59.819738636 -93.506667519 28.371755735
-59.820680433 -93.306669803 28.372088154
-59.821720838 -93.106672642 28.372396301
-59.822859851 -92.906676037 28.372680174
-59.824097472 -92.706679988 28.372939775
-59.825433701 -92.506684494 28.373175103
-59.826807269 -92.306689211 28.373401239
-59.828180837 -92.106693928 28.373627376
-59.829554406 -91.906698645 28.373853512
-59.830927974 -91.706703361 28.374079649
-59.832301542 -91.506708078 28.374305785
-59.833675111 -91.306712795 28.374531921
-59.835048679 -91.106717512 28.374758058
-59.836422248 -90.906722229 28.374984194
-59.837795816 -90.706726945 28.375210331
-59.839169384 -90.506731662 28.375436467
-59.840542953 -90.306736379 28.375662604
-59.841916521 -90.106741096 28.375888740
-59.843290089 -89.906745812 28.376114877
-59.844663658 -89.706750529 28.376341013
-59.846037226 -89.506755246 28.376567150
-59.847296946 -89.306759442 28.376786412
-59.848373435 -89.106762799 28.376994610
-59.849266695 -88.906765317 28.377191744
-59.849976725 -88.706766996 28.377377815
-59.850503524 -88.506767837 28.377552822
-59.850960943 -88.306768360 28.377723639
-59.851418362 -88.106768883 28.377894456
-59.851875781 -87.906769406 28.378065274
-59.852333199 -87.706769929 28.378236091
-59.852790618 -87.506770452 28.378406909
-59.853248037 -87.306770975 28.378577726
-59.853705456 -87.106771498 28.378748543
-59.854162874 -86.906772021 28.378919361
-59.854620293 -86.706772545 28.379090178
-59.855077712 -86.506773068 28.379260996
-59.855535131 -86.306773591 28.379431813
-59.855992549 -86.106774114 28.379602630
-59.856449968 -85.906774637 28.379773448
-59.856907387 -85.706775160 28.379944265
-59.857364806 -85.506775683 28.380115082
-59.857822224 -85.306776206 28.380285900
-59.858279643 -85.106776729 28.380456717
-59.858766075 -84.906777405 28.380629682
-59.859491591 -84.706779343 28.380820345
-59.860456190 -84.506782542 28.381028706
-59.861659873 -84.306787002 28.381254764
-59.863102639 -84.106792723 28.381498521
-59.864755475 -83.906799553 28.381757827
-59.866408312 -83.706806383 28.382017134
-59.868061148 -83.506813213 28.382276440
-59.869713984 -83.306820042 28.382535747
-59.871366820 -83.106826872 28.382795053
-59.873019657 -82.906833702 28.383054360
-59.874672493 -82.706840532 28.383313666
-59.876325329 -82.506847362 28.383572973
-59.877978165 -82.306854191 28.383832280
-59.879631002 -82.106861021 28.384091586
-59.881283838 -81.906867851 28.384350893
-59.882936674 -81.706874681 28.384610199
-59.884589510 -81.506881511 28.384869506
-59.886242347 -81.306888340 28.385128812
-59.887895183 -81.106895170 28.385388119
-59.889543728 -80.906901966 28.385630069
-59.891156916 -80.706908486 28.385729020
-59.892734747 -80.506914729 28.385684971
-59.894277222 -80.306920695 28.385497922
-59.895784340 -80.106926385 28.385167874
-59.897260392 -79.906931832 28.384712181
-59.898736444 -79.706937279 28.384256488
-59.900212496 -79.506942726 28.383800795
-59.901688548 -79.306948173 28.383345102
-59.903164600 -79.106953620 28.382889409
-59.904640652 -78.906959067 28.382433717
-59.906116704 -78.706964514 28.381978024
-59.907592757 -78.506969961 28.381522331
-59.909068809 -78.306975407 28.381066638
-59.910544861 -78.106980854 28.380610945
-59.912020913 -77.906986301 28.380155253
-59.913496965 -77.706991748 28.379699560
-59.914973017 -77.506997195 28.379243867
-59.916357847 -77.307002136 28.378851437
-59.917595879 -77.107006263 28.378560813
-59.918687114 -76.907009576 28.378371993
-59.919631551 -76.707012075 28.378284978
-59.920429191 -76.507013760 28.378299768
-59.921171255 -76.307015136 28.378353100
-59.921913319 -76.107016513 28.378406432
-59.922655383 -75.907017890 28.378459764
-59.923397447 -75.707019266 28.378513096
-59.924139512 -75.507020643 28.378566428
-59.924881576 -75.307022020 28.378619760
-59.925623640 -75.107023396 28.378673092
-59.926365704 -74.907024773 28.378726424
-59.927107768 -74.707026150 28.378779756
-59.927849832 -74.507027526 28.378833088
-59.928591897 -74.307028903 28.378886420
-59.929333961 -74.107030280 28.378939752
-59.930101920 -73.907031821 28.378995005
-59.931083154 -73.707034723 28.379066076
-59.932277663 -73.507038985 28.379152965
-59.933685447 -73.307044606 28.379255672
-59.935306506 -73.107051588 28.379374198
-59.937114946 -72.907059764 28.379506622
-59.938923385 -72.707067940 28.379639045
-59.940731824 -72.507076117 28.379771469
-59.942540263 -72.307084293 28.379903892
-59.944348703 -72.107092469 28.380036316
-59.946157142 -71.907100646 28.380168740
-59.947965581 -71.707108822 28.380301163
-59.949774021 -71.507116998 28.380433587
-59.951582460 -71.307125174 28.380566010
-59.953390899 -71.107133351 28.380698434
-59.955199339 -70.907141527 28.380830857
-59.957007778 -70.707149703 28.380963281
-59.958816217 -70.507157880 28.381095704
-59.960555996 -70.307165530 28.381232586
-59.962185285 -70.107172334 28.381376641
-59.963704085 -69.907178291 28.381527871
-59.965112395 -69.707183402 28.381686274
-59.966410215 -69.507187666 28.381851851
-59.967666206 -69.307191610 28.382020144
-59.968922197 -69.107195554 28.382188438
-59.970178188 -68.907199498 28.382356731
-59.971434179 -68.707203441 28.382525024
-59.972690170 -68.507207385 28.382693317
-59.973946161 -68.307211329 28.382861610
-59.975202153 -68.107215273 28.383029903
-59.976458144 -67.907219217 28.383198196
-59.977714135 -67.707223160 28.383366489
-59.978970126 -67.507227104 28.383534782
-59.980226117 -67.307231048 28.383703076
-59.981482108 -67.107234992 28.383871369
-59.982734583 -66.907238915 28.384035966
-59.983958104 -66.707242667 28.384170126
-59.985152670 -66.507246247 28.384273849
-59.986318282 -66.307249656 28.384347135
-59.987454939 -66.107252893 28.384389984
-59.988566158 -65.907255980 28.384406091
-59.989677376 -65.707259068 28.384422199
-59.990788595 -65.507262155 28.384438306
-59.991899813 -65.307265242 28.384454413
-59.993011032 -65.107268329 28.384470521
-59.994122250 -64.907271416 28.384486628
-59.995233469 -64.707274503 28.384502736
-59.996344688 -64.507277590 28.384518843
-59.997455906 -64.307280677 28.384534951
-59.998567125 -64.107283764 28.384551058
-59.999678343 -63.907286851 28.384567165
-60.000789562 -63.707289938 28.384583273
-60.001900781 -63.507293025 28.384599380
-60.002959500 -63.307295876 28.384631207
-60.003933738 -63.107298346 28.384688329
-60.004823494 -62.907300437 28.384770746
-60.005628769 -62.707302147 28.384878458
-60.006349562 -62.507303477 28.385011465
-60.007038373 -62.307304663 28.385154048
-60.007727184 -62.107305849 28.385296632
-60.008415994 -61.907307036 28.385439215
-60.009104805 -61.707308222 28.385581799
-60.009793615 -61.507309408 28.385724382
-60.010482426 -61.307310594 28.385866965
-60.011171237 -61.107311780 28.386009549
-60.011860047 -60.907312966 28.386152132
-60.012548858 -60.707314153 28.386294716
-60.013237668 -60.507315339 28.386437299
-60.013926479 -60.307316525 28.386579882
-60.014615290 -60.107317711 28.386722466
-60.015332504 -59.907319078 28.386856193
-60.016283630 -59.707321935 28.386916989
-60.017468668 -59.507326281 28.386904852
-60.018887618 -59.307332117 28.386819784
-60.020540480 -59.107339442 28.386661784
-60.022398849 -58.907348076 28.386439708
-60.024257219 -58.707356710 28.386217632
-60.026115588 -58.507365344 28.385995557
-60.027973958 -58.307373978 28.385773481
-60.029832327 -58.107382612 28.385551405
-60.031690696 -57.907391246 28.385329329
-60.033549066 -57.707399880 28.385107253
-60.035407435 -57.507408514 28.384885178
-60.037265805 -57.307417148 28.384663102
-60.039124174 -57.107425782 28.384441026
-60.040982544 -56.907434416 28.384218950
-60.042840913 -56.707443050 28.383996874
-60.044699283 -56.507451684 28.383774799
-60.046436592 -56.307459488 28.383599429
-60.047979096 -56.107465956 28.383499216
-60.049326794 -55.907471089 28.383474160
-60.050479686 -55.707474885 28.383524261
-60.051437773 -55.507477346 28.383649519
-60.052322115 -55.307479301 28.383803229
-60.053206457 -55.107481256 28.383956939
-60.054090798 -54.907483212 28.384110649
-60.054975140 -54.707485167 28.384264359
-60.055859482 -54.507487122 28.384418068
-60.056743823 -54.307489077 28.384571778
-60.057628165 -54.107491032 28.384725488
-60.058512506 -53.907492987 28.384879198
-60.059396848 -53.707494943 28.385032908
-60.060281190 -53.507496898 28.385186617
-60.061165531 -53.307498853 28.385340327
-60.062049873 -53.107500808 28.385494037
-60.062934214 -52.907502763 28.385647747
-60.063818556 -52.707504718 28.385801457
-60.064702898 -52.507506674 28.385955166
-60.065553831 -52.307508503 28.386106558
-60.066351004 -52.107510132 28.386254219
-60.067094419 -51.907511558 28.386398150
-60.067784073 -51.707512784 28.386538350
-60.068419969 -51.507513807 28.386674820
-60.069035513 -51.307514754 28.386809878
-60.069651058 -51.107515702 28.386944936
-60.070266603 -50.907516649 28.387079994
-60.070882147 -50.707517596 28.387215051
-60.071497692 -50.507518543 28.387350109
-60.072113237 -50.307519491 28.387485167
-60.072728781 -50.107520438 28.387620225
-60.073344326 -49.907521385 28.387755283
-60.073959870 -49.707522332 28.387890340
-60.074575415 -49.507523280 28.388025398
-60.075190960 -49.307524227 28.388160456
-60.075806504 -49.107525174 28.388295514
-60.076434036 -48.907526173 28.388431100
-60.077160268 -48.707527597 28.388571034
-60.077985199 -48.507529447 28.388715316
-60.078908830 -48.307531723 28.388863947
-60.079931160 -48.107534424 28.389016926
-60.081040203 -47.907537499 28.389173726
-60.082149247 -47.707540574 28.389330525
-60.083258290 -47.507543649 28.389487324
-60.084367333 -47.307546724 28.389644123
-60.085476376 -47.107549799 28.389800923
-60.086585419 -46.907552874 28.389957722
-60.087694462 -46.707555949 28.390114521
-60.088803506 -46.507559024 28.390271320
-60.089912549 -46.307562099 28.390428120
-60.091021592 -46.107565174 28.390584919
-60.092130635 -45.907568249 28.390741718
-60.093239678 -45.707571324 28.390898517
-60.094348721 -45.507574399 28.391055317
-60.095459143 -45.307577481 28.391223072
-60.096571781 -45.107580576 28.391408458
-60.097686637 -44.907583684 28.391611474
-60.098803710 -44.707586803 28.391832119
-60.099923000 -44.507589935 28.392070395
-60.101043130 -44.307593072 28.392315345
-60.102163260 -44.107596209 28.392560294
-60.103283389 -43.907599346 28.392805244
-60.104403946 -43.707602485 28.393053586
-60.105525078 -43.507605627 28.393306507
-60.106646786 -43.307608773 28.393564008
-60.107769070 -43.107611922 28.393826089
-60.108891930 -42.907615074 28.394092749
-60.110014940 -42.707618227 28.394360596
-60.111137949 -42.507621379 28.394628443
-60.112260958 -42.307624532 28.394896290
-60.113383967 -42.107627685 28.395164137
-60.114506977 -41.907630838 28.395431984
-60.115629986 -41.707633991 28.395699831
-60.116752995 -41.507637144 28.395967678
-60.117876005 -41.307640297 28.396235525
-60.118999014 -41.107643450 28.396503372
-60.120122023 -40.907646603 28.396771219
-60.121245032 -40.707649756 28.397039066
-60.122368042 -40.507652908 28.397306913
-60.123491051 -40.307656061 28.397574760
-60.124614060 -40.107659214 28.397842607
-60.125737070 -39.907662367 28.398110454
-60.126860079 -39.707665520 28.398378301
-60.127983088 -39.507668673 28.398646148
-60.129106097 -39.307671826 28.398934480
-60.130229107 -39.107674979 28.399307880
-60.131352116 -38.907678132 28.399766349
-60.132475125 -38.707681285 28.400309885
-60.133598134 -38.507684437 28.400938490
-60.134721144 -38.307687590 28.401631678
-60.135844153 -38.107690743 28.402324867
-60.136967162 -37.907693896 28.403018055
-60.138090171 -37.707697049 28.403711243
-60.139213181 -37.507700202 28.404404431
-60.140336190 -37.307703355 28.405097619
-60.141459199 -37.107706508 28.405790808
-60.142582208 -36.907709661 28.406483996
-60.143705217 -36.707712814 28.407177184
-60.144828227 -36.507715966 28.407870372
-60.145951236 -36.307719119 28.408563561
-60.147074245 -36.107722272 28.409256749
-60.148197254 -35.907725425 28.409949937
-60.149320263 -35.707728578 28.410643125
-60.150443273 -35.507731731 28.411336314
-60.151566282 -35.307734884 28.412029502
-60.152689291 -35.107738037 28.412722690
-60.153812300 -34.907741190 28.413415997
-60.154935310 -34.707744343 28.414119101
-60.156058319 -34.507747495 28.414832000
-60.157181328 -34.307750648 28.415554695
-60.158304337 -34.107753801 28.416287186
-60.159427347 -33.907756954 28.417029354
-60.160550356 -33.707760107 28.417771521
-60.161673365 -33.507763260 28.418513689
-60.162796375 -33.307766413 28.419217406
-60.163919384 -33.107769566 28.419846056
-60.165042393 -32.907772719 28.420399641
-60.166165402 -32.707775872 28.420878159
-60.167288412 -32.507779024 28.421281611
-60.168411421 -32.307782177 28.421648447
-60.169534430 -32.107785330 28.422015284
-60.170657440 -31.907788483 28.422382120
-60.171780449 -31.707791636 28.422748957
-60.172903458 -31.507794789 28.423115793
-60.174026467 -31.307797942 28.423482629
-60.175149477 -31.107801095 28.423849466
-60.176272486 -30.907804248 28.424216302
-60.177395495 -30.707807401 28.424583138
-60.178518505 -30.507810553 28.424949975
-60.179641514 -30.307813706 28.425316811
-60.180764523 -30.107816859 28.425683648
-60.181887532 -29.907820012 28.426050484
-60.183010542 -29.707823165 28.426417320
-60.184133551 -29.507826318 28.426784157
-60.185256560 -29.307829471 28.427150993
-60.186379570 -29.107832624 28.427517829
-60.187502579 -28.907835777 28.427884666
-60.188625588 -28.707838930 28.428251502
-60.189748597 -28.507842082 28.428618339
-60.190871607 -28.307845235 28.428985175
-60.191994616 -28.107848388 28.429352011
-60.193117625 -27.907851541 28.429718848
-60.194240635 -27.707854694 28.430085684
-60.195363644 -27.507857847 28.430452521
-60.196486653 -27.307861000 28.430796492
-60.197609663 -27.107864153 28.431095828
-60.198732672 -26.907867306 28.431350530
-60.199855681 -26.707870459 28.431560596
-60.200978690 -26.507873611 28.431726028
-60.202101700 -26.307876764 28.431869691
-60.203224709 -26.107879917 28.432013353
-60.204347718 -25.907883070 28.432157015
-60.205470728 -25.707886223 28.432300678
-60.206593737 -25.507889376 28.432444340
-60.207716746 -25.307892529 28.432588002
-60.208839756 -25.107895682 28.432731665
-60.209962765 -24.907898835 28.432875327
-60.211085774 -24.707901988 28.433018989
-60.212208783 -24.507905140 28.433162652
-60.213331793 -24.307908293 28.433306314
-60.214454802 -24.107911446 28.433449976
-60.215577811 -23.907914599 28.433593639
-60.216700821 -23.707917752 28.433737301
-60.217823830 -23.507920905 28.433880963
-60.218946839 -23.307924058 28.434024626
-60.220069849 -23.107927211 28.434168288
-60.221192858 -22.907930364 28.434311950
-60.222315867 -22.707933517 28.434455613
-60.223438876 -22.507936669 28.434599275
-60.224561886 -22.307939822 28.434742937
-60.225684895 -22.107942975 28.434886600
-60.226807904 -21.907946128 28.435030262
-60.227930914 -21.707949281 28.435173925
-60.229053923 -21.507952434 28.435317587
-60.230176932 -21.307955587 28.435425561
-60.231299942 -21.107958740 28.435463868
-60.232422951 -20.907961893 28.435432510
-60.233545960 -20.707965046 28.435331485
-60.234668969 -20.507968198 28.435160794
-60.235791979 -20.307971351 28.434956125
-60.236914988 -20.107974504 28.434751457
-60.238037997 -19.907977657 28.434546788
-60.239161007 -19.707980810 28.434342120
-60.240284016 -19.507983963 28.434137451
-60.241407025 -19.307987116 28.433932783
-60.242530035 -19.107990269 28.433728115
-60.243653044 -18.907993422 28.433523446
-60.244776053 -18.707996575 28.433318778
-60.245899063 -18.507999727 28.433114109
-60.247022072 -18.308002880 28.432909441
-60.248145081 -18.108006033 28.432704772
-60.249268091 -17.908009186 28.432500104
-60.250391100 -17.708012339 28.432295435
-60.251514109 -17.508015492 28.432090767
-60.252637119 -17.308018645 28.431881594
-60.253760128 -17.108021798 28.431663630
-60.254883137 -16.908024951 28.431436873
-60.256006147 -16.708028104 28.431201325
-60.257129156 -16.508031256 28.430956984
-60.258252165 -16.308034409 28.430708356
-60.259375175 -16.108037562 28.430459727
-60.260498184 -15.908040715 28.430211099
-60.261621193 -15.708043868 28.429962471
-60.262744203 -15.508047021 28.429713842
-60.263867212 -15.308050174 28.429415796
-60.264990221 -15.108053327 28.429021286
-60.266113230 -14.908056480 28.428530312
-60.267236239 -14.708059633 28.427942876
-60.268359248 -14.508062785 28.427258976
-60.269482257 -14.308065938 28.426528030
-60.270605265 -14.108069091 28.425797085
-60.271728274 -13.908072244 28.425066139
-60.272851283 -13.708075397 28.424335194
-60.273974291 -13.508078550 28.423604248
-60.275097300 -13.308081703 28.422873303
-60.276220309 -13.108084856 28.422142357
-60.277343317 -12.908088009 28.421411412
-60.278466326 -12.708091161 28.420680466
-60.279589335 -12.508094314 28.419949521
-60.280712344 -12.308097467 28.419218576
-60.281835352 -12.108100620 28.418487630
-60.282958361 -11.908103773 28.417756685
-60.284081370 -11.708106926 28.417025739
-60.285204378 -11.508110079 28.416294794
-60.286327387 -11.308113232 28.415563848
-60.287450396 -11.108116385 28.414832903
-60.288573405 -10.908119538 28.414101957
-60.289696413 -10.708122690 28.413371012
-60.290819422 -10.508125843 28.412640066
-60.291942431 -10.308128996 28.411909121
-60.293065439 -10.108132149 28.411178175
-60.294188448 -9.908135302 28.410447230
-60.295311457 -9.708138455 28.409716285
-60.296434465 -9.508141608 28.408985339
-60.297557474 -9.308144761 28.408254394
-60.298680483 -9.108147914 28.407523448
-60.299803492 -8.908151067 28.406792503
-60.300926500 -8.708154219 28.406073037
-60.302049509 -8.508157372 28.405392895
-60.303172519 -8.308160525 28.404752076
-60.304295528 -8.108163678 28.404150580
-60.305418537 -7.908166831 28.403588407
-60.306541547 -7.708169984 28.403054078
-60.307664557 -7.508173137 28.402519748
-60.308787567 -7.308176290 28.401985418
-60.309910576 -7.108179443 28.401451089
-60.311033586 -6.908182596 28.400916759
-60.312156596 -6.708185748 28.400382429
-60.313279605 -6.508188901 28.399848100
-60.314402615 -6.308192054 28.399313770
-60.315525625 -6.108195207 28.398779440
-60.316648634 -5.908198360 28.398245111
-60.317771644 -5.708201513 28.397710781
-60.318894654 -5.508204666 28.397176451
-60.320017664 -5.308207819 28.396642122
-60.321140673 -5.108210972 28.396107792
-60.322263683 -4.908214125 28.395573463
-60.323386693 -4.708217277 28.395039133
-60.324509702 -4.508220430 28.394504803
-60.325632712 -4.308223583 28.393970474
-60.326755722 -4.108226736 28.393436144
-60.327878731 -3.908229889 28.392901814
-60.329001741 -3.708233042 28.392367485
-60.330124751 -3.508236195 28.391833155
-60.331247761 -3.308239348 28.391298825
-60.332370770 -3.108242501 28.390764496
-60.333493780 -2.908245654 28.390230166
-60.334616790 -2.708248806 28.389695836
-60.335739799 -2.508251959 28.389161507
-60.336862809 -2.308255112 28.388627177
-60.337985819 -2.108258265 28.388092848
-60.339108828 -1.908261418 28.387558518
-60.340231838 -1.708264571 28.387024188
-60.341354848 -1.508267724 28.386489859
-60.342477858 -1.308270877 28.385955529
-60.343600867 -1.108274030 28.385421199
-60.344723877 -0.908277183 28.384886870
-60.345846887 -0.708280335 28.384352540
-60.346969896 -0.508283488 28.383819620
-60.348092906 -0.308286641 28.383289300
-60.349215915 -0.108289794 28.382761581
-60.350338925 0.091707053 28.382236462
-60.351461934 0.291703900 28.381713943
-60.352584943 0.491700747 28.381192616
-60.353707953 0.691697594 28.380671288
-60.354830962 0.891694441 28.380149960
-60.355953971 1.091691288 28.379628633
-60.357076981 1.291688136 28.379107305
-60.358225921 1.491684822 28.378659896
-60.359422702 1.691681210 28.378348855
-60.360667322 1.891677302 28.378174185
-60.361959783 2.091673096 28.378135884
-60.363300084 2.291668593 28.378233952
-60.364662293 2.491663954 28.378394472
-60.366024503 2.691659315 28.378554993
-60.367386713 2.891654676 28.378715513
-60.368748922 3.091650037 28.378876033
-60.370111132 3.291645398 28.379036554
-60.371473341 3.491640759 28.379197074
-60.372835551 3.691636119 28.379357594
-60.374197761 3.891631480 28.379518114
-60.375559970 4.091626841 28.379678635
-60.376922180 4.291622202 28.379839155
-60.378284389 4.491617563 28.379999675
-60.379646599 4.691612924 28.380160195
-60.381008809 4.891608285 28.380320716
-60.382371018 5.091603646 28.380481236
-60.383733228 5.291599007 28.380641756
-60.385095437 5.491594368 28.380802277
-60.386457647 5.691589729 28.380962797
-60.387822696 5.891585068 28.381122661
-60.389255277 6.091579890 28.381266924
-60.390755389 6.291574195 28.381395585
-60.392323034 6.491567983 28.381508645
-60.393958210 6.691561255 28.381606104
-60.395644436 6.891554091 28.381686933
-60.397006226 7.091548370 28.381727717
-60.398043579 7.291544090 28.381728454
-60.398756495 7.491541252 28.381689147
-60.399144975 7.691539855 28.381609793
-60.399222660 7.891539840 28.381492078
-60.399300345 8.091539825 28.381374362
-60.399378030 8.291539810 28.381256647
-60.399455715 8.491539795 28.381138932
-60.399533400 8.691539780 28.381021216
-60.399617204 8.891539751 28.380905813
-60.399846537 9.091539402 28.380845406
-60.400221397 9.291538730 28.380839993
-60.400741786 9.491537738 28.380889574
-60.401407704 9.691536424 28.380994151
-60.402213029 9.891534803 28.381151411
-60.403018355 10.091533182 28.381308670
-60.403823681 10.291531560 28.381465929
-60.404629007 10.491529939 28.381623189
-60.405434333 10.691528318 28.381780448
-60.406239906 10.891526695 28.381937635
-60.407051357 11.091525049 28.382093118
-60.407988370 11.291522680 28.382212168
-60.409063644 11.491519517 28.382291102
-60.410277178 11.691515557 28.382329920
-60.411628726 11.891510803 28.382328693
-60.413112657 12.091505277 28.382289056
-60.414609287 12.291499677 28.382245734
-60.416105916 12.491494077 28.382202412
-60.417528707 12.691488861 28.382199180
-60.418768764 12.891484596 28.382295162
-60.419826086 13.091481280 28.382490360
-60.420700674 13.291478914 28.382784772
-60.421392527 13.491477498 28.383178398
-60.421975486 13.691476649 28.383631149
-60.422558444 13.891475799 28.384083899
-60.423141402 14.091474949 28.384536650
-60.423724360 14.291474100 28.384989400
-60.424307318 14.491473250 28.385442151
-60.424900994 14.691472366 28.385877725
-60.425521195 14.891471395 28.386270793
-60.426167920 15.091470339 28.386621355
-60.426841168 15.291469196 28.386929411
-60.427540941 15.491467967 28.387194961
-60.428256520 15.691466687 28.387435182
-60.428972099 15.891465407 28.387675403
-60.429687677 16.091464127 28.387915624
-60.430403256 16.291462847 28.388155845
-60.431118834 16.491461566 28.388396066
-60.431834413 16.691460286 28.388636287
-60.432549991 16.891459006 28.388876508
-60.433265570 17.091457726 28.389116729
-60.433981149 17.291456446 28.389356949
-60.434696727 17.491455166 28.389597170
-60.435412306 17.691453886 28.389837391
-60.436127884 17.891452605 28.390077612
-60.436843463 18.091451325 28.390317833
-60.437559042 18.291450045 28.390558054
-60.438274620 18.491448765 28.390798275
-60.438990199 18.691447485 28.391038496
-60.439705777 18.891446205 28.391278717
-60.440421356 19.091444925 28.391518938
-60.441136934 19.291443644 28.391759159
-60.441852513 19.491442364 28.391999380
-60.442568092 19.691441084 28.392239601
-60.443283670 19.891439804 28.392479822
-60.443999249 20.091438524 28.392720043
-60.444714827 20.291437244 28.392960264
-60.445430406 20.491435964 28.393200485
-60.446145984 20.691434684 28.393440706
-60.446861563 20.891433403 28.393680927
-60.447577142 21.091432123 28.393921148
-60.448292720 21.291430843 28.394161369
-60.449008299 21.491429563 28.394401590
-60.449723877 21.691428283 28.394641811
-60.450439456 21.891427003 28.394882032
-60.451155035 22.091425723 28.395122253
-60.452068570 22.291423192 28.395316636
-60.453201054 22.491419280 28.395460320
-60.454552485 22.691413984 28.395553307
-60.456122865 22.891407306 28.395595595
-60.457912192 23.091399245 28.395587185
-60.459722509 23.291391052 28.395573914
-60.461532827 23.491382859 28.395560643
-60.463343145 23.691374665 28.395547373
-60.465153462 23.891366472 28.395534102
-60.466963780 24.091358279 28.395520831
-60.468774098 24.291350085 28.395507561
-60.470584415 24.491341892 28.395494290
-60.472394733 24.691333699 28.395481019
-60.474205051 24.891325506 28.395467749
-60.476015369 25.091317312 28.395454478
-60.477825686 25.291309119 28.395441207
-60.479636004 25.491300926 28.395427937
-60.481446322 25.691292732 28.395414666
-60.483256639 25.891284539 28.395401395
-60.485066957 26.091276346 28.395388125
-60.486877275 26.291268153 28.395374854
-60.488687592 26.491259959 28.395361583
-60.490497910 26.691251766 28.395348313
-60.492308228 26.891243573 28.395335042
-60.494118545 27.091235379 28.395321771
-60.495928863 27.291227186 28.395308501
-60.497739181 27.491218993 28.395295230
-60.499549498 27.691210799 28.395281959
-60.501359816 27.891202606 28.395268689
-60.503170134 28.091194413 28.395255418
-60.504980451 28.291186220 28.395242147
-60.506790769 28.491178026 28.395228877
-60.508601087 28.691169833 28.395215606
-60.510411404 28.891161640 28.395202335
-60.512221722 29.091153446 28.395189065
-60.514032040 29.291145253 28.395175794
-60.515842357 29.491137060 28.395162523
-60.517652675 29.691128867 28.395149253
-60.519462993 29.891120673 28.395135982
-60.521273310 30.091112480 28.395122711
-60.523083628 30.291104287 28.395109441
-60.524893946 30.491096093 28.395096170
-60.526704263 30.691087900 28.395082899
-60.528514581 30.891079707 28.395069629
-60.530324899 31.091071513 28.395056358
-60.532135216 31.291063320 28.395043087
-60.533945534 31.491055127 28.395029817
-60.535622333 31.691047591 28.395004708
-60.536968748 31.891041681 28.394950307
-60.537984777 32.091037397 28.394866614
-60.538670422 32.291034739 28.394753628
-60.539025681 32.491033707 28.394611349
-60.539184075 32.691033645 28.394451617
-60.539342468 32.891033582 28.394291884
-60.539500861 33.091033519 28.394132151
-60.539659254 33.291033457 28.393972419
-60.539817647 33.491033394 28.393812686
-60.539976040 33.691033331 28.393652953
-60.540134433 33.891033268 28.393493220
-60.540292826 34.091033206 28.393333488
-60.540451219 34.291033143 28.393173755
-60.540609613 34.491033080 28.393014022
-60.540768006 34.691033017 28.392854290
-60.540926399 34.891032955 28.392694557
-60.541084792 35.091032892 28.392534824
-60.541243185 35.291032829 28.392375091
-60.541401578 35.491032767 28.392215359
-60.541613666 35.691032572 28.392054816
-60.541958616 35.891032052 28.391892270
-60.542436428 36.091031206 28.391727721
-60.543047103 36.291030034 28.391561168
-60.543790640 36.491028536 28.391392612
-60.544613345 36.691026844 28.391222862
-60.545436050 36.891025151 28.391053112
-60.546258754 37.091023459 28.390883362
-60.547081459 37.291021767 28.390713611
-60.547904164 37.491020075 28.390543861
-60.548726869 37.691018383 28.390374111
-60.549549574 37.891016691 28.390204361
-60.550372279 38.091014999 28.390034611
-60.551194984 38.291013307 28.389864861
-60.552017689 38.491011615 28.389695111
-60.552980982 38.691008733 28.389507370
-60.554292144 38.891002907 28.389275113
-60.555951176 39.090994138 28.388998340
-60.557958077 39.290982425 28.388677051
-60.560312847 39.490967768 28.388311246
-60.562874898 39.690951357 28.387918916
-60.565436949 39.890934946 28.387526586
-60.567999000 40.090918535 28.387134256
-60.570561050 40.290902124 28.386741926
-60.573123101 40.490885713 28.386349595
-60.575685152 40.690869302 28.385957265
-60.578247203 40.890852891 28.385564935
-60.580809254 41.090836480 28.385172605
-60.583371305 41.290820069 28.384780275
-60.585933355 41.490803658 28.384387945
-60.588495406 41.690787248 28.383995615
-60.591057457 41.890770837 28.383603285
-60.593619508 42.090754426 28.383210954
-60.596181559 42.290738015 28.382818624
-60.598743610 42.490721604 28.382426294
-60.601268281 42.690705629 28.382010766
-60.603700469 42.890690731 28.381537843
-60.606040175 43.090676912 28.381007525
-60.608287397 43.290664170 28.380419812
-60.610442137 43.490652506 28.379774704
-60.612541774 43.690641485 28.379095399
-60.614641411 43.890630463 28.378416094
-60.616741048 44.090619442 28.377736789
-60.618840684 44.290608420 28.377057483
-60.620940321 44.490597399 28.376378178
-60.623039958 44.690586377 28.375698873
-60.625139595 44.890575356 28.375019568
-60.627239232 45.090564334 28.374340263
-60.629338869 45.290553313 28.373660958
-60.631438505 45.490542291 28.372981653
-60.633538142 45.690531270 28.372302348
-60.635637779 45.890520248 28.371623042
-60.637737416 46.090509227 28.370943737
-60.639837053 46.290498205 28.370264432
-60.641936689 46.490487184 28.369585127
-60.643909958 46.690476995 28.368947620
-60.645570664 46.890468867 28.368413496
-60.646918806 47.090462799 28.367982758
-60.647954384 47.290458791 28.367655403
-60.648677399 47.490456843 28.367431432
-60.649214218 47.690456123 28.367269048
-60.649751038 47.890455402 28.367106664
-60.650287857 48.090454682 28.366944280
-60.650824677 48.290453962 28.366781896
-60.651361496 48.490453241 28.366619512
-60.651898315 48.690452521 28.366457128
-60.652435135 48.890451800 28.366294744
-60.652971954 49.090451080 28.366132360
-60.653508774 49.290450359 28.365969976
-60.654045593 49.490449639 28.365807592
-60.654790624 49.690447019 28.365666542
-60.656050645 49.890439702 28.365578258
-60.657825658 50.090427686 28.365542742
-60.660115662 50.290410973 28.365559993
-60.662920656 50.490389562 28.365630011
-60.666032431 50.690365353 28.365731462
-60.669144206 50.890341144 28.365832913
-60.672255980 51.090316934 28.365934364
-60.675367755 51.290292725 28.366035815
-60.678479530 51.490268516 28.366137266
-60.681591304 51.690244306 28.366238717
-60.684703079 51.890220097 28.366340168
-60.687814854 52.090195888 28.366441619
-60.690926628 52.290171679 28.366543070
-60.694038403 52.490147469 28.366644522
-60.697150177 52.690123260 28.366745973
-60.700261952 52.890099051 28.366847424
-60.703373727 53.090074841 28.366948875
-60.706485501 53.290050632 28.367050326
-60.709597276 53.490026423 28.367151777
-60.712728506 53.690001899 28.367236570
-60.715907855 53.889976597 28.367280162
-60.719135324 54.089950518 28.367282552
-60.722410914 54.289923661 28.367243741
-60.725734622 54.489896026 28.367163728
-60.729086996 54.689867928 28.367059172
-60.732439370 54.889839830 28.366954615
-60.735791743 55.089811732 28.366850059
-60.739144117 55.289783634 28.366745503
-60.742496491 55.489755536 28.366640946
-60.745848864 55.689727438 28.366536390
-60.749201238 55.889699340 28.366431834
-60.752553612 56.089671242 28.366327277
-60.755905985 56.289643144 28.366222721
-60.759258359 56.489615046 28.366118165
-60.762610733 56.689586948 28.366013608
-60.765963106 56.889558850 28.365909052
-60.769315480 57.089530752 28.365804496
-60.772667854 57.289502654 28.365699939
-60.776020227 57.489474556 28.365595383
-60.779266164 57.689447892 28.365497882
-60.782248840 57.889424775 28.365417832
-60.784968257 58.089405205 28.365355232
-60.787424414 58.289389181 28.365310083
-60.789617311 58.489376704 28.365282384
-60.791653386 58.689366340 28.365265081
-60.793689461 58.889355975 28.365247777
-60.795725536 59.089345611 28.365230474
-60.797761610 59.289335247 28.365213171
-60.799797685 59.489324882 28.365195867
-60.801833760 59.689314518 28.365178564
-60.803869835 59.889304154 28.365161261
-60.805905910 60.089293790 28.365143957
-60.807941985 60.289283425 28.365126654
-60.809978060 60.489273061 28.365109351
-60.812014135 60.689262697 28.365092047
-60.814050209 60.889252333 28.365074744
-60.816086284 61.089241968 28.365057440
-60.818122359 61.289231604 28.365040137
-60.820158434 61.489221240 28.365022834
-60.822292515 61.689209581 28.365019759
-60.824669001 61.889194719 28.365051879
-60.827287892 62.089176655 28.365119193
-60.830149188 62.289155388 28.365221700
-60.833252889 62.489130919 28.365359402
-60.836500990 62.689104541 28.365518069
-60.839749091 62.889078164 28.365676735
-60.842997192 63.089051787 28.365835401
-60.846245293 63.289025410 28.365994068
-60.849493394 63.488999033 28.366152734
-60.852741494 63.688972656 28.366311401
-60.855989595 63.888946279 28.366470067
-60.859237696 64.088919901 28.366628734
-60.862485797 64.288893524 28.366787400
-60.865733898 64.488867147 28.366946067
-60.868981998 64.688840770 28.367104733
-60.872230099 64.888814393 28.367263399
-60.875478200 65.088788016 28.367422066
-60.878726301 65.288761639 28.367580732
-60.881974402 65.488735262 28.367739399
-60.885242108 65.688708554 28.367893812
-60.888558305 65.888681030 28.368037705
-60.891922994 66.088652688 28.368171078
-60.895336173 66.288623529 28.368293931
-60.898797843 66.488593554 28.368406263
-60.902288399 66.688563092 28.368512329
-60.905778954 66.888532629 28.368618395
-60.909269510 67.088502167 28.368724461
-60.912760066 67.288471705 28.368830527
-60.916250621 67.488441243 28.368936593
-60.919741177 67.688410780 28.369042660
-60.923231733 67.888380318 28.369148726
-60.926722288 68.088349856 28.369254792
-60.930212844 68.288319393 28.369360858
-60.933703400 68.488288931 28.369466924
-60.937193955 68.688258469 28.369572990
-60.940684511 68.888228007 28.369679056
-60.944175067 69.088197544 28.369785122
-60.947665622 69.288167082 28.369891188
-60.951156178 69.488136620 28.369997254
-60.954218813 69.688107965 28.370089565
-60.956223062 69.888083780 28.370147854
-60.957168926 70.088064065 28.370172123
-60.957056405 70.288048820 28.370162370
-60.955885498 70.488038044 28.370118596
-60.954084127 70.688029932 28.370054556
-60.952282756 70.888021819 28.369990517
-60.950481384 71.088013707 28.369926477
-60.948680013 71.288005594 28.369862437
-60.946878642 71.487997482 28.369798397
-60.945077271 71.687989369 28.369734358
-60.943275900 71.887981257 28.369670318
-60.941474529 72.087973144 28.369606278
-60.939673157 72.287965032 28.369542238
-60.937871786 72.487956919 28.369478199
-60.936070415 72.687948807 28.369414159
-60.934269044 72.887940694 28.369350119
-60.932467673 73.087932582 28.369286079
-60.930666301 73.287924469 28.369222040
-60.928864930 73.487916357 28.369158000
-60.927063559 73.687908244 28.369093960
-60.925262188 73.887900132 28.369029920
-60.923460817 74.087892019 28.368965881
-60.921659446 74.287883907 28.368901841
-60.919858074 74.487875794 28.368837801
-60.918056703 74.687867682 28.368773761
-60.916255332 74.887859569 28.368709722
-60.914453961 75.087851457 28.368645682
-60.912652590 75.287843344 28.368581642
-60.910851218 75.487835232 28.368517602
-60.909049847 75.687827119 28.368453563
-60.907248476 75.887819007 28.368389523
-60.905447105 76.087810894 28.368325483
-60.903645734 76.287802782 28.368261443
-60.901844363 76.487794669 28.368197404
-60.900042991 76.687786557 28.368133364
-60.898241620 76.887778444 28.368069324
-60.896440249 77.087770332 28.368005284
-60.894638878 77.287762219 28.367941245
-60.892837507 77.487754107 28.367877205
-60.891036135 77.687745994 28.367813165
-60.889234764 77.887737882 28.367749125
-60.887433393 78.087729769 28.367685086
-60.885632022 78.287721657 28.367621046
-60.883830651 78.487713544 28.367557006
-60.882029280 78.687705432 28.367492966
-60.880227908 78.887697319 28.367428926
-60.877801580 79.087678189 28.367355687
-60.874685701 79.287646902 28.367272298
-60.870880273 79.487603459 28.367178759
-60.866385294 79.687547859 28.367075070
-60.861200765 79.887480103 28.366961230
-60.855951643 80.087411207 28.366846440
-60.850702522 80.287342312 28.366731649
-60.844490490 80.487219514 28.366613850
-60.835908667 80.686964054 28.366488643
-60.824957054 80.886575932 28.366356029
-60.811635651 81.086055150 28.366216008
-60.795944458 81.285401707 28.366068581
-60.778846385 81.484669506 28.365916756
-60.761748312 81.683937306 28.365764931
-60.744650239 81.883205105 28.365613106
-60.724644317 82.082104472 28.365452293
-60.701430015 82.280597328 28.365281564
-60.674244290 82.478536628 28.365099257
-60.641972302 82.675707533 28.364902943
-60.604614049 82.872110040 28.364692623
-60.565077382 83.068112585 28.364477285
-60.523662829 83.263753244 28.364257857
-60.481133435 83.459179062 28.364036000
-60.438604040 83.654604881 28.363814144
-60.396074646 83.850030700 28.363592288
-60.351593037 84.044974598 28.363366528
-60.304957463 84.239386773 28.363136461
-60.256167925 84.433267225 28.362902086
-60.205224423 84.626615952 28.362663404
-60.152126955 84.819432956 28.362420415
-60.096156284 85.011349025 28.362150214
-60.037238091 85.202326009 28.361850433
-59.975372377 85.392363906 28.361521073
-59.910559141 85.581462717 28.361162134
-59.842798383 85.769622442 28.360773615
-59.772924346 85.956972438 28.360360423
-59.701023262 86.143526080 28.359923063
-59.627095131 86.329283368 28.359461538
-59.551139952 86.514244303 28.358975845
-59.473157726 86.698408884 28.358465985
-59.392638392 86.881401544 28.358041963
-59.309529293 87.063183497 28.357715141
-59.223830429 87.243754743 28.357485522
-59.135541800 87.423115282 28.357353103
-59.044663406 87.601265115 28.357317886
-58.952256115 87.778610144 28.357364061
-58.858429526 87.955192302 28.357489995
-58.763183637 88.131011590 28.357695688
-58.666518449 88.306068008 28.357981140
-58.568433962 88.480361555 28.358346350
-58.468463647 88.653529209 28.358720097
-58.366559329 88.825533477 28.359095023
-58.262721005 88.996374360 28.359471126
-58.156948678 89.166051858 28.359848409
-58.049242346 89.334565971 28.360226870
-57.941354940 89.502971160 28.360605441
-57.833467535 89.671376349 28.360984012
-57.724863130 89.839294763 28.361350536
-57.614494400 90.006015367 28.361687412
-57.502361345 90.171538161 28.361994643
-57.388463964 90.335863145 28.362272226
-57.272802259 90.498990319 28.362520163
-57.155431668 90.660904971 28.362763524
-57.036433186 90.821585623 28.363038927
-56.915806813 90.981032275 28.363346373
-56.793552549 91.139244927 28.363685861
-56.669670393 91.296223578 28.364057393
-56.544397994 91.452119072 28.364459957
-56.418082502 91.607151762 28.364892077
-56.290723919 91.761321650 28.365353754
-56.162322243 91.914628735 28.365844987
-56.032877475 92.067073016 28.366365776
-55.902033300 92.218291973 28.366893045
-55.769269359 92.367756171 28.367393087
-55.634585651 92.515465612 28.367865903
-55.497982177 92.661420295 28.368311492
-55.359458936 92.805620220 28.368729854
-55.219796157 92.948778552 28.369132055
-55.080133378 93.091936885 28.369534257
-54.940470599 93.235095217 28.369936458
-54.798884981 93.376227333 28.370290140
-54.655178039 93.515124075 28.370590295
-54.508671969 93.650960601 28.370832808
-54.358376891 93.782532290 28.371011667
-54.204292804 93.909839142 28.371126874
-54.048342549 94.034907373 28.371226946
-53.890724609 94.157946141 28.371316893
-53.732116789 94.279780288 28.371400830
-53.573508968 94.401614434 28.371484766
-53.414901148 94.523448581 28.371568702
-53.254973755 94.643449354 28.371644620
-53.093590580 94.761427505 28.371711690
-52.930751620 94.877383035 28.371769913
-52.766456878 94.991315943 28.371819290
-52.600706352 95.103226230 28.371859819
-52.434154975 95.213923617 28.371914869
-52.266870350 95.323491685 28.371986851
-52.098852478 95.431930436 28.372075765
-51.930101358 95.539239870 28.372181611
-51.760616991 95.645419986 28.372304390
-51.590424436 95.750432130 28.372453799
-51.419526281 95.854272315 28.372630839
-51.247922526 95.956940540 28.372835511
-51.075613172 96.058436806 28.373067815
-50.902598217 96.158761112 28.373327750
-50.728555155 96.257202084 28.373601300
-50.553450700 96.353686303 28.373887018
-50.376946634 96.447504591 28.374158606
-50.198549028 96.537621287 28.374377656
-50.018257885 96.624036393 28.374544169
-49.837035290 96.708523587 28.374647114
-49.654980550 96.791265944 28.374685354
-49.472374109 96.872842027 28.374671523
-49.289625523 96.954096752 28.374624074
-49.106734792 97.035030119 28.374543005
-48.923579760 97.115359381 28.374418499
-48.740147817 97.195055355 28.374249542
-48.556496738 97.274248655 28.374049799
-48.372710895 97.353130025 28.373839223
-48.188790287 97.431699464 28.373617815
-48.004203738 97.508600315 28.373338826
-47.818896427 97.583692559 28.372997433
-47.632868355 97.656976197 28.372593634
-47.446119521 97.728451228 28.372127430
-47.258649925 97.798117653 28.371598820
-47.070666029 97.866336195 28.371017862
-46.882189152 97.933144111 28.370385592
-46.693104185 97.998176755 28.369669883
-46.503243055 98.060901695 28.368823821
-46.312605764 98.121318934 28.367847406
-46.121392549 98.179855180 28.366712151
-45.929624092 98.236554530 28.365415123
-45.737100159 98.290412270 28.364015506
-45.543528621 98.339962423 28.362599693
-45.348909479 98.385204989 28.361167683
-45.153187322 98.425076328 28.359863183
-44.956356486 98.459467071 28.358700998
-44.758652232 98.488997401 28.357722200
-44.560417933 98.514572735 28.356986701
-44.361653587 98.536193071 28.356494499
-44.162661236 98.555774024 28.356176889
-43.963471976 98.573512807 28.356026796
-43.764145216 98.589882892 28.356006815
-43.564767634 98.605575033 28.356062377
-43.365339227 98.620589230 28.356193479
-43.165859998 98.634925483 28.356400123
-42.966329944 98.648583791 28.356682309
-42.766769737 98.661839865 28.357009315
-42.567209529 98.675095938 28.357336321
-42.367649321 98.688352011 28.357663327
-42.168089113 98.701608084 28.357990332
-41.968471876 98.713329770 28.358335505
-41.768767951 98.722719120 28.358708292
-41.568977339 98.729776135 28.359108692
-41.369100040 98.734500814 28.359536707
-41.169136053 98.736893157 28.359992336
-40.969142408 98.738487552 28.360457412
-40.769148764 98.740081947 28.360922489
-40.569155119 98.741676342 28.361387565
-40.369161474 98.743270737 28.361852641
-40.169167830 98.744865132 28.362317718
-39.969174185 98.746459527 28.362782794
-39.769180540 98.748053922 28.363247870
-39.569186896 98.749648317 28.363712947
-39.369193251 98.751242712 28.364178023
-39.169199606 98.752837107 28.364643099
-38.969205962 98.754431502 28.365108176
-38.769212317 98.756025897 28.365573252
-38.569219067 98.757656636 28.366038639
-38.369228313 98.759517505 28.366505991
-38.169240056 98.761608506 28.366975308
-37.969254296 98.763929639 28.367446590
-37.769271033 98.766480902 28.367919838
-37.569289872 98.769225954 28.368394740
-37.369308711 98.771971007 28.368869642
-37.169327550 98.774716059 28.369344545
-36.969346390 98.777461111 28.369819447
-36.769365229 98.780206163 28.370294349
-36.569384068 98.782951215 28.370769252
-36.369402907 98.785696267 28.371244154
-36.169421746 98.788441320 28.371719057
-35.969440585 98.791186372 28.372193959
-35.769459425 98.793931424 28.372668861
-35.569478264 98.796676476 28.373143764
-35.369497103 98.799421528 28.373618666
-35.169515942 98.802166580 28.374093568
-34.969534781 98.804911633 28.374568471
-34.769553620 98.807656685 28.375043373
-34.569572460 98.810401737 28.375518275
-34.369591299 98.813146789 28.375993178
-34.169610138 98.815891841 28.376468080
-33.969628977 98.818636893 28.376942983
-33.769647816 98.821381945 28.377417885
-33.569666065 98.824048526 28.377867372
-33.369680581 98.826218429 28.378155999
-33.169691363 98.827891654 28.378283765
-32.969698412 98.829068202 28.378250671
-32.769701727 98.829748072 28.378056716
-32.569701898 98.830009737 28.377727315
-32.369702069 98.830271401 28.377397914
-32.169702240 98.830533066 28.377068513
-31.969702411 98.830794731 28.376739113
-31.769702582 98.831056396 28.376409712
-31.569702754 98.831318060 28.376080311
-31.369702925 98.831579725 28.375750910
-31.169703096 98.831841390 28.375421510
-30.969703267 98.832103055 28.375092109
-30.769703438 98.832364719 28.374762708
-30.569703609 98.832626384 28.374433308
-30.369703781 98.832888049 28.374103907
-30.169703952 98.833149714 28.373774506
-29.969704123 98.833411378 28.373445105
-29.769704294 98.833673043 28.373115705
-29.569704465 98.833934708 28.372786304
-29.369704637 98.834196372 28.372456903
-29.169704808 98.834458037 28.372127502
-28.969704979 98.834719702 28.371798102
-28.769705150 98.834981367 28.371468701
-28.569705365 98.835259596 28.371147226
-28.369705854 98.835642645 28.370875907
-28.169706617 98.836130513 28.370654745
-27.969707655 98.836723202 28.370483738
-27.769708968 98.837420710 28.370362887
-27.569710511 98.838206474 28.370284266
-27.369712055 98.838992237 28.370205645
-27.169713598 98.839778001 28.370127024
-26.969715142 98.840563764 28.370048403
-26.769716685 98.841349528 28.369969782
-26.569718229 98.842135291 28.369891161
-26.369719773 98.842921055 28.369812540
-26.169721316 98.843706818 28.369733919
-25.969722860 98.844492582 28.369655298
-25.769724403 98.845278346 28.369576677
-25.569725947 98.846064109 28.369498056
-25.369727490 98.846849873 28.369419434
-25.169729034 98.847635636 28.369340813
-24.969730577 98.848421400 28.369262192
-24.769732121 98.849207163 28.369183571
-24.569733665 98.849992927 28.369104950
-24.369735208 98.850778690 28.369026329
-24.169736752 98.851564454 28.368947708
-23.969738295 98.852350217 28.368869087
-23.769739839 98.853135981 28.368790466
-23.569741541 98.853948050 28.368718337
-23.369744243 98.854926579 28.368687284
-23.169747945 98.856071568 28.368697308
-22.969752648 98.857383017 28.368748410
-22.769758351 98.858860926 28.368840588
-22.569764896 98.860478989 28.368967352
-22.369771442 98.862097053 28.369094116
-22.169777987 98.863715116 28.369220880
-21.969784533 98.865333179 28.369347644
-21.769791078 98.866951243 28.369474407
-21.569797623 98.868569306 28.369601171
-21.369804169 98.870187369 28.369727935
-21.169810714 98.871805432 28.369854699
-20.969817260 98.873423496 28.369981463
-20.769823805 98.875041559 28.370108227
-20.569830351 98.876659622 28.370234991
-20.369836896 98.878277686 28.370361755
-20.169843441 98.879895749 28.370488519
-19.969850536 98.881573382 28.370614086
-19.769858466 98.883341543 28.370737834
-19.569867230 98.885200230 28.370859763
-19.369876830 98.887149445 28.370979874
-19.169887264 98.889189188 28.371098166
-18.969897984 98.891259887 28.371215836
-18.769908704 98.893330587 28.371333506
-18.569919424 98.895401287 28.371451176
-18.369930143 98.897471987 28.371568846
-18.169940863 98.899542686 28.371686516
-17.969951583 98.901613386 28.371804186
-17.769962303 98.903684086 28.371921856
-17.569973022 98.905754785 28.372039526
-17.369983742 98.907825485 28.372157197
-17.169994462 98.909896185 28.372274867
-16.970004033 98.911811881 28.372408581
-16.770011859 98.913492022 28.372566679
-16.570017940 98.914936609 28.372749159
-16.370022275 98.916145640 28.372956022
-16.170024866 98.917119117 28.373187268
-15.970026859 98.918012043 28.373426852
-15.770028852 98.918904968 28.373666436
-15.570030845 98.919797893 28.373906020
-15.370032839 98.920690819 28.374145603
-15.170034832 98.921583744 28.374385187
-14.970036825 98.922476669 28.374624771
-14.770038819 98.923369595 28.374864355
-14.570040812 98.924262520 28.375103939
-14.370042805 98.925155445 28.375343523
-14.170044799 98.926048371 28.375583107
-13.970046792 98.926941296 28.375822690
-13.770048785 98.927834221 28.376062274
-13.570050777 98.928726855 28.376301888
-13.370052761 98.929617641 28.376541693
-13.170054737 98.930506580 28.376781690
-12.970071214 98.932158937 28.377025618
-12.770109732 98.934972375 28.377275422
-12.570170371 98.938949461 28.377531084
-12.370253721 98.944109114 28.377792526
-12.170359785 98.950451335 28.378059748
-11.970474051 98.957210858 28.378329010
-11.770588980 98.963990019 28.378598368
-11.570723775 98.971079619 28.378868416
-11.371025007 98.980699297 28.379143690
-11.171492676 98.992849054 28.379424190
-10.972126783 99.007528891 28.379709916
-10.772927327 99.024738806 28.380000869
-10.573875029 99.044185727 28.380296442
-10.374822732 99.063632649 28.380592016
-10.175770434 99.083079570 28.380887589
-9.976963223 99.104337754 28.381186743
-9.778553982 99.128537046 28.381491712
-9.580542710 99.155677445 28.381802495
-9.382929407 99.185758952 28.382119093
-9.185714074 99.218781566 28.382441505
-8.989124380 99.255085244 28.382819010
-8.793302335 99.294882007 28.383282344
-8.598247939 99.338171857 28.383831509
-8.403961193 99.384954792 28.384466504
-8.210442095 99.435230814 28.385187329
-8.017217890 99.486848703 28.385941126
-7.823993685 99.538466591 28.386694922
-7.630880613 99.590441940 28.387459884
-7.438726392 99.645501397 28.388321175
-7.247531020 99.703644962 28.389278796
-7.057294497 99.764872635 28.390332746
-6.868016824 99.829184416 28.391483026
-6.679742664 99.896605805 28.392723476
-6.492811594 99.967328594 28.394007073
-6.307223615 100.041352783 28.395333817
-6.122978727 100.118678372 28.396703708
-5.940076928 100.199305361 28.398116747
-5.758362424 100.282850790 28.399567928
-5.576647919 100.366396219 28.401019109
-5.394933414 100.449941649 28.402470291
-5.214151454 100.535311523 28.403937540
-5.034882884 100.623642216 28.405430867
-4.857127703 100.714933727 28.406950272
-4.680885910 100.809186055 28.408495753
-4.506157507 100.906399201 28.410067312
-4.333140380 101.006562060 28.411581334
-4.161957317 101.109666971 28.412985768
-3.992608319 101.215713932 28.414280615
-3.825093386 101.324702944 28.415465874
-3.659412518 101.436634007 28.416541544
-3.495249282 101.550812876 28.417525011
-3.332406572 101.666807221 28.418427102
-3.170884390 101.784617044 28.419247817
-3.010682733 101.904242344 28.419987157
-2.851801603 102.025683121 28.420645122
-2.694757277 102.149403274 28.421224628
-2.539870931 102.275691370 28.421727494
-2.387142566 102.404547410 28.422153718
-2.236572183 102.535971394 28.422503302
-2.088159780 102.669963322 28.422776245
-1.940575084 102.804940199 28.423019793
-1.792990387 102.939917076 28.423263340
-1.645659537 103.075150771 28.423499913
-1.500508563 103.212589861 28.423676595
-1.357537464 103.352234345 28.423793386
-1.216746242 103.494084223 28.423850287
-1.078134895 103.638139496 28.423847297
-0.941769828 103.784417060 28.423790038
-0.808154864 103.933045103 28.423721172
-0.677290003 104.084023627 28.423640699
-0.549175246 104.237352631 28.423548619
-0.423810591 104.393032116 28.423444931
-0.300875791 104.550788367 28.423330988
-0.177940991 104.708544618 28.423217044
-0.055006190 104.866300870 28.423103101
0.066306338 105.025218953 28.422992124
0.184987236 105.186021749 28.422885957
0.301036502 105.348709255 28.422784603
0.414454137 105.513281473 28.422688059
0.525240142 105.679738402 28.422596327
0.633127394 105.848041644 28.422492606
0.737949698 106.018167307 28.422366442
0.839707053 106.190115391 28.422217836
0.938399459 106.363885896 28.422046787
1.034026916 106.539478822 28.421853296
1.128478818 106.715770734 28.421651198
1.222930719 106.892062646 28.421449099
1.317033955 107.068523100 28.421243954
1.408143209 107.246430819 28.421012647
1.496258480 107.425785803 28.420755177
1.581379769 107.606588051 28.420471545
1.663507076 107.788837563 28.420161751
1.742611934 107.972510057 28.419837706
1.818478561 108.157421215 28.419589774
1.891106957 108.343571038 28.419417956
1.960497123 108.530959525 28.419322252
2.026649058 108.719586678 28.419302661
2.089689653 108.909383983 28.419356909
2.150581559 109.099831676 28.419467739
2.209324776 109.290929757 28.419635152
2.265919304 109.482678226 28.419859147
2.320365144 109.675077084 28.420139725
2.372375247 109.868163364 28.420472048
2.419772213 110.062217972 28.420819429
2.462556043 110.257240907 28.421181866
2.500726735 110.453232171 28.421559360
2.534284291 110.650191762 28.421951910
2.563765999 110.848006900 28.422357763
2.593247708 111.045822038 28.422763617
2.622729416 111.243637176 28.423169470
2.652211124 111.441452314 28.423575324
2.681692833 111.639267452 28.423981177
2.710719447 111.837127726 28.424386626
2.735839345 112.035375458 28.424788609
2.757052526 112.234010650 28.425187124
2.774358990 112.433033300 28.425582172
2.787758738 112.632443410 28.425973754
2.797706861 112.832195844 28.426362272
2.807654985 113.031948278 28.426750790
2.817603109 113.231700712 28.427139308
2.827551232 113.431453146 28.427527826
2.837499356 113.631205579 28.427916344
2.847447480 113.830958013 28.428304862
2.857395604 114.030710447 28.428693379
2.867343727 114.230462881 28.429081897
2.877291851 114.430215315 28.429470415
2.885930899 114.629983855 28.429839968
2.891574241 114.829789255 28.430166120
2.894221879 115.029631513 28.430448870
2.893873812 115.229510630 28.430688220
2.890530040 115.429426605 28.430884170
2.885499640 115.629363333 28.431055684
2.880469240 115.829300061 28.431227197
2.875438839 116.029236788 28.431398711
2.870408439 116.229173516 28.431570225
2.865378039 116.429110244 28.431741739
2.860347638 116.629046971 28.431913253
2.855317238 116.828983699 28.432084767
2.850286838 117.028920427 28.432256281
2.843575623 117.228777079 28.432551047
2.835070561 117.428548270 28.432977355
2.824771652 117.628234000 28.433535205
2.812678897 117.827834270 28.434224595
2.798792295 118.027349079 28.435045527
2.784792660 118.226858503 28.435874747
2.770793026 118.426367927 28.436703968
2.756793392 118.625877350 28.437533188
2.742793757 118.825386774 28.438362409
2.728794123 119.024896198 28.439191629
2.714794489 119.224405622 28.440020850
2.700794854 119.423915046 28.440850070
2.686795220 119.623424470 28.441679290
2.672795586 119.822933894 28.442508511
2.658795952 120.022443318 28.443337731
2.644179343 120.221904327 28.444178857
2.628904361 120.421313673 28.445032686
2.612971004 120.620671356 28.445899220
2.596379274 120.819977376 28.446778458
2.579129169 121.019231732 28.447670399
2.561837665 121.218482840 28.448563140
2.544546161 121.417733947 28.449455880
2.527254656 121.616985055 28.450348621
2.509963152 121.816236163 28.451241361
2.492671648 122.015487270 28.452134102
2.475380143 122.214738378 28.453026842
2.458088639 122.413989485 28.453919583
2.440289881 122.613189113 28.454745961
2.421331003 122.812271001 28.455420563
2.401212005 123.011235151 28.455943390
2.379932888 123.210081562 28.456314442
2.357493650 123.408810234 28.456533719
2.334401546 123.607472648 28.456667583
2.311309443 123.806135062 28.456801446
2.288217339 124.004797476 28.456935310
2.265125235 124.203459890 28.457069174
2.242033131 124.402122304 28.457203038
2.218755645 124.600762166 28.457278517
2.195054181 124.799350450 28.457220467
2.170928738 124.997887156 28.457028889
2.146379317 125.196372284 28.456703782
2.121405918 125.394805834 28.456245146
2.096193923 125.593210359 28.455711366
2.070981928 125.791614883 28.455177586
2.045769932 125.990019407 28.454643806
2.020557937 126.188423932 28.454110026
1.995345942 126.386828456 28.453576246
1.969643910 126.585163652 28.453042797
1.942821233 126.783340302 28.452510108
1.914877910 126.981358406 28.451978177
1.885813941 127.179217964 28.451447005
1.855629327 127.376918977 28.450916591
1.824814102 127.574530773 28.450386605
1.793998878 127.772142569 28.449856618
1.763183654 127.969754366 28.449326631
1.732368430 128.167366162 28.448796645
1.701553206 128.364977958 28.448266658
1.670737982 128.562589754 28.447736672
1.639922758 128.760201550 28.447206685
1.609107534 128.957813346 28.446676699
1.576476141 129.155095950 28.446218715
1.541907139 129.352027350 28.445837548
1.505400527 129.548607546 28.445533199
1.466956306 129.744836538 28.445305667
1.426574475 129.940714326 28.445154952
1.386071203 130.136570102 28.445009052
1.345567930 130.332425878 28.444863152
1.305064658 130.528281653 28.444717252
1.264561386 130.724137429 28.444571352
1.224058113 130.919993205 28.444425452
1.182545127 131.115625607 28.444326498
1.139954913 131.311019700 28.444277630
1.096287472 131.506175483 28.444278847
1.051542803 131.701092957 28.444330149
1.005720907 131.895772122 28.444431537
0.959831498 132.090436351 28.444536064
0.913942088 132.285100581 28.444640590
0.868052679 132.479764810 28.444745117
0.822163269 132.674429039 28.444849644
0.776273860 132.869093268 28.444954170
0.729769734 133.063607099 28.445094879
0.682609791 133.257960476 28.445274190
0.634794030 133.452153398 28.445492103
0.586322452 133.646185867 28.445748618
0.537195056 133.840057881 28.446043734
0.488026559 134.033919839 28.446341269
0.438858061 134.227781798 28.446638805
0.389689564 134.421643756 28.446936340
0.340521067 134.615505714 28.447233876
0.291352570 134.809367672 28.447531411
0.242184072 135.003229631 28.447828947
0.193015575 135.197091589 28.448126482
0.143847078 135.390953547 28.448424018
0.094678581 135.584815506 28.448721553
0.045510083 135.778677464 28.449019089
-0.005344993 135.972069489 28.449354483
-0.057999384 136.164960168 28.449730267
-0.112453091 136.357349501 28.450146440
-0.168706114 136.549237489 28.450603002
-0.226758452 136.740624131 28.451099954
-0.284923526 136.931979361 28.451599437
-0.343088600 137.123334591 28.452098919
-0.401253674 137.314689822 28.452598402
-0.459418749 137.506045052 28.453097884
-0.517583823 137.697400282 28.453597367
-0.575748897 137.888755512 28.454096849
-0.633913971 138.080110742 28.454596331
-0.692079045 138.271465973 28.455095814
-0.750244120 138.462821203 28.455595296
-0.808409194 138.654176433 28.456094779
-0.868498739 138.844889325 28.456377597
-0.930641289 139.034916978 28.456429281
-0.994836845 139.224259391 28.456249829
-1.061085407 139.412916564 28.455839243
-1.129386975 139.600888498 28.455197521
-1.197817079 139.788817529 28.454541329
-1.266247182 139.976746561 28.453885137
-1.334677285 140.164675593 28.453228944
-1.403107389 140.352604624 28.452572752
-1.471537492 140.540533656 28.451916559
-1.541145140 140.728011344 28.451564271
-1.612008909 140.915007570 28.451536167
-1.684128799 141.101522335 28.451832245
-1.757504810 141.287555638 28.452452508
-1.832136942 141.473107480 28.453396953
-1.906847650 141.658629204 28.454361678
-1.981558358 141.844150928 28.455326403
-2.056269066 142.029672652 28.456291128
-2.130979774 142.215194376 28.457255853
-2.205690482 142.400716101 28.458220578
-2.280401190 142.586237825 28.459185303
-2.355111898 142.771759549 28.460150028
-2.429822606 142.957281273 28.461114753
-2.504533314 143.142802997 28.462079478
-2.579244022 143.328324721 28.463044202
-2.655343753 143.513254308 28.463837296
-2.732924921 143.697552364 28.464447341
-2.811987525 143.881218888 28.464874336
-2.892531565 144.064253881 28.465118281
-2.974557041 144.246657342 28.465179177
-3.056674929 144.429021407 28.465228654
-3.138792817 144.611385473 28.465278131
-3.221064274 144.793679495 28.465310163
-3.303686648 144.975813460 28.465302331
-3.386659942 145.157787369 28.465254635
-3.469984153 145.339601221 28.465167075
-3.553659282 145.521255017 28.465039651
-3.637531761 145.702818800 28.464889809
-3.721404239 145.884382583 28.464739966
-3.805276718 146.065946366 28.464590124
-3.889149197 146.247510149 28.464440281
-3.973021675 146.429073932 28.464290439
-4.056894154 146.610637715 28.464140596
-4.140766632 146.792201498 28.463990754
-4.224639111 146.973765281 28.463840911
-4.309861454 147.154672411 28.463659536
-4.396523462 147.334879202 28.463444529
-4.484625135 147.514385655 28.463195891
-4.574166473 147.693191770 28.462913622
-4.665147476 147.871297546 28.462597721
-4.756218280 148.049359638 28.462279723
-4.847289085 148.227421730 28.461961725
-4.938359889 148.405483822 28.461643727
-5.029430693 148.583545914 28.461325729
-5.120501498 148.761608006 28.461007731
-5.212565762 148.939143050 28.460721959
-5.305689562 149.116115990 28.460470556
-5.399872898 149.292526828 28.460253523
-5.495115771 149.468375562 28.460070859
-5.591418179 149.643662193 28.459922564
-5.687786665 149.818913770 28.459776413
-5.784155150 149.994165346 28.459630261
-5.880523635 150.169416923 28.459484110
-5.976892121 150.344668499 28.459337959
-6.073260606 150.519920075 28.459191808
-6.169629091 150.695171652 28.459045656
-6.265997577 150.870423228 28.458899505
-6.362666169 151.045505914 28.458750296
-6.460020503 151.220202688 28.458594099
-6.558060577 151.394513549 28.458430915
-6.656786392 151.568438499 28.458260743
-6.756197947 151.741977536 28.458083585
-6.855995136 151.915299552 28.457902496
-6.955792325 152.088621567 28.457721408
-7.055589514 152.261943583 28.457540319
-7.155386703 152.435265598 28.457359231
-7.255183892 152.608587614 28.457178143
-7.354981081 152.781909629 28.456997054
-7.454778270 152.955231645 28.456815966
-7.554575460 153.128553660 28.456634878
-7.654372649 153.301875676 28.456453789
-7.754169838 153.475197691 28.456272701
-7.854483544 153.648210354 28.456090547
-7.955977468 153.820516160 28.455905957
-8.058651609 153.992115110 28.455718931
-8.162505968 154.163007203 28.455529470
-8.267540544 154.333192440 28.455337573
-8.373238821 154.502980173 28.455144306
-8.478937098 154.672767906 28.454951040
-8.584635375 154.842555639 28.454757773
-8.690333651 155.012343372 28.454564506
-8.796031928 155.182131105 28.454371240
-8.901730205 155.351918838 28.454177973
-9.007428482 155.521706571 28.453984707
-9.113126758 155.691494304 28.453791440
-9.218825035 155.861282037 28.453598173
-9.324523312 156.031069770 28.453404907
-9.430784464 156.200491940 28.453221911
-9.538331739 156.369078829 28.453062384
-9.647165136 156.536830438 28.452926326
-9.757284656 156.703746765 28.452813736
-9.868690298 156.869827811 28.452724614
-9.980819188 157.035439139 28.452648690
-10.092948078 157.201050467 28.452572766
-10.205076968 157.366661796 28.452496842
-10.317205858 157.532273124 28.452420918
-10.429334748 157.697884452 28.452344994
-10.541463638 157.863495780 28.452269070
-10.653592528 158.029107109 28.452193146
-10.765721418 158.194718437 28.452117222
-10.877850307 158.360329765 28.452041299
-10.989979197 158.525941093 28.451965375
-11.102108087 158.691552421 28.451889451
-11.214236977 158.857163750 28.451813527
-11.326365867 159.022775078 28.451737603
-11.439277923 159.187841501 28.451678169
-11.553025218 159.352326787 28.451636322
-11.667607753 159.516230936 28.451612061
-11.783025527 159.679553948 28.451605387
-11.899278541 159.842295824 28.451616299
-12.015583629 160.005001468 28.451628308
-12.131888717 160.167707112 28.451640317
-12.248193804 160.330412756 28.451652326
-12.364498892 160.493118400 28.451664335
-12.480803980 160.655824044 28.451676343
-12.597109067 160.818529688 28.451688352
-12.713414155 160.981235332 28.451700361
-12.829719243 161.143940976 28.451712370
-12.946024331 161.306646619 28.451724379
-13.062329418 161.469352263 28.451736388
-13.178634506 161.632057907 28.451748397
-13.294939594 161.794763551 28.451760406
-13.411906284 161.956972231 28.451727325
-13.530384677 162.118045392 28.451591221
-13.650374771 162.277983035 28.451352093
-13.771876568 162.436785159 28.451009940
-13.894890068 162.594451764 28.450564763
-14.018753666 162.751479816 28.450061651
-14.142617265 162.908507867 28.449558539
-14.266480864 163.065535918 28.449055427
-14.390344463 163.222563969 28.448552315
-14.514208062 163.379592021 28.448049203
-14.638071660 163.536620072 28.447546091
-14.761935259 163.693648123 28.447042979
-14.885798858 163.850676175 28.446539867
-15.010830757 164.006743837 28.446048439
-15.137108585 164.161787297 28.445569471
-15.264632342 164.315806553 28.445102964
-15.393402029 164.468801606 28.444648916
-15.523417645 164.620772456 28.444207329
-15.653510890 164.772679492 28.443766518
-15.783604135 164.924586528 28.443325708
-15.913697381 165.076493564 28.442884897
-16.043790626 165.228400599 28.442444086
-16.173883872 165.380307635 28.442003275
-16.303977117 165.532214671 28.441562465
-16.434070362 165.684121707 28.441121654
-16.564443005 165.835784285 28.440705004
-16.695453943 165.986888388 28.440343549
-16.827103177 166.137434016 28.440037291
-16.959390707 166.287421170 28.439786228
-17.092316533 166.436849849 28.439590361
-17.225601257 166.585964511 28.439425530
-17.358885981 166.735079172 28.439260698
-17.492170704 166.884193834 28.439095867
-17.625455428 167.033308496 28.438931035
-17.758740152 167.182423158 28.438766204
-17.892024876 167.331537820 28.438601372
-18.025309600 167.480652482 28.438436541
-18.158594324 167.629767143 28.438271710
-18.292971661 167.777865368 28.438133089
-18.428514167 167.924879658 28.438022421
-18.565221843 168.070810011 28.437939704
-18.703094690 168.215656429 28.437884939
-18.842132706 168.359418911 28.437858126
-18.981243279 168.503113895 28.437833053
-19.120353853 168.646808879 28.437807981
-19.259464426 168.790503863 28.437782908
-19.398575000 168.934198847 28.437757836
-19.537685573 169.077893830 28.437732763
-19.676796147 169.221588814 28.437707690
-19.815906720 169.365283798 28.437682618
-19.955017293 169.508978782 28.437657545
-20.094127867 169.652673765 28.437632473
-20.233238440 169.796368749 28.437607400
-20.373590527 169.938803778 28.437676948
-20.515266573 170.079895182 28.437847399
-20.658266577 170.219642961 28.438118754
-20.802590540 170.358047116 28.438491013
-20.948238462 170.495107645 28.438964176
-21.093968829 170.632084505 28.439443622
-21.239699196 170.769061365 28.439923067
-21.385429563 170.906038225 28.440402513
-21.531159930 171.043015085 28.440881959
-21.676890296 171.179991945 28.441361405
-21.822620663 171.316968805 28.441840851
-21.968351030 171.453945665 28.442320297
-22.114081397 171.590922525 28.442799743
-22.259811764 171.727899385 28.443279189
-22.405542131 171.864876245 28.443758635
-22.551272498 172.001853105 28.444238081
-22.697002865 172.138829965 28.444717527
-22.842733231 172.275806825 28.445196973
-22.988463598 172.412783685 28.445676419
-23.134193965 172.549760545 28.446155865
-23.279924332 172.686737405 28.446635311
-23.425654699 172.823714265 28.447114756
-23.571808102 172.960224518 28.447591444
-23.718927798 173.095668952 28.448061829
-23.867013786 173.230047568 28.448525914
-24.016066067 173.363360366 28.448983697
-24.166084641 173.495607346 28.449435178
-24.316646472 173.627255115 28.449883117
-24.467208302 173.758902885 28.450331056
-24.617770133 173.890550654 28.450778994
-24.768331963 174.022198424 28.451226933
-24.918893793 174.153846193 28.451674872
-25.069455624 174.285493963 28.452122811
-25.220017454 174.417141732 28.452570749
-25.370579285 174.548789502 28.453018688
-25.521141115 174.680437271 28.453466627
-25.671702946 174.812085041 28.453914566
-25.822750825 174.943152055 28.454366180
-25.974908833 175.072892631 28.454826189
-26.128176970 175.201306769 28.455294594
-26.282555236 175.328394468 28.455771394
-26.438043632 175.454155730 28.456256588
-26.594156108 175.579171308 28.456746502
-26.750268584 175.704186886 28.457236417
-26.906381060 175.829202464 28.457726331
-27.062493536 175.954218043 28.458216245
-27.218606012 176.079233621 28.458706159
-27.374718488 176.204249199 28.459196074
-27.530830964 176.329264777 28.459685988
-27.686943440 176.454280356 28.460175902
-27.843055917 176.579295934 28.460665816
-27.999168393 176.704311512 28.461155730
-28.155636989 176.828866924 28.461611435
-28.312918878 176.952371430 28.461989011
-28.471014059 177.074825030 28.462288461
-28.629922532 177.196227723 28.462509784
-28.789644297 177.316579511 28.462652979
-28.949823233 177.436340558 28.462752257
-29.110002169 177.556101605 28.462851535
-29.270181105 177.675862652 28.462950813
-29.430360041 177.795623700 28.463050091
-29.590538977 177.915384747 28.463149369
-29.750717913 178.035145794 28.463248647
-29.910896849 178.154906842 28.463347925
-30.071075785 178.274667889 28.463447204
-30.231254721 178.394428936 28.463546482
-30.391433657 178.514189983 28.463645760
-30.552051476 178.633336865 28.463751467
-30.713671591 178.751081151 28.463871855
-30.876294003 178.867422839 28.464006925
-31.039918711 178.982361931 28.464156677
-31.204545715 179.095898427 28.464321111
-31.369736132 179.208646491 28.464493798
-31.534926549 179.321394556 28.464666484
-31.700116967 179.434142620 28.464839171
-31.865307384 179.546890684 28.465011858
-32.030497801 179.659638749 28.465184544
-32.195688219 179.772386813 28.465357231
-32.360878636 179.885134878 28.465529918
-32.526069053 179.997882942 28.465702604
-32.691259471 180.110631006 28.465875291
-32.856449888 180.223379071 28.466047978
-33.021640305 180.336127135 28.466220664
-33.186830723 180.448875200 28.466393351
-33.352021140 180.561623264 28.466566038
-33.517211557 180.674371328 28.466738724
-33.682401975 180.787119393 28.466911411
-33.848052374 180.899157271 28.467077851
-34.014753235 181.009573294 28.467230026
-34.182504559 181.118367462 28.467367936
-34.351306346 181.225539774 28.467491581
-34.521158595 181.331090231 28.467600960
-34.691601325 181.435729018 28.467702321
-34.862044054 181.540367806 28.467803682
-35.032486784 181.645006593 28.467905043
-35.202929514 181.749645381 28.468006404
-35.373372244 181.854284168 28.468107765
-35.543814974 181.958922956 28.468209126
-35.714257704 182.063561743 28.468310487
-35.884700433 182.168200530 28.468411848
-36.055143163 182.272839318 28.468513209
-36.225585893 182.377478105 28.468614570
-36.396209698 182.481815189 28.468716752
-36.567247025 182.585463275 28.468820808
-36.738697873 182.688422361 28.468926739
-36.910562242 182.790692448 28.469034544
-37.082840133 182.892273537 28.469144224
-37.255350470 182.993467331 28.469254958
-37.427860806 183.094661124 28.469365691
-37.600371142 183.195854918 28.469476425
-37.772881479 183.297048711 28.469587159
-37.945391815 183.398242504 28.469697892
-38.117902152 183.499436298 28.469808626
-38.290412488 183.600630091 28.469919359
-38.462922824 183.701823885 28.470030093
-38.635433161 183.803017678 28.470140827
-38.807943497 183.904211472 28.470251560
-38.980453834 184.005405265 28.470362294
-39.152964170 184.106599059 28.470473027
-39.325474506 184.207792852 28.470583761
-39.498966364 184.307204344 28.470676748
-39.673504742 184.404715503 28.470750813
-39.849089641 184.500326330 28.470805956
-40.025721061 184.594036825 28.470842177
-40.203399002 184.685846987 28.470859476
-40.381141942 184.777539119 28.470875600
-40.558884883 184.869231251 28.470891723
-40.736627823 184.960923383 28.470907847
-40.914370764 185.052615515 28.470923971
-41.092113705 185.144307647 28.470940095
-41.269856645 185.235999779 28.470956219
-41.447599586 185.327691911 28.470972342
-41.625342526 185.419384043 28.470988466
-41.803085467 185.511076175 28.471004590
-41.980828408 185.602768307 28.471020714
-42.158571348 185.694460439 28.471036838
-42.336314289 185.786152571 28.471052961
-42.514437510 185.877060216 28.471063773
-42.693429169 185.966176342 28.471062455
-42.873289267 186.053500950 28.471049006
-43.054017804 186.139034040 28.471023426
-43.235614779 186.222775611 28.470985715
-43.417699913 186.305510151 28.470941186
-43.599785046 186.388244691 28.470896657
-43.781870180 186.470979231 28.470852128
-43.963955313 186.553713771 28.470807599
-44.146040447 186.636448312 28.470763070
-44.328125580 186.719182852 28.470718541
-44.510210714 186.801917392 28.470674012
-44.692295848 186.884651932 28.470629483
-44.874380981 186.967386472 28.470584954
-45.056466115 187.050121012 28.470540425
-45.238867419 187.132114968 28.470522418
-45.421990754 187.212417667 28.470564980
-45.605836120 187.291029110 28.470668110
-45.790403517 187.367949296 28.470831809
-45.975692946 187.443178225 28.471056076
-46.161388235 187.517456481 28.471314389
-46.347083525 187.591734738 28.471572703
-46.532778814 187.666012995 28.471831016
-46.718474104 187.740291252 28.472089329
-46.904169393 187.814569509 28.472347642
-47.089864683 187.888847766 28.472605956
-47.275559973 187.963126022 28.472864269
-47.461255262 188.037404279 28.473122582
-47.646950552 188.111682536 28.473380896
-47.832645841 188.185960793 28.473639209
-48.018341131 188.260239050 28.473897522
-48.204036420 188.334517306 28.474155835
-48.389731710 188.408795563 28.474414149
-48.575886498 188.481865066 28.474604831
-48.762531208 188.553645788 28.474723403
-48.949665838 188.624137729 28.474769867
-49.137290388 188.693340888 28.474744221
-49.325404860 188.761255266 28.474646466
-49.513549753 188.829089617 28.474544233
-49.701694646 188.896923967 28.474442001
-49.889839540 188.964758318 28.474339768
-50.077984433 189.032592668 28.474237536
-50.266129326 189.100427019 28.474135303
-50.454274220 189.168261370 28.474033071
-50.642419113 189.236095720 28.473930838
-50.830564006 189.303930071 28.473828606
-51.018708899 189.371764422 28.473726373
-51.206853793 189.439598772 28.473624141
-51.394998686 189.507433123 28.473521908
-51.583143579 189.575267473 28.473419676
-51.771365792 189.642882832 28.473296570
-51.959764571 189.709998103 28.473125800
-52.148339915 189.776613287 28.472907364
-52.337091825 189.842728383 28.472641263
-52.526020301 189.908343392 28.472327497
-52.715048024 189.973677304 28.471986939
-52.904075746 190.039011217 28.471646381
-53.093103469 190.104345129 28.471305823
-53.282131191 190.169679042 28.470965264
-53.471158913 190.235012955 28.470624706
-53.660186636 190.300346867 28.470284148
-53.849214358 190.365680780 28.469943590
-54.038242081 190.431014692 28.469603032
-54.227269803 190.496348605 28.469262474
-54.416297526 190.561682518 28.468921915
-54.605349180 190.626946716 28.468571701
-54.794455481 190.692051722 28.468199436
-54.983616429 190.756997537 28.467805121
-55.172832023 190.821784160 28.467388756
-55.362102265 190.886411591 28.466950341
-55.551403223 190.950949546 28.466499532
-55.740704180 191.015487500 28.466048723
-55.930005137 191.080025454 28.465597914
-56.119306095 191.144563409 28.465147105
-56.308607052 191.209101363 28.464696296
-56.497908009 191.273639317 28.464245486
-56.687208967 191.338177271 28.463794677
-56.876509924 191.402715226 28.463343868
-57.065810881 191.467253180 28.462893059
-57.255111839 191.531791134 28.462442250
-57.444372235 191.596446694 28.461980355
-57.633540017 191.661370778 28.461493146
-57.822615187 191.726563388 28.460980625
-58.011597743 191.792024523 28.460442790
-58.200487686 191.857754183 28.459879642
-58.389325577 191.923634764 28.459302267
-58.578163468 191.989515344 28.458724892
-58.767001359 192.055395924 28.458147517
-58.955839250 192.121276504 28.457570142
-59.144677142 192.187157084 28.456992767
-59.333515033 192.253037665 28.456415392
-59.522352924 192.318918245 28.455838017
-59.711190815 192.384798825 28.455260642
-59.900028706 192.450679405 28.454683267
-60.088866597 192.516559986 28.454105892
-60.277704489 192.582440566 28.453528517
-60.466542380 192.648321146 28.452951142
-60.655380271 192.714201726 28.452373767
-60.844218162 192.780082307 28.451796392
-61.033056053 192.845962887 28.451219017
-61.221893945 192.911843467 28.450641642
-61.410731836 192.977724047 28.450064267
-61.599569727 193.043604628 28.449486892
-61.788169451 193.110147826 28.448924728
-61.976515282 193.177397395 28.448378778
-62.164607219 193.245353335 28.447849044
-62.352445264 193.314015645 28.447335524
-62.540029415 193.383384326 28.446838219
-62.727597840 193.452796759 28.446341919
-62.915166266 193.522209192 28.445845618
-63.102734691 193.591621625 28.445349318
-63.290303116 193.661034058 28.444853018
-63.477871541 193.730446490 28.444356717
-63.665439967 193.799858923 28.443860417
-63.853008392 193.869271356 28.443364116
-64.040576817 193.938683789 28.442867816
-64.228145242 194.008096222 28.442371516
-64.415713668 194.077508655 28.441875215
-64.602630011 194.148563299 28.441372529
-64.788851250 194.221368501 28.440863037
-64.974377385 194.295924262 28.440346737
-65.159208416 194.372230582 28.439823631
-65.343344343 194.450287460 28.439293718
-65.527437247 194.528452686 28.438763384
-65.711530151 194.606617912 28.438233050
-65.895340891 194.685412921 28.437706215
-66.078507614 194.765645352 28.437187365
-66.261030321 194.847315206 28.436676500
-66.442909012 194.930422483 28.436173620
-66.624143686 195.014967182 28.435678726
-66.805016509 195.100319522 28.435188318
-66.985889332 195.185671862 28.434697911
-67.166762155 195.271024202 28.434207503
-67.347634978 195.356376542 28.433717095
-67.528507801 195.441728882 28.433226688
-67.709071646 195.527703703 28.432746672
-67.888930323 195.615099185 28.432290372
-68.068083834 195.703915328 28.431857789
-68.246532177 195.794152131 28.431448923
-68.424275353 195.885809596 28.431063773
-68.601622340 195.978265241 28.430691947
-68.778969327 196.070720885 28.430320122
-68.956316314 196.163176530 28.429948297
-69.133663301 196.255632174 28.429576471
-69.311010288 196.348087819 28.429204646
-69.488357275 196.440543463 28.428832821
-69.665704262 196.532999108 28.428460995
-69.843051249 196.625454752 28.428089170
-70.019148427 196.720121795 28.427774028
-70.193913449 196.817145941 28.427519303
-70.367346314 196.916527190 28.427324995
-70.539447023 197.018265542 28.427191106
-70.710215575 197.122360998 28.427117633
-70.880901779 197.226602159 28.427047896
-71.051587984 197.330843319 28.426978159
-71.222274188 197.435084480 28.426908421
-71.392960393 197.539325641 28.426838684
-71.563646597 197.643566802 28.426768946
-71.734332802 197.747807962 28.426699209
-71.905019006 197.852049123 28.426629471
-72.075417322 197.956745785 28.426551426
-72.245158638 198.062481963 28.426454420
-72.414242952 198.169257656 28.426338454
-72.582670266 198.277072866 28.426203528
-72.750440579 198.385927592 28.426049642
-72.917841780 198.495366334 28.425885104
-73.085242980 198.604805075 28.425720566
-73.252644181 198.714243816 28.425556028
-73.420045381 198.823682558 28.425391489
-73.587446581 198.933121299 28.425226951
-73.754274848 199.043383921 28.425068750
-73.919795609 199.155526737 28.424925010
-74.084008866 199.269549748 28.424795732
-74.246914618 199.385452953 28.424680916
-74.408512865 199.503236353 28.424580561
-74.569376541 199.622076068 28.424488331
-74.730240217 199.740915782 28.424396101
-74.891103893 199.859755497 28.424303871
-75.051967569 199.978595211 28.424211641
-75.212831245 200.097434925 28.424119411
-75.373694921 200.216274640 28.424027180
-75.534558597 200.335114354 28.423934950
-75.695422273 200.453954069 28.423842720
-75.855823198 200.573406940 28.423670710
-76.015730884 200.693513365 28.423413663
-76.175145333 200.814273343 28.423071579
-76.334066543 200.935686874 28.422644459
-76.492494515 201.057753959 28.422132302
-76.650891999 201.179861439 28.421614889
-76.809289484 201.301968920 28.421097477
-76.967686969 201.424076400 28.420580064
-77.126084454 201.546183881 28.420062651
-77.284481939 201.668291361 28.419545238
-77.442879424 201.790398842 28.419027825
-77.601276909 201.912506322 28.418510413
-77.759119768 202.035297079 28.418013657
-77.915697028 202.159647001 28.417564037
-78.071008690 202.285556090 28.417161553
-78.225054753 202.413024343 28.416806206
-78.377835218 202.542051763 28.416497995
-78.529904709 202.671955072 28.416216263
-78.681974201 202.801858381 28.415934532
-78.834043693 202.931761690 28.415652801
-78.986113184 203.061664999 28.415371069
-79.138182676 203.191568308 28.415089338
-79.290252168 203.321471618 28.414807607
-79.442321659 203.451374927 28.414525875
-79.594391151 203.581278236 28.414244144
-79.745143166 203.712644336 28.413936116
-79.894490989 203.845569510 28.413600061
-80.042434619 203.980053756 28.413235978
-80.188974056 204.116097075 28.412843867
-80.334109300 204.253699467 28.412423729
-80.479157828 204.391398140 28.412001861
-80.624206355 204.529096814 28.411579992
-80.769254883 204.666795488 28.411158123
-80.914303410 204.804494161 28.410736255
-81.059351937 204.942192835 28.410314386
-81.203781689 205.080528063 28.409981823
-81.347551951 205.219541728 28.409744440
-81.490662725 205.359233830 28.409602239
-81.633114010 205.499604369 28.409555218
-81.774905806 205.640653345 28.409603379
-81.916656890 205.781744203 28.409657415
-82.058407974 205.922835061 28.409711451
-82.200159058 206.063925919 28.409765488
-82.341910142 206.205016777 28.409819524
-82.483661226 206.346107635 28.409873561
-82.624895230 206.487708039 28.409892210
-82.765578135 206.629851515 28.409873144
-82.905709939 206.772538063 28.409816363
-83.045290643 206.915767683 28.409721867
-83.184320246 207.059540375 28.409589656
-83.323315828 207.203346592 28.409455116
-83.462311411 207.347152809 28.409320577
-83.601306993 207.490959026 28.409186037
-83.740302576 207.634765243 28.409051498
-83.879298158 207.778571460 28.408916958
-84.016765180 207.923775605 28.408814035
-84.152603075 208.070469649 28.408744808
-84.286811842 208.218653593 28.408709278
-84.419391482 208.368327438 28.408707444
-84.550341994 208.519491182 28.408739307
-84.681191939 208.670746899 28.408773249
-84.812041884 208.822002616 28.408807192
-84.942891829 208.973258333 28.408841135
-85.073741774 209.124514050 28.408875077
-85.204591719 209.275769767 28.408909020
-85.334620279 209.427715777 28.408989813
-85.463773414 209.580397497 28.409120540
-85.592051124 209.733814926 28.409301200
-85.719453408 209.887968065 28.409531793
-85.845980268 210.042856913 28.409812319
-85.972453086 210.197791177 28.410095928
-86.098925905 210.352725441 28.410379536
-86.225398724 210.507659705 28.410663145
-86.351871542 210.662593969 28.410946753
-86.478344361 210.817528233 28.411230362
-86.603811569 210.973255180 28.411426818
-86.728207016 211.129826954 28.411530388
-86.851530702 211.287243555 28.411541072
-86.973782627 211.445504982 28.411458870
-87.094962792 211.604611236 28.411283782
-87.216076807 211.763769633 28.411102961
-87.337190822 211.922928030 28.410922140
-87.458304837 212.082086427 28.410741320
-87.579418853 212.241244824 28.410560499
-87.700532868 212.400403221 28.410379678
-87.821646883 212.559561618 28.410198858
-87.942760898 212.718720015 28.410018037
-88.063453356 212.878189368 28.409871662
-88.183183981 213.038368204 28.409803878
-88.301952773 213.199256524 28.409814686
-88.419759731 213.360854328 28.409904086
-88.536604855 213.523161616 28.410072078
-88.652909703 213.685867431 28.410284216
-88.769214551 213.848573247 28.410496353
-88.885519399 214.011279062 28.410708491
-89.000736321 214.174733974 28.410833781
-89.114793764 214.338987250 28.410866513
-89.227691729 214.504038891 28.410806685
-89.339430215 214.669888896 28.410654298
-89.450009222 214.836537266 28.410409351
-89.560516677 215.003234904 28.410158693
-89.671024132 215.169932542 28.409908035
-89.781531587 215.336630180 28.409657376
-89.892039041 215.503327817 28.409406718
-90.002546496 215.670025455 28.409156060
-90.111349779 215.837788271 28.408840213
-90.218336823 216.006686312 28.408454891
-90.323507627 216.176719578 28.408000094
-90.426862191 216.347888070 28.407475822
-90.528400515 216.520191787 28.406882075
-90.629826772 216.692565551 28.406284041
-90.731253028 216.864939315 28.405686007
-90.832679285 217.037313079 28.405087973
-90.934105541 217.209686843 28.404489939
-91.035531797 217.382060607 28.403891905
-91.136958054 217.554434370 28.403293871
-91.238384310 217.726808134 28.402695837
-91.339810567 217.899181898 28.402097802
-91.441236823 218.071555662 28.401499768
-91.542663080 218.243929426 28.400901734
-91.644089336 218.416303190 28.400303700
-91.745515592 218.588676954 28.399705666
-91.845990139 218.761571765 28.399079815
-91.944293689 218.935655161 28.398390510
-92.040426243 219.110927144 28.397637750
-92.134387801 219.287387714 28.396821537
-92.226178363 219.465036869 28.395941868
-92.316749639 219.643353565 28.395026562
-92.407320916 219.821670261 28.394111257
-92.497892192 219.999986956 28.393195951
-92.588611133 220.178228238 28.392290968
-92.679487425 220.356389161 28.391396984
-92.770521067 220.534469724 28.390514000
-92.861712059 220.712469927 28.389642016
-92.953060402 220.890389771 28.388781032
-93.044418428 221.068304670 28.387920724
-93.135776455 221.246219568 28.387060417
-93.226825570 221.424289264 28.386217902
-93.317170249 221.602711959 28.385415960
-93.406810493 221.781487654 28.384654592
-93.495746300 221.960616347 28.383933797
-93.583977672 222.140098039 28.383253576
-93.671813519 222.319777932 28.382596135
-93.759649366 222.499457825 28.381938695
-93.847485213 222.679137718 28.381281254
-93.933749975 222.859541276 28.380615907
-94.018340811 223.040715868 28.379942136
-94.101257723 223.222661494 28.379259940
-94.182500708 223.405378154 28.378569319
-94.262069769 223.588865849 28.377870274
-94.341019059 223.772620156 28.377141892
-94.419417601 223.956608049 28.376382804
-94.497265394 224.140829527 28.375593011
-94.574562439 224.325284591 28.374772513
-94.651308735 224.509973242 28.373921309
-94.728021211 224.694676236 28.373068220
-94.804733688 224.879379229 28.372215131
-94.881035018 225.064246931 28.371359832
-94.956399074 225.249490111 28.370499496
-95.030825855 225.435108770 28.369634124
-95.104315362 225.621102907 28.368763715
-95.176867596 225.807472522 28.367888268
-95.248893701 225.994052907 28.367009995
-95.320919807 226.180633292 28.366131721
-95.392945912 226.367213677 28.365253447
-95.462761389 226.554569110 28.364554101
-95.530221962 226.742750173 28.364045361
-95.595327632 226.931756866 28.363727226
-95.658078398 227.121589190 28.363599696
-95.718474260 227.312247145 28.363662771
-95.778725849 227.502955682 28.363737524
-95.838977437 227.693664219 28.363812277
-95.899277003 227.884357522 28.363863642
-95.959685927 228.075016103 28.363861700
-96.020204207 228.265639962 28.363806449
-96.080831843 228.456229099 28.363697890
-96.141568836 228.646783513 28.363536023
-96.202367208 228.837318439 28.363344237
-96.263165579 229.027853366 28.363152450
-96.323963950 229.218388292 28.362960664
-96.384762321 229.408923218 28.362768877
-96.445560692 229.599458144 28.362577091
-96.506083833 229.790078411 28.362388928
-96.565979651 229.980893192 28.362209027
-96.625248147 230.171902488 28.362037387
-96.683889322 230.363106297 28.361874007
-96.741903174 230.554504621 28.361718889
-96.799564935 230.746012117 28.361568406
-96.857226696 230.937519614 28.361417924
-96.914888458 231.129027111 28.361267442
-96.972550219 231.320534607 28.361116960
-97.030211980 231.512042104 28.360966478
-97.087028511 231.703781241 28.360837741
-97.141918556 231.896048344 28.360758568
-97.194882116 232.088843412 28.360728959
-97.245919190 232.282166445 28.360748914
-97.295029778 232.476017444 28.360818432
-97.343059113 232.670164767 28.360915768
-97.391088447 232.864312090 28.361013105
-97.439117781 233.058459413 28.361110441
-97.487147115 233.252606736 28.361207777
-97.535176449 233.446754059 28.361305113
-97.583205783 233.640901383 28.361402449
-97.631235117 233.835048706 28.361499786
-97.679264451 234.029196029 28.361597122
-97.726275773 234.223580209 28.361737332
-97.772202654 234.418216701 28.361923215
-97.817045093 234.613105506 28.362154770
-97.860803092 234.808246623 28.362431996
-97.903476649 235.003640053 28.362754895
-97.946083778 235.199048939 28.363080591
-97.988690907 235.394457825 28.363406288
-98.031298035 235.589866710 28.363731984
-98.073905164 235.785275596 28.364057680
-98.116512293 235.980684481 28.364383377
-98.157699093 236.176374487 28.364689088
-98.197372906 236.372363952 28.364973511
-98.235533730 236.568652876 28.365236646
-98.272181567 236.765241260 28.365478492
-98.307316415 236.962129104 28.365699049
-98.342358604 237.159035287 28.365918303
-98.377400793 237.355941470 28.366137557
-98.412442982 237.552847653 28.366356810
-98.447485171 237.749753837 28.366576064
-98.482527360 237.946660020 28.366795318
-98.517569549 238.143566203 28.367014571
-98.552611738 238.340472386 28.367233825
-98.586774941 238.537512124 28.367425510
-98.618934827 238.734856250 28.367554362
-98.649091394 238.932504763 28.367620382
-98.677244643 239.130457664 28.367623569
-98.703394574 239.328714952 28.367563924
-98.728420171 239.527143074 28.367469015
-98.753445769 239.725571195 28.367374106
-98.778471367 239.923999317 28.367279196
-98.803496964 240.122427439 28.367184287
-98.828522562 240.320855560 28.367089378
-98.853548160 240.519283682 28.366994469
-98.878573757 240.717711804 28.366899560
-98.903599355 240.916139925 28.366804651
-98.926691228 241.114761241 28.366615602
-98.947723241 241.313588354 28.366326273
-98.966695397 241.512621263 28.365936663
-98.983607693 241.711859968 28.365446773
-98.998460131 241.911304469 28.364856603
-99.013186436 242.110761572 28.364260293
-99.027912741 242.310218675 28.363663982
-99.042639046 242.509675778 28.363067672
-99.057365350 242.709132881 28.362471361
-99.072091655 242.908589984 28.361875051
-99.086817960 243.108047087 28.361278740
-99.101544265 243.307504190 28.360682430
-99.115651985 243.506996001 28.360119577
-99.128350055 243.706566903 28.359632967
-99.139638475 243.906216898 28.359222602
-99.149517245 244.105945985 28.358888481
-99.157986365 244.305754165 28.358630603
-99.165664421 244.505606729 28.358415512
-99.173342476 244.705459294 28.358200421
-99.181020531 244.905311858 28.357985330
-99.188698587 245.105164422 28.357770239
-99.196376642 245.305016987 28.357555147
-99.204054697 245.504869551 28.357340056
-99.211732753 245.704722115 28.357124965
-99.219410808 245.904574679 28.356909874
-99.226187450 246.104451041 28.356714972
-99.232003945 246.304352749 28.356541573
-99.236860293 246.504279805 28.356389679
-99.240756495 246.704232209 28.356259289
-99.243692550 246.904209960 28.356150403
-99.246569871 247.104189261 28.356042833
-99.249447193 247.304168563 28.355935263
-99.252324514 247.504147864 28.355827692
-99.255201836 247.704127166 28.355720122
-99.258079157 247.904106467 28.355612552
-99.260956479 248.104085769 28.355504981
-99.263833801 248.304065070 28.355397411
-99.266464398 248.504046187 28.355324900
-99.268532766 248.704031442 28.355332283
-99.270038904 248.904020834 28.355419559
-99.270982813 249.104014364 28.355586729
-99.271364491 249.304012031 28.355833793
-99.271430663 249.504012020 28.356125690
-99.271496835 249.704012009 28.356417587
-99.271563007 249.904011998 28.356709484
-99.271629179 250.104011987 28.357001381
-99.271695351 250.304011976 28.357293278
-99.271761523 250.504011965 28.357585175
-99.271827695 250.704011955 28.357877072
-99.271893867 250.904011944 28.358168969
-99.272079828 251.104011702 28.358432547
-99.272393383 251.304011215 28.358665962
-99.272834531 251.504010482 28.358869213
-99.273403271 251.704009503 28.359042301
-99.274099604 251.904008278 28.359185225
-99.274803740 252.104007039 28.359326305
-99.275507877 252.304005799 28.359467385
-99.276212013 252.504004560 28.359608464
-99.276916149 252.704003320 28.359749544
-99.277620285 252.904002081 28.359890624
-99.278324422 253.104000841 28.360031704
-99.279028558 253.303999602 28.360172783
-99.279784341 253.503998104 28.360316375
-99.280657811 253.703996019 28.360465691
-99.281648968 253.903993347 28.360620730
-99.282757812 254.103990087 28.360781494
-99.283984344 254.303986240 28.360947982
-99.285276916 254.503982063 28.361117682
-99.286569488 254.703977886 28.361287382
-99.287862060 254.903973709 28.361457082
-99.289154632 255.103969533 28.361626782
-99.290447204 255.303965356 28.361796482
-99.291739776 255.503961179 28.361966181
-99.293032348 255.703957002 28.362135881
-99.294324920 255.903952825 28.362305581
-99.295259930 256.103949257 28.362429213
-99.295814090 256.303946337 28.362503777
-99.295987400 256.503944065 28.362529273
-99.295779859 256.703942442 28.362505700
-99.295191469 256.903941467 28.362433060
-99.294579790 257.103940531 28.362357419
-99.293968111 257.303939596 28.362281777
-99.293356432 257.503938661 28.362206136
-99.292744752 257.703937725 28.362130495
-99.292133073 257.903936790 28.362054854
-99.291521394 258.103935855 28.361979213
-99.290909715 258.303934919 28.361903572
-99.290518003 258.503933278 28.361847153
-99.290627521 258.703930030 28.361834538
-99.291238270 258.903925174 28.361865725
-99.292350251 259.103918711 28.361940714
-99.293963462 259.303910640 28.362059506
-99.295857937 259.503901667 28.362202878
-99.297752413 259.703892695 28.362346250
-99.299646888 259.903883722 28.362489623
-99.301541364 260.103874749 28.362632995
-99.303435840 260.303865776 28.362776367
-99.305330315 260.503856803 28.362919739
-99.307224791 260.703847831 28.363063111
-99.309119266 260.903838858 28.363206483
-99.310757806 261.103831437 28.363350564
-99.312123743 261.303825670 28.363495402
-99.313217076 261.503821556 28.363640996
-99.314037805 261.703819096 28.363787345
-99.314585931 261.903818288 28.363934451
-99.315117388 262.103817582 28.364081602
-99.315648846 262.303816876 28.364228754
-99.316180303 262.503816170 28.364375906
-99.316711761 262.703815464 28.364523057
-99.317243218 262.903814758 28.364670209
-99.317774676 263.103814052 28.364817361
-99.318306133 263.303813346 28.364964513
-99.318837591 263.503812639 28.365111664
-99.319369048 263.703811933 28.365258816
-99.319900506 263.903811227 28.365405968
-99.320528953 264.103810138 28.365531355
-99.321260705 264.303808641 28.365633561
-99.322095764 264.503806736 28.365712586
-99.323034128 264.703804423 28.365768429
-99.324075798 264.903801703 28.365801090
-99.325123784 265.103798957 28.365832334
-99.326171770 265.303796211 28.365863578
-99.327219757 265.503793465 28.365894823
-99.328267743 265.703790720 28.365926067
-99.329315729 265.903787974 28.365957311
-99.330363715 266.103785228 28.365988555
-99.331411701 266.303782483 28.366019799
-99.332459687 266.503779737 28.366051043
-99.333507673 266.703776991 28.366082287
-99.334555659 266.903774246 28.366113532
-99.335471855 267.103771959 28.366129220
-99.336247678 267.303770162 28.366128340
-99.336883128 267.503768854 28.366110890
-99.337378205 267.703768035 28.366076873
-99.337732910 267.903767706 28.366026286
-99.338079032 268.103767407 28.365974686
-99.338425154 268.303767107 28.365923087
-99.338771276 268.503766808 28.365871487
-99.339117398 268.703766508 28.365819887
-99.339463521 268.903766209 28.365768288
-99.339809643 269.103765909 28.365716688
-99.340155765 269.303765610 28.365665088
-99.340501887 269.503765310 28.365613489
-99.340848009 269.703765011 28.365561889
-99.341194131 269.903764711 28.365510289
-99.341540253 270.103764412 28.365458690
-99.341886375 270.303764112 28.365407090
-99.342359117 270.503763137 28.365361162
-99.343120378 270.703760622 28.365328158
-99.344170159 270.903756566 28.365308078
-99.345508458 271.103750972 28.365300922
-99.347135277 271.303743837 28.365306690
-99.348923996 271.503735838 28.365319710
-99.350712714 271.703727839 28.365332730
-99.352501432 271.903719840 28.365345750
-99.354290151 272.103711841 28.365358770
-99.356078869 272.303703842 28.365371790
-99.357867588 272.503695843 28.365384810
-99.359656306 272.703687844 28.365397830
-99.361445025 272.903679845 28.365410850
-99.363233743 273.103671846 28.365423870
-99.365022461 273.303663847 28.365436890
-99.366705387 273.503656476 28.365446488
-99.368147249 273.703650534 28.365448288
-99.369348049 273.903646021 28.365442289
-99.370307786 274.103642939 28.365428493
-99.371026460 274.303641286 28.365406898
-99.371609865 274.503640435 28.365380928
-99.372193269 274.703639584 28.365354957
-99.372776673 274.903638733 28.365328987
-99.373360077 275.103637882 28.365303016
-99.373943481 275.303637031 28.365277046
-99.374526886 275.503636180 28.365251075
-99.375110290 275.703635329 28.365225105
-99.375693694 275.903634478 28.365199134
-99.376277098 276.103633627 28.365173164
-99.376860503 276.303632777 28.365147193
-99.377443907 276.503631926 28.365121223
-99.378027311 276.703631075 28.365095252
-99.378610715 276.903630224 28.365069282
-99.379309362 277.103628860 28.365049805
-99.380130756 277.303626950 28.365037244
-99.381074897 277.503624493 28.365031600
-99.382141785 277.703621490 28.365032873
-99.383331420 277.903617940 28.365041061
-99.384528559 278.103614357 28.365049673
-99.385725699 278.303610775 28.365058285
-99.386922839 278.503607192 28.365066896
-99.388119979 278.703603609 28.365075508
-99.389317119 278.903600026 28.365084120
-99.390514258 279.103596443 28.365092731
-99.391711398 279.303592860 28.365101343
-99.392908538 279.503589277 28.365109955
-99.394105678 279.703585694 28.365118566
-99.395302817 279.903582111 28.365127178
-99.396499957 280.103578529 28.365135790
-99.397697097 280.303574946 28.365144401
-99.398913995 280.503571233 28.365167351
-99.400175914 280.703567226 28.365222971
-99.401482855 280.903562924 28.365311262
-99.402834818 281.103558328 28.365432223
-99.404231801 281.303553436 28.365585855
-99.405654049 281.503548379 28.365757820
-99.407076296 281.703543322 28.365929785
-99.408498543 281.903538265 28.366101750
-99.409920790 282.103533208 28.366273715
-99.411343038 282.303528151 28.366445680
-99.412765285 282.503523094 28.366617645
-99.414187532 282.703518037 28.366789610
-99.415609779 282.903512980 28.366961575
-99.417032027 283.103507923 28.367133540
-99.418454274 283.303502866 28.367305505
-99.419752005 283.503498253 28.367492307
-99.420766014 283.703494651 28.367712916
-99.421496300 283.903492060 28.367967332
-99.421942864 284.103490481 28.368255556
-99.422105706 284.303489914 28.368577587
-99.422109342 284.503489914 28.368918588
-99.422112977 284.703489914 28.369259589
-99.422116613 284.903489914 28.369600591
-99.422120249 285.103489914 28.369941592
-99.422123884 285.303489914 28.370282594
-99.422127520 285.503489914 28.370623595
-99.422131156 285.703489914 28.370964596
-99.422134791 285.903489914 28.371305598
-99.422138427 286.103489914 28.371646599
-99.422142062 286.303489914 28.371987601
-99.422145698 286.503489914 28.372328602
-99.422149334 286.703489913 28.372669603
-99.422152969 286.903489913 28.373010605
-99.422352237 287.103489400 28.373314740
-99.422759869 287.303488341 28.373579608
-99.423375865 287.503486735 28.373805211
-99.424200226 287.703484582 28.373991548
-99.425232951 287.903481883 28.374138618
-99.426278409 288.103479150 28.374283289
-99.427323868 288.303476418 28.374427960
-99.428369326 288.503473686 28.374572631
-99.429414784 288.703470953 28.374717302
-99.430460242 288.903468221 28.374861973
-99.431505700 289.103465488 28.375006644
-99.432551158 289.303462756 28.375151315
-99.433596617 289.503460023 28.375295986
-99.434642075 289.703457291 28.375440657
-99.435687533 289.903454558 28.375585328
-99.436698929 290.103451988 28.375866511
-99.437674045 290.303449592 28.376293092
-99.438612881 290.503447368 28.376865068
-99.439515439 290.703445318 28.377582442
-99.440377806 290.903443457 28.378327142
-99.441229944 291.103441641 28.378838797
-99.442074068 291.303439859 28.379108523
-99.442910180 291.503438110 28.379136321
-99.443738278 291.703436395 28.378922189
-99.444562274 291.903434698 28.378584199
-99.445386271 292.103433001 28.378246210
-99.446210267 292.303431303 28.377908220
-99.446486699 292.503428068 28.377633205
-99.446208944 292.703423278 28.377421927
-99.445377002 292.903416932 28.377274386
-99.443990873 293.103409029 28.377190581
-99.442050557 293.303399571 28.377170513
-99.440103618 293.503390095 28.377151206
-99.438156679 293.703380618 28.377131899
-99.436209741 293.903371141 28.377112593
-99.434262802 294.103361665 28.377093286
-99.432315863 294.303352188 28.377073980
-99.430368925 294.503342711 28.377054673
-99.428421986 294.703333235 28.377035367
-99.426511178 294.903324076 28.377009107
-99.424674401 295.103315570 28.376968601
-99.422911655 295.303307716 28.376913848
-99.421222939 295.503300514 28.376844848
-99.419608255 295.703293965 28.376761602
-99.418031470 295.903287749 28.376671062
-99.416454685 296.103281533 28.376580522
-99.414877901 296.303275318 28.376489983
-99.413301116 296.503269102 28.376399443
-99.411724332 296.703262886 28.376308903
-99.410147547 296.903256670 28.376218363
-99.408570763 297.103250455 28.376127823
-99.406993978 297.303244239 28.376037284
-99.405417193 297.503238023 28.375946744
-99.403840409 297.703231808 28.375856204
-99.402331860 297.903226011 28.375746696
-99.400963122 298.103221072 28.375598321
-99.399734196 298.303216990 28.375411081
-99.398645083 298.503213767 28.375184975
-99.397695780 298.703211402 28.374920003
-99.396818055 298.903209476 28.374635133
-99.395940329 299.103207550 28.374350264
-99.395062603 299.303205624 28.374065394
-99.394184878 299.503203698 28.373780525
-99.393307152 299.703201772 28.373495655
-99.392429426 299.903199846 28.373210786
-99.391551701 300.103197920 28.372925916
-99.390673975 300.303195994 28.372641047
-99.389796249 300.503194068 28.372356177
-99.388918524 300.703192142 28.372071308
-99.388040798 300.903190216 28.371786438
-99.387163072 301.103188290 28.371501569
-99.386285347 301.303186364 28.371216699
-99.386752681 301.503167449 28.370904863
-99.388581316 301.703131340 28.370565734
-99.391771253 301.903078038 28.370199313
-99.396322492 302.103007541 28.369805599
-99.402235032 302.302919851 28.369384593
-99.408163814 302.502831956 28.368963261
-99.414092595 302.702744060 28.368541930
-99.420021377 302.902656165 28.368120598
-99.425950158 303.102568269 28.367699266
-99.431878940 303.302480374 28.367277934
-99.437807722 303.502392479 28.366856603
-99.443736503 303.702304583 28.366435271
-99.449665285 303.902216688 28.366013939
-99.455594066 304.102128792 28.365592607
-99.461522848 304.302040897 28.365171276
-99.467451629 304.501953001 28.364749944
-99.473380411 304.701865106 28.364328612
-99.478906059 304.901785001 28.363914836
-99.483605795 305.101720856 28.363516541
-99.487479620 305.301672672 28.363133726
-99.490527533 305.501640448 28.362766391
-99.492749536 305.701624185 28.362414536
-99.494548760 305.901616092 28.362070605
-99.496347985 306.101607999 28.361726675
-99.498147209 306.301599906 28.361382744
-99.499946434 306.501591813 28.361038814
-99.501745658 306.701583719 28.360694883
-99.503544883 306.901575626 28.360350953
-99.505344108 307.101567533 28.360007022
-99.507143332 307.301559440 28.359663092
-99.508942557 307.501551347 28.359319161
-99.510741781 307.701543253 28.358975230
-99.512541006 307.901535160 28.358631300
-99.514340231 308.101527067 28.358287369
-99.516139455 308.301518974 28.357943439
-99.517237133 308.501510966 28.357587158
-99.517624840 308.701503044 28.357218377
-99.517302576 308.901495209 28.356837098
-99.516270340 309.101487460 28.356443319
-99.514528134 309.301479797 28.356037042
-99.512777502 309.501472135 28.355630616
-99.511026871 309.701464473 28.355224190
-99.509276240 309.901456811 28.354817765
-99.507525608 310.101449149 28.354411339
-99.505774977 310.301441487 28.354004913
-99.504024346 310.501433825 28.353598487
-99.502273714 310.701426163 28.353192061
-99.500523083 310.901418501 28.352785636
-99.498772452 311.101410839 28.352379210
-99.497021820 311.301403177 28.351972784
-99.495271189 311.501395515 28.351566358
-99.493520558 311.701387854 28.351159933
-99.491769926 311.901380192 28.350753507
-99.490019295 312.101372530 28.350347081
-99.488268664 312.301364868 28.349940655
-99.486518032 312.501357206 28.349534229
-99.484767401 312.701349544 28.349127804
-99.482475550 312.901329640 28.348721241
-99.479075051 313.101284659 28.348314398
-99.474565904 313.301214602 28.347907274
-99.468948109 313.501119468 28.347499870
-99.462221667 313.700999257 28.347092185
-99.454927797 313.900866211 28.346684357
-99.447633927 314.100733166 28.346276529
-99.440340057 314.300600120 28.345868700
-99.433046186 314.500467075 28.345460872
-99.425752316 314.700334029 28.345053044
-99.418458446 314.900200983 28.344645216
-99.411164576 315.100067938 28.344237388
-99.403870706 315.299934892 28.343829559
-99.396576836 315.499801847 28.343421731
-99.389282966 315.699668801 28.343013903
-99.381989095 315.899535755 28.342606075
-99.374695225 316.099402710 28.342198246
-99.367401355 316.299269664 28.341790418
-99.360107485 316.499136619 28.341382590
-99.352813615 316.699003573 28.340974762
-99.345519745 316.898870527 28.340566933
-99.338225875 317.098737482 28.340159105
-99.330932004 317.298604436 28.339751277
-99.319806605 317.497955062 28.339549839
-99.300965424 317.696265927 28.339764022
-99.274408459 317.893537031 28.340393826
-99.240135712 318.089768373 28.341439251
-99.198147182 318.284959954 28.342900297
-99.151662300 318.479473560 28.344555006
-99.103945229 318.673676063 28.346178378
-99.054995970 318.867567466 28.347770413
-99.004814522 319.061147766 28.349331111
-98.953400886 319.254416965 28.350860472
-98.901367161 319.447529604 28.352374063
-98.849333436 319.640642244 28.353887653
-98.797299711 319.833754883 28.355401244
-98.743069056 320.026207231 28.356857509
-98.686634798 320.217997282 28.358256275
-98.627450251 320.408934545 28.359583369
-98.564962171 320.598826245 28.360824449
-98.499170556 320.787672381 28.361979514
-98.432272338 320.976133246 28.363105889
-98.364274188 321.164210844 28.364203749
-98.294866131 321.351760453 28.365264603
-98.223734727 321.538635715 28.366279864
-98.150879975 321.724836631 28.367249533
-98.073750252 321.909188834 28.368022386
-97.992338177 322.091688927 28.368597986
-97.906788443 322.272295273 28.368988582
-97.817247504 322.450965785 28.369206567
-97.723715359 322.627700463 28.369251940
-97.627327865 322.802848676 28.369269963
-97.528088307 322.976411436 28.369261055
-97.425665181 323.148082651 28.369224753
-97.319723133 323.317552678 28.369160590
-97.210262164 323.484821517 28.369068564
-97.097766852 323.650041920 28.368941226
-96.982238597 323.813214332 28.368778552
-96.864322840 323.974717669 28.368581727
-96.744672510 324.134935250 28.368351948
-96.623287608 324.293867076 28.368089214
-96.500383718 324.451610983 28.367784598
-96.375961467 324.608167257 28.367438072
-96.249462562 324.763001382 28.367076267
-96.120322273 324.915572673 28.366726117
-95.988540598 325.065881131 28.366387622
-95.853935771 325.213635376 28.366124483
-95.716507272 325.358834573 28.365936882
-95.576808580 325.501904438 28.365831780
-95.435399573 325.643275611 28.365816217
-95.292280251 325.782948093 28.365890194
-95.147249645 325.920580451 28.365979520
-95.000307178 326.056171704 28.366083981
-94.851855703 326.190134674 28.366179684
-94.702302724 326.322886952 28.366242460
-94.551648242 326.454428536 28.366272308
-94.400661226 326.585584549 28.366226877
-94.249343891 326.716357364 28.366106046
-94.097616077 326.846652194 28.365889538
-93.945396699 326.976373158 28.365556844
-93.792685757 327.105520257 28.365107965
-93.639812623 327.234475587 28.364618084
-93.486778245 327.363240249 28.364087418
-93.333592545 327.491824979 28.363517858
-93.180265565 327.620240641 28.362911320
-93.026797303 327.748487237 28.362267803
-92.873187762 327.876564767 28.361587307
-92.719436939 328.004473229 28.360869832
-92.565637300 328.132323376 28.360129838
-92.411882363 328.260227222 28.359381949
-92.258172129 328.388184767 28.358626165
-92.104583871 328.516288389 28.357870446
-91.951117806 328.644538346 28.357114813
-91.797751709 328.772907940 28.356363192
-91.644463101 328.901370169 28.355619553
-91.491251984 329.029925034 28.354883896
-91.338274413 329.158755696 28.354172786
-91.185530819 329.287862661 28.353486270
-91.033425256 329.417704273 28.352856042
-90.882366248 329.548743947 28.352314146
-90.732353795 329.680981684 28.351860584
-90.583625427 329.814650857 28.351490713
-90.436181795 329.949752106 28.351204520
-90.290083549 330.086304397 28.350983981
-90.145392005 330.224326899 28.350810873
-90.002107162 330.363819612 28.350685196
-89.860407009 330.504903669 28.350594713
-89.720292037 330.647579403 28.350539391
-89.581502792 330.791561595 28.350505931
-89.443776959 330.936561880 28.350480890
-89.307114536 331.082580257 28.350464267
-89.171275428 331.229358634 28.350448634
-89.036258973 331.376896301 28.350433972
-88.901893852 331.525031547 28.350419919
-88.768006857 331.673600874 28.350406111
-88.634597985 331.822604282 28.350392547
-88.501258485 331.971669817 28.350379006
-88.367987230 332.120796453 28.350365489
-88.236493962 332.271422416 28.350424584
-88.106781353 332.423548133 28.350557820
-87.979106264 332.577373936 28.350769363
-87.853747818 332.733117516 28.351063741
-87.730706014 332.890778874 28.351440953
-87.608237177 333.048889402 28.351828398
-87.486304323 333.207417953 28.352224537
-87.364936740 333.366379272 28.352629769
-87.244166238 333.525789373 28.353044528
-87.123992817 333.685648256 28.353468813
-87.004734891 333.846188164 28.353907639
-86.886399207 334.007414019 28.354361112
-86.768699616 334.169110745 28.354824666
-86.651325184 334.331044635 28.355293341
-86.534275912 334.493215690 28.355767135
-86.417517568 334.655594839 28.356245473
-86.301049421 334.818181462 28.356728341
-86.184838116 334.980951882 28.357228301
-86.068847410 335.143880373 28.357759000
-85.953077302 335.306966935 28.358320438
-85.837243613 335.470008396 28.358908178
-85.721340325 335.633000453 28.359522127
-85.605317034 335.795906856 28.360164739
-85.489118986 335.958688222 28.360838676
-85.372746181 336.121344552 28.361543940
-85.255829865 336.283607234 28.362339054
-85.138362249 336.445470595 28.363225254
-85.020427096 336.606994566 28.364187526
-84.902115400 336.768244252 28.365209559
-84.783427162 336.929219653 28.366291352
-84.663857026 337.089525729 28.367512560
-84.543394386 337.249154186 28.368874854
-84.421117447 337.407336960 28.370455870
-84.296025557 337.563240279 28.372339885
-84.168118714 337.716864143 28.374526897
-84.037203041 337.867888206 28.376857726
-83.903274804 338.016306046 28.379329028
-83.766628477 338.162257468 28.381662551
-83.627584831 338.305895342 28.383556590
-83.486143867 338.447219669 28.385011146
-83.341948837 338.585636437 28.385548417
-83.194992644 338.721133665 28.385158607
-83.045511790 338.853867349 28.384025298
-82.893762841 338.984006858 28.382347465
-82.739745798 339.111552192 28.380125106
-82.583684374 339.236501623 28.377857906
-82.425583550 339.358855628 28.375556112
-82.265364481 339.478404638 28.373289955
-82.102942452 339.594922650 28.371135425
-81.938317463 339.708409665 28.369092522
-81.772451535 339.820077462 28.367276016
-81.605364156 339.929950606 28.365688191
-81.437439756 340.038576874 28.364418750
-81.269094222 340.146548871 28.363564635
-81.098325168 340.250181032 28.363347094
-80.924912390 340.348996108 28.363701215
-80.748576914 340.442338556 28.364565154
-80.568782773 340.528891155 28.365665654
-80.385622108 340.608798832 28.366848236
-80.200360472 340.683676799 28.367709713
-80.013288208 340.753895795 28.368157651
-79.824613300 340.819871945 28.368230235
-79.634791124 340.882516366 28.368011071
-79.443821679 340.941829055 28.367500158
-79.251951301 340.998021822 28.366868402
-79.059236460 341.051143266 28.366154969
-78.865680045 341.101106285 28.365387565
-78.671288405 341.147720321 28.364626834
-78.476061541 341.190985373 28.363872778
-78.280329430 341.231916514 28.363159079
-78.084167690 341.270746380 28.362493454
-77.887649180 341.307808819 28.361869556
-77.690933375 341.343834552 28.361273495
-77.494020276 341.378823581 28.360705272
-77.296813638 341.411898805 28.360195264
-77.099291419 341.442859347 28.359750429
-76.901453621 341.471705206 28.359370767
-76.703300243 341.498436382 28.359056278
-76.504831285 341.523052876 28.358806962
-76.306238103 341.546696056 28.358588726
-76.107564529 341.569627362 28.358393758
-75.908785343 341.591575339 28.358230972
-75.709845358 341.611945929 28.358119866
-75.510744575 341.630739133 28.358060442
-75.311548402 341.648534157 28.358033765
-75.112271824 341.665463668 28.358035500
-74.912919408 341.681504597 28.358066400
-74.713501148 341.696606463 28.358128112
-74.514017045 341.710769265 28.358220636
-74.314467099 341.723993002 28.358343972
-74.114851311 341.736277677 28.358498121
-73.915187346 341.747864687 28.358675159
-73.715513866 341.759282312 28.358857748
-73.515830872 341.770530553 28.359045888
-73.316138363 341.781609409 28.359239580
-73.116436340 341.792518881 28.359438823
-72.916727786 341.803312093 28.359641876
-72.717019232 341.814105306 28.359844929
-72.517310678 341.824898519 28.360047982
-72.317605878 341.835759877 28.361117754
-72.117905693 341.846704987 28.363252759
-71.918210122 341.857733850 28.366452997
-71.718519166 341.868846466 28.370718468
-71.518832825 341.880042835 28.376049171
-71.319147343 341.891254811 28.381578389
-71.119461861 341.902466788 28.387107606
-70.919776380 341.913678764 28.392636824
-70.720090898 341.924890741 28.398166042
-70.520405417 341.936102717 28.403695259
-70.320719935 341.947314694 28.409224477
-70.121034453 341.958526670 28.414753694
-69.921348972 341.969738647 28.420282912
-69.721663490 341.980950624 28.425812130
-69.521978008 341.992162600 28.431341347
-69.322292527 342.003374577 28.436870565
-69.122607045 342.014586553 28.442399783
-68.922921563 342.025798530 28.447929000
-68.723236082 342.037010506 28.453458218
-68.523550600 342.048222483 28.458987435
-68.323865118 342.059434460 28.464516653
-68.124179637 342.070646436 28.470045871
-67.924503043 342.082002317 28.475213901
-67.724854030 342.093804780 28.479261054
-67.525232598 342.106053825 28.482187329
-67.325638748 342.118749452 28.483992726
-67.126072478 342.131891660 28.484677246
-66.926524902 342.145336545 28.484602076
-66.726977326 342.158781430 28.484526906
-66.527429750 342.172226315 28.484451736
-66.327882174 342.185671200 28.484376566
-66.128334598 342.199116085 28.484301396
-65.928787022 342.212560970 28.484226226
-65.729239446 342.226005855 28.484151055
-65.529734384 342.240020451 28.483495046
-65.330272244 342.254610229 28.482252620
-65.130853025 342.269775189 28.480423775
-64.931476728 342.285515332 28.478008513
-64.732143353 342.301830658 28.475006834
-64.532810387 342.318151455 28.471999575
-64.333477420 342.334472253 28.468992317
-64.134144453 342.350793050 28.465985059
-63.934811487 342.367113848 28.462977800
-63.735478520 342.383434645 28.459970542
-63.536145554 342.399755442 28.456963283
-63.336812587 342.416076240 28.453956025
-63.137479620 342.432397037 28.450948767
-62.938146654 342.448717835 28.447941508
-62.738813687 342.465038632 28.444934250
-62.539480721 342.481359429 28.441926992
-62.340147754 342.497680227 28.438919733
-62.140814787 342.514001024 28.435912475
-61.941481821 342.530321821 28.432905216
-61.742148854 342.546642619 28.429897958
-61.542815888 342.562963416 28.426890700
-61.343482921 342.579284214 28.423883441
-61.144149954 342.595605011 28.420876183
-60.944816988 342.611925808 28.417868924
-60.745484021 342.628246606 28.414861666
-60.546151055 342.644567403 28.411854408
-60.346818088 342.660888201 28.408847149
-60.147485121 342.677208998 28.405839891
-59.948152155 342.693529795 28.402832633
-59.748819188 342.709850593 28.399825374
-59.549486222 342.726171390 28.396818116
-59.350153255 342.742492188 28.393810857
-59.150820288 342.758812985 28.390803599
-58.951487322 342.775133782 28.387796341
-58.752154355 342.791454580 28.384789082
-58.552821389 342.807775377 28.381781824
-58.353488422 342.824096175 28.378774565
-58.154155455 342.840416972 28.375767307
-57.954822489 342.856737769 28.372760049
-57.755489522 342.873058567 28.369752790
-57.556156556 342.889379364 28.366745532
-57.356823589 342.905700162 28.363738274
-57.157490622 342.922020959 28.360731015
-56.958157656 342.938341756 28.357723757
-56.758824689 342.954662554 28.354716498
-56.559491723 342.970983351 28.351709240
-56.360158756 342.987304149 28.348701982
-56.160825789 343.003624946 28.345694723
-55.961492823 343.019945743 28.342687465
-55.762159856 343.036266541 28.339680206
-55.562826890 343.052587338 28.336672948
-55.363493923 343.068908136 28.333665690
-55.164160956 343.085228933 28.330658431
-54.964827990 343.101549730 28.327651173
-54.765495023 343.117870528 28.324643914
-54.566162057 343.134191325 28.321636656
-54.366829090 343.150512123 28.318629398
-54.167496123 343.166832920 28.315622139
-53.968163157 343.183153717 28.312614881
-53.768830190 343.199474515 28.309607623
-53.569476015 343.215524991 28.307250073
-53.370100574 343.231304406 28.305544011
-53.170703865 343.246812759 28.304489437
-52.971285891 343.262050050 28.304086351
-52.771846649 343.277016280 28.304334754
-52.572407350 343.291981769 28.304584936
-52.372968051 343.306947258 28.304835118
-52.173528751 343.321912747 28.305085300
-51.974089452 343.336878237 28.305335483
-51.774650153 343.351843726 28.305585665
-51.575210853 343.366809215 28.305835847
-51.375771554 343.381774704 28.306086029
-51.176332255 343.396740194 28.306336211
-50.976892955 343.411705683 28.306586394
-50.777453656 343.426671172 28.306836576
-50.578014356 343.441636661 28.307086758
-50.378575057 343.456602151 28.307336940
-50.179135758 343.471567640 28.307587122
-49.979696458 343.486533129 28.307837305
-49.780257159 343.501498618 28.308087487
-49.580817860 343.516464108 28.308337669
-49.381378560 343.531429597 28.308587851
-49.181939261 343.546395086 28.308838033
-48.982499962 343.561360575 28.309088216
-48.783060662 343.576326065 28.309338398
-48.583621363 343.591291554 28.309588580
-48.384182063 343.606257043 28.309838762
-48.184742764 343.621222533 28.310088944
-47.985303465 343.636188022 28.310339127
-47.785864165 343.651153511 28.310589309
-47.586424866 343.666119000 28.310839491
-47.386985567 343.681084490 28.311089673
-47.187546267 343.696049979 28.311339855
-46.988106968 343.711015468 28.311590038
-46.788667669 343.725980957 28.311840220
-46.589228369 343.740946447 28.312090402
-46.389789070 343.755911936 28.312340584
-46.190349770 343.770877425 28.312590766
-45.990910471 343.785842914 28.312840949
-45.791471172 343.800808404 28.313091131
-45.592031872 343.815773893 28.313341313
-45.392592573 343.830739382 28.313591495
-45.193153274 343.845704871 28.313841677
-44.993713974 343.860670361 28.314091860
-44.794274675 343.875635850 28.314342042
-44.594835375 343.890601339 28.314592224
-44.395396076 343.905566828 28.314842406
-44.195956777 343.920532318 28.315092588
-43.996517477 343.935497807 28.315342771
-43.797078178 343.950463296 28.315592953
-43.597638879 343.965428785 28.315843135
-43.398199579 343.980394275 28.316093317
-43.198760280 343.995359764 28.316343499
-42.999320981 344.010325253 28.316593682
-42.799881681 344.025290742 28.316843864
-42.600442382 344.040256232 28.317094046
-42.401003082 344.055221721 28.317344228
-42.201563783 344.070187210 28.317594410
-42.002124484 344.085152699 28.317844593
-41.802685184 344.100118189 28.318094775
-41.603245885 344.115083678 28.318344957
-41.403806586 344.130049167 28.318595139
-41.204367286 344.145014656 28.318845321
-41.004927987 344.159980146 28.319095504
-40.805488688 344.174945635 28.319345686
-40.606049388 344.189911124 28.319595868
-40.406610089 344.204876613 28.319846050
-40.207170789 344.219842103 28.320096232
-40.007731490 344.234807592 28.320346415
-39.808292191 344.249773081 28.320596597
-39.608852891 344.264738570 28.320846779
-39.409413592 344.279704060 28.321096961
-39.209974293 344.294669549 28.321347143
-39.010534993 344.309635038 28.321597326
-38.811095694 344.324600527 28.321847508
-38.611656395 344.339566017 28.322097690
-38.412217095 344.354531506 28.322347872
-38.212777796 344.369496995 28.322598054
-38.013338496 344.384462484 28.322848237
-37.813899197 344.399427974 28.323098419
-37.614459898 344.414393463 28.323348601
-37.415020598 344.429358952 28.323598783
-37.215581299 344.444324442 28.323848965
-37.016142000 344.459289931 28.324099148
-36.816702700 344.474255420 28.324349330
-36.617221795 344.488602000 28.324591009
-36.417699174 344.502328017 28.324824163
-36.218134836 344.515433470 28.325048792
-36.018528781 344.527918360 28.325264895
-35.818881010 344.539782687 28.325472473
-35.619233127 344.551645360 28.325680027
-35.419585245 344.563508034 28.325887582
-35.219937362 344.575370707 28.326095137
-35.020289480 344.587233380 28.326302692
-34.820641597 344.599096053 28.326510247
-34.620993715 344.610958726 28.326717802
-34.421345832 344.622821399 28.326925357
-34.221697950 344.634684072 28.327132912
-34.022050067 344.646546745 28.327340467
-33.822402185 344.658409418 28.327548022
-33.622754302 344.670272091 28.327755576
-33.423106420 344.682134764 28.327963131
-33.223458537 344.693997437 28.328170686
-33.023810655 344.705860110 28.328378241
-32.824162772 344.717722783 28.328585796
-32.624514890 344.729585456 28.328793351
-32.424867007 344.741448129 28.329000906
-32.225219125 344.753310802 28.329208461
-32.025571242 344.765173475 28.329416016
-31.825923360 344.777036149 28.329623570
-31.626275477 344.788898822 28.329831125
-31.426627595 344.800761495 28.330038680
-31.226979712 344.812624168 28.330246235
-31.027331830 344.824486841 28.330453790
-30.827683947 344.836349514 28.330661345
-30.628036065 344.848212187 28.330868900
-30.428388182 344.860074860 28.331076455
-30.228740300 344.871937533 28.331284010
-30.029092417 344.883800206 28.331491564
-29.829444535 344.895662879 28.331699119
-29.629796652 344.907525552 28.331906674
-29.430148770 344.919388225 28.332114229
-29.230500887 344.931250898 28.332321784
-29.030853005 344.943113571 28.332529339
-28.831205122 344.954976244 28.332736894
-28.631557240 344.966838917 28.332944449
-28.431909357 344.978701590 28.333152004
-28.232261475 344.990564264 28.333359559
-28.032613592 345.002426937 28.333567113
-27.832965710 345.014289610 28.333774668
-27.633317827 345.026152283 28.333982223
-27.433669945 345.038014956 28.334189778
-27.234022062 345.049877629 28.334397333
-27.034374180 345.061740302 28.334604888
-26.834726297 345.073602975 28.334812443
-26.635078415 345.085465648 28.335019998
-26.435430532 345.097328321 28.335227553
-26.235782650 345.109190994 28.335435107
-26.036134767 345.121053667 28.335642662
-25.836486885 345.132916340 28.335850217
-25.636839002 345.144779013 28.336057772
-25.437191120 345.156641686 28.336265327
-25.237543237 345.168504359 28.336472882
-25.037895355 345.180367032 28.336680437
-24.838247472 345.192229705 28.336887992
-24.638599590 345.204092379 28.337095547
-24.438951707 345.215955052 28.337303102
-24.239303825 345.227817725 28.337510656
-24.039655942 345.239680398 28.337718211
-23.840008060 345.251543071 28.337925766
-23.640360177 345.263405744 28.338133321
-23.440712295 345.275268417 28.338340876
-23.241064412 345.287131090 28.338548431
-23.041416530 345.298993763 28.338755986
-22.841768647 345.310856436 28.338963541
-22.642120765 345.322719109 28.339171096
-22.442472882 345.334581782 28.339378650
-22.242825000 345.346444455 28.339586205
-22.043177117 345.358307128 28.339793760
-21.843529235 345.370169801 28.340001315
-21.643881352 345.382032474 28.340208870
-21.444233470 345.393895147 28.340416425
-21.244585587 345.405757820 28.340623980
-21.044937705 345.417620493 28.340831535
-20.845289822 345.429483167 28.341039090
-20.645641940 345.441345840 28.341246644
-20.445994057 345.453208513 28.341454199
-20.246319759 345.464476434 28.341640808
-20.046592350 345.474548584 28.341785304
-19.846811832 345.483424962 28.341887686
-19.646978203 345.491105569 28.341947955
-19.447091464 345.497590404 28.341966111
-19.247178031 345.503474220 28.341963101
-19.047264598 345.509358036 28.341960090
-18.847351165 345.515241851 28.341957079
-18.647437732 345.521125667 28.341954068
-18.447524299 345.527009483 28.341951057
-18.247610866 345.532893299 28.341948046
-18.047697433 345.538777114 28.341945035
-17.847784000 345.544660930 28.341942025
-17.647870567 345.550544746 28.341939014
-17.447957134 345.556428562 28.341936003
-17.248043701 345.562312377 28.341932992
-17.048130268 345.568196193 28.341929981
-16.848216835 345.574080009 28.341926970
-16.648303402 345.579963825 28.341923959
-16.448389969 345.585847640 28.341920949
-16.248476536 345.591731456 28.341917938
-16.048563102 345.597615272 28.341914927
-15.848649669 345.603499088 28.341911916
-15.648736236 345.609382903 28.341908905
-15.448822803 345.615266719 28.341905894
-15.248909370 345.621150535 28.341902884
-15.048995937 345.627034350 28.341899873
-14.849082504 345.632918166 28.341896862
-14.649169071 345.638801982 28.341893851
-14.449255638 345.644685798 28.341890840
-14.249342205 345.650569613 28.341887829
-14.049428772 345.656453429 28.341884818
-13.849515339 345.662337245 28.341881808
-13.649601906 345.668221061 28.341878797
-13.449688473 345.674104876 28.341875786
-13.249775040 345.679988692 28.341872775
-13.049861607 345.685872508 28.341869764
-12.849948174 345.691756324 28.341866753
-12.650034741 345.697640139 28.341863742
-12.450121308 345.703523955 28.341860732
-12.250207875 345.709407771 28.341857721
-12.050294442 345.715291587 28.341854710
-11.850381009 345.721175402 28.341851699
-11.650468497 345.727089641 28.341841781
-11.450558075 345.733072847 28.341816205
-11.250649742 345.739125020 28.341774971
-11.050731584 345.744764941 28.341777680
-10.850802855 345.749962498 28.341828063
-10.650862633 345.754687269 28.341933026
-10.450909751 345.758900709 28.342101321
-10.250944208 345.762602817 28.342332947
-10.050973406 345.765954990 28.342568473
-9.850997808 345.768967328 28.342804180
-9.651017413 345.771639831 28.343040068
-9.451032222 345.773972498 28.343276137
-9.251042235 345.775965330 28.343512387
-9.051051965 345.777938152 28.343748648
-8.851061695 345.779910973 28.343984909
-8.651071426 345.781883795 28.344221170
-8.451081156 345.783856616 28.344457431
-8.251090886 345.785829437 28.344693692
-8.051098787 345.787442164 28.344904802
-7.851104743 345.788672268 28.345089188
-7.651108755 345.789519749 28.345246849
-7.451110823 345.789984607 28.345377787
-7.251110946 345.790066843 28.345482000
-7.051110955 345.790126551 28.345584640
-6.851110964 345.790186260 28.345687280
-6.651110973 345.790245968 28.345789920
-6.451110982 345.790305676 28.345892559
-6.251110991 345.790365384 28.345995199
-6.051111972 345.790142982 28.345976432
-5.851113988 345.789620821 28.345828662
-5.651117037 345.788798902 28.345551890
-5.451121120 345.787677223 28.345146116
-5.251126237 345.786255786 28.344611339
-5.051131414 345.784816701 28.344068967
-4.851136592 345.783377615 28.343526595
-4.651141769 345.781938530 28.342984223
-4.451146946 345.780499444 28.342441851
-4.251152124 345.779060359 28.341899480
-4.051157833 345.777555396 28.341407697
-3.851164107 345.775980437 28.340969665
-3.651170946 345.774335482 28.340585385
-3.451178350 345.772620532 28.340254856
-3.251186319 345.770835586 28.339978079
-3.051194321 345.769046521 28.339704465
-2.851202323 345.767257456 28.339430850
-2.651210325 345.765468392 28.339157236
-2.451218327 345.763679327 28.338883622
-2.251226329 345.761890262 28.338610007
-2.051234331 345.760101198 28.338336393
-1.851242333 345.758312133 28.338062778
-1.651250335 345.756523068 28.337789164
-1.451258337 345.754734003 28.337515550
-1.251266339 345.752944939 28.337241935
-1.051274341 345.751155874 28.336968321
-0.851282343 345.749366809 28.336694706
-0.651292705 345.747406671 28.336431331
-0.451308416 345.745058765 28.336191166
-0.251329475 345.742323093 28.335974209
-0.051355883 345.739199654 28.335780463
0.148612359 345.735688448 28.335609925
0.348577613 345.731960549 28.335452357
0.548542867 345.728232650 28.335294790
0.748508121 345.724504752 28.335137222
0.948473375 345.720776853 28.334979654
1.148438629 345.717048954 28.334822086
1.348403883 345.713321056 28.334664519
1.548369137 345.709593157 28.334506951
1.748334391 345.705865258 28.334349383
1.948299645 345.702137359 28.334191816
2.148264899 345.698409461 28.334034248
2.348215219 345.694213659 28.333900133
2.548131691 345.688957293 28.333819176
2.748014314 345.682640361 28.333791378
2.947863089 345.675262864 28.333816739
3.147678015 345.666824801 28.333895258
3.347474026 345.657794076 28.334003483
3.547270037 345.648763350 28.334111708
3.747066048 345.639732625 28.334219934
3.946862059 345.630701900 28.334328159
4.146658070 345.621671175 28.334436384
4.346434141 345.612280730 28.334520464
4.546165014 345.602074935 28.334549818
4.745850689 345.591053790 28.334524445
4.945491167 345.579217294 28.334444345
5.145086447 345.566565448 28.334309519
5.344656470 345.553457972 28.334144110
5.544226492 345.540350495 28.333978701
5.743796515 345.527243018 28.333813292
5.943366538 345.514135541 28.333647884
6.142936561 345.501028064 28.333482475
6.342464585 345.487399347 28.333324519
6.541897415 345.472589178 28.333183455
6.741235049 345.456597560 28.333059283
6.940477488 345.439424491 28.332952003
7.139624733 345.421069971 28.332861615
7.338718781 345.402055242 28.332780667
7.537812829 345.383040513 28.332699719
7.736906878 345.364025784 28.332618770
7.935908650 345.344149709 28.332550557
8.134812381 345.323358464 28.332495875
8.333618069 345.301652049 28.332454724
8.532325716 345.279030465 28.332427104
8.730935320 345.255493712 28.332413015
8.929539159 345.231903135 28.332399722
9.128142998 345.208312559 28.332386429
9.326685287 345.184256722 28.332368526
9.525088070 345.159146322 28.332340174
9.723351345 345.132981359 28.332301372
9.921475113 345.105761832 28.332252121
10.119459374 345.077487743 28.332192422
10.317365677 345.048624351 28.332126883
10.515271979 345.019760959 28.332061344
10.713178282 344.990897568 28.331995805
10.910904224 344.960915635 28.331995196
11.108438534 344.929745269 28.332063573
11.305781214 344.897386467 28.332200938
11.502932262 344.863839232 28.332407290
11.699891680 344.829103562 28.332682628
11.896839827 344.794297998 28.332962024
12.093787974 344.759492434 28.333241420
12.290638105 344.724176252 28.333498101
12.487266074 344.687702719 28.333703298
12.683671882 344.650071834 28.333857010
12.879855527 344.611283598 28.333959237
13.075817012 344.571338011 28.334009980
13.271654351 344.530745690 28.334031953
13.467491691 344.490153370 28.334053926
13.663329030 344.449561049 28.334075899
13.858856316 344.407601491 28.334091834
14.054054177 344.364189273 28.334101354
14.248922614 344.319324395 28.334104459
14.443461625 344.273006856 28.334101149
14.637671211 344.225236658 28.334091424
14.831861426 344.177381036 28.334081321
15.026051641 344.129525414 28.334071219
15.220110446 344.081168371 28.334079684
15.413871404 344.031674823 28.334130235
15.607334515 343.981044770 28.334222872
15.800499778 343.929278211 28.334357595
15.993367194 343.876375146 28.334534403
16.186068171 343.822836998 28.334734729
16.378769149 343.769298849 28.334935055
16.571470126 343.715760700 28.335135381
16.764171103 343.662222552 28.335335708
16.956872081 343.608684403 28.335536034
17.149357212 343.554428772 28.335762152
17.341353122 343.498546936 28.336046730
17.532859808 343.441038895 28.336389767
17.723877272 343.381904649 28.336791264
17.914405513 343.321144199 28.337251220
18.104660376 343.259475026 28.337743843
18.294915240 343.197805853 28.338236466
18.485170104 343.136136680 28.338729090
18.675071689 343.073429403 28.339216109
18.864597934 343.009619194 28.339697174
19.053748840 342.944706054 28.340172285
19.242524406 342.878689982 28.340641442
19.430924632 342.811570979 28.341104645
19.619302797 342.744387150 28.341567499
19.807680962 342.677203320 28.342030352
19.996059127 342.610019491 28.342493205
20.184437292 342.542835661 28.342956058
20.372815457 342.475651832 28.343418911
20.560687824 342.407130609 28.343888345
20.748022822 342.337188517 28.344364770
20.934820451 342.265825556 28.344848187
21.121080712 342.193041726 28.345338594
21.306803605 342.118837027 28.345835993
21.492494926 342.044548852 28.346333803
21.678186248 341.970260677 28.346831613
21.863877570 341.895972502 28.347329423
22.049568892 341.821684327 28.347827232
22.235260214 341.747396152 28.348325042
22.420311846 341.671604452 28.348867230
22.604683882 341.594215434 28.349456564
22.788376322 341.515229099 28.350093045
22.971389167 341.434645446 28.350776672
23.153722416 341.352464475 28.351507446
23.336015760 341.270189711 28.352240988
23.518309104 341.187914947 28.352974530
23.700293205 341.104990638 28.353691818
23.881576601 341.020594541 28.354372278
24.062159292 340.934726657 28.355015910
24.242041279 340.847386986 28.355622712
24.421222561 340.758575527 28.356192687
24.600012382 340.668941828 28.356742087
24.778802203 340.579308129 28.357291486
24.957592023 340.489674429 28.357840886
25.136381844 340.400040730 28.358390285
25.315171665 340.310407031 28.358939685
25.493682730 340.220240180 28.359500823
25.671562228 340.128865381 28.360088558
25.848810158 340.036282633 28.360702888
26.025426520 339.942491937 28.361343815
26.201411313 339.847493292 28.362011338
26.377043294 339.751819850 28.362693719
26.552675274 339.656146409 28.363376100
26.728307254 339.560472967 28.364058480
26.903939235 339.464799525 28.364740861
27.079571215 339.369126083 28.365423241
27.254917390 339.272947891 28.366065966
27.429616107 339.175626252 28.366618857
27.603667366 339.077161166 28.367081912
27.777071168 338.977552631 28.367455133
27.949827511 338.876800648 28.367738519
28.122222203 338.775409967 28.367971726
28.294616895 338.674019286 28.368204933
28.467011587 338.572628605 28.368438139
28.639406279 338.471237924 28.368671346
28.811800971 338.369847242 28.368904553
28.984000138 338.268132126 28.369159000
29.155756377 338.165682053 28.369461563
29.327069686 338.062497023 28.369812243
29.497940066 337.958577037 28.370211040
29.668367518 337.853922093 28.370657953
29.838547564 337.748856628 28.371131742
30.008727609 337.643791163 28.371605531
30.178907655 337.538725698 28.372079320
30.348426660 337.432627510 28.372536062
30.517243517 337.325432379 28.372974696
30.685358226 337.217140304 28.373395223
30.852770787 337.107751286 28.373797643
31.019481200 336.997265325 28.374181955
31.186150505 336.886715144 28.374565206
31.352819811 336.776164963 28.374948458
31.519489116 336.665614782 28.375331710
31.686158422 336.555064601 28.375714962
31.852827728 336.444514419 28.376098214
32.018705050 336.332816902 28.376380347
32.183741155 336.219900724 28.376555076
32.347936043 336.105765886 28.376622400
32.511289713 335.990412387 28.376582319
32.673802167 335.873840228 28.376434834
32.836265388 335.757196746 28.376281062
32.998728608 335.640553264 28.376127291
33.160851515 335.523451600 28.375965963
33.322203566 335.405312096 28.375787519
33.482784763 335.286134753 28.375591959
33.642595105 335.165919570 28.375379282
33.801634592 335.044666547 28.375149490
33.960243538 334.922833865 28.374910138
34.118852483 334.801001183 28.374670785
34.277461429 334.679168502 28.374431433
34.435333655 334.556407334 28.374181719
34.592423369 334.432659968 28.373921001
34.748730571 334.307926404 28.373649278
34.904255261 334.182206644 28.373366550
35.058997439 334.055500685 28.373072817
35.213693826 333.928737016 28.372778441
35.368390213 333.801973346 28.372484064
35.523086600 333.675209677 28.372189687
35.677782987 333.548446007 28.371895310
35.832479373 333.421682338 28.371600933
35.986412849 333.294016875 28.371222242
36.139536004 333.165393578 28.370753996
36.291848837 333.035812446 28.370196196
36.443351350 332.905273480 28.369548843
36.594043541 332.773776680 28.368811935
36.744688321 332.642223839 28.368069787
36.895333102 332.510670998 28.367327639
37.045977883 332.379118156 28.366585492
37.196622664 332.247565315 28.365843344
37.347267445 332.116012474 28.365101196
37.496997522 331.983449655 28.364329530
37.645756122 331.849814173 28.363526513
37.793543246 331.715106028 28.362692146
37.940358894 331.579325219 28.361826428
38.086203066 331.442471747 28.360929359
38.231990466 331.305555590 28.360030458
38.377777865 331.168639433 28.359131557
38.523565265 331.031723275 28.358232657
38.669352664 330.894807118 28.357333756
38.815140064 330.757890961 28.356434855
38.959935349 330.619957557 28.355570031
39.103677055 330.480943887 28.354741394
39.246365182 330.340849950 28.353948945
39.387999731 330.199675747 28.353192684
39.528580701 330.057421276 28.352472611
39.669100208 329.915103785 28.351754649
39.809619715 329.772786294 28.351036686
39.949567166 329.629928595 28.350314137
40.088219528 329.485847905 28.349581203
40.225576799 329.340544224 28.348837884
40.361638980 329.194017551 28.348084181
40.496406070 329.046267887 28.347320092
40.630450124 328.897835440 28.346550206
40.764494179 328.749402992 28.345780320
40.898538234 328.600970545 28.345010435
41.032582288 328.452538098 28.344240549
41.166626343 328.304105650 28.343470663
41.300313753 328.155359726 28.342746138
41.433193882 328.005904231 28.342124289
41.565266729 327.855739165 28.341605118
41.696532294 327.704864528 28.341188624
41.826990578 327.553280321 28.340874806
41.956998225 327.401300020 28.340618304
42.087005871 327.249319719 28.340361802
42.217013518 327.097339419 28.340105300
42.347021165 326.945359118 28.339848798
42.477028812 326.793378817 28.339592296
42.607036458 326.641398517 28.339335794
42.737044105 326.489418216 28.339079292
42.867051752 326.337437915 28.338822790
42.997059399 326.185457615 28.338566288
43.127067045 326.033477314 28.338309787
43.256438738 325.880978088 28.338053341
43.384370959 325.727304281 28.337797022
43.510863709 325.572455895 28.337540829
43.635916987 325.416432929 28.337284764
43.759530794 325.259235383 28.337028825
43.882341082 325.101382182 28.336772958
44.005151371 324.943528981 28.336517090
44.127961660 324.785675780 28.336261222
44.249954399 324.627204194 28.336012632
44.371079070 324.468076009 28.335771770
44.491335672 324.308291227 28.335538635
44.610724206 324.147849846 28.335313228
44.729244671 323.986751868 28.335095548
44.847714617 323.825615677 28.334878318
44.966184563 323.664479487 28.334661088
45.084654509 323.503343296 28.334443857
45.203124455 323.342207106 28.334226627
45.321594401 323.181070915 28.334009397
45.440064347 323.019934725 28.333792167
45.558534293 322.858798534 28.333574937
45.676533925 322.697328249 28.333341936
45.793469041 322.535101767 28.333073241
45.909339642 322.372119089 28.332768851
46.024145726 322.208380215 28.332428766
46.137887295 322.043885145 28.332052986
46.251034663 321.878967974 28.331657282
46.364182030 321.714050803 28.331261578
46.477329397 321.549133632 28.330865873
46.590476764 321.384216461 28.330470169
46.703624131 321.219299289 28.330074465
46.816276569 321.054054638 28.329707928
46.927808824 320.888068795 28.329407408
47.038220898 320.721341761 28.329172903
47.147512790 320.553873535 28.329004413
47.255684501 320.385664118 28.328901940
47.363230959 320.217040990 28.328836314
47.470777417 320.048417862 28.328770689
47.578323875 319.879794734 28.328705064
47.685870334 319.711171606 28.328639438
47.793416792 319.542548478 28.328573813
47.900568070 319.373680558 28.328491196
48.006824932 319.204258598 28.328370124
48.112187377 319.034282598 28.328210595
48.216655406 318.863752559 28.328012611
48.320229018 318.692668479 28.327776170
48.423303394 318.521275151 28.327518264
48.526377771 318.349881822 28.327260358
48.629452147 318.178488494 28.327002452
48.731908891 318.006731682 28.326822052
48.833709860 317.834588937 28.326723942
48.934855054 317.662060261 28.326708124
49.035344474 317.489145654 28.326774598
49.135178119 317.315845114 28.326923363
49.234973622 317.142522128 28.327076915
49.334769124 316.969199142 28.327230466
49.434564627 316.795876155 28.327384018
49.534360130 316.622553169 28.327537569
49.634155633 316.449230182 28.327691121
49.733146863 316.275457122 28.327761058
49.831284154 316.101206195 28.327742218
49.928567508 315.926477402 28.327634600
50.024996922 315.751270741 28.327438204
50.120572399 315.575586214 28.327153031
50.216098210 315.399873894 28.326862694
50.311624020 315.224161574 28.326572358
50.407149831 315.048449253 28.326282021
50.502675642 314.872736933 28.325991684
50.598201453 314.697024613 28.325701348
50.693727264 314.521312293 28.325411011
50.789253075 314.345599973 28.325120675
50.884778886 314.169887653 28.324830338
50.980304697 313.994175332 28.324540001
51.075830507 313.818463012 28.324249665
51.169800101 313.641950903 28.324016686
51.262117405 313.464589631 28.323844607
51.352782420 313.286379196 28.323733427
51.441795145 313.107319597 28.323683146
51.529155581 312.927410835 28.323693764
51.616419945 312.747452699 28.323707923
51.703684309 312.567494563 28.323722083
51.790948674 312.387536427 28.323736242
51.878213038 312.207578291 28.323750401
51.965477402 312.027620155 28.323764560
52.052741766 311.847662019 28.323778719
52.140006130 311.667703883 28.323792879
52.227270495 311.487745747 28.323807038
52.314534859 311.307787611 28.323821197
52.401799223 311.127829475 28.323835356
52.489063587 310.947871338 28.323849515
52.576327951 310.767913202 28.323863675
52.663592316 310.587955066 28.323877834
52.750856680 310.407996930 28.323891993
52.838121044 310.228038794 28.323906152
52.925385408 310.048080658 28.323920311
53.012649772 309.868122522 28.323934471
53.099174329 309.687826441 28.323882688
53.184024563 309.506765527 28.323681669
53.267200475 309.324939780 28.323331413
53.348702065 309.142349201 28.322831919
53.428529334 308.958993790 28.322183188
53.507422089 308.775211491 28.321451162
53.586314843 308.591429193 28.320719135
53.665207598 308.407646894 28.319987108
53.744100353 308.223864596 28.319255082
53.822993107 308.040082297 28.318523055
53.901885862 307.856299999 28.317791028
53.980778617 307.672517700 28.317059002
54.059671371 307.488735402 28.316326975
54.138564126 307.304953103 28.315594948
54.217456881 307.121170805 28.314862921
54.296349636 306.937388506 28.314130895
54.375242390 306.753606208 28.313398868
54.454135145 306.569823909 28.312666841
54.530876127 306.385195124 28.311891658
54.605332782 306.199667708 28.311070660
54.677505111 306.013241659 28.310203847
54.747393114 305.825916979 28.309291218
54.814996790 305.637693668 28.308332775
54.882467912 305.449418211 28.307371673
54.949939034 305.261142754 28.306410572
55.017410157 305.072867297 28.305449470
55.084881279 304.884591841 28.304488368
55.152352402 304.696316384 28.303527266
55.219823524 304.508040927 28.302566165
55.287294647 304.319765470 28.301605063
55.354765769 304.131490013 28.300643961
55.422236892 303.943214557 28.299682859
55.489708014 303.754939100 28.298721758
55.557179136 303.566663643 28.297760656
55.624650259 303.378388186 28.296799554
55.691073758 303.189773709 28.295887435
55.755128003 303.000392518 28.295086093
55.816812995 302.810244616 28.294395528
55.876128734 302.619330000 28.293815741
55.933075220 302.427648673 28.293346730
55.988700076 302.235539653 28.292939513
56.044324933 302.043430634 28.292532297
56.099949789 301.851321614 28.292125080
56.155574645 301.659212595 28.291717863
56.211199501 301.467103575 28.291310647
56.266824357 301.274994556 28.290903430
56.322449214 301.082885536 28.290496214
56.378074070 300.890776517 28.290088997
56.433698926 300.698667497 28.289681781
56.489323782 300.506558478 28.289274564
56.544948639 300.314449458 28.288867348
56.600573495 300.122340439 28.288460131
56.656198351 299.930231419 28.288052914
56.711823207 299.738122400 28.287645698
56.767448063 299.546013380 28.287238481
56.823072920 299.353904361 28.286831265
56.878697776 299.161795341 28.286424048
56.934322632 298.969686322 28.286016832
56.989947488 298.777577302 28.285609615
57.045572345 298.585468283 28.285202398
57.100939018 298.393286624 28.284819541
57.155721866 298.200940706 28.284491768
57.209920890 298.008430529 28.284219078
57.263536089 297.815756094 28.284001471
57.316567462 297.622917399 28.283838948
57.369273194 297.429987086 28.283707149
57.421978925 297.237056772 28.283575350
57.474684657 297.044126459 28.283443551
57.527390388 296.851196145 28.283311752
57.580096120 296.658265832 28.283179953
57.632801851 296.465335518 28.283048154
57.685507583 296.272405205 28.282916355
57.738213314 296.079474891 28.282784557
57.790919046 295.886544578 28.282652758
57.843624778 295.693614264 28.282520959
57.895773745 295.500541529 28.282325607
57.946663718 295.307146737 28.281986546
57.996294697 295.113429891 28.281503775
58.044666683 294.919390989 28.280877294
58.091779675 294.725030032 28.280107104
58.138190437 294.530489442 28.279256757
58.184601200 294.335948852 28.278406410
58.231011962 294.141408262 28.277556063
58.277422725 293.946867672 28.276705715
58.323833487 293.752327082 28.275855368
58.370244250 293.557786493 28.275005021
58.416655012 293.363245903 28.274154674
58.463065775 293.168705313 28.273304327
58.509476537 292.974164723 28.272453979
58.555887299 292.779624133 28.271603632
58.602298062 292.585083543 28.270753285
58.648708824 292.390542953 28.269902938
58.695119587 292.196002363 28.269052590
58.741530349 292.001461773 28.268202243
58.787941112 291.806921183 28.267351896
58.833879040 291.612274612 28.266552903
58.878748199 291.417388484 28.265869987
58.922548590 291.222262802 28.265303149
58.965280211 291.026897564 28.264852389
59.006943065 290.831292771 28.264517707
59.048009983 290.635554405 28.264247748
59.089076902 290.439816038 28.263977789
59.130143821 290.244077671 28.263707830
59.171210740 290.048339305 28.263437871
59.212277659 289.852600938 28.263167912
59.253344578 289.656862571 28.262897953
59.294411497 289.461124205 28.262627995
59.335478415 289.265385838 28.262358036
59.376545334 289.069647471 28.262088077
59.417612253 288.873909105 28.261818118
59.458679172 288.678170738 28.261548159
59.499746091 288.482432372 28.261278200
59.540813010 288.286694005 28.261008241
59.581879929 288.090955638 28.260738283
59.622946847 287.895217272 28.260468324
59.664013766 287.699478905 28.260198365
59.705080685 287.503740538 28.259928406
59.746147604 287.308002172 28.259658447
59.785308290 287.111914764 28.259512588
59.822446301 286.915456994 28.259498410
59.857561636 286.718628862 28.259615913
59.890654294 286.521430368 28.259865096
59.921724277 286.323861512 28.260245960
59.952677817 286.126271334 28.260634404
59.983631356 285.928681156 28.261022849
60.014584895 285.731090978 28.261411294
60.045538435 285.533500800 28.261799738
60.076491974 285.335910622 28.262188183
60.107445514 285.138320444 28.262576628
60.138399053 284.940730266 28.262965072
60.169352592 284.743140089 28.263353517
60.200306132 284.545549911 28.263741962
60.231259671 284.347959733 28.264130406
60.262213211 284.150369555 28.264518851
60.293166750 283.952779377 28.264907296
60.324120289 283.755189199 28.265295740
60.355073829 283.557599021 28.265684185
60.386027368 283.360008843 28.266072630
60.416092464 283.162290304 28.266347049
60.445214884 282.964435568 28.266500483
60.473394627 282.766444634 28.266532930
60.500631694 282.568317503 28.266444392
60.526926084 282.370054176 28.266234868
60.553166240 282.171783012 28.266018384
60.579406397 281.973511849 28.265801899
60.605646554 281.775240686 28.265585415
60.631886710 281.576969523 28.265368931
60.658126867 281.378698359 28.265152446
60.684367023 281.180427196 28.264935962
60.710607180 280.982156033 28.264719477
60.736847337 280.783884870 28.264502993
60.763087493 280.585613706 28.264286509
60.789327650 280.387342543 28.264070024
60.815567806 280.189071380 28.263853540
60.841807963 279.990800217 28.263637055
60.867518468 279.792467060 28.263372547
60.892031965 279.593993800 28.262999506
60.915348452 279.395380436 28.262517932
60.937467931 279.196626968 28.261927825
60.958390401 278.997733397 28.261229185
60.978645513 278.798761714 28.260470036
60.998900625 278.599790032 28.259710887
61.019155737 278.400818349 28.258951737
61.039088397 278.201815241 28.258319650
61.058678944 278.002778790 28.257822371
61.077927379 277.803708997 28.257459902
61.096833702 277.604605862 28.257232241
61.115397912 277.405469385 28.257139390
61.133942462 277.206330992 28.257054285
61.152487012 277.007192598 28.256969181
61.171031562 276.808054205 28.256884076
61.189576112 276.608915812 28.256798972
61.208120663 276.409777419 28.256713868
61.226665213 276.210639026 28.256628763
61.245209763 276.011500632 28.256543659
61.263754313 275.812362239 28.256458554
61.282298863 275.613223846 28.256373450
61.300843413 275.414085453 28.256288346
61.319105813 275.214921853 28.256193299
61.337068860 275.015731511 28.256087705
61.354732554 274.816514426 28.255971562
61.372096896 274.617270597 28.255844871
61.389161885 274.418000026 28.255707631
61.406209671 274.218727919 28.255569786
61.423257458 274.019455811 28.255431941
61.440305244 273.820183703 28.255294095
61.457353031 273.620911595 28.255156250
61.474400817 273.421639487 28.255018404
61.491448604 273.222367379 28.254880559
61.508496390 273.023095271 28.254742714
61.525544176 272.823823163 28.254604868
61.542591963 272.624551056 28.254467023
61.559639749 272.425278948 28.254329178
61.575889106 272.225947067 28.254295641
61.591291357 272.026551769 28.254372774
61.605846502 271.827093054 28.254560575
61.619554542 271.627570922 28.254859045
61.632415475 271.427985372 28.255268183
61.645227731 271.228396179 28.255683681
61.658039988 271.028806986 28.256099179
61.670852245 270.829217793 28.256514677
61.683664501 270.629628599 28.256930174
61.696476758 270.430039406 28.257345672
61.709289015 270.230450213 28.257761170
61.722101271 270.030861019 28.258176667
61.734622591 269.831255553 28.258559928
61.746486524 269.631613317 28.258870347
61.757693069 269.431934311 28.259107925
61.768242226 269.232218536 28.259272662
61.778133995 269.032465991 28.259364558
61.787659314 268.832692949 28.259415849
61.797184633 268.632919907 28.259467140
61.806709951 268.433146865 28.259518432
61.816235270 268.233373823 28.259569723
61.825760589 268.033600781 28.259621014
61.835285907 267.833827739 28.259672305
61.844811226 267.634054697 28.259723597
61.854336544 267.434281655 28.259774888
61.862890973 267.234474850 28.259844230
61.870415352 267.034632226 28.259932722
61.876909680 266.834753782 28.260040364
61.882373958 266.634839517 28.260167157
61.886808186 266.434889433 28.260313100
61.891183252 266.234937292 28.260460142
61.895558319 266.034985151 28.260607185
61.899933386 265.835033010 28.260754228
61.904308453 265.635080868 28.260901271
61.908683520 265.435128727 28.261048314
61.913058587 265.235176586 28.261195356
61.917433654 265.035224445 28.261342399
61.921808721 264.835272303 28.261489442
61.926183788 264.635320162 28.261636485
61.930558854 264.435368021 28.261783528
61.934933921 264.235415880 28.261930570
61.939308988 264.035463738 28.262077613
61.943684055 263.835511597 28.262224656
61.948059122 263.635559456 28.262371699
61.952434189 263.435607315 28.262518742
61.956633892 263.235651745 28.262672522
61.960647548 263.035692536 28.262833451
61.964475156 262.835729690 28.263001529
61.968116715 262.635763207 28.263176755
61.971572227 262.435793085 28.263359129
61.975017054 262.235822754 28.263541914
61.978461881 262.035852423 28.263724699
61.981906708 261.835882093 28.263907484
61.985351536 261.635911762 28.264090269
61.988796363 261.435941431 28.264273054
61.992241190 261.235971100 28.264455839
61.995686017 261.036000770 28.264638624
61.999130844 260.836030439 28.264821408
62.002575671 260.636060108 28.265004193
62.006020498 260.436089778 28.265186978
62.009465326 260.236119447 28.265369763
62.012910153 260.036149116 28.265552548
62.016354980 259.836178785 28.265735333
62.019799807 259.636208455 28.265918118
62.023244634 259.436238124 28.266100903
62.026689461 259.236267793 28.266283688
62.030134288 259.036297463 28.266466473
62.033579115 258.836327132 28.266649257
62.037023943 258.636356801 28.266832042
62.040468770 258.436386470 28.267014827
62.043913597 258.236416140 28.267197612
62.047358424 258.036445809 28.267380397
62.050803251 257.836475478 28.267563182
62.054248078 257.636505148 28.267745967
62.057692905 257.436534817 28.267928752
62.061137733 257.236564486 28.268111537
62.064582560 257.036594155 28.268294322
62.067992955 256.836623265 28.268501985
62.071325554 256.636651110 28.268765859
62.074580356 256.436677691 28.269085945
62.077753635 256.236702950 28.269464934
62.080844408 256.036726874 28.269903536
62.083887108 255.836750020 28.270376874
62.086925098 255.636773095 28.270853615
62.089958380 255.436796099 28.271333757
62.092990678 255.236819087 28.271814610
62.096022977 255.036842076 28.272295463
62.099055276 254.836865064 28.272776316
62.102087574 254.636888052 28.273257168
62.105119873 254.436911041 28.273738021
62.108289141 254.236936403 28.274010933
62.111631504 254.036964764 28.274021061
62.115146961 253.836996124 28.273768406
62.118835512 253.637030484 28.273252968
62.122697158 253.437067843 28.272474746
62.126594927 253.237105828 28.271641682
62.130492697 253.037143813 28.270808618
62.134390467 252.837181799 28.269975554
62.138288237 252.637219784 28.269142489
62.142186007 252.437257769 28.268309425
62.145886002 252.237292517 28.267645666
62.149336089 252.037323175 28.267195842
62.152536266 251.837349742 28.266959953
62.155486535 251.637372219 28.266937998
62.158186896 251.437390606 28.267129978
62.160835122 251.237408140 28.267366587
62.163483348 251.037425673 28.267603196
62.166131575 250.837443207 28.267839805
62.168779801 250.637460740 28.268076414
62.171428027 250.437478274 28.268313023
62.174076254 250.237495807 28.268549633
62.176724480 250.037513341 28.268786242
62.179372706 249.837530874 28.269022851
62.182020933 249.637548408 28.269259460
62.184669159 249.437565941 28.269496069
62.187482883 249.237586099 28.269688933
62.190505728 249.037609573 28.269826521
62.193737693 248.837636363 28.269908833
62.197178778 248.637666469 28.269935870
62.200828984 248.437699891 28.269907631
62.204522813 248.237734005 28.269867861
62.208216641 248.037768119 28.269828091
62.211910470 247.837802233 28.269788321
62.215604299 247.637836347 28.269748551
62.219298127 247.437870460 28.269708781
62.222991956 247.237904574 28.269669011
62.226685785 247.037938688 28.269629241
62.230379614 246.837972802 28.269589471
62.234073442 246.638006916 28.269549701
62.237767271 246.438041030 28.269509931
62.241461100 246.238075143 28.269470161
62.245154928 246.038109257 28.269430391
62.248848757 245.838143371 28.269390621
62.252542586 245.638177485 28.269350851
62.256236414 245.438211599 28.269311081
62.259930243 245.238245713 28.269271311
62.263624072 245.038279826 28.269231541
62.267317901 244.838313940 28.269191771
62.271011729 244.638348054 28.269152001
62.274705558 244.438382168 28.269112231
62.278093826 244.238412113 28.269041123
62.281095992 244.038436789 28.268930416
62.283712056 243.838456198 28.268780110
62.285942018 243.638470338 28.268590206
62.287785878 243.438479210 28.268360703
62.289549197 243.238486984 28.268122940
62.291312515 243.038494757 28.267885177
62.293075834 242.838502531 28.267647414
62.294839153 242.638510304 28.267409651
62.296602472 242.438518077 28.267171888
62.298365791 242.238525851 28.266934125
62.300129110 242.038533624 28.266696362
62.301831463 241.838541019 28.266508097
62.303324602 241.638547117 28.266489692
62.304608528 241.438551918 28.266641146
62.305683240 241.238555421 28.266962460
62.306548740 241.038557626 28.267453634
62.307265993 240.838558912 28.268065168
62.307983245 240.638560198 28.268676702
62.308700498 240.438561485 28.269288237
62.309417750 240.238562771 28.269899771
62.310135003 240.038564057 28.270511305
62.310852256 239.838565343 28.271122840
62.311569508 239.638566629 28.271734374
62.312286761 239.438567915 28.272345908
62.312888449 239.238568998 28.272855498
62.313344124 239.038569823 28.273236284
62.313653785 238.838570392 28.273488266
62.313817433 238.638570703 28.273611443
62.313835068 238.438570757 28.273605816
62.313822254 238.238570757 28.273573329
62.313809440 238.038570758 28.273540842
62.313796626 237.838570758 28.273508355
62.313783812 237.638570758 28.273475868
62.313770998 237.438570759 28.273443381
62.313758184 237.238570759 28.273410894
62.313745370 237.038570760 28.273378407
62.313856716 236.838571413 28.273335629
62.314394042 236.638574308 28.273257546
62.315357349 236.438579443 28.273144158
62.316746636 236.238586820 28.272995463
62.318561904 236.038596438 28.272811464
62.320678994 235.838607643 28.272602449
62.322796084 235.638618849 28.272393434
62.324913174 235.438630054 28.272184419
62.327030264 235.238641260 28.271975404
62.329147353 235.038652465 28.271766389
62.331264443 234.838663671 28.271557374
62.333381533 234.638674876 28.271348359
62.335498623 234.438686082 28.271139344
62.337237514 234.238695543 28.270977104
62.338498564 234.038702800 28.270873962
62.339281772 233.838707853 28.270829917
62.339587139 233.638710701 28.270844971
62.339414665 233.438711346 28.270919122
62.339142549 233.238711531 28.271005597
62.338870433 233.038711716 28.271092072
62.338598316 232.838711901 28.271178547
62.338326200 232.638712087 28.271265022
62.338054083 232.438712272 28.271351497
62.337781967 232.238712457 28.271437972
62.337509850 232.038712642 28.271524447
62.337417163 231.838713964 28.271599192
62.337940067 231.638719185 28.271633693
62.339078561 231.438728306 28.271627950
62.340832647 231.238741326 28.271581962
62.343202323 231.038758246 28.271495731
62.346008161 230.838777929 28.271380985
62.348813999 230.638797611 28.271266239
62.351619837 230.438817294 28.271151494
62.354425676 230.238836977 28.271036748
62.357231514 230.038856660 28.270922003
62.360037352 229.838876343 28.270807257
62.362843190 229.638896025 28.270692512
62.365649028 229.438915708 28.270577766
62.368209413 229.238932899 28.270384054
62.370459680 229.038946941 28.270090571
62.372399826 228.838957834 28.269697316
62.374029854 228.638965578 28.269204291
62.375349762 228.438970174 28.268611494
62.376605003 228.238974113 28.267997893
62.377860244 228.038978052 28.267384292
62.379115485 227.838981991 28.266770691
62.380370726 227.638985930 28.266157090
62.381625967 227.438989870 28.265543489
62.382750210 227.238993257 28.265062757
62.383708953 227.038995949 28.264749891
62.384502196 226.838997944 28.264604890
62.385129938 226.638999243 28.264627754
62.385592180 226.438999846 28.264818484
62.386019919 226.239000303 28.265044209
62.386447658 226.039000761 28.265269935
62.386875397 225.839001218 28.265495660
62.387303136 225.639001675 28.265721386
62.387730875 225.439002133 28.265947111
62.388158614 225.239002590 28.266172837
62.388586353 225.039003048 28.266398563
62.389014092 224.839003505 28.266624288
62.389441831 224.639003962 28.266850014
62.389869570 224.439004420 28.267075739
62.390289408 224.239004861 28.267289881
62.390699263 224.039005283 28.267489388
62.391099135 223.839005684 28.267674261
62.391489024 223.639006065 28.267844498
62.391868931 223.439006426 28.268000101
62.392246756 223.239006783 28.268152654
62.392624582 223.039007140 28.268305206
62.393002408 222.839007497 28.268457758
62.393380233 222.639007854 28.268610310
62.393758059 222.439008211 28.268762862
62.394135885 222.239008568 28.268915415
62.394513710 222.039008924 28.269067967
62.394895470 221.839009289 28.269203723
62.395290724 221.639009682 28.269281869
62.395699473 221.439010103 28.269302404
62.396121717 221.239010551 28.269265328
62.396557455 221.039011027 28.269170642
62.397002753 220.839011523 28.269035140
62.397448051 220.639012018 28.268899639
62.397893349 220.439012514 28.268764137
62.398338648 220.239013010 28.268628635
62.398783946 220.039013506 28.268493134
62.399229244 219.839014001 28.268357632
62.399674542 219.639014497 28.268222130
62.400119841 219.439014993 28.268086629
62.400893652 219.239017924 28.267968992
62.402082493 219.039023933 28.267873925
62.403686364 218.839033019 28.267801427
62.405705266 218.639045183 28.267751500
62.408139197 218.439060424 28.267724142
62.410659646 218.239076306 28.267701489
62.413180095 218.039092188 28.267678836
62.415700544 217.839108071 28.267656183
62.418220992 217.639123953 28.267633530
62.420741441 217.439139835 28.267610877
62.423261890 217.239155717 28.267588224
62.425782338 217.039171600 28.267565571
62.428164773 216.839186559 28.267527506
62.430073813 216.639198354 28.267436575
62.431509457 216.439206985 28.267292779
62.432471706 216.239212450 28.267096117
62.432960559 216.039214751 28.266846589
62.433114031 215.839214810 28.266559609
62.433267503 215.639214869 28.266272628
62.433420975 215.439214928 28.265985648
62.433574447 215.239214987 28.265698667
62.433727919 215.039215046 28.265411687
62.433881390 214.839215104 28.265124706
62.434034862 214.639215163 28.264837726
62.434188334 214.439215222 28.264550745
62.434646020 214.239216976 28.264257867
62.435488032 214.039220871 28.263957537
62.436714371 213.839226908 28.263649756
62.438325035 213.639235085 28.263334524
62.440320025 213.439245404 28.263011842
62.442395126 213.239256170 28.262687605
62.444470228 213.039266935 28.262363369
62.446545329 212.839277701 28.262039133
62.448620431 212.639288466 28.261714897
62.450695533 212.439299231 28.261390661
62.452770634 212.239309997 28.261066425
62.454845736 212.039320762 28.260742189
62.456794637 211.839330901 28.260443024
62.458310708 211.639338891 28.260229845
62.459393947 211.439344731 28.260102653
62.460044356 211.239348423 28.260061448
62.460261933 211.039349965 28.260106230
62.460172880 210.839349985 28.260211926
62.460083828 210.639350005 28.260317623
62.459994775 210.439350025 28.260423320
62.459905722 210.239350044 28.260529017
62.459816669 210.039350064 28.260634714
62.459727616 209.839350084 28.260740411
62.459638563 209.639350104 28.260846108
62.459549510 209.439350124 28.260951805
62.459509884 209.239350160 28.261032020
62.459532701 209.039350217 28.261080043
62.459617959 208.839350296 28.261095875
62.459765660 208.639350395 28.261079515
62.459975803 208.439350515 28.261030963
62.460198960 208.239350639 28.260975702
62.460422117 208.039350764 28.260920441
62.460645275 207.839350888 28.260865180
62.460868432 207.639351013 28.260809918
62.461091590 207.439351137 28.260754657
62.461546811 207.239352371 28.260777330
62.462295199 207.039355007 28.260898458
62.463336756 206.839359044 28.261118042
62.464671481 206.639364482 28.261436080
62.466299373 206.439371322 28.261852574
62.467988370 206.239378454 28.262289588
62.469677367 206.039385585 28.262726602
62.471366364 205.839392717 28.263163617
62.473055361 205.639399849 28.263600631
62.474744358 205.439406981 28.264037646
62.476433355 205.239414113 28.264474660
62.478122352 205.039421245 28.264911674
62.479811349 204.839428377 28.265348689
62.481500346 204.639435509 28.265785703
62.483189343 204.439442641 28.266222718
62.484776701 204.239449077 28.266635663
62.486235663 204.039454636 28.267018202
62.487566229 203.839459316 28.267370336
62.488768399 203.639463118 28.267692064
62.489842174 203.439466042 28.267983386
62.490889192 203.239468782 28.268268372
62.491936210 203.039471523 28.268553358
62.492983228 202.839474263 28.268838344
62.494030245 202.639477004 28.269123330
62.495077263 202.439479745 28.269408316
62.496124281 202.239482485 28.269693302
62.497171299 202.039485226 28.269978288
62.498166389 201.839487810 28.270223038
62.498983414 201.639489859 28.270329812
62.499622373 201.439491372 28.270298611
62.500083267 201.239492348 28.270129434
62.500366095 201.039492789 28.269822282
62.500522785 200.839492851 28.269417391
62.500679475 200.639492912 28.269012500
62.500836165 200.439492973 28.268607609
62.500992855 200.239493035 28.268202718
62.501149545 200.039493096 28.267797827
62.501306235 199.839493158 28.267392936
62.501462925 199.639493219 28.266988045
62.501619615 199.439493280 28.266583154
62.502068195 199.239494916 28.266261432
62.502885487 199.039498539 28.266044769
62.504071491 198.839504151 28.265933165
62.505626208 198.639511752 28.265926619
62.507549637 198.439521340 28.266025132
62.509549889 198.239531343 28.266145535
62.511550141 198.039541346 28.266265938
62.513550393 197.839551348 28.266386340
62.515550645 197.639561351 28.266506743
62.517550897 197.439571354 28.266627145
62.519551149 197.239581357 28.266747548
62.521551402 197.039591359 28.266867950
62.523483383 196.839600879 28.266987448
62.525181278 196.639608743 28.267103843
62.526645087 196.439614950 28.267217134
62.527874810 196.239619501 28.267327323
62.528870447 196.039622396 28.267434409
62.529700268 195.839624117 28.267539297
62.530530090 195.639625839 28.267644185
62.531359911 195.439627560 28.267749073
62.532189732 195.239629282 28.267853962
62.533019554 195.039631003 28.267958850
62.533849375 194.839632725 28.268063738
62.534679197 194.639634446 28.268168626
62.535509018 194.439636168 28.268273514
62.536338839 194.239637889 28.268378402
62.537168661 194.039639611 28.268483290
62.537998482 193.839641332 28.268588178
62.538828304 193.639643054 28.268693066
62.539658125 193.439644775 28.268797954
62.540487946 193.239646497 28.268902842
62.541317768 193.039648218 28.269007730
62.542147589 192.839649940 28.269112618
62.542977411 192.639651661 28.269217507
62.543807232 192.439653383 28.269322395
62.544637053 192.239655104 28.269427283
62.545466875 192.039656826 28.269532171
62.546296696 191.839658547 28.269637059
62.547126518 191.639660269 28.269741947
62.547956339 191.439661990 28.269846835
62.548786160 191.239663712 28.269951723
62.549615982 191.039665434 28.270056611
62.550445803 190.839667155 28.270161499
62.551275625 190.639668877 28.270266387
62.552105446 190.439670598 28.270371275
62.552935267 190.239672320 28.270476163
62.553765089 190.039674041 28.270581052
62.554594910 189.839675763 28.270685940
62.555424732 189.639677484 28.270790828
62.556254553 189.439679206 28.270895716
62.557084374 189.239680927 28.271000604
62.557914196 189.039682649 28.271105492
62.558744017 188.839684370 28.271210380
62.559573839 188.639686092 28.271315268
62.560403660 188.439687813 28.271420156
62.561233481 188.239689535 28.271525044
62.562063303 188.039691256 28.271629932
62.562893124 187.839692978 28.271734820
62.563722946 187.639694699 28.271839708
62.564552767 187.439696421 28.271944597
62.565382589 187.239698142 28.272049485
62.566212410 187.039699864 28.272154373
62.567067507 186.839701718 28.272235306
62.568009268 186.639704025 28.272234105
62.569037692 186.439706786 28.272150770
62.570152779 186.239710000 28.271985301
62.571354530 186.039713667 28.271737698
62.572617669 185.839717656 28.271431916
62.573880807 185.639721645 28.271126133
62.575143946 185.439725634 28.270820351
62.576407084 185.239729623 28.270514568
62.577670223 185.039733612 28.270208786
62.578933361 184.839737600 28.269903003
62.580196500 184.639741589 28.269597221
62.581459638 184.439745578 28.269291438
62.582722777 184.239749567 28.268985656
62.583985915 184.039753556 28.268679873
62.585249054 183.839757545 28.268374091
62.586512192 183.639761533 28.268068308
62.587775331 183.439765522 28.267762526
62.589038469 183.239769511 28.267456744
62.590301608 183.039773500 28.267150961
62.591564746 182.839777489 28.266845179
62.592827885 182.639781478 28.266539396
62.594091023 182.439785466 28.266233614
62.595354162 182.239789455 28.265927831
62.596617300 182.039793444 28.265622049
62.597880439 181.839797433 28.265316266
62.599143577 181.639801422 28.265010484
62.600406716 181.439805411 28.264704701
62.601669854 181.239809399 28.264398919
62.602932993 181.039813388 28.264093136
62.604196131 180.839817377 28.263787354
62.605459270 180.639821366 28.263481572
62.606722408 180.439825355 28.263175789
62.607985547 180.239829344 28.262870007
62.609248685 180.039833332 28.262564224
62.610511824 179.839837321 28.262258442
62.611774962 179.639841310 28.261952659
62.613038101 179.439845299 28.261646877
62.614301239 179.239849288 28.261341094
62.615564378 179.039853277 28.261035312
62.616827516 178.839857265 28.260729529
62.618090655 178.639861254 28.260423747
62.619353793 178.439865243 28.260117964
62.620616932 178.239869232 28.259812182
62.621880070 178.039873221 28.259506400
62.623143209 177.839877210 28.259200617
62.624406347 177.639881198 28.258894835
62.625669486 177.439885187 28.258589052
62.626932624 177.239889176 28.258283270
62.628195763 177.039893165 28.257977487
62.629580235 176.839898551 28.257701768
62.631380643 176.639908727 28.257529106
62.633596987 176.439923693 28.257459502
62.636229267 176.239943448 28.257492955
62.639277483 176.039967994 28.257629465
62.642620300 175.839995932 28.257838969
62.645963118 175.640023870 28.258048474
62.649305935 175.440051808 28.258257978
62.652648752 175.240079746 28.258467483
62.655991570 175.040107684 28.258676987
62.659334387 174.840135622 28.258886491
62.662677204 174.640163560 28.259095996
62.666020022 174.440191498 28.259305500
62.669362839 174.240219436 28.259515005
62.672705657 174.040247374 28.259724509
62.676048474 173.840275312 28.259934014
62.679391291 173.640303250 28.260143518
62.682734109 173.440331188 28.260353023
62.686076926 173.240359126 28.260562527
62.689419743 173.040387064 28.260772031
62.692762561 172.840415002 28.260981536
62.696105378 172.640442940 28.261191040
62.699448196 172.440470878 28.261400545
62.702791013 172.240498816 28.261610049
62.706133830 172.040526754 28.261819554
62.709476648 171.840554692 28.262029058
62.712819465 171.640582630 28.262238562
62.716162283 171.440610568 28.262448067
62.719505100 171.240638506 28.262657571
62.722847917 171.040666444 28.262867076
62.726190735 170.840694382 28.263076580
62.729533552 170.640722320 28.263286085
62.732876369 170.440750258 28.263495589
62.736219187 170.240778196 28.263705094
62.739562004 170.040806134 28.263914598
62.742904822 169.840834073 28.264124102
62.746247639 169.640862011 28.264333607
62.749590456 169.440889949 28.264543111
62.753208293 169.240923679 28.264699035
62.757173493 169.040964725 28.264787285
62.761486056 168.841013087 28.264807859
62.766145983 168.641068764 28.264760759
62.771153273 168.441131758 28.264645983
62.776232907 168.241196275 28.264517114
62.781312540 168.041260792 28.264388244
62.786392174 167.841325309 28.264259374
62.791471808 167.641389826 28.264130505
62.796551442 167.441454343 28.264001635
62.801631076 167.241518860 28.263872766
62.806710710 167.041583377 28.263743896
62.811790344 166.841647895 28.263615026
62.816869978 166.641712412 28.263486157
62.821949612 166.441776929 28.263357287
62.827029245 166.241841446 28.263228418
62.832108879 166.041905963 28.263099548
62.837188513 165.841970480 28.262970678
62.842268147 165.642034997 28.262841809
62.847347781 165.442099514 28.262712939
62.852427415 165.242164031 28.262584070
62.857507049 165.042228549 28.262455200
62.862586683 164.842293066 28.262326330
62.867666317 164.642357583 28.262197461
62.872745951 164.442422100 28.262068591
62.877825584 164.242486617 28.261939722
62.882905218 164.042551134 28.261810852
62.887984852 163.842615651 28.261681982
62.893064486 163.642680168 28.261553113
62.898144120 163.442744685 28.261424243
62.903223754 163.242809203 28.261295374
62.908303388 163.042873720 28.261166504
62.913383022 162.842938237 28.261037634
62.918462656 162.643002754 28.260908765
62.923542289 162.443067271 28.260779895
62.929059330 162.243145926 28.260693479
62.935128832 162.043242437 28.260660683
62.941750796 161.843356805 28.260681507
62.948925221 161.643489029 28.260755952
62.956652108 161.443639109 28.260884017
62.964494051 161.243792908 28.261023248
62.972335993 161.043946708 28.261162480
62.980177935 160.844100507 28.261301712
62.988019877 160.644254306 28.261440943
62.995861819 160.444408106 28.261580175
63.003703761 160.244561905 28.261719407
63.011545703 160.044715704 28.261858639
63.019387646 159.844869503 28.261997870
63.027229588 159.645023303 28.262137102
63.035071530 159.445177102 28.262276334
63.042913472 159.245330901 28.262415566
63.050755414 159.045484701 28.262554797
63.058597356 158.845638500 28.262694029
63.066439298 158.645792299 28.262833261
63.074281241 158.445946098 28.262972492
63.082123183 158.246099898 28.263111724
63.089965125 158.046253697 28.263250956
63.097807067 157.846407496 28.263390188
63.105649009 157.646561295 28.263529419
63.113490951 157.446715095 28.263668651
63.121332894 157.246868894 28.263807883
63.129174836 157.047022693 28.263947114
63.137120513 156.847181025 28.264103623
63.145421757 156.647354895 28.264319349
63.154078567 156.447544301 28.264594292
63.163090943 156.247749244 28.264928453
63.172458885 156.047969724 28.265321831
63.182078658 155.848201208 28.265757150
63.191698431 155.648432692 28.266192469
63.201318203 155.448664176 28.266627788
63.210937976 155.248895660 28.267063107
63.220557748 155.049127144 28.267498427
63.230177521 154.849358628 28.267933746
63.239797293 154.649590112 28.268369065
63.249417066 154.449821596 28.268804384
63.259036839 154.250053080 28.269239703
63.268656611 154.050284564 28.269675022
63.278276384 153.850516048 28.270110342
63.287896156 153.650747532 28.270545661
63.297515929 153.450979016 28.270980980
63.307135702 153.251210500 28.271416299
63.316755474 153.051441984 28.271851618
63.326375247 152.851673468 28.272286937
63.335995019 152.651904952 28.272722257
63.345614792 152.452136436 28.273157576
63.355234565 152.252367920 28.273592895
63.364854337 152.052599404 28.274028214
63.374530377 151.852833734 28.274445061
63.384399243 151.653077815 28.274798604
63.394460933 151.453331649 28.275088845
63.404715448 151.253595234 28.275315781
63.415162789 151.053868572 28.275479415
63.425746686 150.854148815 28.275598217
63.436330584 150.654429059 28.275717020
63.446914481 150.454709302 28.275835822
63.457498379 150.254989546 28.275954625
63.468082277 150.055269789 28.276073427
63.478666174 149.855550033 28.276192230
63.489250072 149.655830277 28.276311032
63.499833970 149.456110520 28.276429835
63.510417867 149.256390764 28.276548637
63.521001765 149.056671007 28.276667440
63.531585663 148.856951251 28.276786242
63.542169560 148.657231494 28.276905045
63.552753458 148.457511738 28.277023847
63.563337356 148.257791981 28.277142650
63.573921253 148.058072225 28.277261452
63.584505151 147.858352469 28.277380255
63.595089048 147.658632712 28.277499057
63.605672946 147.458912956 28.277617860
63.616491211 147.259206490 28.277725519
63.627605466 147.059516811 28.277819106
63.639015710 146.859843917 28.277898621
63.650721944 146.660187809 28.277964062
63.662724167 146.460548487 28.278015431
63.674788012 146.260912659 28.278063870
63.686851856 146.061276832 28.278112309
63.698915701 145.861641004 28.278160748
63.710979546 145.662005177 28.278209187
63.723043390 145.462369349 28.278257626
63.735107235 145.262733522 28.278306065
63.747171080 145.063097694 28.278354505
63.759234925 144.863461866 28.278402944
63.771298769 144.663826039 28.278451383
63.783362614 144.464190211 28.278499822
63.795426459 144.264554384 28.278548261
63.807490304 144.064918556 28.278596700
63.819554148 143.865282729 28.278645139
63.831617993 143.665646901 28.278693578
63.843681838 143.466011073 28.278742017
63.855745683 143.266375246 28.278790456
63.867809527 143.066739418 28.278838895
63.879873372 142.867103591 28.278887334
63.891937217 142.667467763 28.278935774
63.904001062 142.467831936 28.278984213
63.916064906 142.268196108 28.279032652
63.928128751 142.068560280 28.279081091
63.940247305 141.868927888 28.279104273
63.952553341 141.669307267 28.279040904
63.965046858 141.469698417 28.278890984
63.977727856 141.270101338 28.278654512
63.990596337 141.070516030 28.278331489
64.003597589 140.870939059 28.277947172
64.016598841 140.671362088 28.277562854
64.029600094 140.471785117 28.277178536
64.042601346 140.272208145 28.276794219
64.055602598 140.072631174 28.276409901
64.068603851 139.873054203 28.276025583
64.081605103 139.673477232 28.275641266
64.094606355 139.473900261 28.275256948
64.107607608 139.274323289 28.274872630
64.120608860 139.074746318 28.274488313
64.133610113 138.875169347 28.274103995
64.146611365 138.675592376 28.273719677
64.159612617 138.476015405 28.273335360
64.172613870 138.276438433 28.272951042
64.185615122 138.076861462 28.272566724
64.198616374 137.877284491 28.272182407
64.211617627 137.677707520 28.271798089
64.224618879 137.478130549 28.271413772
64.237247504 137.278531507 28.271165430
64.249405552 137.078904594 28.271088807
64.261093024 136.879249809 28.271183902
64.272309919 136.679567153 28.271450716
64.283056237 136.479856625 28.271889249
64.293704607 136.280140296 28.272363524
64.304352977 136.080423966 28.272837799
64.315001346 135.880707637 28.273312075
64.325649716 135.680991307 28.273786350
64.336298086 135.481274978 28.274260625
64.346946455 135.281558649 28.274734901
64.357594825 135.081842319 28.275209176
64.368243195 134.882125990 28.275683451
64.378891564 134.682409660 28.276157727
64.389539934 134.482693331 28.276632002
64.400188304 134.282977002 28.277106277
64.410836673 134.083260672 28.277580553
64.421485043 133.883544343 28.278054828
64.432133413 133.683828014 28.278529103
64.442781782 133.484111684 28.279003378
64.453430152 133.284395355 28.279477654
64.464078521 133.084679025 28.279951929
64.474726891 132.884962696 28.280426204
64.485375261 132.685246367 28.280900480
64.496023630 132.485530037 28.281374755
64.506810174 132.285821378 28.281797007
64.517771195 132.086122403 28.282153566
64.528906695 131.886433113 28.282444432
64.540216674 131.686753509 28.282669606
64.551701130 131.487083589 28.282829087
64.563221892 131.287415685 28.282974899
64.574742654 131.087747780 28.283120710
64.586263415 130.888079876 28.283266522
64.597784177 130.688411971 28.283412334
64.609304939 130.488744067 28.283558146
64.620825700 130.289076163 28.283703958
64.632346462 130.089408258 28.283849770
64.643867224 129.889740354 28.283995582
64.655387985 129.690072449 28.284141393
64.666908747 129.490404545 28.284287205
64.678429509 129.290736641 28.284433017
64.689950270 129.091068736 28.284578829
64.701471032 128.891400832 28.284724641
64.712991794 128.691732927 28.284870453
64.724512555 128.492065023 28.285016265
64.736033317 128.292397119 28.285162076
64.747554079 128.092729214 28.285307888
64.759074840 127.893061310 28.285453700
64.770595602 127.693393405 28.285599512
64.782116364 127.493725501 28.285745324
64.793637125 127.294057597 28.285891136
64.805157887 127.094389692 28.286036948
64.816697872 126.894722913 28.286171926
64.828303706 126.695059987 28.286269794
64.839975390 126.495400916 28.286330552
64.851712922 126.295745698 28.286354199
64.863516303 126.096094335 28.286340737
64.875366310 125.896445700 28.286300998
64.887216318 125.696797066 28.286261259
64.899066325 125.497148431 28.286221520
64.910916332 125.297499796 28.286181781
64.922766339 125.097851162 28.286142041
64.934616346 124.898202527 28.286102302
64.946466353 124.698553892 28.286062563
64.958316360 124.498905257 28.286022824
64.970166368 124.299256623 28.285983085
64.982016375 124.099607988 28.285943346
64.993866382 123.899959353 28.285903607
65.005716389 123.700310719 28.285863868
65.017566396 123.500662084 28.285824129
65.029416403 123.301013449 28.285784390
65.041266410 123.101364815 28.285744650
65.053116418 122.901716180 28.285704911
65.064966425 122.702067545 28.285665172
65.076816432 122.502418911 28.285625433
65.088666439 122.302770276 28.285585694
65.100516446 122.103121641 28.285545955
65.112340929 121.903471520 28.285505633
65.124077981 121.703816305 28.285463316
65.135727601 121.504155996 28.285419003
65.147289789 121.304490594 28.285372694
65.158764545 121.104820099 28.285324389
65.170177394 120.905145998 28.285274671
65.181590243 120.705471896 28.285224954
65.193003092 120.505797794 28.285175236
65.204415941 120.306123693 28.285125518
65.215828790 120.106449591 28.285075800
65.227241639 119.906775489 28.285026083
65.238654488 119.707101388 28.284976365
65.250067337 119.507427286 28.284926647
65.261480186 119.307753184 28.284876929
65.272893035 119.108079083 28.284827212
65.284305884 118.908404981 28.284777494
65.295718733 118.708730879 28.284727776
65.307131582 118.509056778 28.284678059
65.318544431 118.309382676 28.284628341
65.329957280 118.109708574 28.284578623
65.341370129 117.910034473 28.284528905
65.352782978 117.710360371 28.284479188
65.364195827 117.510686269 28.284429470
65.375774610 117.311022089 28.284322929
65.387562922 117.111370436 28.284144634
65.399560765 116.911731311 28.283894587
65.411768138 116.712104714 28.283572787
65.424185042 116.512490645 28.283179233
65.436645541 116.312879183 28.282770750
65.449106041 116.113267720 28.282362267
65.461566541 115.913656258 28.281953784
65.474027040 115.714044795 28.281545302
65.486487540 115.514433333 28.281136819
65.498948040 115.314821870 28.280728336
65.511408539 115.115210408 28.280319853
65.523869039 114.915598946 28.279911370
65.536329539 114.715987483 28.279502887
65.548790038 114.516376021 28.279094404
65.561250538 114.316764558 28.278685921
65.573711038 114.117153096 28.278277438
65.586171537 113.917541633 28.277868955
65.598632037 113.717930171 28.277460472
65.611092537 113.518318708 28.277051990
65.623553036 113.318707246 28.276643507
65.636013536 113.119095783 28.276235024
65.648421015 112.919481132 28.275824642
65.660646901 112.719855560 28.275407758
65.672691195 112.520219066 28.274984372
65.684553898 112.320571651 28.274554483
65.696235008 112.120913316 28.274118093
65.707787547 111.921247247 28.273677098
65.719340086 111.721581179 28.273236103
65.730892625 111.521915111 28.272795108
65.742445164 111.322249042 28.272354113
65.753997703 111.122582974 28.271913118
65.765550242 110.922916906 28.271472124
65.777102781 110.723250837 28.271031129
65.788655320 110.523584769 28.270590134
65.800207859 110.323918701 28.270149139
65.811760398 110.124252632 28.269708144
65.823312937 109.924586564 28.269267149
65.834865477 109.724920496 28.268826155
65.846418016 109.525254427 28.268385160
65.857970555 109.325588359 28.267944165
65.869523094 109.125922291 28.267503170
65.881075633 108.926256222 28.267062175
65.892628172 108.726590154 28.266621181
65.904180711 108.526924086 28.266180186
65.915733250 108.327258017 28.265739191
65.927285789 108.127591949 28.265298196
65.938838328 107.927925881 28.264857201
65.950390867 107.728259812 28.264416206
65.961943406 107.528593744 28.263975212
65.973649110 107.328936910 28.263678682
65.985548191 107.129291734 28.263564548
65.997640650 106.929658217 28.263632809
66.009926488 106.730036359 28.263883465
66.022405703 106.530426160 28.264316517
66.034925132 106.330818384 28.264787498
66.047444561 106.131210609 28.265258480
66.059963990 105.931602834 28.265729461
66.072483419 105.731995059 28.266200443
66.085002848 105.532387284 28.266671424
66.097522278 105.332779509 28.267142405
66.110041707 105.133171734 28.267613387
66.122561136 104.933563959 28.268084368
66.135080565 104.733956183 28.268555350
66.147599994 104.534348408 28.269026331
66.160119423 104.334740633 28.269497313
66.172638852 104.135132858 28.269968294
66.185158281 103.935525083 28.270439275
66.197677710 103.735917308 28.270910257
66.210197139 103.536309533 28.271381238
66.222716568 103.336701757 28.271852220
66.235235998 103.137093982 28.272323201
66.247755427 102.937486207 28.272794182
66.260274856 102.737878432 28.273265164
66.272794285 102.538270657 28.273736145
66.284985640 102.338644012 28.274201243
66.296762820 102.138993546 28.274658914
66.308125825 101.939319259 28.275109157
66.319074654 101.739621150 28.275551972
66.329609309 101.539899219 28.275987360
66.340057864 101.340172336 28.276421204
66.350506418 101.140445453 28.276855047
66.360954972 100.940718570 28.277288891
66.371403527 100.740991688 28.277722735
66.381852081 100.541264805 28.278156579
66.392300635 100.341537922 28.278590422
66.402749190 100.141811039 28.279024266
66.413197744 99.942084157 28.279458110
66.423646298 99.742357274 28.279891954
66.434094853 99.542630391 28.280325797
66.444543407 99.342903508 28.280759641
66.454991961 99.143176625 28.281193485
66.465440516 98.943449743 28.281627329
66.475889070 98.743722860 28.282061172
66.486337624 98.543995977 28.282495016
66.496786179 98.344269094 28.282928860
66.507234733 98.144542211 28.283362704
66.517558143 97.944809454 28.283791782
66.527453226 97.745056591 28.284204548
66.536919980 97.545283621 28.284601002
66.545958405 97.345490546 28.284981144
66.554568503 97.145677364 28.285344974
66.562875416 96.945849950 28.285697258
66.571182329 96.746022537 28.286049542
66.579489242 96.546195123 28.286401826
66.587796155 96.346367710 28.286754110
66.596103068 96.146540296 28.287106394
66.604409982 95.946712883 28.287458678
66.612716895 95.746885469 28.287810962
66.621023808 95.547058056 28.288163246
66.629330721 95.347230642 28.288515530
66.637637634 95.147403229 28.288867814
66.645944547 94.947575815 28.289220098
66.654251460 94.747748402 28.289572382
66.662558373 94.547920988 28.289924666
66.670865286 94.348093575 28.290276950
66.679172200 94.148266161 28.290629234
66.687479113 93.948438748 28.290981518
66.695786026 93.748611334 28.291333802
66.704092939 93.548783921 28.291686086
66.712399852 93.348956507 28.292038370
66.720706765 93.149129094 28.292390654
66.729013678 92.949301680 28.292742938
66.737320591 92.749474267 28.293095222
66.745627504 92.549646853 28.293447506
66.753934418 92.349819439 28.293799790
66.762241331 92.149992026 28.294152074
66.770548244 91.950164612 28.294504358
66.778855157 91.750337199 28.294856642
66.787162070 91.550509785 28.295208926
66.795468983 91.350682372 28.295561210
66.803775896 91.150854958 28.295913494
66.812082809 90.951027545 28.296265778
66.820389722 90.751200131 28.296618062
66.828696636 90.551372718 28.296970346
66.837003549 90.351545304 28.297322630
66.845310462 90.151717891 28.297674914
66.853617375 89.951890477 28.298027198
66.861924288 89.752063064 28.298379482
66.869946224 89.552228287 28.298701980
66.876711616 89.352361041 28.298893143
66.882220463 89.152461326 28.298952971
66.886472765 88.952529143 28.298881465
66.889468523 88.752564492 28.298678623
66.891492713 88.552574736 28.298374233
66.893516904 88.352584979 28.298069842
66.895541094 88.152595223 28.297765452
66.897565285 87.952605467 28.297461062
66.899589475 87.752615710 28.297156671
66.901613665 87.552625954 28.296852281
66.903637856 87.352636197 28.296547890
66.905662046 87.152646441 28.296243500
66.907686237 86.952656685 28.295939110
66.909710427 86.752666928 28.295634719
66.911734618 86.552677172 28.295330329
66.913758808 86.352687416 28.295025939
66.915782998 86.152697659 28.294721548
66.917807189 85.952707903 28.294417158
66.919831379 85.752718146 28.294112767
66.921855570 85.552728390 28.293808377
66.923879760 85.352738634 28.293503987
66.925903951 85.152748877 28.293199596
66.927928141 84.952759121 28.292895206
66.929952331 84.752769365 28.292590816
66.931976522 84.552779608 28.292286425
66.934000712 84.352789852 28.291982035
66.936024903 84.152800095 28.291677644
66.938049093 83.952810339 28.291373254
66.940073283 83.752820583 28.291068864
66.942097474 83.552830826 28.290764473
66.944121664 83.352841070 28.290460083
66.946145855 83.152851314 28.290155692
66.948170045 82.952861557 28.289851302
66.950194236 82.752871801 28.289546912
66.952218426 82.552882045 28.289242521
66.954242616 82.352892288 28.288938131
66.956266807 82.152902532 28.288633741
66.958290997 81.952912775 28.288329350
66.960315188 81.752923019 28.288024960
66.962339378 81.552933263 28.287720569
66.964363569 81.352943506 28.287416179
66.966387759 81.152953750 28.287111789
66.968411949 80.952963994 28.286807398
66.970436140 80.752974237 28.286503008
66.972460330 80.552984481 28.286198617
66.974484521 80.352994724 28.285894227
66.976508711 80.153004968 28.285589837
66.978532901 79.953015212 28.285285446
66.980557092 79.753025455 28.284981056
66.982518213 79.553035280 28.284707727
66.984201313 79.353043257 28.284571324
66.985606392 79.153049386 28.284571845
66.986733451 78.953053667 28.284709292
66.987582489 78.753056101 28.284983663
66.988216575 78.553057106 28.285363898
66.988850662 78.353058111 28.285744133
66.989484749 78.153059116 28.286124368
66.990118835 77.953060121 28.286504603
66.990752922 77.753061127 28.286884838
66.991387009 77.553062132 28.287265073
66.992021096 77.353063137 28.287645308
66.992655182 77.153064142 28.288025543
66.993289269 76.953065147 28.288405778
66.993923356 76.753066152 28.288786012
66.994557442 76.553067158 28.289166247
66.995191529 76.353068163 28.289546482
66.995825616 76.153069168 28.289926717
66.996459702 75.953070173 28.290306952
66.997093789 75.753071178 28.290687187
66.997727876 75.553072183 28.291067422
66.998361963 75.353073189 28.291447657
66.998996049 75.153074194 28.291827892
66.999794272 74.953076183 28.292370166
67.000818301 74.753079525 28.293135360
67.002068135 74.553084220 28.294123474
67.003543775 74.353090269 28.295334509
67.005245220 74.153097671 28.296768464
67.007008334 73.953105442 28.298263300
67.008771449 73.753113214 28.299758136
67.010534563 73.553120986 28.301252972
67.012297677 73.353128757 28.302747808
67.014060792 73.153136529 28.304242644
67.015823906 72.953144300 28.305737480
67.017587020 72.753152072 28.307232316
67.019350135 72.553159844 28.308727152
67.021113249 72.353167615 28.310221988
67.022876363 72.153175387 28.311716824
67.024639478 71.953183158 28.313211660
67.026402592 71.753190930 28.314706496
67.028144058 71.553198536 28.316149371
67.029790316 71.353205417 28.317363727
67.031341367 71.153211571 28.318349565
67.032797210 70.953217000 28.319106884
67.034157845 70.753221702 28.319635684
67.035444922 70.553225844 28.319987927
67.036731998 70.353229985 28.320340169
67.038019074 70.153234126 28.320692412
67.039306151 69.953238268 28.321044654
67.040593227 69.753242409 28.321396896
67.041880303 69.553246551 28.321749139
67.043167380 69.353250692 28.322101381
67.044454456 69.153254834 28.322453624
67.045741532 68.953258975 28.322805866
67.047028609 68.753263117 28.323158109
67.048315685 68.553267258 28.323510351
67.049602761 68.353271400 28.323862594
67.050889838 68.153275541 28.324214836
67.052176914 67.953279683 28.324567079
67.053463990 67.753283824 28.324919321
67.054751067 67.553287965 28.325271564
67.056038143 67.353292107 28.325623806
67.057325219 67.153296248 28.325976049
67.058612296 66.953300390 28.326328291
67.059899372 66.753304531 28.326680533
67.061186448 66.553308673 28.327032776
67.062473525 66.353312814 28.327385018
67.063760601 66.153316956 28.327737261
67.065047677 65.953321097 28.328089503
67.066334754 65.753325239 28.328441746
67.067621830 65.553329380 28.328793988
67.068908906 65.353333521 28.329146231
67.070195983 65.153337663 28.329498473
67.071483059 64.953341804 28.329850716
67.072770135 64.753345946 28.330202958
67.074057212 64.553350087 28.330555201
67.075344288 64.353354229 28.330907443
67.076631364 64.153358370 28.331259686
67.077918441 63.953362512 28.331611928
67.079205517 63.753366653 28.331964170
67.080492593 63.553370795 28.332316413
67.081779670 63.353374936 28.332668655
67.083066746 63.153379077 28.333020898
67.084353822 62.953383219 28.333373140
67.085640899 62.753387360 28.333725383
67.086927975 62.553391502 28.334077625
67.088215051 62.353395643 28.334429868
67.089502128 62.153399785 28.334782110
67.090789204 61.953403926 28.335134353
67.092076280 61.753408068 28.335486595
67.093363357 61.553412209 28.335838838
67.094650433 61.353416351 28.336191080
67.095937509 61.153420492 28.336543323
67.097224586 60.953424633 28.336895565
67.098511662 60.753428775 28.337247807
67.099798738 60.553432916 28.337600050
67.101085815 60.353437058 28.337952292
67.102372891 60.153441199 28.338304535
67.103659967 59.953445341 28.338656777
67.104947044 59.753449482 28.339009020
67.106234120 59.553453624 28.339361262
67.107521197 59.353457765 28.339713505
67.108808273 59.153461907 28.340065747
67.110017668 58.953465652 28.340361199
67.111120283 58.753468852 28.340578585
67.112116117 58.553471508 28.340717907
67.113005171 58.353473620 28.340779163
67.113787443 58.153475186 28.340762354
67.114540615 57.953476604 28.340724270
67.115293788 57.753478023 28.340686187
67.116046960 57.553479441 28.340648103
67.116800133 57.353480859 28.340610020
67.117553305 57.153482277 28.340571936
67.118306477 56.953483695 28.340533853
67.119059650 56.753485113 28.340495769
67.119812822 56.553486532 28.340457685
67.120565995 56.353487950 28.340419602
67.121319167 56.153489368 28.340381518
67.122072339 55.953490786 28.340343435
67.122825512 55.753492204 28.340305351
67.123578684 55.553493622 28.340267268
67.124331857 55.353495041 28.340229184
67.125085029 55.153496459 28.340191101
67.125838201 54.953497877 28.340153017
67.126591374 54.753499295 28.340114934
67.127344546 54.553500713 28.340076850
67.128097719 54.353502132 28.340038767
67.128850891 54.153503550 28.340000683
67.129604063 53.953504968 28.339962599
67.130357236 53.753506386 28.339924516
67.131110408 53.553507804 28.339886432
67.131863581 53.353509222 28.339848349
67.132616753 53.153510641 28.339810265
67.133369925 52.953512059 28.339772182
67.134123098 52.753513477 28.339734098
67.134876270 52.553514895 28.339696015
67.135629442 52.353516313 28.339657931
67.136382615 52.153517731 28.339619848
67.137135787 51.953519150 28.339581764
67.137888960 51.753520568 28.339543681
67.138642132 51.553521986 28.339505597
67.139395304 51.353523404 28.339467513
67.140148477 51.153524822 28.339429430
67.140974150 50.953526604 28.339467818
67.141899484 50.753528885 28.339611325
67.142924478 50.553531665 28.339859951
67.144049132 50.353534945 28.340213695
67.145273447 50.153538725 28.340672558
67.146524921 49.953542640 28.341160068
67.147776395 49.753546556 28.341647578
67.149027870 49.553550471 28.342135088
67.150279344 49.353554387 28.342622598
67.151530818 49.153558302 28.343110108
67.152782292 48.953562218 28.343597619
67.154033767 48.753566133 28.344085129
67.155285241 48.553570049 28.344572639
67.156536715 48.353573964 28.345060149
67.157788189 48.153577880 28.345547659
67.159039664 47.953581795 28.346035169
67.160291138 47.753585711 28.346522679
67.161542612 47.553589626 28.347010189
67.162794086 47.353593542 28.347497699
67.164045561 47.153597457 28.347985209
67.165297035 46.953601373 28.348472720
67.166548509 46.753605288 28.348960230
67.167799983 46.553609204 28.349447740
67.169051458 46.353613119 28.349935250
67.170302932 46.153617035 28.350422760
67.171554406 45.953620950 28.350910270
67.172805880 45.753624866 28.351397780
67.174057355 45.553628781 28.351885290
67.175308829 45.353632697 28.352372800
67.176560303 45.153636612 28.352860310
67.177811777 44.953640528 28.353347821
67.179063252 44.753644443 28.353835331
67.180314726 44.553648359 28.354322841
67.181566200 44.353652274 28.354810351
67.182817674 44.153656190 28.355297861
67.184069149 43.953660105 28.355785371
67.185320623 43.753664021 28.356272881
67.186572097 43.553667936 28.356760391
67.187823571 43.353671852 28.357247901
67.189075046 43.153675767 28.357735411
67.190326520 42.953679683 28.358222922
67.191577994 42.753683598 28.358710432
67.192829468 42.553687514 28.359197942
67.194080943 42.353691429 28.359685452
67.195332417 42.153695345 28.360172962
67.196583891 41.953699260 28.360660472
67.197835365 41.753703176 28.361147982
67.199086840 41.553707092 28.361635492
67.200338314 41.353711007 28.362123002
67.201589788 41.153714923 28.362610512
67.202841262 40.953718838 28.363098023
67.204092737 40.753722754 28.363585533
67.205344211 40.553726669 28.364073043
67.206595685 40.353730585 28.364560553
67.207847159 40.153734500 28.365048063
67.209098634 39.953738416 28.365535573
67.210350108 39.753742331 28.366023083
67.211575035 39.553746119 28.366485968
67.212683351 39.353749348 28.366840684
67.213675054 39.153752016 28.367087231
67.214550146 38.953754125 28.367225608
67.215308625 38.753755674 28.367255815
67.215977040 38.553756791 28.367202478
67.216645454 38.353757908 28.367149141
67.217313868 38.153759025 28.367095804
67.217982282 37.953760142 28.367042467
67.218650696 37.753761259 28.366989130
67.219319110 37.553762376 28.366935792
67.219987525 37.353763493 28.366882455
67.220655939 37.153764610 28.366829118
67.221324353 36.953765727 28.366775781
67.221992767 36.753766844 28.366722444
67.222661181 36.553767961 28.366669107
67.223329595 36.353769078 28.366615770
67.223998009 36.153770195 28.366562432
67.224666424 35.953771312 28.366509095
67.225334838 35.753772429 28.366455758
67.226003252 35.553773546 28.366402421
67.226671666 35.353774663 28.366349084
67.227340080 35.153775779 28.366295747
67.228008494 34.953776896 28.366242410
67.228676909 34.753778013 28.366189072
67.229345323 34.553779130 28.366135735
67.230013737 34.353780247 28.366082398
67.230682151 34.153781364 28.366029061
67.231350565 33.953782481 28.365975724
67.232018979 33.753783598 28.365922387
67.232687394 33.553784715 28.365869050
67.233355808 33.353785832 28.365815712
67.234024222 33.153786949 28.365762375
67.234692636 32.953788066 28.365709038
67.235361050 32.753789183 28.365655701
67.236029464 32.553790300 28.365602364
67.236697879 32.353791417 28.365549027
67.237366293 32.153792534 28.365495689
67.238034707 31.953793651 28.365442352
67.238703121 31.753794768 28.365389015
67.239371535 31.553795884 28.365335678
67.240039949 31.353797001 28.365282341
67.240708364 31.153798118 28.365229004
67.241453958 30.953799596 28.365087274
67.242305622 30.753801568 28.364824068
67.243263353 30.553804035 28.364439385
67.244327152 30.353806998 28.363933226
67.245497020 30.153810456 28.363305590
67.246695775 29.953814048 28.362644871
67.247894531 29.753817641 28.361984151
67.249093286 29.553821233 28.361323432
67.250292041 29.353824826 28.360662712
67.251490797 29.153828419 28.360001992
67.252689552 28.953832011 28.359341273
67.253888307 28.753835604 28.358680553
67.255087062 28.553839196 28.358019834
67.256285818 28.353842789 28.357359114
67.257484573 28.153846381 28.356698394
67.258683328 27.953849974 28.356037675
67.259882084 27.753853567 28.355376955
67.261080839 27.553857159 28.354716236
67.262279594 27.353860752 28.354055516
67.263478349 27.153864344 28.353394796
67.264677105 26.953867937 28.352734077
67.265875860 26.753871529 28.352073357
67.267074615 26.553875122 28.351412638
67.268273370 26.353878715 28.350751918
67.269472126 26.153882307 28.350091198
67.270670881 25.953885900 28.349430479
67.271869636 25.753889492 28.348769759
67.273068392 25.553893085 28.348109040
67.274267147 25.353896677 28.347448320
67.275465902 25.153900270 28.346787600
67.276664657 24.953903863 28.346126881
67.277863413 24.753907455 28.345466161
67.279062168 24.553911048 28.344805442
67.280260923 24.353914640 28.344144722
67.281459679 24.153918233 28.343484003
67.282658434 23.953921825 28.342823283
67.283857189 23.753925418 28.342162563
67.285055944 23.553929010 28.341501844
67.286254700 23.353932603 28.340841124
67.287453455 23.153936196 28.340180405
67.288652210 22.953939788 28.339519685
67.289850965 22.753943381 28.338858965
67.291049721 22.553946973 28.338198246
67.292248476 22.353950566 28.337537526
67.293447231 22.153954158 28.336876807
67.294645987 21.953957751 28.336216087
67.295844742 21.753961344 28.335555367
67.297043497 21.553964936 28.334894648
67.298242252 21.353968529 28.334233928
67.299441008 21.153972121 28.333573209
67.300639763 20.953975714 28.332912489
67.301838518 20.753979306 28.332251769
67.303037274 20.553982899 28.331591050
67.304236029 20.353986492 28.330930330
67.305434784 20.153990084 28.330269611
67.306633539 19.953993677 28.329608891
67.307832295 19.753997269 28.328948171
67.309031213 19.554000863 28.328338180
67.310230844 19.354004461 28.327950712
67.311431189 19.154008063 28.327785769
67.312632247 18.954011669 28.327843351
67.313834019 18.754015280 28.328123457
67.315036342 18.554018894 28.328575359
67.316238665 18.354022508 28.329027262
67.317440988 18.154026122 28.329479164
67.318643311 17.954029736 28.329931067
67.319845634 17.754033350 28.330382969
67.321047957 17.554036964 28.330834872
67.322250280 17.354040578 28.331286774
67.323452602 17.154044192 28.331738677
67.324654925 16.954047806 28.332190579
67.325857248 16.754051420 28.332642482
67.327059571 16.554055034 28.333094384
67.328261894 16.354058648 28.333546287
67.329464217 16.154062262 28.333998189
67.330666540 15.954065876 28.334450092
67.331868863 15.754069490 28.334901994
67.333071186 15.554073104 28.335353897
67.334273508 15.354076718 28.335805799
67.335475831 15.154080332 28.336257702
67.336678154 14.954083946 28.336709604
67.337880477 14.754087559 28.337161507
67.339082800 14.554091173 28.337613409
67.340285123 14.354094787 28.338065311
67.341487446 14.154098401 28.338517214
67.342689769 13.954102015 28.338969116
67.343892091 13.754105629 28.339421019
67.345094414 13.554109243 28.339872921
67.346296737 13.354112857 28.340324824
67.347499060 13.154116471 28.340776726
67.348701383 12.954120085 28.341228629
67.349903706 12.754123699 28.341680531
67.351106029 12.554127313 28.342132434
67.352308352 12.354130927 28.342584336
67.353510674 12.154134541 28.343036239
67.354712997 11.954138155 28.343488141
67.355915320 11.754141769 28.343940044
67.357117643 11.554145383 28.344391946
67.358319966 11.354148997 28.344843849
67.359522289 11.154152611 28.345295751
67.360398327 10.954156091 28.345652990
67.360826218 10.754159388 28.345880211
67.360805962 10.554162501 28.345977412
67.360337558 10.354165430 28.345944595
67.359421007 10.154168176 28.345781759
67.358382593 9.954170872 28.345583567
67.357344178 9.754173568 28.345385376
67.356305764 9.554176264 28.345187184
67.355267350 9.354178959 28.344988992
67.354228936 9.154181655 28.344790801
67.353190521 8.954184351 28.344592609
67.352152107 8.754187047 28.344394417
67.351113693 8.554189742 28.344196226
67.350075279 8.354192438 28.343998034
67.349036864 8.154195134 28.343799842
67.347998450 7.954197830 28.343601651
67.346960036 7.754200526 28.343403459
67.345921622 7.554203221 28.343205267
67.344883207 7.354205917 28.343007076
67.343844793 7.154208613 28.342808884
67.342805138 6.954211315 28.342610332
67.341762014 6.754214036 28.342410774
67.340715422 6.554216774 28.342210210
67.339665362 6.354219531 28.342008640
67.338611833 6.154222306 28.341806063
67.337556077 5.954225092 28.341602840
67.336500321 5.754227879 28.341399617
67.335444565 5.554230666 28.341196394
67.334388808 5.354233452 28.340993171
67.333333052 5.154236239 28.340789948
67.332277296 4.954239025 28.340586725
67.331221540 4.754241812 28.340383502
67.330165783 4.554244598 28.340180279
67.329110027 4.354247385 28.339977056
67.328054271 4.154250172 28.339773832
67.326998515 3.954252958 28.339570609
67.325942759 3.754255745 28.339367386
67.324887002 3.554258531 28.339164163
67.323831246 3.354261318 28.338960940
67.322775490 3.154264104 28.338757717
67.321719734 2.954266891 28.338554494
67.320663977 2.754269678 28.338351271
67.319608221 2.554272464 28.338148048
67.318552465 2.354275251 28.337944825
67.317496709 2.154278037 28.337741602
67.316440953 1.954280824 28.337538379
67.315385196 1.754283610 28.337335156
67.314329440 1.554286397 28.337131933
67.313273684 1.354289184 28.336928710
67.312217928 1.154291970 28.336725487
67.311162172 0.954294757 28.336522264
67.310106415 0.754297543 28.336319041
67.309050659 0.554300330 28.336115818
67.307994903 0.354303116 28.335912595
67.306939147 0.154305903 28.335709372
67.305883390 -0.045691310 28.335506149
67.304827634 -0.245688524 28.335302926
67.303771878 -0.445685737 28.335099703
67.302908020 -0.645683427 28.334967977
67.302267869 -0.845681672 28.334919601
67.301851424 -1.045680473 28.334954573
67.301658685 -1.245679829 28.335072894
67.301689653 -1.445679740 28.335274564
67.301752429 -1.645679730 28.335488085
67.301815205 -1.845679720 28.335701606
67.301877981 -2.045679710 28.335915127
67.301940758 -2.245679700 28.336128648
67.302003534 -2.445679691 28.336342169
67.302066310 -2.645679681 28.336555690
67.302129086 -2.845679671 28.336769211
67.302191862 -3.045679661 28.336982731
67.302254638 -3.245679651 28.337196252
67.302317415 -3.445679641 28.337409773
67.302380191 -3.645679631 28.337623294
67.302442967 -3.845679622 28.337836815
67.302505743 -4.045679612 28.338050336
67.302568519 -4.245679602 28.338263857
67.302631295 -4.445679592 28.338477378
67.302694072 -4.645679582 28.338690899
67.302756848 -4.845679572 28.338904420
67.302819624 -5.045679562 28.339117941
67.302882400 -5.245679553 28.339331462
67.302945176 -5.445679543 28.339544983
67.303007952 -5.645679533 28.339758504
67.303070729 -5.845679523 28.339972025
67.303133505 -6.045679513 28.340185546
67.303196281 -6.245679503 28.340399067
67.303259057 -6.445679493 28.340612588
67.303321833 -6.645679484 28.340826109
67.303384609 -6.845679474 28.341039630
67.303447386 -7.045679464 28.341253151
67.303510162 -7.245679454 28.341466672
67.303572938 -7.445679444 28.341680193
67.303635714 -7.645679434 28.341893714
67.303698490 -7.845679425 28.342107235
67.303761266 -8.045679415 28.342320756
67.303824043 -8.245679405 28.342534277
67.303886819 -8.445679395 28.342747798
67.304139698 -8.645678799 28.342899763
67.304614183 -8.845677519 28.342979973
67.305310277 -9.045675556 28.342988425
67.306227977 -9.245672910 28.342925122
67.307367285 -9.445669580 28.342790062
67.308538097 -9.645666153 28.342644800
67.309708910 -9.845662726 28.342499539
67.310879722 -10.045659299 28.342354278
67.312050534 -10.245655872 28.342209017
67.313221347 -10.445652445 28.342063755
67.314392159 -10.645649018 28.341918494
67.315562971 -10.845645591 28.341773233
67.316733784 -11.045642164 28.341627971
67.317904596 -11.245638737 28.341482710
67.319075409 -11.445635310 28.341337449
67.320246221 -11.645631883 28.341192188
67.321417033 -11.845628456 28.341046926
67.322587846 -12.045625029 28.340901665
67.323758658 -12.245621601 28.340756404
67.324929471 -12.445618174 28.340611142
67.326100283 -12.645614747 28.340465881
67.327271095 -12.845611320 28.340320620
67.328441908 -13.045607893 28.340175358
67.329612720 -13.245604466 28.340030097
67.330783532 -13.445601039 28.339884836
67.331954345 -13.645597612 28.339739575
67.333125157 -13.845594185 28.339594313
67.334295970 -14.045590758 28.339449052
67.335466782 -14.245587331 28.339303791
67.336637594 -14.445583904 28.339158529
67.337808407 -14.645580477 28.339013268
67.338979219 -14.845577050 28.338868007
67.340150031 -15.045573623 28.338722745
67.341320844 -15.245570196 28.338577484
67.342491656 -15.445566769 28.338432223
67.343662469 -15.645563342 28.338286962
67.344833281 -15.845559915 28.338141700
67.346004093 -16.045556488 28.337996439
67.347174906 -16.245553061 28.337851178
67.348345718 -16.445549634 28.337705916
67.349516531 -16.645546207 28.337560655
67.350687343 -16.845542780 28.337415394
67.351858155 -17.045539353 28.337270133
67.353028968 -17.245535926 28.337124871
67.354199780 -17.445532499 28.336979610
67.355370592 -17.645529072 28.336834349
67.356541405 -17.845525645 28.336689087
67.357712217 -18.045522218 28.336543826
67.358883030 -18.245518790 28.336398565
67.360053842 -18.445515363 28.336253303
67.361224654 -18.645511936 28.336108042
67.362395467 -18.845508509 28.335962781
67.363566279 -19.045505082 28.335817520
67.364737092 -19.245501655 28.335672258
67.365907904 -19.445498228 28.335526997
67.367078716 -19.645494801 28.335381736
67.368249529 -19.845491374 28.335236474
67.369420341 -20.045487947 28.335091213
67.370591153 -20.245484520 28.334945952
67.371761966 -20.445481093 28.334800691
67.372822709 -20.645478134 28.334717064
67.373755144 -20.845475720 28.334705284
67.374559270 -21.045473852 28.334765352
67.375235089 -21.245472528 28.334897268
67.375782599 -21.445471750 28.335101031
67.376311870 -21.645471050 28.335315007
67.376841142 -21.845470350 28.335528983
67.377370413 -22.045469650 28.335742959
67.377899684 -22.245468949 28.335956935
67.378428956 -22.445468249 28.336170912
67.378958227 -22.645467549 28.336384888
67.379487498 -22.845466848 28.336598864
67.380016770 -23.045466148 28.336812840
67.380546041 -23.245465448 28.337026816
67.381075313 -23.445464747 28.337240792
67.381604584 -23.645464047 28.337454768
67.382133855 -23.845463347 28.337668744
67.382663127 -24.045462646 28.337882720
67.383192398 -24.245461946 28.338096697
67.383721669 -24.445461246 28.338310673
67.384250941 -24.645460545 28.338524649
67.384780212 -24.845459845 28.338738625
67.385309483 -25.045459145 28.338952601
67.385838755 -25.245458444 28.339166577
67.386368026 -25.445457744 28.339380553
67.386897297 -25.645457044 28.339594529
67.387426569 -25.845456343 28.339808505
67.387955840 -26.045455643 28.340022481
67.388485112 -26.245454943 28.340236458
67.389014383 -26.445454242 28.340450434
67.389543654 -26.645453542 28.340664410
67.390072926 -26.845452842 28.340878386
67.390602197 -27.045452141 28.341092362
67.391131468 -27.245451441 28.341306338
67.391660740 -27.445450741 28.341520314
67.392190011 -27.645450041 28.341734290
67.392719282 -27.845449340 28.341948266
67.393248554 -28.045448640 28.342162242
67.393777825 -28.245447940 28.342376219
67.394307096 -28.445447239 28.342590195
67.394909941 -28.645446265 28.342725357
67.395598548 -28.845444973 28.342768649
67.396372918 -29.045443361 28.342720070
67.397233050 -29.245441430 28.342579619
67.398178944 -29.445439181 28.342347299
67.399137027 -29.645436886 28.342101920
67.400095111 -29.845434591 28.341856542
67.401053194 -30.045432296 28.341611164
67.402011277 -30.245430001 28.341365786
67.402969361 -30.445427707 28.341120408
67.403927444 -30.645425412 28.340875030
67.404885528 -30.845423117 28.340629652
67.405843611 -31.045420822 28.340384274
67.406801694 -31.245418527 28.340138895
67.407759778 -31.445416233 28.339893517
67.408717861 -31.645413938 28.339648139
67.409675944 -31.845411643 28.339402761
67.410634028 -32.045409348 28.339157383
67.411592111 -32.245407053 28.338912005
67.412550194 -32.445404758 28.338666627
67.413508278 -32.645402464 28.338421249
67.414466361 -32.845400169 28.338175870
67.415424444 -33.045397874 28.337930492
67.416382528 -33.245395579 28.337685114
67.417340611 -33.445393284 28.337439736
67.418298695 -33.645390989 28.337194358
67.419256778 -33.845388695 28.336948980
67.420214861 -34.045386400 28.336703602
67.421172945 -34.245384105 28.336458223
67.422131028 -34.445381810 28.336212845
67.423089111 -34.645379515 28.335967467
67.424047195 -34.845377221 28.335722089
67.425005278 -35.045374926 28.335476711
67.425963361 -35.245372631 28.335231333
67.426921445 -35.445370336 28.334985955
67.427879528 -35.645368041 28.334740577
67.428837611 -35.845365746 28.334495198
67.429795695 -36.045363452 28.334249820
67.430753778 -36.245361157 28.334004442
67.431711861 -36.445358862 28.333759064
67.432669945 -36.645356567 28.333513686
67.433628028 -36.845354272 28.333268308
67.434586112 -37.045351977 28.333022930
67.435544195 -37.245349683 28.332777552
67.436502278 -37.445347388 28.332532173
67.437460362 -37.645345093 28.332286795
67.438418445 -37.845342798 28.332041417
67.439376528 -38.045340503 28.331796039
67.440334612 -38.245338209 28.331550661
67.441292695 -38.445335914 28.331305283
67.442250778 -38.645333619 28.331059905
67.443208862 -38.845331324 28.330814527
67.444166945 -39.045329029 28.330569148
67.445125028 -39.245326734 28.330323770
67.446083112 -39.445324440 28.330078392
67.447041195 -39.645322145 28.329833014
67.447999279 -39.845319850 28.329587636
67.448957362 -40.045317555 28.329342258
67.449915445 -40.245315260 28.329096880
67.450873529 -40.445312966 28.328851502
67.451761121 -40.645310936 28.328739124
67.452566549 -40.845309216 28.328781772
67.453289813 -41.045307805 28.328979447
67.453930911 -41.245306703 28.329332148
67.454489845 -41.445305910 28.329839876
67.455037105 -41.645305161 28.330369630
67.455584365 -41.845304413 28.330899383
67.456131625 -42.045303664 28.331429137
67.456678885 -42.245302915 28.331958891
67.457226145 -42.445302166 28.332488645
67.457773404 -42.645301418 28.333018399
67.458320664 -42.845300669 28.333548153
67.458867924 -43.045299920 28.334077907
67.459415184 -43.245299171 28.334607661
67.459962444 -43.445298423 28.335137414
67.460509704 -43.645297674 28.335667168
67.461056964 -43.845296925 28.336196922
67.461604224 -44.045296176 28.336726676
67.462151484 -44.245295428 28.337256430
67.462698743 -44.445294679 28.337786184
67.463246003 -44.645293930 28.338315938
67.463793263 -44.845293181 28.338845692
67.464340523 -45.045292433 28.339375445
67.464887783 -45.245291684 28.339905199
67.465435043 -45.445290935 28.340434953
67.465982303 -45.645290187 28.340964707
67.466529563 -45.845289438 28.341494461
67.467076823 -46.045288689 28.342024215
67.467624082 -46.245287940 28.342553969
67.468171342 -46.445287192 28.343083723
67.468718602 -46.645286443 28.343613477
67.469265862 -46.845285694 28.344143230
67.469813122 -47.045284945 28.344672984
67.470360382 -47.245284197 28.345202738
67.470907642 -47.445283448 28.345732492
67.471454902 -47.645282699 28.346262246
67.472002162 -47.845281950 28.346792000
67.472549421 -48.045281202 28.347321754
67.473096681 -48.245280453 28.347851508
67.473643941 -48.445279704 28.348381261
67.474191201 -48.645278956 28.348911015
67.474738461 -48.845278207 28.349440769
67.475296653 -49.045277424 28.349975673
67.475885377 -49.245276546 28.350524958
67.476504633 -49.445275573 28.351088625
67.477154421 -49.645274504 28.351666674
67.477834741 -49.845273341 28.352259104
67.478534660 -50.045272116 28.352860767
67.479234578 -50.245270891 28.353462429
67.479934497 -50.445269667 28.354064092
67.480634416 -50.645268442 28.354665754
67.481334335 -50.845267217 28.355267417
67.482034254 -51.045265992 28.355869079
67.482734173 -51.245264768 28.356470742
67.483434091 -51.445263543 28.357072404
67.484134010 -51.645262318 28.357674067
67.484833929 -51.845261094 28.358275729
67.485533848 -52.045259869 28.358877392
67.486233767 -52.245258644 28.359479054
67.486933686 -52.445257419 28.360080717
67.487633605 -52.645256195 28.360682379
67.488333523 -52.845254970 28.361284042
67.489033442 -53.045253745 28.361885704
67.489733361 -53.245252520 28.362487367
67.490433280 -53.445251296 28.363089029
67.491133199 -53.645250071 28.363690692
67.491833118 -53.845248846 28.364292354
67.492533036 -54.045247622 28.364894017
67.493232955 -54.245246397 28.365495679
67.493932874 -54.445245172 28.366097342
67.494632793 -54.645243947 28.366699004
67.495332712 -54.845242723 28.367300667
67.496032631 -55.045241498 28.367902329
67.496732550 -55.245240273 28.368503992
67.497432468 -55.445239049 28.369105654
67.498132387 -55.645237824 28.369707317
67.498832306 -55.845236599 28.370308979
67.499532225 -56.045235374 28.370910642
67.500232144 -56.245234150 28.371512305
67.500932063 -56.445232925 28.372113967
67.501631981 -56.645231700 28.372715630
67.502331900 -56.845230476 28.373317292
67.503031819 -57.045229251 28.373918955
67.503731738 -57.245228026 28.374520617
67.504431657 -57.445226801 28.375122280
67.505131576 -57.645225577 28.375723942
67.505831495 -57.845224352 28.376325605
67.506531413 -58.045223127 28.376927267
67.507231332 -58.245221902 28.377528930
67.507931251 -58.445220678 28.378130592
67.508631170 -58.645219453 28.378732255
67.509331089 -58.845218228 28.379333917
67.510031008 -59.045217004 28.379935580
67.510730926 -59.245215779 28.380537242
67.511430845 -59.445214554 28.381138905
67.512130764 -59.645213329 28.381740567
67.512830683 -59.845212105 28.382342230
67.513530602 -60.045210880 28.382943892
67.514230521 -60.245209655 28.383545555
67.514930440 -60.445208431 28.384147217
67.515766097 -60.645206462 28.384374616
67.516759897 -60.845203628 28.384165978
67.517911840 -61.045199928 28.383521302
67.519221926 -61.245195362 28.382440588
67.520690155 -61.445189929 28.380923837
67.522180788 -61.645184374 28.379345312
67.523671420 -61.845178819 28.377766787
67.525162053 -62.045173264 28.376188262
67.526652686 -62.245167709 28.374609737
67.528143319 -62.445162154 28.373031212
67.529633952 -62.645156599 28.371452687
67.531124585 -62.845151044 28.369874162
67.532615218 -63.045145489 28.368295637
67.534105851 -63.245139934 28.366717112
67.535596484 -63.445134379 28.365138587
67.537087117 -63.645128824 28.363560062
67.538577750 -63.845123269 28.361981537
67.540068383 -64.045117714 28.360403012
67.541559016 -64.245112159 28.358824487
67.543049649 -64.445106604 28.357245962
67.544702962 -64.645099451 28.355881341
67.546545669 -64.845090438 28.354765749
67.548577770 -65.045079565 28.353899187
67.550799264 -65.245066833 28.353281653
67.553210152 -65.445052240 28.352913150
67.555647754 -65.645037384 28.352579771
67.558085356 -65.845022529 28.352246393
67.560522958 -66.045007674 28.351913014
67.562960560 -66.244992818 28.351579636
67.565398162 -66.444977963 28.351246257
67.567835764 -66.644963108 28.350912878
67.570273365 -66.844948252 28.350579500
67.572710967 -67.044933397 28.350246121
67.575148569 -67.244918542 28.349912743
67.577586171 -67.444903687 28.349579364
67.580023773 -67.644888831 28.349245986
67.582461375 -67.844873976 28.348912607
67.584898977 -68.044859121 28.348579229
67.587336579 -68.244844265 28.348245850
67.589774181 -68.444829410 28.347912472
67.592211782 -68.644814555 28.347579093
67.594649384 -68.844799699 28.347245715
67.596974528 -69.044785774 28.346943531
67.598986402 -69.244774441 28.346728247
67.600685008 -69.444765699 28.346599863
67.602070343 -69.644759548 28.346558377
67.603142410 -69.844755990 28.346603791
67.604013666 -70.044754092 28.346704909
67.604884921 -70.244752194 28.346806027
67.605756177 -70.444750296 28.346907145
67.606627433 -70.644748399 28.347008263
67.607498688 -70.844746501 28.347109381
67.608369944 -71.044744603 28.347210499
67.609241199 -71.244742705 28.347311617
67.610112455 -71.444740808 28.347412735
67.610983711 -71.644738910 28.347513852
67.611854966 -71.844737012 28.347614970
67.612726222 -72.044735115 28.347716088
67.613597478 -72.244733217 28.347817206
67.614468733 -72.444731319 28.347918324
67.615339989 -72.644729421 28.348019442
67.616211244 -72.844727524 28.348120560
67.617082500 -73.044725626 28.348221678
67.617953756 -73.244723728 28.348322795
67.618825011 -73.444721830 28.348423913
67.619696267 -73.644719933 28.348525031
67.620567523 -73.844718035 28.348626149
67.621438778 -74.044716137 28.348727267
67.622310034 -74.244714240 28.348828385
67.623181290 -74.444712342 28.348929503
67.624052545 -74.644710444 28.349030621
67.624923801 -74.844708546 28.349131739
67.625795056 -75.044706649 28.349232856
67.626666312 -75.244704751 28.349333974
67.627537568 -75.444702853 28.349435092
67.628408823 -75.644700955 28.349536210
67.629280079 -75.844699058 28.349637328
67.630151335 -76.044697160 28.349738446
67.631022590 -76.244695262 28.349839564
67.631893846 -76.444693365 28.349940682
67.632765101 -76.644691467 28.350041800
67.633636357 -76.844689569 28.350142917
67.634507613 -77.044687671 28.350244035
67.635378868 -77.244685774 28.350345153
67.636250124 -77.444683876 28.350446271
67.637121380 -77.644681978 28.350547389
67.637992635 -77.844680081 28.350648507
67.638863891 -78.044678183 28.350749625
67.639735146 -78.244676285 28.350850743
67.640606402 -78.444674387 28.350951861
67.641477658 -78.644672490 28.351052978
67.642348913 -78.844670592 28.351154096
67.643220169 -79.044668694 28.351255214
67.644091425 -79.244666796 28.351356332
67.644962680 -79.444664899 28.351457450
67.645833936 -79.644663001 28.351558568
67.646705191 -79.844661103 28.351659686
67.647576447 -80.044659206 28.351760804
67.648447703 -80.244657308 28.351861922
67.649318958 -80.444655410 28.351963039
67.650190214 -80.644653512 28.352064157
67.651061470 -80.844651615 28.352165275
67.651979283 -81.044649439 28.352253329
67.653026789 -81.244646487 28.352304990
67.654203987 -81.444642761 28.352320260
67.655510876 -81.644638259 28.352299138
67.656947458 -81.844632982 28.352241625
67.658467173 -82.044627208 28.352160784
67.659986889 -82.244621434 28.352079942
67.661506604 -82.444615660 28.351999101
67.663026319 -82.644609886 28.351918260
67.664546035 -82.844604113 28.351837419
67.666065750 -83.044598339 28.351756577
67.667585466 -83.244592565 28.351675736
67.669105181 -83.444586791 28.351594895
67.670624896 -83.644581017 28.351514053
67.672144612 -83.844575243 28.351433212
67.673664327 -84.044569469 28.351352371
67.675184042 -84.244563695 28.351271530
67.676703758 -84.444557921 28.351190688
67.678223473 -84.644552147 28.351109847
67.679743188 -84.844546373 28.351029006
67.681262904 -85.044540599 28.350948165
67.682782619 -85.244534825 28.350867323
67.684302334 -85.444529052 28.350786482
67.685506348 -85.644524226 28.350734322
67.686342837 -85.844520505 28.350715550
67.686811800 -86.044517888 28.350730168
67.686913237 -86.244516376 28.350778174
67.686647149 -86.444515967 28.350859569
67.686329238 -86.644515714 28.350945673
67.686011326 -86.844515462 28.351031776
67.685693414 -87.044515209 28.351117880
67.685375502 -87.244514956 28.351203983
67.685057590 -87.444514704 28.351290086
67.684739679 -87.644514451 28.351376190
67.684421767 -87.844514198 28.351462293
67.684103855 -88.044513946 28.351548396
67.683785943 -88.244513693 28.351634500
67.683468031 -88.444513440 28.351720603
67.683150120 -88.644513188 28.351806707
67.682832208 -88.844512935 28.351892810
67.682611431 -89.044512508 28.351961920
67.682661231 -89.244511596 28.351983692
67.682981607 -89.444510200 28.351958127
67.683572559 -89.644508318 28.351885224
67.684434087 -89.844505951 28.351764984
67.685469056 -90.044503273 28.351614401
67.686504026 -90.244500595 28.351463818
67.687538995 -90.444497917 28.351313235
67.688573964 -90.644495239 28.351162651
67.689608933 -90.844492561 28.351012068
67.690643903 -91.044489883 28.350861485
67.691678872 -91.244487205 28.350710901
67.692713841 -91.444484527 28.350560318
67.693748811 -91.644481849 28.350409735
67.694783780 -91.844479171 28.350259152
67.695818749 -92.044476493 28.350108568
67.696853718 -92.244473816 28.349957985
67.697888688 -92.444471138 28.349807402
67.698923657 -92.644468460 28.349656818
67.699958626 -92.844465782 28.349506235
67.700993595 -93.044463104 28.349355652
67.702028565 -93.244460426 28.349205069
67.703063534 -93.444457748 28.349054485
67.704098503 -93.644455070 28.348903902
67.705133473 -93.844452392 28.348753319
67.706168442 -94.044449714 28.348602735
67.707203411 -94.244447036 28.348452152
67.708238380 -94.444444358 28.348301569
67.709273350 -94.644441681 28.348150986
67.710308319 -94.844439003 28.348000402
67.711343288 -95.044436325 28.347849819
67.712378257 -95.244433647 28.347699236
67.713413227 -95.444430969 28.347548652
67.714448196 -95.644428291 28.347398069
67.715483165 -95.844425613 28.347247486
67.716518135 -96.044422935 28.347096903
67.717553104 -96.244420257 28.346946319
67.718588073 -96.444417579 28.346795736
67.719623042 -96.644414901 28.346645153
67.720658012 -96.844412223 28.346494570
67.721692981 -97.044409545 28.346343986
67.722727950 -97.244406868 28.346193403
67.723762920 -97.444404190 28.346042820
67.724797889 -97.644401512 28.345892236
67.725832858 -97.844398834 28.345741653
67.726867827 -98.044396156 28.345591070
67.727902797 -98.244393478 28.345440487
67.728937766 -98.444390800 28.345289903
67.729972735 -98.644388122 28.345139320
67.731007704 -98.844385444 28.344988737
67.732042674 -99.044382766 28.344838153
67.733077643 -99.244380088 28.344687570
67.734112612 -99.444377410 28.344536987
67.735147582 -99.644374732 28.344386404
67.736182551 -99.844372055 28.344235820
67.737217520 -100.044369377 28.344085237
67.738252489 -100.244366699 28.343934654
67.739287459 -100.444364021 28.343784070
67.740322428 -100.644361343 28.343633487
67.741357397 -100.844358665 28.343482904
67.742398174 -101.044355956 28.343327801
67.743455129 -101.244353160 28.343160107
67.744528261 -101.444350277 28.342979823
67.745617570 -101.644347306 28.342786949
67.746723057 -101.844344249 28.342581485
67.747838914 -102.044341136 28.342367951
67.748954770 -102.244338024 28.342154416
67.750070627 -102.444334911 28.341940882
67.751186484 -102.644331798 28.341727348
67.752302340 -102.844328685 28.341513813
67.753418197 -103.044325572 28.341300279
67.754534053 -103.244322459 28.341086744
67.755649910 -103.444319346 28.340873210
67.756765766 -103.644316234 28.340659676
67.757881623 -103.844313121 28.340446141
67.758997479 -104.044310008 28.340232607
67.760113336 -104.244306895 28.340019072
67.761229192 -104.444303782 28.339805538
67.762345049 -104.644300669 28.339592004
67.763460905 -104.844297556 28.339378469
67.764576762 -105.044294443 28.339164935
67.765692618 -105.244291331 28.338951401
67.766808475 -105.444288218 28.338737866
67.767782880 -105.644285603 28.338469249
67.768592620 -105.844283568 28.338136508
67.769237694 -106.044282113 28.337739645
67.769718103 -106.244281237 28.337278659
67.770033847 -106.444280942 28.336753550
67.770326377 -106.644280728 28.336219401
67.770618907 -106.844280514 28.335685252
67.770911437 -107.044280300 28.335151103
67.771203967 -107.244280086 28.334616954
67.771496497 -107.444279872 28.334082805
67.771789026 -107.644279658 28.333548656
67.772081556 -107.844279444 28.333014507
67.772374086 -108.044279230 28.332480359
67.772666616 -108.244279016 28.331946210
67.772959146 -108.444278802 28.331412061
67.773251676 -108.644278588 28.330877912
67.773544206 -108.844278374 28.330343763
67.773882777 -109.044278019 28.329840455
67.774349567 -109.244277271 28.329423035
67.774944576 -109.444276130 28.329091502
67.775667804 -109.644274596 28.328845857
67.776519250 -109.844272669 28.328686100
67.777452873 -110.044270489 28.328581389
67.778386496 -110.244268310 28.328476678
67.779320119 -110.444266131 28.328371967
67.780253742 -110.644263952 28.328267257
67.781187365 -110.844261773 28.328162546
67.782120988 -111.044259594 28.328057835
67.783054612 -111.244257415 28.327953124
67.783988235 -111.444255235 28.327848413
67.784921858 -111.644253056 28.327743702
67.785855481 -111.844250877 28.327638992
67.786789104 -112.044248698 28.327534281
67.787722727 -112.244246519 28.327429570
67.788656350 -112.444244340 28.327324859
67.789589974 -112.644242161 28.327220148
67.790523597 -112.844239981 28.327115437
67.791457220 -113.044237802 28.327010727
67.792390843 -113.244235623 28.326906016
67.793324466 -113.444233444 28.326801305
67.794258089 -113.644231265 28.326696594
67.795191712 -113.844229086 28.326591883
67.796125336 -114.044226907 28.326487172
67.797058959 -114.244224727 28.326382462
67.797992582 -114.444222548 28.326277751
67.798926205 -114.644220369 28.326173040
67.799859828 -114.844218190 28.326068329
67.800793451 -115.044216011 28.325963618
67.801727074 -115.244213832 28.325858907
67.802660698 -115.444211653 28.325754196
67.803594321 -115.644209473 28.325649486
67.804527944 -115.844207294 28.325544775
67.805461567 -116.044205115 28.325440064
67.806395190 -116.244202936 28.325335353
67.807328813 -116.444200757 28.325230642
67.808262436 -116.644198578 28.325125931
67.809196060 -116.844196399 28.325021221
67.810129683 -117.044194219 28.324916510
67.811063306 -117.244192040 28.324811799
67.811996929 -117.444189861 28.324707088
67.812930552 -117.644187682 28.324602377
67.813864175 -117.844185503 28.324497666
67.814797799 -118.044183324 28.324392956
67.815731422 -118.244181145 28.324288245
67.816665045 -118.444178965 28.324183534
67.817598668 -118.644176786 28.324078823
67.818532291 -118.844174607 28.323974112
67.819465914 -119.044172428 28.323869401
67.820399537 -119.244170249 28.323764691
67.821333161 -119.444168070 28.323659980
67.822266784 -119.644165891 28.323555269
67.823200407 -119.844163711 28.323450558
67.824134030 -120.044161532 28.323345847
67.825067653 -120.244159353 28.323241136
67.826001276 -120.444157174 28.323136426
67.827001798 -120.644154617 28.323040190
67.828080192 -120.844151622 28.322953818
67.829236457 -121.044148186 28.322877312
67.830470594 -121.244144312 28.322810671
67.831782603 -121.444139998 28.322753894
67.833105584 -121.644135622 28.322698508
67.834428565 -121.844131247 28.322643121
67.835751546 -122.044126871 28.322587735
67.837074527 -122.244122495 28.322532348
67.838397508 -122.444118119 28.322476962
67.839720489 -122.644113744 28.322421575
67.841043470 -122.844109368 28.322366189
67.842366451 -123.044104992 28.322310802
67.843689432 -123.244100616 28.322255416
67.845012413 -123.444096241 28.322200029
67.846335394 -123.644091865 28.322144643
67.847658375 -123.844087489 28.322089256
67.848981357 -124.044083113 28.322033870
67.850304338 -124.244078738 28.321978483
67.851627319 -124.444074362 28.321923097
67.852950300 -124.644069986 28.321867710
67.854273281 -124.844065610 28.321812324
67.855596262 -125.044061235 28.321756937
67.856919243 -125.244056859 28.321701551
67.858242224 -125.444052483 28.321646164
67.859792270 -125.644045855 28.321519633
67.861606622 -125.844036605 28.321310287
67.863685281 -126.044024734 28.321018128
67.866028248 -126.244010240 28.320643155
67.868635521 -126.443993125 28.320185369
67.871280036 -126.643975641 28.319715913
67.873924551 -126.843958157 28.319246457
67.876569066 -127.043940672 28.318777002
67.879213581 -127.243923188 28.318307546
67.881858096 -127.443905703 28.317838090
67.884502611 -127.643888219 28.317368635
67.887147127 -127.843870735 28.316899179
67.889791642 -128.043853250 28.316429723
67.892436157 -128.243835766 28.315960268
67.895080672 -128.443818281 28.315490812
67.897725187 -128.643800797 28.315021357
67.900369702 -128.843783312 28.314551901
67.902883202 -129.043766963 28.314138441
67.905031905 -129.243753774 28.313880895
67.906815808 -129.443743745 28.313779265
67.908234914 -129.643736876 28.313833548
67.909289221 -129.843733168 28.314043747
67.910109745 -130.043731485 28.314353864
67.910930269 -130.243729802 28.314663981
67.911750793 -130.443728118 28.314974098
67.912571317 -130.643726435 28.315284215
67.913391841 -130.843724752 28.315594333
67.914212365 -131.043723069 28.315904450
67.915032889 -131.243721386 28.316214567
67.915853413 -131.443719703 28.316524684
67.916673936 -131.643718019 28.316834801
67.917494460 -131.843716336 28.317144919
67.918314984 -132.043714653 28.317455036
67.919135508 -132.243712970 28.317765153
67.919956032 -132.443711287 28.318075270
67.920776556 -132.643709604 28.318385387
67.921597080 -132.843707921 28.318695504
67.922417604 -133.043706237 28.319005622
67.923238128 -133.243704554 28.319315739
67.924058652 -133.443702871 28.319625856
67.924879175 -133.643701188 28.319935973
67.925699699 -133.843699505 28.320246090
67.926520223 -134.043697822 28.320556208
67.927340747 -134.243696138 28.320866325
67.928161271 -134.443694455 28.321176442
67.928981795 -134.643692772 28.321486559
67.929802319 -134.843691089 28.321796676
67.930622843 -135.043689406 28.322106794
67.931443367 -135.243687723 28.322416911
67.932263890 -135.443686039 28.322727028
67.933084414 -135.643684356 28.323037145
67.933904938 -135.843682673 28.323347262
67.934725462 -136.043680990 28.323657380
67.935545986 -136.243679307 28.323967497
67.936366510 -136.443677624 28.324277614
67.937187034 -136.643675941 28.324587731
67.938007558 -136.843674257 28.324897848
67.938828082 -137.043672574 28.325207965
67.939648606 -137.243670891 28.325518083
67.940469129 -137.443669208 28.325828200
67.941289653 -137.643667525 28.326138317
67.942110177 -137.843665842 28.326448434
67.942930701 -138.043664158 28.326758551
67.943751225 -138.243662475 28.327068669
67.944571749 -138.443660792 28.327378786
67.946107295 -138.643648736 28.327649659
67.948475038 -138.843624607 28.327874857
67.951674975 -139.043588404 28.328054380
67.955707108 -139.243540129 28.328188227
67.960571437 -139.443479781 28.328276400
67.965552938 -139.643417733 28.328358142
67.970534440 -139.843355685 28.328439883
67.975515941 -140.043293637 28.328521625
67.980497442 -140.243231589 28.328603366
67.985478944 -140.443169541 28.328685108
67.990460445 -140.643107493 28.328766849
67.995441947 -140.843045445 28.328848591
68.000423448 -141.042983397 28.328930332
68.005404950 -141.242921349 28.329012074
68.010386451 -141.442859301 28.329093815
68.015367952 -141.642797253 28.329175557
68.020349454 -141.842735205 28.329257298
68.025330955 -142.042673157 28.329339040
68.030312457 -142.242611109 28.329420781
68.035293958 -142.442549061 28.329502523
68.040353947 -142.642484968 28.329831110
68.045505283 -142.842418494 28.330446993
68.050748877 -143.042349615 28.331353031
68.056087240 -143.242278263 28.332557122
68.061520372 -143.442204437 28.334059267
68.066969786 -143.642130183 28.335612621
68.072422621 -143.842055835 28.337176732
68.077877967 -144.041981420 28.338748743
68.083333313 -144.241907004 28.340320753
68.088788659 -144.441832588 28.341892764
68.094827491 -144.641736684 28.343183633
68.101628152 -144.841612726 28.344107429
68.109190641 -145.041460712 28.344664152
68.117514959 -145.241280643 28.344853802
68.126601105 -145.441072518 28.344676380
68.135865592 -145.640857826 28.344413027
68.145130080 -145.840643134 28.344149674
68.154394567 -146.040428442 28.343886321
68.163659054 -146.240213750 28.343622968
68.172923542 -146.439999058 28.343359616
68.182188029 -146.639784366 28.343096263
68.191452517 -146.839569674 28.342832910
68.200717004 -147.039354982 28.342569557
68.209981492 -147.239140290 28.342306204
68.219245979 -147.438925598 28.342042851
68.229335704 -147.638661471 28.341856170
68.240502879 -147.838332802 28.341769595
68.252747506 -148.037939590 28.341783125
68.266069584 -148.237481835 28.341896760
68.280469113 -148.436959538 28.342110500
68.295120856 -148.636422132 28.342347673
68.309772599 -148.835884726 28.342584847
68.324424342 -149.035347320 28.342822020
68.339076085 -149.234809914 28.343059193
68.353727828 -149.434272508 28.343296367
68.368379571 -149.633735102 28.343533540
68.383031315 -149.833197696 28.343770713
68.397891296 -150.032642936 28.344023978
68.413534352 -150.232022915 28.344337754
68.429960481 -150.431337633 28.344712041
68.447169684 -150.630587091 28.345146839
68.465161961 -150.829771288 28.345642147
68.483729072 -151.028907579 28.346181876
68.502296184 -151.228043870 28.346721604
68.520863296 -151.427180161 28.347261333
68.539430408 -151.626316452 28.347801061
68.557997519 -151.825452743 28.348340790
68.576564631 -152.024589034 28.348880518
68.595131743 -152.223725325 28.349420247
68.613698855 -152.422861616 28.349959976
68.632265966 -152.621997906 28.350499704
68.650833078 -152.821134197 28.351039433
68.669400190 -153.020270488 28.351579161
68.687967302 -153.219406779 28.352118890
68.706534413 -153.418543070 28.352658618
68.725101525 -153.617679361 28.353198347
68.743668637 -153.816815652 28.353738075
68.762261570 -154.015949504 28.354230081
68.780951577 -154.215074185 28.354542674
68.799738658 -154.414189696 28.354675857
68.818622812 -154.613296036 28.354629627
68.837604041 -154.812393207 28.354403986
68.856656522 -155.011483646 28.354046657
68.875709003 -155.210574085 28.353689327
68.894761484 -155.409664524 28.353331998
68.913813965 -155.608754963 28.352974668
68.932866446 -155.807845403 28.352617339
68.951918927 -156.006935842 28.352260009
68.970971408 -156.206026281 28.351902680
68.990023889 -156.405116720 28.351545350
69.009076369 -156.604207159 28.351188021
69.028128850 -156.803297598 28.350830691
69.047181331 -157.002388038 28.350473362
69.066233812 -157.201478477 28.350116032
69.085286293 -157.400568916 28.349758703
69.104338774 -157.599659355 28.349401373
69.123391255 -157.798749794 28.349044044
69.142443736 -157.997840233 28.348686714
69.161496217 -158.196930673 28.348329385
69.180548698 -158.396021112 28.347972055
69.199601179 -158.595111551 28.347614726
69.218653660 -158.794201990 28.347257396
69.237706141 -158.993292429 28.346900067
69.256758622 -159.192382868 28.346542737
69.275811103 -159.391473308 28.346185408
69.294863584 -159.590563747 28.345828078
69.313916065 -159.789654186 28.345470749
69.332968546 -159.988744625 28.345113419
69.352021027 -160.187835064 28.344756090
69.371073508 -160.386925503 28.344398760
69.390125989 -160.586015943 28.344041431
69.409178470 -160.785106382 28.343684101
69.428230951 -160.984196821 28.343326772
69.447283432 -161.183287260 28.342969442
69.466335913 -161.382377699 28.342612113
69.485642488 -161.581442753 28.342248215
69.505280754 -161.780474670 28.341875742
69.525250712 -161.979473449 28.341494695
69.545552361 -162.178439091 28.341105073
69.566185700 -162.377371596 28.340706877
69.586896637 -162.576296348 28.340306674
69.607607573 -162.775221101 28.339906472
69.628318509 -162.974145853 28.339506270
69.649029446 -163.173070606 28.339106067
69.669740382 -163.371995358 28.338705865
69.690451318 -163.570920110 28.338305662
69.711162255 -163.769844863 28.337905460
69.731873191 -163.968769615 28.337505258
69.752584128 -164.167694368 28.337105055
69.773295064 -164.366619120 28.336704853
69.794006000 -164.565543872 28.336304651
69.814716937 -164.764468625 28.335904448
69.835427873 -164.963393377 28.335504246
69.856138809 -165.162318130 28.335104044
69.876849746 -165.361242882 28.334703841
69.897560682 -165.560167634 28.334303639
69.918271619 -165.759092387 28.333903437
69.938982555 -165.958017139 28.333503234
69.959693491 -166.156941891 28.333103032
69.980404428 -166.355866644 28.332702829
70.001115364 -166.554791396 28.332302627
70.021826300 -166.753716149 28.331902425
70.042537237 -166.952640901 28.331502222
70.063248173 -167.151565653 28.331102020
70.083959110 -167.350490406 28.330701818
70.104670046 -167.549415158 28.330301615
70.125380982 -167.748339911 28.329901413
70.146091919 -167.947264663 28.329501211
70.166802855 -168.146189415 28.329101008
70.187513791 -168.345114168 28.328700806
70.208224728 -168.544038920 28.328300603
70.228935664 -168.742963673 28.327900401
70.249646601 -168.941888425 28.327500199
70.270357537 -169.140813177 28.327099996
70.291068473 -169.339737930 28.326699794
70.311779410 -169.538662682 28.326299592
70.332490346 -169.737587435 28.325899389
70.353201282 -169.936512187 28.325499187
70.373912219 -170.135436939 28.325098985
70.394623155 -170.334361692 28.324698782
70.415064379 -170.533313320 28.324530193
70.435153565 -170.732300027 28.324663914
70.454890713 -170.931321814 28.325099943
70.474275824 -171.130378680 28.325838282
70.493308897 -171.329470625 28.326878930
70.512259645 -171.528570774 28.327990274
70.531210393 -171.727670922 28.329101618
70.550161141 -171.926771071 28.330212961
70.569111889 -172.125871219 28.331324305
70.588062637 -172.324971368 28.332435649
70.607013385 -172.524071516 28.333546993
70.625964134 -172.723171665 28.334658336
70.644914882 -172.922271814 28.335769680
70.663865630 -173.121371962 28.336881024
70.682816378 -173.320472111 28.337992368
70.701767126 -173.519572259 28.339103712
70.720717874 -173.718672408 28.340215055
70.739668622 -173.917772556 28.341326399
70.758619370 -174.116872705 28.342437743
70.777570119 -174.315972853 28.343549087
70.796520867 -174.515073002 28.344660430
70.815471615 -174.714173150 28.345771774
70.834422363 -174.913273299 28.346883118
70.853373111 -175.112373447 28.347994462
70.872323859 -175.311473596 28.349105806
70.891274607 -175.510573744 28.350217149
70.910225355 -175.709673893 28.351328493
70.929176104 -175.908774042 28.352439837
70.948126852 -176.107874190 28.353551181
70.967077600 -176.306974339 28.354662524
70.986028348 -176.506074487 28.355773868
71.004979096 -176.705174636 28.356885212
71.023929844 -176.904274784 28.357996556
71.042880592 -177.103374933 28.359107900
71.061831340 -177.302475081 28.360219243
71.080768155 -177.501576553 28.361149095
71.099686796 -177.700679750 28.361842225
71.118587264 -177.899784673 28.362298633
71.137469558 -178.098891321 28.362518319
71.156333679 -178.297999695 28.362501283
71.175193560 -178.497108472 28.362429017
71.194053440 -178.696217248 28.362356751
71.212913321 -178.895326025 28.362284485
71.231773201 -179.094434801 28.362212219
71.250633082 -179.293543578 28.362139953
71.269492962 -179.492652354 28.362067687
71.288352843 -179.691761131 28.361995421
71.307212724 -179.890869908 28.361923155
71.326072604 -180.089978684 28.361850889
71.344932485 -180.289087461 28.361778623
71.363792365 -180.488196237 28.361706357
71.382652246 -180.687305014 28.361634091
71.401512126 -180.886413790 28.361561825
71.420372007 -181.085522567 28.361489559
71.439231888 -181.284631343 28.361417293
71.458091768 -181.483740120 28.361345027
71.476951649 -181.682848897 28.361272761
71.495811529 -181.881957673 28.361200495
71.514671410 -182.081066450 28.361128229
71.533531290 -182.280175226 28.361055963
71.552391171 -182.479284003 28.360983697
71.571251052 -182.678392779 28.360911431
71.590110932 -182.877501556 28.360839165
71.608970813 -183.076610333 28.360766899
71.627830693 -183.275719109 28.360694633
71.646690574 -183.474827886 28.360622367
71.665550454 -183.673936662 28.360550101
71.684410335 -183.873045439 28.360477835
71.703270216 -184.072154215 28.360405569
71.722130096 -184.271262992 28.360333303
71.740989977 -184.470371768 28.360261037
71.759849857 -184.669480545 28.360188771
71.778927608 -184.868566425 28.360162396
71.798822297 -185.067566451 28.360308094
71.819533925 -185.266480624 28.360625866
71.841062492 -185.465308942 28.361115712
71.863407998 -185.664051407 28.361777632
71.886352573 -185.862730913 28.362565735
71.909297148 -186.061410420 28.363353838
71.932241723 -186.260089927 28.364141941
71.955186299 -186.458769434 28.364930044
71.978130874 -186.657448941 28.365718147
72.001075449 -186.856128448 28.366506250
72.024020024 -187.054807955 28.367294353
72.046964599 -187.253487462 28.368082457
72.069909175 -187.452166969 28.368870560
72.092853750 -187.650846476 28.369658663
72.115798325 -187.849525983 28.370446766
72.138742900 -188.048205490 28.371234869
72.161687475 -188.246884996 28.372022972
72.184392725 -188.445591190 28.372678430
72.206785875 -188.644332186 28.373160908
72.228866926 -188.843107984 28.373470407
72.250635878 -189.041918584 28.373606925
72.272092731 -189.240763986 28.373570465
72.293476811 -189.439617503 28.373493669
72.314860890 -189.638471020 28.373416874
72.336244970 -189.837324537 28.373340079
72.357629049 -190.036178053 28.373263284
72.379013129 -190.235031570 28.373186489
72.400397208 -190.433885087 28.373109694
72.421781287 -190.632738604 28.373032898
72.443165367 -190.831592121 28.372956103
72.464549446 -191.030445637 28.372879308
72.485933526 -191.229299154 28.372802513
72.507317605 -191.428152671 28.372725718
72.528701685 -191.627006188 28.372648923
72.550085764 -191.825859705 28.372572127
72.571469844 -192.024713221 28.372495332
72.592853923 -192.223566738 28.372418537
72.614238003 -192.422420255 28.372341742
72.635622082 -192.621273772 28.372264947
72.657006162 -192.820127289 28.372188152
72.678390241 -193.018980805 28.372111356
72.699774321 -193.217834322 28.372034561
72.721158400 -193.416687839 28.371957766
72.742542480 -193.615541356 28.371880971
72.763926559 -193.814394873 28.371804176
72.785310639 -194.013248389 28.371727380
72.806694718 -194.212101906 28.371650585
72.828078798 -194.410955423 28.371573790
72.849462877 -194.609808940 28.371496995
72.870846957 -194.808662457 28.371420200
72.892231036 -195.007515973 28.371343405
72.913615116 -195.206369490 28.371266609
72.934999195 -195.405223007 28.371189814
72.956383275 -195.604076524 28.371113019
72.977767354 -195.802930041 28.371036224
72.999151434 -196.001783557 28.370959429
73.020535513 -196.200637074 28.370882634
73.041919593 -196.399490591 28.370805838
73.063303672 -196.598344108 28.370729043
73.084687752 -196.797197625 28.370652248
73.106071831 -196.996051141 28.370575453
73.127455911 -197.194904658 28.370498658
73.148839990 -197.393758175 28.370421863
73.170224070 -197.592611692 28.370345067
73.191608149 -197.791465209 28.370268272
73.212992228 -197.990318725 28.370191477
73.234376308 -198.189172242 28.370114682
73.255760387 -198.388025759 28.370037887
73.277144467 -198.586879276 28.369961092
73.298528546 -198.785732793 28.369884296
73.319912626 -198.984586309 28.369807501
73.341296705 -199.183439826 28.369730706
73.362741561 -199.382286746 28.369652917
73.384265673 -199.581125063 28.369573831
73.405869042 -199.779954777 28.369493448
73.427551667 -199.978775888 28.369411769
73.449313549 -200.177588397 28.369328793
73.471093910 -200.376398899 28.369245515
73.492874272 -200.575209401 28.369162237
73.514654634 -200.774019904 28.369078959
73.536434996 -200.972830406 28.368995681
73.558215357 -201.171640908 28.368912403
73.579995719 -201.370451411 28.368829124
73.601776081 -201.569261913 28.368745846
73.623556443 -201.768072415 28.368662568
73.645336804 -201.966882918 28.368579290
73.667117166 -202.165693420 28.368496012
73.688897528 -202.364503922 28.368412734
73.710677890 -202.563314425 28.368329456
73.732458251 -202.762124927 28.368246178
73.754238613 -202.960935429 28.368162900
73.776018975 -203.159745932 28.368079622
73.797799337 -203.358556434 28.367996343
73.819579699 -203.557366936 28.367913065
73.841360060 -203.756177439 28.367829787
73.863140422 -203.954987941 28.367746509
73.884920784 -204.153798443 28.367663231
73.906701146 -204.352608946 28.367579953
73.928481507 -204.551419448 28.367496675
73.950261869 -204.750229950 28.367413397
73.972042231 -204.949040453 28.367330119
73.993822593 -205.147850955 28.367246840
74.015602954 -205.346661457 28.367163562
74.037383316 -205.545471960 28.367080284
74.059163678 -205.744282462 28.366997006
74.080944040 -205.943092964 28.366913728
74.102724401 -206.141903467 28.366830450
74.124504763 -206.340713969 28.366747172
74.146285125 -206.539524471 28.366663894
74.168065487 -206.738334974 28.366580616
74.189845848 -206.937145476 28.366497338
74.211626210 -207.135955979 28.366414059
74.233406572 -207.334766481 28.366330781
74.255186934 -207.533576983 28.366247503
74.276967295 -207.732387486 28.366164225
74.298747657 -207.931197988 28.366080947
74.320528019 -208.130008490 28.365997669
74.342308381 -208.328818993 28.365914391
74.364088743 -208.527629495 28.365831113
74.385869104 -208.726439997 28.365747835
74.407649466 -208.925250500 28.365664556
74.429429828 -209.124061002 28.365581278
74.451210190 -209.322871504 28.365498000
74.472990551 -209.521682007 28.365414722
74.494770913 -209.720492509 28.365331444
74.516551275 -209.919303011 28.365248166
74.538331637 -210.118113514 28.365164888
74.560111998 -210.316924016 28.365081610
74.581892360 -210.515734518 28.364998332
74.603672722 -210.714545021 28.364915054
74.625453084 -210.913355523 28.364831775
74.647233445 -211.112166025 28.364748497
74.669013807 -211.310976528 28.364665219
74.690794169 -211.509787030 28.364581941
74.712574531 -211.708597532 28.364498663
74.734354892 -211.907408035 28.364415385
74.756135254 -212.106218537 28.364332107
74.778076003 -212.305011041 28.364365789
74.800225907 -212.503780075 28.364551995
74.822584966 -212.702525638 28.364890724
74.845153180 -212.901247730 28.365381977
74.867930549 -213.099946352 28.366025753
74.890756685 -213.298639501 28.366705092
74.913582821 -213.497332650 28.367384431
74.936408957 -213.696025799 28.368063771
74.959235093 -213.894718948 28.368743110
74.982061229 -214.093412097 28.369422449
75.004887365 -214.292105247 28.370101788
75.027713501 -214.490798396 28.370781127
75.050539637 -214.689491545 28.371460467
75.073365773 -214.888184694 28.372139806
75.096191909 -215.086877843 28.372819145
75.119018045 -215.285570992 28.373498484
75.141844181 -215.484264141 28.374177823
75.164670318 -215.682957290 28.374857162
75.187496454 -215.881650440 28.375536502
75.210322590 -216.080343589 28.376215841
75.233148726 -216.279036738 28.376895180
75.255974862 -216.477729887 28.377574519
75.278800998 -216.676423036 28.378253858
75.301627134 -216.875116185 28.378933197
75.324453270 -217.073809334 28.379612537
75.347279406 -217.272502484 28.380291876
75.369575749 -217.471204611 28.380960260
75.384090719 -217.670038603 28.381467746
75.390824316 -217.869004462 28.381814334
75.389776539 -218.068102186 28.382000023
75.380947389 -218.267331775 28.382024814
75.364866658 -218.466684252 28.381899661
75.348785927 -218.666036729 28.381774508
75.332705196 -218.865389206 28.381649355
75.316624466 -219.064741683 28.381524202
75.300543735 -219.264094160 28.381399049
75.284445494 -219.463445168 28.381276897
75.268090075 -219.662774595 28.381198832
75.251477478 -219.862082442 28.381164852
75.234607703 -220.061368708 28.381174957
75.217480750 -220.260633394 28.381229148
75.200114130 -220.459877968 28.381324424
75.182747510 -220.659122543 28.381419699
75.165380890 -220.858367118 28.381514974
75.148014270 -221.057611692 28.381610249
75.130647650 -221.256856267 28.381705524
75.113281030 -221.456100841 28.381800799
75.095914410 -221.655345416 28.381896074
75.078547790 -221.854589991 28.381991350
75.061181170 -222.053834565 28.382086625
75.043814550 -222.253079140 28.382181900
75.026447930 -222.452323714 28.382277175
75.009081310 -222.651568289 28.382372450
74.991714689 -222.850812864 28.382467725
74.974348069 -223.050057438 28.382563001
74.956981449 -223.249302013 28.382658276
74.939614829 -223.448546587 28.382753551
74.922248209 -223.647791162 28.382848826
74.904881589 -223.847035737 28.382944101
74.887514969 -224.046280311 28.383039376
74.870148349 -224.245524886 28.383134652
74.852781729 -224.444769460 28.383229927
74.835415109 -224.644014035 28.383325202
74.818048489 -224.843258610 28.383420477
74.800681869 -225.042503184 28.383515752
74.783315249 -225.241747759 28.383611027
74.765948629 -225.440992333 28.383706302
74.748582009 -225.640236908 28.383801578
74.731215389 -225.839481483 28.383896853
74.713848768 -226.038726057 28.383992128
74.696482148 -226.237970632 28.384087403
74.679115528 -226.437215206 28.384182678
74.661748908 -226.636459781 28.384277953
74.644382288 -226.835704356 28.384373229
74.627015668 -227.034948930 28.384468504
74.609649048 -227.234193505 28.384563779
74.592282428 -227.433438079 28.384659054
74.574915808 -227.632682654 28.384754329
74.557549188 -227.831927229 28.384849604
74.540182568 -228.031171803 28.384944879
74.522815948 -228.230416378 28.385040155
74.505449328 -228.429660952 28.385135430
74.488082708 -228.628905527 28.385230705
74.470716088 -228.828150102 28.385325980
74.453349468 -229.027394676 28.385421255
74.435982847 -229.226639251 28.385516530
74.418616227 -229.425883825 28.385611806
74.401249607 -229.625128400 28.385707081
74.383882987 -229.824372975 28.385802356
74.366516367 -230.023617549 28.385897631
74.349149747 -230.222862124 28.385992906
74.331783127 -230.422106698 28.386088181
74.314416507 -230.621351273 28.386183457
74.297049887 -230.820595848 28.386278732
74.279683267 -231.019840422 28.386374007
74.262316647 -231.219084997 28.386469282
74.244950027 -231.418329571 28.386564557
74.227583407 -231.617574146 28.386659832
74.210216787 -231.816818721 28.386755107
74.192850167 -232.016063295 28.386850383
74.175483547 -232.215307870 28.386945658
74.158116927 -232.414552444 28.387040933
74.140750306 -232.613797019 28.387136208
74.123383686 -232.813041594 28.387231483
74.106017066 -233.012286168 28.387326758
74.088650446 -233.211530743 28.387422034
74.071283826 -233.410775317 28.387517309
74.053917206 -233.610019892 28.387612584
74.036550586 -233.809264467 28.387707859
74.019183966 -234.008509041 28.387803134
74.001817346 -234.207753616 28.387898409
73.984415935 -234.406994933 28.387991749
73.966503600 -234.606188413 28.388056657
73.948080343 -234.805334055 28.388093136
73.929146163 -235.004431860 28.388101184
73.909701060 -235.203481828 28.388080802
73.889779826 -235.402487216 28.388033926
73.869858592 -235.601492604 28.387987050
73.849937358 -235.800497992 28.387940173
73.830016124 -235.999503380 28.387893297
73.810094889 -236.198508768 28.387846421
73.790173655 -236.397514156 28.387799545
73.770252421 -236.596519544 28.387752668
73.750331187 -236.795524932 28.387705792
73.730409953 -236.994530320 28.387658916
73.710488718 -237.193535707 28.387612039
73.690567484 -237.392541095 28.387565163
73.670646250 -237.591546483 28.387518287
73.650725016 -237.790551871 28.387471411
73.630803782 -237.989557259 28.387424534
73.610882547 -238.188562647 28.387377658
73.590961313 -238.387568035 28.387330782
73.571040079 -238.586573423 28.387283905
73.551118845 -238.785578811 28.387237029
73.531197610 -238.984584199 28.387190153
73.511276376 -239.183589587 28.387143277
73.491355142 -239.382594975 28.387096400
73.471433908 -239.581600363 28.387049524
73.451512674 -239.780605751 28.387002648
73.431591439 -239.979611139 28.386955771
73.411670205 -240.178616526 28.386908895
73.391748971 -240.377621914 28.386862019
73.371827737 -240.576627302 28.386815142
73.351906503 -240.775632690 28.386768266
73.331985268 -240.974638078 28.386721390
73.312064034 -241.173643466 28.386674514
73.292142800 -241.372648854 28.386627637
73.272221566 -241.571654242 28.386580761
73.252300332 -241.770659630 28.386533885
73.232379097 -241.969665018 28.386487008
73.212457863 -242.168670406 28.386440132
73.192536629 -242.367675794 28.386393256
73.172615395 -242.566681182 28.386346380
73.152694161 -242.765686570 28.386299503
73.132772926 -242.964691958 28.386252627
73.112851692 -243.163697346 28.386205751
73.092919871 -243.362701653 28.386156705
73.072832578 -243.561690090 28.386075796
73.052589815 -243.760662657 28.385963026
73.032191580 -243.959619354 28.385818393
73.011637874 -244.158560181 28.385641898
72.990939284 -244.357486218 28.385435710
72.970240694 -244.556412256 28.385229522
72.949542104 -244.755338293 28.385023335
72.928843514 -244.954264330 28.384817147
72.908144924 -245.153190368 28.384610959
72.887446334 -245.352116405 28.384404772
72.866747744 -245.551042443 28.384198584
72.846049153 -245.749968480 28.383992396
72.825350563 -245.948894518 28.383786209
72.804651973 -246.147820555 28.383580021
72.783953383 -246.346746592 28.383373833
72.763254793 -246.545672630 28.383167645
72.742556203 -246.744598667 28.382961458
72.721857613 -246.943524705 28.382755270
72.701159023 -247.142450742 28.382549082
72.680460433 -247.341376780 28.382342895
72.659761843 -247.540302817 28.382136707
72.639063253 -247.739228854 28.381930519
72.618364663 -247.938154892 28.381724332
72.597666072 -248.137080929 28.381518144
72.576967482 -248.336006967 28.381311956
72.556268892 -248.534933004 28.381105768
72.535570302 -248.733859042 28.380899581
72.514871712 -248.932785079 28.380693393
72.494173122 -249.131711117 28.380487205
72.473474532 -249.330637154 28.380281018
72.452775942 -249.529563191 28.380074830
72.432077352 -249.728489229 28.379868642
72.411378762 -249.927415266 28.379662454
72.390680172 -250.126341304 28.379456267
72.369981581 -250.325267341 28.379250079
72.349282991 -250.524193379 28.379043891
72.328584401 -250.723119416 28.378837704
72.307929539 -250.922049961 28.378665061
72.287351647 -251.120988439 28.378551463
72.266850725 -251.319934851 28.378496910
72.246426774 -251.518889196 28.378501403
72.226079792 -251.717851476 28.378564940
72.205766053 -251.916817181 28.378653979
72.185452313 -252.115782887 28.378743018
72.165138574 -252.314748592 28.378832056
72.144824834 -252.513714298 28.378921095
72.124511095 -252.712680003 28.379010133
72.104197355 -252.911645709 28.379099172
72.083883616 -253.110611414 28.379188210
72.063569877 -253.309577120 28.379277249
72.043256137 -253.508542826 28.379366287
72.022942398 -253.707508531 28.379455326
72.002628658 -253.906474237 28.379544364
71.982314919 -254.105439942 28.379633403
71.962001179 -254.304405648 28.379722442
71.941687440 -254.503371353 28.379811480
71.921373700 -254.702337059 28.379900519
71.901059961 -254.901302764 28.379989557
71.880746221 -255.100268470 28.380078596
71.860432482 -255.299234176 28.380167634
71.840118743 -255.498199881 28.380256673
71.819805003 -255.697165587 28.380345711
71.799491264 -255.896131292 28.380434750
71.779177524 -256.095096998 28.380523788
71.758876410 -256.294063963 28.380603574
71.738760644 -256.493049415 28.380547526
71.718830224 -256.692053355 28.380355644
71.699085152 -256.891075782 28.380027928
71.679525426 -257.090116696 28.379564379
71.660138422 -257.289174839 28.378974249
71.640751418 -257.488232981 28.378384119
71.621364414 -257.687291123 28.377793988
71.601977410 -257.886349266 28.377203858
71.582590406 -258.085407408 28.376613728
71.563203402 -258.284465551 28.376023598
71.543816397 -258.483523693 28.375433467
71.524429393 -258.682581836 28.374843337
71.505042389 -258.881639978 28.374253207
71.485655385 -259.080698121 28.373663077
71.466268381 -259.279756263 28.373072946
71.446881377 -259.478814405 28.372482816
71.427494373 -259.677872548 28.371892686
71.408107369 -259.876930690 28.371302556
71.388720365 -260.075988833 28.370712425
71.369333361 -260.275046975 28.370122295
71.349946357 -260.474105118 28.369532165
71.330559352 -260.673163260 28.368942035
71.311172348 -260.872221403 28.368351904
71.291785344 -261.071279545 28.367761774
71.272401052 -261.270337950 28.367173289
71.253056510 -261.469400207 28.366608909
71.233751718 -261.668466315 28.366068636
71.214486675 -261.867536274 28.365552470
71.195261383 -262.066610085 28.365060410
71.176073128 -262.265687484 28.364590811
71.156884873 -262.464764883 28.364121212
71.137696619 -262.663842282 28.363651614
71.118508364 -262.862919681 28.363182015
71.099320109 -263.061997081 28.362712416
71.080131854 -263.261074480 28.362242818
71.060943600 -263.460151879 28.361773219
71.041755345 -263.659229278 28.361303620
71.022567090 -263.858306678 28.360834022
71.003378836 -264.057384077 28.360364423
70.984190581 -264.256461476 28.359894824
70.965002326 -264.455538875 28.359425226
70.945814071 -264.654616274 28.358955627
70.926939805 -264.853721742 28.358488488
70.908618068 -265.052876601 28.358025679
70.890848859 -265.252080851 28.357567199
70.873632178 -265.451334493 28.357113047
70.856968026 -265.650637526 28.356663225
70.840542414 -265.849961883 28.356215271
70.824116801 -266.049286240 28.355767318
70.807691189 -266.248610597 28.355319365
70.791265577 -266.447934954 28.354871411
70.774839964 -266.647259311 28.354423458
70.758414352 -266.846583668 28.353975504
70.741988739 -267.045908025 28.353527551
70.725563127 -267.245232381 28.353079598
70.709137515 -267.444556738 28.352631644
70.692711902 -267.643881095 28.352183691
70.676286290 -267.843205452 28.351735737
70.659860678 -268.042529809 28.351287784
70.643480910 -268.241857556 28.350839841
70.627772181 -268.441234922 28.350392042
70.612734490 -268.640661907 28.349944389
70.598367836 -268.840138512 28.349496881
70.584672220 -269.039664736 28.349049517
70.571601797 -269.239237189 28.348602289
70.558531374 -269.438809642 28.348155061
70.545460951 -269.638382095 28.347707833
70.532390527 -269.837954548 28.347260605
70.519320104 -270.037527001 28.346813377
70.506249681 -270.237099454 28.346366149
70.493179257 -270.436671908 28.345918921
70.480108834 -270.636244361 28.345471693
70.467038411 -270.835816814 28.345024465
70.453967987 -271.035389267 28.344577237
70.440897564 -271.234961720 28.344130009
70.427827141 -271.434534173 28.343682781
70.414756717 -271.634106626 28.343235553
70.402359275 -271.833713147 28.342788682
70.391145898 -272.033379606 28.342342439
70.381116587 -272.233106005 28.341896824
70.372271343 -272.432892344 28.341451837
70.364610165 -272.632738621 28.341007477
70.357460073 -272.832610771 28.340563389
70.350309981 -273.032482920 28.340119301
70.343159888 -273.232355070 28.339675213
70.336009796 -273.432227220 28.339231125
70.328859704 -273.632099369 28.338787037
70.321709612 -273.831971519 28.338342949
70.314559520 -274.031843668 28.337898861
70.307502806 -274.231717563 28.337479540
70.301811381 -274.431616976 28.337422336
70.297485244 -274.631541906 28.337727251
70.294524396 -274.831492354 28.338394284
70.292928837 -275.031468320 28.339423434
70.292605188 -275.231468058 28.340789936
70.292281540 -275.431467796 28.342156437
70.291957891 -275.631467534 28.343522939
70.291634242 -275.831467272 28.344889441
70.291310593 -276.031467010 28.346255942
70.290986944 -276.231466749 28.347622444
70.290663295 -276.431466487 28.348988946
70.290339646 -276.631466225 28.350355447
70.290010884 -276.831465954 28.351523058
70.289673130 -277.031465668 28.352340930
70.289326385 -277.231465366 28.352809064
70.288970649 -277.431465049 28.352927461
70.288605921 -277.631464716 28.352696119
70.288237315 -277.831464376 28.352313931
70.287868709 -278.031464036 28.351931742
70.287500103 -278.231463697 28.351549554
70.287131497 -278.431463357 28.351167365
70.286762891 -278.631463017 28.350785177
70.286394285 -278.831462678 28.350402988
70.286025679 -279.031462338 28.350020800
70.285657073 -279.231461998 28.349638611
70.285288467 -279.431461659 28.349256423
70.284919861 -279.631461319 28.348874235
70.284749769 -279.831460479 28.348512800
70.284928735 -280.031458759 28.348187858
70.285456760 -280.231456160 28.347899408
70.286333843 -280.431452681 28.347647452
70.287559985 -280.631448322 28.347431987
70.288936670 -280.831443584 28.347232262
70.290313356 -281.031438845 28.347032536
70.291690041 -281.231434107 28.346832811
70.293066727 -281.431429369 28.346633085
70.294443412 -281.631424631 28.346433360
70.295820097 -281.831419893 28.346233634
70.297196783 -282.031415154 28.346033909
70.298549407 -282.231410476 28.345846312
70.299551904 -282.431406676 28.345835215
70.300204271 -282.631403754 28.346000616
70.300506510 -282.831401709 28.346342517
70.300458620 -283.031400542 28.346860916
70.300084663 -283.231400193 28.347543686
70.299710706 -283.431399843 28.348226456
70.299336749 -283.631399493 28.348909225
70.298962791 -283.831399144 28.349591995
70.298588834 -284.031398794 28.350274764
70.298214877 -284.231398444 28.350957534
70.297840920 -284.431398095 28.351640304
70.297466962 -284.631397745 28.352323073
70.297093005 -284.831397396 28.353005843
70.296719048 -285.031397046 28.353688613
70.296354642 -285.231396698 28.354372431
70.296129042 -285.431396368 28.355071484
70.296042250 -285.631396057 28.355785773
70.296094264 -285.831395765 28.356515298
70.296285086 -286.031395491 28.357260059
70.296605163 -286.231395235 28.358019007
70.296925240 -286.431394979 28.358777955
70.297245318 -286.631394723 28.359536903
70.297565395 -286.831394467 28.360295851
70.297885472 -287.031394211 28.361054799
70.298205550 -287.231393955 28.361813747
70.298525627 -287.431393698 28.362572695
70.298845705 -287.631393442 28.363331643
70.299236377 -287.831392964 28.363952450
70.299751141 -288.031392094 28.364330437
70.300389996 -288.231390833 28.364465603
70.301152943 -288.431389181 28.364357947
70.302039981 -288.631387139 28.364007471
70.302980515 -288.831384927 28.363552314
70.303921049 -289.031382715 28.363097157
70.304861583 -289.231380504 28.362642000
70.305802116 -289.431378292 28.362186843
70.306742650 -289.631376081 28.361731685
70.307683184 -289.831373869 28.361276528
70.308623718 -290.031371658 28.360821371
70.309564252 -290.231369446 28.360366214
70.310504786 -290.431367235 28.359911057
70.311445320 -290.631365023 28.359455900
70.312182316 -290.831362859 28.359060722
70.312561559 -291.031360777 28.358770967
70.312583049 -291.231358777 28.358586636
70.312246788 -291.431356860 28.358507728
70.311552773 -291.631355026 28.358534244
70.310704545 -291.831353227 28.358606203
70.309856317 -292.031351429 28.358678163
70.309008088 -292.231349630 28.358750123
70.308159860 -292.431347831 28.358822082
70.307311632 -292.631346032 28.358894042
70.306463403 -292.831344234 28.358966002
70.305615175 -293.031342435 28.359037961
70.304766947 -293.231340636 28.359109921
70.303918718 -293.431338837 28.359181880
70.303070490 -293.631337039 28.359253840
70.302467405 -293.831334959 28.359361048
70.302295199 -294.031332387 28.359530210
70.302553873 -294.231329321 28.359761326
70.303243426 -294.431325761 28.360054396
70.304363859 -294.631321709 28.360409421
70.305670028 -294.831317444 28.360791152
70.306976196 -295.031313178 28.361172883
70.308282365 -295.231308913 28.361554614
70.309588534 -295.431304648 28.361936345
70.310894702 -295.631300383 28.362318075
70.312200871 -295.831296117 28.362699806
70.313507040 -296.031291852 28.363081537
70.314802538 -296.231287636 28.363463413
70.315943305 -296.431284131 28.363847385
70.316929341 -296.631281337 28.364233454
70.317760645 -296.831279255 28.364621620
70.318437218 -297.031277884 28.365011883
70.318969730 -297.231277175 28.365404098
70.319502242 -297.431276466 28.365796313
70.320034754 -297.631275757 28.366188528
70.320567266 -297.831275048 28.366580743
70.321099779 -298.031274339 28.366972958
70.321632291 -298.231273630 28.367365173
70.322164803 -298.431272921 28.367757389
70.322697315 -298.631272212 28.368149604
70.323229827 -298.831271504 28.368541819
70.323762339 -299.031270795 28.368934034
70.324297701 -299.231270077 28.369315322
70.324874385 -299.431269227 28.369538225
70.325492389 -299.631268247 28.369602743
70.326151715 -299.831267134 28.369508876
70.326852361 -300.031265891 28.369256624
70.327591478 -300.231264525 28.368856913
70.328330594 -300.431263160 28.368457202
70.329069711 -300.631261794 28.368057492
70.329808828 -300.831260428 28.367657781
70.330547944 -301.031259062 28.367258070
70.331287061 -301.231257697 28.366858359
70.332026177 -301.431256331 28.366458649
70.332765294 -301.631254965 28.366058938
70.333504411 -301.831253599 28.365659227
70.334243527 -302.031252234 28.365259516
70.334982644 -302.231250868 28.364859806
70.335721760 -302.431249502 28.364460095
70.336460877 -302.631248136 28.364060384
70.337140515 -302.831246913 28.363660047
70.337715627 -303.031245939 28.363258608
70.338186212 -303.231245215 28.362856068
70.338552271 -303.431244740 28.362452426
70.338813802 -303.631244515 28.362047683
70.339030285 -303.831244398 28.361642465
70.339246768 -304.031244281 28.361237248
70.339463252 -304.231244164 28.360832030
70.339679735 -304.431244047 28.360426812
70.339896218 -304.631243930 28.360021595
70.340112701 -304.831243812 28.359616377
70.340329184 -305.031243695 28.359211159
70.340545667 -305.231243578 28.358805942
70.340762150 -305.431243461 28.358400724
70.340978634 -305.631243344 28.357995506
70.341300112 -305.831242871 28.357668569
70.341806100 -306.031241773 28.357479195
70.342496597 -306.231240049 28.357427383
70.343371603 -306.431237700 28.357513134
70.344431118 -306.631234726 28.357736448
70.345570146 -306.831231483 28.358019044
70.346709174 -307.031228239 28.358301639
70.347848202 -307.231224996 28.358584235
70.348987230 -307.431221752 28.358866831
70.350126258 -307.631218509 28.359149426
70.351265286 -307.831215265 28.359432022
70.352404314 -308.031212022 28.359714618
70.353543342 -308.231208778 28.359997213
70.354682370 -308.431205535 28.360279809
70.355821398 -308.631202291 28.360562405
70.356960426 -308.831199048 28.360845000
70.358099454 -309.031195804 28.361127596
70.359234493 -309.231192581 28.361402555
70.360311786 -309.431189644 28.361566951
70.361331332 -309.631186995 28.361620784
70.362293132 -309.831184633 28.361564055
70.363197185 -310.031182558 28.361396762
70.364047480 -310.231180751 28.361126544
70.364897776 -310.431178943 28.360856326
70.365748071 -310.631177136 28.360586107
70.366598366 -310.831175328 28.360315889
70.367448661 -311.031173520 28.360045671
70.368298956 -311.231171713 28.359775452
70.369149252 -311.431169905 28.359505234
70.369999547 -311.631168098 28.359235016
70.370849842 -311.831166290 28.358964797
70.371700137 -312.031164483 28.358694579
70.372537278 -312.231162700 28.358426559
70.373184016 -312.431161273 28.358190366
70.373640351 -312.631160203 28.357986000
70.373906283 -312.831159489 28.357813461
70.373981813 -313.031159132 28.357672749
70.373880093 -313.231159106 28.357561665
70.373778373 -313.431159080 28.357450580
70.373676653 -313.631159054 28.357339496
70.373574933 -313.831159028 28.357228411
70.373473214 -314.031159002 28.357117327
70.373371494 -314.231158977 28.357006243
70.373269774 -314.431158951 28.356895158
70.373168054 -314.631158925 28.356784074
70.373066335 -314.831158899 28.356672990
70.372964615 -315.031158873 28.356561905
70.372862895 -315.231158847 28.356450821
70.372761175 -315.431158821 28.356339737
70.372659456 -315.631158795 28.356228652
70.372557736 -315.831158770 28.356117568
70.372456016 -316.031158744 28.356006483
70.372368221 -316.231158690 28.355899810
70.372481983 -316.431158231 28.355856978
70.372797302 -316.631157366 28.355877988
70.373314176 -316.831156096 28.355962839
70.374032607 -317.031154421 28.356111532
70.374938669 -317.231152369 28.356319657
70.375844731 -317.431150317 28.356527781
70.376750793 -317.631148264 28.356735905
70.377656856 -317.831146212 28.356944029
70.378562918 -318.031144159 28.357152153
70.379468980 -318.231142107 28.357360277
70.380375042 -318.431140055 28.357568402
70.381281104 -318.631138002 28.357776526
70.382187166 -318.831135950 28.357984650
70.383093228 -319.031133898 28.358192774
70.383999290 -319.231131845 28.358400898
70.384905352 -319.431129793 28.358609022
70.385811414 -319.631127740 28.358817146
70.386719923 -319.831125677 28.358927300
70.387632729 -320.031123593 28.358865303
70.388549834 -320.231121490 28.358631155
70.389471237 -320.431119368 28.358224856
70.390396939 -320.631117225 28.357646407
70.391324492 -320.831115074 28.356993778
70.392252046 -321.031112924 28.356341148
70.393179600 -321.231110773 28.355688519
70.394107153 -321.431108622 28.355035890
70.395034707 -321.631106471 28.354383260
70.395962261 -321.831104320 28.353730631
70.396889814 -322.031102169 28.353078002
70.397815096 -322.231100028 28.352433004
70.398707522 -322.431098025 28.351898341
70.399567093 -322.631096162 28.351474014
70.400393809 -322.831094437 28.351160023
70.401187670 -323.031092851 28.350956366
70.401950948 -323.231091395 28.350855414
70.402714226 -323.431089938 28.350754462
70.403477504 -323.631088482 28.350653510
70.404240782 -323.831087025 28.350552558
70.405004060 -324.031085569 28.350451606
70.405767338 -324.231084112 28.350350654
70.406530617 -324.431082656 28.350249702
70.407293895 -324.631081200 28.350148749
70.408057173 -324.831079743 28.350047797
70.408820451 -325.031078287 28.349946845
70.409577387 -325.231076847 28.349847384
70.410242632 -325.431075652 28.349769482
70.410816187 -325.631074702 28.349713139
70.411298050 -325.831073997 28.349678356
70.411688223 -326.031073537 28.349665131
70.411993046 -326.231073305 28.349671974
70.412297870 -326.431073073 28.349678817
70.412602694 -326.631072840 28.349685660
70.412907517 -326.831072608 28.349692503
70.413212341 -327.031072376 28.349699346
70.413517164 -327.231072143 28.349706189
70.413821988 -327.431071911 28.349713032
70.414126812 -327.631071679 28.349719875
70.414431635 -327.831071447 28.349726718
70.414736459 -328.031071214 28.349733561
70.415043811 -328.231070977 28.349742685
70.415387719 -328.431070667 28.349784787
70.415768182 -328.631070285 28.349859866
70.416185202 -328.831069830 28.349967923
70.416638777 -329.031069303 28.350108958
70.417126380 -329.231068709 28.350280689
70.417613982 -329.431068115 28.350452420
70.418101585 -329.631067520 28.350624151
70.418589188 -329.831066926 28.350795883
70.419076790 -330.031066332 28.350967614
70.419564393 -330.231065737 28.351139345
70.420051996 -330.431065143 28.351311076
70.420539599 -330.631064548 28.351482807
70.421027201 -330.831063954 28.351654539
70.421514804 -331.031063360 28.351826270
70.422002407 -331.231062765 28.351998001
70.422490009 -331.431062171 28.352169732
70.422977612 -331.631061576 28.352341463
70.423463504 -331.831060986 28.352451310
70.423946391 -332.031060403 28.352452430
70.424426272 -332.231059827 28.352344824
70.424903148 -332.431059259 28.352128491
70.425377019 -332.631058697 28.351803431
70.425849595 -332.831058139 28.351431528
70.426322171 -333.031057580 28.351059626
70.426794746 -333.231057022 28.350687723
70.427267322 -333.431056464 28.350315821
70.427739898 -333.631055906 28.349943919
70.428212474 -333.831055347 28.349572016
70.428685050 -334.031054789 28.349200114
70.429157626 -334.231054231 28.348828212
70.429630202 -334.431053672 28.348456309
70.430102778 -334.631053114 28.348084407
70.430613878 -334.831052432 28.347704413
70.431192660 -335.031051533 28.347310202
70.431839124 -335.231050417 28.346901776
70.432553270 -335.431049083 28.346479133
70.433335097 -335.631047532 28.346042274
70.434146082 -335.831045888 28.345599290
70.434957066 -336.031044244 28.345156307
70.435768051 -336.231042600 28.344713324
70.436579036 -336.431040955 28.344270340
70.437390021 -336.631039311 28.343827357
70.438201005 -336.831037667 28.343384373
70.439011990 -337.031036023 28.342941390
70.439822975 -337.231034378 28.342498407
70.440633960 -337.431032734 28.342055423
70.441444944 -337.631031090 28.341612440
70.442255929 -337.831029446 28.341169457
70.443066914 -338.031027801 28.340726473
70.443785941 -338.231025003 28.340300747
70.443176908 -338.431005540 28.340124244
70.441239816 -338.630969411 28.340196966
70.437974664 -338.830916617 28.340518912
70.433381452 -339.030847158 28.341090083
70.427552138 -339.230762188 28.341893220
70.421722824 -339.430677218 28.342696358
70.415893510 -339.630592247 28.343499496
70.410064196 -339.830507277 28.344302634
70.404234883 -340.030422307 28.345105772
70.398405569 -340.230337337 28.345908909
70.392576255 -340.430252366 28.346712047
70.386746941 -340.630167396 28.347515185
70.380917627 -340.830082426 28.348318323
70.375088313 -341.029997455 28.349121460
70.369275798 -341.229912924 28.349918575
70.363705476 -341.429834721 28.350628860
70.358377345 -341.629762845 28.351252316
70.353291407 -341.829697298 28.351788941
70.348447661 -342.029638079 28.352238737
70.343829309 -342.229584749 28.352607725
70.339210956 -342.429531419 28.352976714
70.334592603 -342.629478089 28.353345702
70.329974250 -342.829424759 28.353714691
70.325355897 -343.029371429 28.354083679
70.320737544 -343.229318099 28.354452668
70.316119191 -343.429264768 28.354821656
70.311500839 -343.629211438 28.355190645
70.306882486 -343.829158108 28.355559633
70.302264133 -344.029104778 28.355928622
70.297645780 -344.229051448 28.356297610
70.293027427 -344.428998118 28.356666599
70.288409074 -344.628944788 28.357035587
70.283790721 -344.828891458 28.357404576
70.279172369 -345.028838128 28.357773564
70.274554016 -345.228784798 28.358142553
70.269935663 -345.428731468 28.358511541
70.265317310 -345.628678138 28.358880530
70.260698957 -345.828624808 28.359249518
70.256080604 -346.028571478 28.359618507
70.251462251 -346.228518148 28.359987496
70.246843899 -346.428464817 28.360356484
70.242225546 -346.628411487 28.360725473
70.237607193 -346.828358157 28.361094461
70.232988840 -347.028304827 28.361463450
70.228370487 -347.228251497 28.361832438
70.223752134 -347.428198167 28.362201427
70.219133781 -347.628144837 28.362570415
70.214515429 -347.828091507 28.362939404
70.209897076 -348.028038177 28.363308392
70.205318728 -348.227985483 28.363676276
70.201316645 -348.427941946 28.364028241
70.197890824 -348.627907566 28.364364287
70.195041267 -348.827882344 28.364684415
70.192767973 -349.027866279 28.364988625
70.191030937 -349.227858735 28.365278022
70.189293901 -349.427851192 28.365567418
70.187556865 -349.627843648 28.365856815
70.185819829 -349.827836105 28.366146211
70.184082793 -350.027828562 28.366435608
70.182345757 -350.227821018 28.366725004
70.180608721 -350.427813475 28.367014401
70.178871685 -350.627805932 28.367303797
70.177134648 -350.827798388 28.367593193
70.175397612 -351.027790845 28.367882590
70.173660576 -351.227783301 28.368171986
70.171923540 -351.427775758 28.368461383
70.170186504 -351.627768215 28.368750779
70.168449468 -351.827760671 28.369040176
70.166712432 -352.027753128 28.369329572
70.165018013 -352.227745628 28.369603984
70.163937286 -352.427738750 28.369662608
70.163470253 -352.627732494 28.369505446
70.163616912 -352.827726861 28.369132496
70.164377263 -353.027721850 28.368543759
70.165708691 -353.227717418 28.367754221
70.167040118 -353.427712987 28.366964682
70.168371546 -353.627708555 28.366175143
70.169702973 -353.827704123 28.365385604
70.171034400 -354.027699691 28.364596066
70.172365828 -354.227695260 28.363806527
70.173697255 -354.427690828 28.363016988
70.175028683 -354.627686396 28.362227449
70.176360110 -354.827681964 28.361437911
70.177691537 -355.027677532 28.360648372
70.179022965 -355.227673101 28.359858833
70.180354392 -355.427668669 28.359069294
70.181685820 -355.627664237 28.358279756
70.183017247 -355.827659805 28.357490217
70.184348675 -356.027655373 28.356700678
70.185653925 -356.227650993 28.355913208
70.186583068 -356.427647348 28.355155454
70.187136104 -356.627644438 28.354427418
70.187313033 -356.827642265 28.353729098
70.187113855 -357.027640826 28.353060495
70.186564746 -357.227640073 28.352419541
70.186015637 -357.427639319 28.351778587
70.185466528 -357.627638565 28.351137633
70.184917419 -357.827637811 28.350496678
70.184368310 -358.027637057 28.349855724
70.183819201 -358.227636304 28.349214770
70.183270092 -358.427635550 28.348573816
70.182720983 -358.627634796 28.347932862
70.182171874 -358.827634042 28.347291908
70.181622765 -359.027633288 28.346650953
70.181103159 -359.227632459 28.345999359
70.181006979 -359.427630552 28.345195057
70.181334227 -359.627627566 28.344238048
70.182084900 -359.827623501 28.343128332
70.183259001 -360.027618357 28.341865908
70.184827025 -360.227612211 28.340461418
70.186395049 -360.427606064 28.339056927
70.187963074 -360.627599917 28.337652436
70.189531098 -360.827593770 28.336247945
70.191099122 -361.027587623 28.334843454
70.192667146 -361.227581476 28.333438963
70.194235171 -361.427575330 28.332034472
70.195803195 -361.627569183 28.330629981
70.197371219 -361.827563036 28.329225490
70.198939243 -362.027556889 28.327820999
70.200507268 -362.227550742 28.326416508
70.202075292 -362.427544595 28.325012017
70.203643316 -362.627538448 28.323607526
70.205211341 -362.827532302 28.322203036
70.206779365 -363.027526155 28.320798545
70.208347389 -363.227520008 28.319394054
70.209915413 -363.427513861 28.317989563
70.211483438 -363.627507714 28.316585072
70.212856668 -363.827502263 28.315179113
70.213888293 -364.027498031 28.313770579
70.214578312 -364.227495019 28.312359471
70.214926727 -364.427493226 28.310945787
70.214933536 -364.627492653 28.309529530
70.214793534 -364.827492604 28.308112165
70.214653531 -365.027492555 28.306694801
70.214513529 -365.227492506 28.305277437
70.214370939 -365.427492455 28.303860053
70.214221797 -365.627492399 28.302442620
70.214066104 -365.827492337 28.301025138
70.213903860 -366.027492271 28.299607607
70.213735065 -366.227492200 28.298190026
70.213636461 -366.427492015 28.296742339
70.213725493 -366.627491553 28.295218545
70.214002162 -366.827490812 28.293618647
70.214466467 -367.027489793 28.291942642
70.215118408 -367.227488497 28.290190531
70.215883831 -367.427487032 28.288392393
70.216649253 -367.627485568 28.286594254
70.217414676 -367.827484103 28.284796115
70.218180098 -368.027482638 28.282997976
70.218945521 -368.227481174 28.281199838
70.219710943 -368.427479709 28.279401699
70.220476366 -368.627478244 28.277603560
70.221241788 -368.827476779 28.275805421
70.222007211 -369.027475315 28.274007283
70.222772633 -369.227473850 28.272209144
70.223562738 -369.427472272 28.270350482
70.224415203 -369.627470406 28.268338913
70.225330028 -369.827468253 28.266174437
70.226307212 -370.027465813 28.263857052
70.227346756 -370.227463085 28.261386760
70.228423976 -370.427460184 28.258824083
70.229501197 -370.627457283 28.256261406
70.230578418 -370.827454382 28.253698728
70.231655639 -371.027451481 28.251136051
70.232732860 -371.227448580 28.248573374
70.233810080 -371.427445679 28.246010696
70.234887301 -371.627442778 28.243448019
70.235964522 -371.827439877 28.240885342
70.237041743 -372.027436976 28.238322664
70.238118964 -372.227434075 28.235759987
70.239173238 -372.427431281 28.233256933
70.240169719 -372.627428757 28.230904048
70.241108406 -372.827426502 28.228701331
70.241989301 -373.027424516 28.226648782
70.242812401 -373.227422800 28.224746403
70.243600655 -373.427421247 28.222934568
70.244388909 -373.627419694 28.221122734
70.245177162 -373.827418140 28.219310900
70.245965416 -374.027416587 28.217499065
70.246753670 -374.227415034 28.215687231
70.247541923 -374.427413480 28.213875397
70.248330177 -374.627411927 28.212063562
70.249118431 -374.827410373 28.210251728
70.249906684 -375.027408820 28.208439893
70.250694938 -375.227407267 28.206628059
70.251483192 -375.427405713 28.204816225
70.252271445 -375.627404160 28.203004390
70.253059699 -375.827402607 28.201192556
70.254811864 -376.027384313 28.199416986
70.257637714 -376.227347374 28.197681810
70.261537249 -376.427291789 28.195987028
70.266510469 -376.627217557 28.194332640
70.272557373 -376.827124679 28.192718646
70.278714051 -377.027029895 28.191108782
70.284870729 -377.226935111 28.189498918
70.291027407 -377.426840327 28.187889054
70.297184085 -377.626745543 28.186279190
70.303340763 -377.826650758 28.184669326
70.309497440 -378.026555974 28.183059462
70.315654118 -378.226461190 28.181449598
70.321810796 -378.426366406 28.179839733
70.327967474 -378.626271622 28.178229869
70.334124152 -378.826176838 28.176620005
70.340280830 -379.026082053 28.175010141
70.346437508 -379.225987269 28.173400277
70.352594185 -379.425892485 28.171790413
70.358750863 -379.625797701 28.170180549
70.364907541 -379.825702917 28.168570685
70.371064219 -380.025608133 28.166960821
70.377220897 -380.225513348 28.165350957
70.383377575 -380.425418564 28.163741093
70.389534253 -380.625323780 28.162131229
70.395690931 -380.825228996 28.160521365
70.401847608 -381.025134212 28.158911501
70.408004286 -381.225039428 28.157301637
70.414164909 -381.424944522 28.155818941
70.420335427 -381.624849309 28.154655241
70.426515841 -381.824753791 28.153810537
70.432706151 -382.024657967 28.153284830
70.438906356 -382.224561837 28.153078118
70.445112512 -382.424465523 28.153063234
70.451318668 -382.624369209 28.153048351
70.457524824 -382.824272895 28.153033467
70.463730980 -383.024176581 28.153018583
70.469937136 -383.224080266 28.153003699
70.476143292 -383.423983952 28.152988816
70.482349448 -383.623887638 28.152973932
70.488555604 -383.823791324 28.152959048
70.494761760 -384.023695010 28.152944165
70.500967916 -384.223598696 28.152929281
70.507174072 -384.423502382 28.152914397
70.513380228 -384.623406068 28.152899514
70.519586384 -384.823309753 28.152884630
70.525792540 -385.023213439 28.152869746
70.531998696 -385.223117125 28.152854863
70.538204852 -385.423020811 28.152839979
70.544411008 -385.622924497 28.152825095
70.550617163 -385.822828183 28.152810212
70.556823319 -386.022731869 28.152795328
70.563029475 -386.222635555 28.152780444
70.569235631 -386.422539240 28.152765560
70.575441787 -386.622442926 28.152750677
70.581647943 -386.822346612 28.152735793
70.587854099 -387.022250298 28.152720909
70.594060255 -387.222153984 28.152706026
70.600266411 -387.422057670 28.152691142
70.606472567 -387.621961356 28.152676258
70.612678723 -387.821865042 28.152661375
70.618064983 -388.021784823 28.152626020
70.622538879 -388.221722516 28.152567887
70.626100412 -388.421678119 28.152486974
70.628749583 -388.621651633 28.152383282
70.630486389 -388.821643058 28.152256810
70.632130729 -389.021636298 28.152128030
70.633775069 -389.221629538 28.151999250
70.635419409 -389.421622779 28.151870470
70.637063748 -389.621616019 28.151741690
70.638708088 -389.821609259 28.151612910
70.640352428 -390.021602499 28.151484130
70.641996768 -390.221595740 28.151355350
70.643641108 -390.421588980 28.151226569
70.645285447 -390.621582220 28.151097789
70.646929787 -390.821575460 28.150969009
70.648574127 -391.021568701 28.150840229
70.650218467 -391.221561941 28.150711449
70.651862807 -391.421555181 28.150582669
70.653507146 -391.621548421 28.150453889
70.655151486 -391.821541662 28.150325109
70.656795826 -392.021534902 28.150196329
70.658440166 -392.221528142 28.150067549
70.660079739 -392.421521421 28.149898904
70.661707356 -392.621514796 28.149630261
70.663323017 -392.821508268 28.149261620
70.664926721 -393.021501836 28.148792981
70.666518469 -393.221495501 28.148224344
70.668103026 -393.421489224 28.147595573
70.669687584 -393.621482947 28.146966803
70.671272142 -393.821476670 28.146338032
70.672856700 -394.021470392 28.145709262
70.674441258 -394.221464115 28.145080492
70.676025816 -394.421457838 28.144451721
70.677610374 -394.621451561 28.143822951
70.679194932 -394.821445284 28.143194181
70.680779489 -395.021439007 28.142565410
70.682364047 -395.221432729 28.141936640
70.683948605 -395.421426452 28.141307870
70.685533163 -395.621420175 28.140679099
70.687117721 -395.821413898 28.140050329
70.688702279 -396.021407621 28.139421559
70.690286837 -396.221401344 28.138792788
70.691871395 -396.421395067 28.138164018
70.693455952 -396.621388789 28.137535248
70.695040510 -396.821382512 28.136906477
70.696625068 -397.021376235 28.136277707
70.698209626 -397.221369958 28.135648936
70.699794184 -397.421363681 28.135020166
70.701378742 -397.621357404 28.134391396
70.702963300 -397.821351126 28.133762625
70.704491513 -398.021345252 28.133161920
70.705957036 -398.221339824 28.132592439
70.707359871 -398.421334844 28.132054183
70.708700015 -398.621330312 28.131547152
70.709977470 -398.821326228 28.131071346
70.711248581 -399.021322188 28.130598700
70.712519692 -399.221318149 28.130126055
70.713790802 -399.421314110 28.129653409
70.715061913 -399.621310070 28.129180763
70.716333023 -399.821306031 28.128708117
70.717604134 -400.021301991 28.128235472
70.718875244 -400.221297952 28.127762826
70.720146355 -400.421293913 28.127290180
70.721417465 -400.621289873 28.126817534
70.722688576 -400.821285834 28.126344888
70.723959686 -401.021281795 28.125872243
70.725230797 -401.221277755 28.125399597
70.726501907 -401.421273716 28.124926951
70.727773018 -401.621269677 28.124454305
70.729044128 -401.821265637 28.123981660
70.730356606 -402.021261311 28.123701844
70.731715107 -402.221256666 28.123636560
70.733119631 -402.421251702 28.123785807
70.734570177 -402.621246419 28.124149586
70.736066747 -402.821240817 28.124727895
70.737567971 -403.021235183 28.125327904
70.739069196 -403.221229549 28.125927914
70.740570421 -403.421223914 28.126527923
70.742071645 -403.621218280 28.127127932
70.743572870 -403.821212646 28.127727942
70.745074095 -404.021207012 28.128327951
70.746575319 -404.221201377 28.128927961
70.748076544 -404.421195743 28.129527970
70.749577768 -404.621190109 28.130127980
70.751078993 -404.821184475 28.130727989
70.752580218 -405.021178840 28.131327999
70.754107617 -405.221172969 28.131846673
70.755757685 -405.421165990 28.131984161
70.757530421 -405.621157901 28.131740464
70.759425826 -405.821148703 28.131115582
70.761443900 -406.021138397 28.130109515
70.763558468 -406.221127218 28.128803597
70.765673035 -406.421116039 28.127497680
70.767787603 -406.621104860 28.126191762
70.769902171 -406.821093682 28.124885845
70.772016739 -407.021082503 28.123579927
70.774131307 -407.221071324 28.122274009
70.776245875 -407.421060145 28.120968092
70.778360443 -407.621048966 28.119662174
70.780475011 -407.821037788 28.118356257
70.782589579 -408.021026609 28.117050339
70.784704147 -408.221015430 28.115744422
70.786818714 -408.421004251 28.114438504
70.788933282 -408.620993072 28.113132587
70.789505266 -408.820956517 28.112038093
70.787916005 -409.020884406 28.111239815
70.784165500 -409.220776741 28.110737753
70.778253751 -409.420633522 28.110531908
70.770180757 -409.620454748 28.110622278
70.761489103 -409.820265797 28.110797440
70.752797450 -410.020076846 28.110972603
70.744105796 -410.219887894 28.111147766
70.735414142 -410.419698943 28.111322928
70.726722488 -410.619509991 28.111498091
70.718030835 -410.819321040 28.111673254
70.709339181 -411.019132089 28.111848416
70.700647527 -411.218943137 28.112023579
70.691955873 -411.418754186 28.112198741
70.683264220 -411.618565235 28.112373904
70.674572566 -411.818376283 28.112549067
70.665880912 -412.018187332 28.112724229
70.657189258 -412.217998381 28.112899392
70.648497605 -412.417809429 28.113074554
70.639805951 -412.617620478 28.113249717
70.631114297 -412.817431526 28.113424880
70.622422643 -413.017242575 28.113600042
70.613469923 -413.217038264 28.113760197
70.603295875 -413.416762099 28.113850141
70.591900499 -413.616414079 28.113869874
70.579283797 -413.815994204 28.113819397
70.565445767 -414.015502474 28.113698709
70.550647477 -414.214954249 28.113522818
70.535849186 -414.414406024 28.113346928
70.521050896 -414.613857800 28.113171037
70.506252606 -414.813309575 28.112995146
70.491454316 -415.012761350 28.112819256
70.476656026 -415.212213125 28.112643365
70.461857736 -415.411664900 28.112467474
70.447059446 -415.611116675 28.112291584
70.432261156 -415.810568450 28.112115693
70.417462865 -416.010020226 28.111939802
70.402664575 -416.209472001 28.111763912
70.387866285 -416.408923776 28.111588021
70.373067995 -416.608375551 28.111412130
70.358269705 -416.807827326 28.111236240
70.343471415 -417.007279101 28.111060349
70.328673125 -417.206730876 28.110884458
70.313874834 -417.406182652 28.110708568
70.299076544 -417.605634427 28.110532677
70.283363243 -417.805003490 28.110410144
70.266367992 -418.004256672 28.110362366
70.248090791 -418.203393972 28.110389343
70.228531640 -418.402415392 28.110491075
70.207690541 -418.601320930 28.110667563
70.186482502 -418.800193299 28.110865448
70.165274464 -418.999065668 28.111063333
70.144066426 -419.197938037 28.111261217
70.122858388 -419.396810405 28.111459102
70.101650350 -419.595682774 28.111656987
70.080442312 -419.794555143 28.111854872
70.059234274 -419.993427512 28.112052757
70.037733149 -420.192263497 28.112225638
70.014860997 -420.390929279 28.112281558
69.990617817 -420.589424859 28.112220515
69.965003611 -420.787750237 28.112042509
69.938018377 -420.985905413 28.111747541
69.909955203 -421.183926771 28.111360614
69.881892028 -421.381948129 28.110973687
69.853828854 -421.579969487 28.110586760
69.825765680 -421.777990845 28.110199833
69.797702505 -421.976012203 28.109812906
69.769639331 -422.174033561 28.109425979
69.741576157 -422.372054919 28.109039052
69.713512982 -422.570076278 28.108652126
69.685449808 -422.768097636 28.108265199
69.657386634 -422.966118994 28.107878272
69.629109003 -423.164107179 28.107506358
69.599828300 -423.361940204 28.107204666
69.569544524 -423.559618069 28.106973197
69.538257677 -423.757140774 28.106811949
69.505967757 -423.954508320 28.106720923
69.472889221 -424.151753879 28.106685106
69.439810686 -424.348999438 28.106649289
69.406732150 -424.546244996 28.106613471
69.373653614 -424.743490555 28.106577654
69.340575079 -424.940736114 28.106541837
69.307496543 -425.137981673 28.106506020
69.274418008 -425.335227232 28.106470202
69.241339472 -425.532472791 28.106434385
69.208260937 -425.729718350 28.106398568
69.175182401 -425.926963908 28.106362751
69.141793376 -426.124151483 28.106338984
69.106952110 -426.321067851 28.106371582
69.070658601 -426.517713011 28.106460546
69.032912851 -426.714086964 28.106605874
68.993714859 -426.910189709 28.106807567
68.953375114 -427.106079232 28.107053574
68.913035369 -427.301968754 28.107299581
68.872695624 -427.497858276 28.107545588
68.832355879 -427.693747799 28.107791595
68.792016134 -427.889637321 28.108037602
68.751676390 -428.085526844 28.108283609
68.711336645 -428.281416366 28.108529616
68.670996900 -428.477305888 28.108775624
68.630657155 -428.673195411 28.109021631
68.590317410 -428.869084933 28.109267638
68.549809405 -429.064938036 28.109542339
68.508514441 -429.260620806 28.109951246
68.466432518 -429.456133243 28.110494357
68.423563637 -429.651475346 28.111171673
68.379907796 -429.846647117 28.111983193
68.335633258 -430.041684973 28.112900224
68.291358720 -430.236722829 28.113817255
68.247084182 -430.431760685 28.114734286
68.202809644 -430.626798541 28.115651317
68.158535106 -430.821836397 28.116568348
68.114260568 -431.016874253 28.117485379
68.069986030 -431.211912109 28.118402410
68.025711492 -431.406949965 28.119319441
67.980885060 -431.601856761 28.120127399
67.935285605 -431.796579986 28.120782582
67.888913128 -431.991119640 28.121284988
67.841767629 -432.185475722 28.121634619
67.793849107 -432.379648233 28.121831475
67.745709456 -432.573768232 28.121984628
67.697569805 -432.767888231 28.122137781
67.649430154 -432.962008230 28.122290934
67.601290503 -433.156128229 28.122444086
67.553150853 -433.350248228 28.122597239
67.505011202 -433.544368227 28.122750392
67.456871551 -433.738488227 28.122903545
67.408731900 -433.932608226 28.123056698
67.360592249 -434.126728225 28.123209851
67.312452599 -434.320848224 28.123363004
67.263142901 -434.514651560 28.123784355
67.212194360 -434.708011358 28.124581362
67.159606978 -434.900927617 28.125754025
67.105380752 -435.093400339 28.127302345
67.049515684 -435.285429522 28.129226319
66.993181820 -435.477331830 28.131257752
66.936847956 -435.669234138 28.133289184
66.880514092 -435.861136446 28.135320617
66.824180229 -436.053038754 28.137352049
66.767846365 -436.244941062 28.139383482
66.711512501 -436.436843370 28.141414914
66.655178637 -436.628745678 28.143446347
66.598844773 -436.820647986 28.145477779
66.542510910 -437.012550294 28.147509211
66.486177046 -437.204452602 28.149540644
66.430005440 -437.396402021 28.151378909
66.374060857 -437.588417356 28.152946905
66.318343298 -437.780498606 28.154244632
66.262852761 -437.972645773 28.155272090
66.207589247 -438.164858855 28.156029278
66.152390498 -438.357090741 28.156709365
66.097191749 -438.549322627 28.157389451
66.041993000 -438.741554514 28.158069537
65.986794251 -438.933786400 28.158749623
65.931595502 -439.126018286 28.159429710
65.876396753 -439.318250172 28.160109796
65.821198004 -439.510482059 28.160789882
65.765736036 -439.702633779 28.161498993
65.709048616 -439.894412272 28.162343234
65.651135742 -440.085817539 28.163322605
65.591997416 -440.276849579 28.164437105
65.531633637 -440.467508392 28.165686734
65.470307624 -440.657874146 28.167042469
65.408981611 -440.848239899 28.168398203
65.347655598 -441.038605653 28.169753938
65.286329585 -441.228971407 28.171109673
65.225003572 -441.419337160 28.172465407
65.163622197 -441.609684872 28.173816015
65.101983353 -441.799948677 28.175142782
65.040087041 -441.990128577 28.176445707
64.977933259 -442.180224570 28.177724790
64.915522009 -442.370236657 28.178980032
64.852908652 -442.560182880 28.180216560
64.790295294 -442.750129102 28.181453087
64.727681937 -442.940075325 28.182689614
64.664420307 -443.129799209 28.183736199
64.600252215 -443.319212202 28.184517195
64.535177660 -443.508314305 28.185032599
64.469196641 -443.697105517 28.185282413
64.402309160 -443.885585838 28.185266637
64.335163487 -444.073977607 28.185175211
64.268017814 -444.262369376 28.185083785
64.200872141 -444.450761145 28.184992360
64.133726469 -444.639152914 28.184900934
64.066580796 -444.827544683 28.184809509
63.999264898 -445.015875174 28.184805697
63.931710978 -445.204119981 28.184924393
63.863919037 -445.392279104 28.185165597
63.795889074 -445.580352544 28.185529309
63.727621090 -445.768340299 28.186015529
63.659285309 -445.956303650 28.186536644
63.590949528 -446.144267000 28.187057758
63.522613748 -446.332230350 28.187578872
63.454277967 -446.520193701 28.188099987
63.385942186 -446.708157051 28.188621101
63.317175691 -446.895959882 28.189268256
63.247806967 -447.083538273 28.190091640
63.177836014 -447.270892225 28.191091254
63.107262832 -447.458021738 28.192267099
63.036087422 -447.644926811 28.193619173
62.964740498 -447.831767964 28.195021438
62.893393574 -448.018609117 28.196423702
62.821960324 -448.205416773 28.197778372
62.750126278 -448.392068908 28.198912065
62.677891434 -448.578565523 28.199824783
62.605255794 -448.764906616 28.200516525
62.532219357 -448.951092189 28.200987291
62.458868450 -449.137155739 28.201284676
62.385517542 -449.323219288 28.201582061
62.312166634 -449.509282837 28.201879446
62.238815726 -449.695346386 28.202176831
62.165464819 -449.881409935 28.202474216
62.091931803 -450.067399281 28.202808764
62.017553335 -450.253044129 28.203315841
61.942329413 -450.438344479 28.203995449
61.866260038 -450.623300332 28.204847587
61.789345209 -450.807911688 28.205872255
61.711767036 -450.992252749 28.207032291
61.634188862 -451.176593811 28.208192327
61.556610688 -451.360934872 28.209352363
61.479032515 -451.545275934 28.210512399
61.401454341 -451.729616996 28.211672435
61.323876167 -451.913958057 28.212832471
61.246297994 -452.098299119 28.213992507
61.168719820 -452.282640180 28.215152543
61.090776928 -452.466824769 28.216275369
61.012324373 -452.650790699 28.217346199
60.933362156 -452.834537972 28.218365032
60.853890276 -453.018066587 28.219331868
60.773908733 -453.201376544 28.220246707
60.693782246 -453.384624316 28.221146759
60.613655759 -453.567872088 28.222046810
60.533529271 -453.751119860 28.222946862
60.453402784 -453.934367633 28.223846914
60.373276296 -454.117615405 28.224746965
60.293149809 -454.300863177 28.225647017
60.213023322 -454.484110949 28.226547069
60.132679415 -454.667260048 28.227450701
60.051327693 -454.849951761 28.228370932
59.968968155 -455.032186088 28.229307762
59.885600802 -455.213963029 28.230261189
59.801225634 -455.395282585 28.231231216
59.716060070 -455.576243428 28.232214260
59.630894506 -455.757204271 28.233197304
59.545728942 -455.938165114 28.234180348
59.460563378 -456.119125957 28.235163392
59.375397814 -456.300086800 28.236146436
59.290232250 -456.481047643 28.237129479
59.205066686 -456.662008486 28.238112523
59.119901121 -456.842969329 28.239095567
59.034735557 -457.023930172 28.240078611
58.949569993 -457.204891015 28.241061655
58.864132801 -457.385718157 28.242048804
58.777437575 -457.565926069 28.243054964
58.689484315 -457.745514750 28.244080135
58.600273020 -457.924484202 28.245124317
58.509803692 -458.102834423 28.246187510
58.418347957 -458.280699115 28.247265610
58.326892222 -458.458563806 28.248343710
58.235436487 -458.636428498 28.249421810
58.143980752 -458.814293190 28.250499909
58.052525017 -458.992157881 28.251578009
57.961069282 -459.170022573 28.252656109
57.869613547 -459.347887265 28.253734208
57.778157812 -459.525751956 28.254812308
57.686702077 -459.703616648 28.255890408
57.595246342 -459.881481340 28.256968508
57.503315756 -460.059082695 28.258048882
57.409188132 -460.235465651 28.259139783
57.312863471 -460.410630207 28.260241209
57.214341772 -460.584576362 28.261353162
57.113623035 -460.757304117 28.262475640
57.011182112 -460.929076808 28.263606369
56.908741189 -461.100849498 28.264737099
56.806300266 -461.272622189 28.265867828
56.703859343 -461.444394880 28.266998557
56.601418420 -461.616167570 28.268129286
56.498977497 -461.787940261 28.269260016
56.396536574 -461.959712952 28.270390745
56.294095651 -462.131485643 28.271521474
56.190155053 -462.302299595 28.272560925
56.084120908 -462.471775148 28.273472952
55.975993218 -462.639912301 28.274257554
55.865771980 -462.806711055 28.274914731
55.753457197 -462.972171410 28.275444484
55.640548542 -463.137252104 28.275938091
55.527639886 -463.302332798 28.276431697
55.414731231 -463.467413493 28.276925304
55.301822576 -463.632494187 28.277418911
55.188913921 -463.797574881 28.277912517
55.074734734 -463.961734522 28.278311356
54.958781960 -464.124608427 28.278577903
54.841055599 -464.286196597 28.278712160
54.721555651 -464.446499030 28.278714126
54.600282116 -464.605515728 28.278583801
54.478505525 -464.764167744 28.278415954
54.356728935 -464.922819759 28.278248107
54.234952345 -465.081471775 28.278080259
54.113175754 -465.240123790 28.277912412
53.991399164 -465.398775806 28.277744564
53.868691041 -465.556681464 28.277586188
53.744682561 -465.713545256 28.277441034
53.619373724 -465.869367182 28.277309101
53.492764530 -466.024147243 28.277190389
53.364854978 -466.177885438 28.277084898
53.236576601 -466.331328124 28.276983158
53.108298224 -466.484770810 28.276881417
52.980019847 -466.638213497 28.276779677
52.851741470 -466.791656183 28.276677936
52.723463093 -466.945098869 28.276576196
52.595184716 -467.098541556 28.276474455
52.466906339 -467.251984242 28.276372715
52.338627962 -467.405426928 28.276270974
52.210349585 -467.558869615 28.276169234
52.082071208 -467.712312301 28.276067494
51.952976985 -467.865046380 28.276024006
51.822743898 -468.016791293 28.276061834
51.691371946 -468.167547040 28.276180979
51.558861130 -468.317313621 28.276381440
51.425211450 -468.466091036 28.276663218
51.291238752 -468.614587891 28.276968060
51.157266054 -468.763084747 28.277272902
51.023293355 -468.911581603 28.277577744
50.889320657 -469.060078458 28.277882585
50.755347959 -469.208575314 28.278187427
50.621375261 -469.357072169 28.278492269
50.487402562 -469.505569025 28.278797111
50.353429864 -469.654065881 28.279101952
50.219457166 -469.802562736 28.279406794
50.085484468 -469.951059592 28.279711636
49.951011698 -470.099094393 28.280034175
49.815840881 -470.246484214 28.280381416
49.679972016 -470.393229055 28.280753361
49.543405103 -470.539328916 28.281150009
49.406140143 -470.684783797 28.281571361
49.268677206 -470.830055753 28.281999718
49.131214270 -470.975327708 28.282428075
48.993751333 -471.120599664 28.282856433
48.856288396 -471.265871619 28.283284790
48.718825460 -471.411143575 28.283713147
48.581362523 -471.556415530 28.284141505
48.443899587 -471.701687486 28.284569862
48.306436650 -471.846959441 28.284998219
48.168973713 -471.992231397 28.285426577
48.031510777 -472.137503352 28.285854934
47.893627578 -472.282369438 28.286244328
47.755157767 -472.426668997 28.286579334
47.616101341 -472.570402031 28.286859954
47.476458303 -472.713568540 28.287086188
47.336228651 -472.856168523 28.287258034
47.195832647 -472.998607851 28.287414457
47.055436643 -473.141047178 28.287570881
46.915040639 -473.283486506 28.287727304
46.774644635 -473.425925834 28.287883728
46.634248631 -473.568365162 28.288040151
46.493852627 -473.710804489 28.288196574
46.353456623 -473.853243817 28.288352998
46.213060619 -473.995683145 28.288509421
46.072664615 -474.138122472 28.288665845
45.932268611 -474.280561800 28.288822268
45.791477555 -474.422604057 28.289014133
45.650135076 -474.564092073 28.289255469
45.508241176 -474.705025849 28.289546275
45.365795852 -474.845405385 28.289886552
45.222799107 -474.985230680 28.290276299
45.079645992 -475.124898807 28.290680074
44.936492877 -475.264566934 28.291083850
44.793339762 -475.404235060 28.291487625
44.650186646 -475.543903187 28.291891401
44.507033531 -475.683571314 28.292295177
44.363880416 -475.823239441 28.292698952
44.220727301 -475.962907567 28.293102728
44.077574186 -476.102575694 28.293506504
43.933776301 -476.241563097 28.293972449
43.789164446 -476.379691143 28.294516877
43.643738621 -476.516959830 28.295139790
43.497498827 -476.653369160 28.295841187
43.350445063 -476.788919132 28.296621067
43.203222099 -476.924290469 28.297417262
43.055999136 -477.059661807 28.298213457
42.908776172 -477.195033145 28.299009652
42.761553209 -477.330404482 28.299805847
42.614330246 -477.465775820 28.300602042
42.467107282 -477.601147157 28.301398237
42.319884319 -477.736518495 28.302194432
42.172416330 -477.871614781 28.302962661
42.024109874 -478.005769848 28.303635195
41.874964949 -478.138983696 28.304212032
41.724981557 -478.271256325 28.304693174
41.574159697 -478.402587736 28.305078619
41.422744394 -478.533252980 28.305396334
41.271329090 -478.663918224 28.305714048
41.119913787 -478.794583468 28.306031763
40.968498484 -478.925248711 28.306349478
40.817083181 -479.055913955 28.306667192
40.665667877 -479.186579199 28.306984907
40.514252574 -479.317244443 28.307302621
40.362837271 -479.447909687 28.307620336
40.211421968 -479.578574931 28.307938051
40.060006665 -479.709240175 28.308255765
39.908310104 -479.839566812 28.308553441
39.755651154 -479.968734823 28.308782549
39.602029813 -480.096744208 28.308943089
39.447446081 -480.223594967 28.309035061
39.291899959 -480.349287100 28.309058466
39.135672704 -480.474159214 28.309033341
38.979445449 -480.599031328 28.309008217
38.823218194 -480.723903441 28.308983092
38.666990939 -480.848775555 28.308957968
38.510763684 -480.973647669 28.308932844
38.354536429 -481.098519782 28.308907719
38.198309174 -481.223391896 28.308882595
38.042081919 -481.348264010 28.308857470
37.885854664 -481.473136123 28.308832346
37.729627409 -481.598008237 28.308807221
37.573400154 -481.722880351 28.308782097
37.417172899 -481.847752464 28.308756972
37.260945644 -481.972624578 28.308731848
37.104153689 -482.096768748 28.308780556
36.946648954 -482.219994086 28.308922459
36.788431438 -482.342300591 28.309157556
36.629501141 -482.463688264 28.309485848
36.469858064 -482.584157105 28.309907334
36.310066906 -482.704435056 28.310348181
36.150275747 -482.824713008 28.310789028
35.990484589 -482.944990960 28.311229875
35.830693431 -483.065268912 28.311670722
35.670902272 -483.185546864 28.312111570
35.511111114 -483.305824815 28.312552417
35.351319955 -483.426102767 28.312993264
35.191528797 -483.546380719 28.313434111
35.031737638 -483.666658671 28.313874958
34.871946480 -483.786936623 28.314315805
34.712155322 -483.907214575 28.314756652
34.552364163 -484.027492526 28.315197499
34.392506546 -484.147681306 28.315550489
34.232421554 -484.267565008 28.315602898
34.072109189 -484.387143631 28.315354725
33.911569451 -484.506417176 28.314805970
33.750802339 -484.625385642 28.313956634
33.589874313 -484.744138201 28.312894574
33.428946286 -484.862890760 28.311832514
33.268018260 -484.981643319 28.310770454
33.107090233 -485.100395879 28.309708394
32.946162207 -485.219148438 28.308646334
32.785234181 -485.337900997 28.307584274
32.624306154 -485.456653557 28.306522214
32.463378128 -485.575406116 28.305460154
32.302450102 -485.694158675 28.304398093
32.141522075 -485.812911234 28.303336033
31.980496350 -485.931529409 28.302339658
31.819136613 -486.049688155 28.301567845
31.657442864 -486.167387471 28.301020593
31.495415104 -486.284627358 28.300697902
31.333053332 -486.401407816 28.300599774
31.170455248 -486.517863228 28.300660522
31.007857164 -486.634318641 28.300721270
30.845259081 -486.750774054 28.300782018
30.682660997 -486.867229466 28.300842766
30.520062913 -486.983684879 28.300903514
30.357464829 -487.100140291 28.300964262
30.194866745 -487.216595704 28.301025010
30.032268661 -487.333051116 28.301085758
29.869499717 -487.449261011 28.301142700
29.706111777 -487.564581437 28.301185853
29.542104839 -487.679012394 28.301215217
29.377478904 -487.792553881 28.301230791
29.212233972 -487.905205899 28.301232577
29.046540903 -488.017213965 28.301224379
28.880847834 -488.129222031 28.301216182
28.715154765 -488.241230097 28.301207984
28.549461695 -488.353238162 28.301199787
28.383768626 -488.465246228 28.301191589
28.217982413 -488.577114219 28.301183271
28.051858756 -488.688474740 28.301174514
27.885397655 -488.799327793 28.301165320
27.718599109 -488.909673375 28.301155688
27.551463119 -489.019511489 28.301145618
27.384082829 -489.128982208 28.301135230
27.216702538 -489.238452927 28.301124843
27.049322248 -489.347923646 28.301114456
26.881941957 -489.457394365 28.301104069
26.714561667 -489.566865084 28.301093681
26.547181376 -489.676335804 28.301083294
26.379801086 -489.785806523 28.301072907
26.212420795 -489.895277242 28.301062520
26.044810328 -490.004390707 28.301069811
25.876903252 -490.113043809 28.301099882
25.708699567 -490.221236547 28.301152734
25.540199272 -490.328968922 28.301228366
25.371402369 -490.436240934 28.301326778
25.202539033 -490.543409837 28.301430293
25.033675697 -490.650578740 28.301533808
24.864812361 -490.757747643 28.301637323
24.695949025 -490.864916546 28.301740837
24.527085689 -490.972085449 28.301844352
24.357802671 -491.078573855 28.301962711
24.187978845 -491.184185363 28.302100197
24.017614212 -491.288919974 28.302256812
23.846708772 -491.392777688 28.302432554
23.675262523 -491.495758505 28.302627425
23.503695150 -491.598542921 28.302826579
23.332127776 -491.701327337 28.303025734
23.160560402 -491.804111753 28.303224889
22.988993028 -491.906896169 28.303424043
22.817425654 -492.009680586 28.303623198
22.645858280 -492.112465002 28.303822353
22.474290906 -492.215249418 28.304021507
22.302723532 -492.318033834 28.304220662
22.131156158 -492.420818250 28.304419816
21.959588784 -492.523602667 28.304618971
21.787735953 -492.625900627 28.304878281
21.615515280 -492.727571740 28.305215108
21.442926767 -492.828616006 28.305629452
21.269970412 -492.929033425 28.306121312
21.096646217 -493.028823997 28.306690688
20.923239638 -493.128474177 28.307277426
20.749833059 -493.228124357 28.307864163
20.576426480 -493.327774537 28.308450901
20.403019901 -493.427424718 28.309037638
20.229613322 -493.527074898 28.309624376
20.056206743 -493.626725078 28.310211113
19.882800165 -493.726375258 28.310797851
19.709393586 -493.826025438 28.311384588
19.535987007 -493.925675619 28.311971326
19.362580428 -494.025325799 28.312558063
19.189173849 -494.124975979 28.313144801
19.015767270 -494.224626159 28.313731538
18.842250096 -494.324079245 28.314321174
18.668332373 -494.422818507 28.314921304
18.494014102 -494.520843946 28.315531929
18.319295283 -494.618155561 28.316153049
18.144175916 -494.714753353 28.316784663
17.968766597 -494.810834416 28.317423875
17.793357277 -494.906915478 28.318063087
17.617947957 -495.002996541 28.318702299
17.442538638 -495.099077604 28.319341511
17.267129318 -495.195158666 28.319980723
17.091719999 -495.291239729 28.320619935
16.916310679 -495.387320792 28.321259147
16.740901360 -495.483401854 28.321898359
16.565492040 -495.579482917 28.322537571
16.390082720 -495.675563980 28.323176783
16.214673401 -495.771645043 28.323815995
16.039264081 -495.867726105 28.324455206
15.863854762 -495.963807168 28.325094418
15.688316533 -496.059650436 28.325687074
15.512612227 -496.155187348 28.326219751
15.336741844 -496.250417903 28.326692449
15.160705384 -496.345342102 28.327105167
14.984502846 -496.439959943 28.327457906
14.808263140 -496.534509222 28.327797222
14.632023435 -496.629058501 28.328136537
14.455783729 -496.723607781 28.328475853
14.279544024 -496.818157060 28.328815169
14.103304318 -496.912706339 28.329154485
13.927064612 -497.007255618 28.329493800
13.750824907 -497.101804897 28.329833116
13.574585201 -497.196354176 28.330172432
13.398345496 -497.290903455 28.330511747
13.222105790 -497.385452734 28.330851063
13.045866085 -497.480002013 28.331190379
12.869626379 -497.574551292 28.331529695
12.693395805 -497.669117558 28.331873434
12.517198291 -497.763745317 28.332233190
12.341033836 -497.858434570 28.332608963
12.164902441 -497.953185317 28.333000751
11.988804105 -498.047997557 28.333408556
11.812729696 -498.142854306 28.333827953
11.636655288 -498.237711054 28.334247350
11.460580880 -498.332567802 28.334666747
11.284506471 -498.427424551 28.335086144
11.108432063 -498.522281299 28.335505541
10.932357655 -498.617138048 28.335924938
10.756283246 -498.711994796 28.336344335
10.580208838 -498.806851544 28.336763732
10.404134429 -498.901708293 28.337183129
10.228060021 -498.996565041 28.337602526
10.051985613 -499.091421790 28.338021923
9.875911204 -499.186278538 28.338441320
9.699836796 -499.281135287 28.338860717
9.523749137 -499.375967412 28.339280189
9.347644407 -499.470767817 28.339699759
9.171522608 -499.565536503 28.340119426
8.995383738 -499.660273468 28.340539190
8.819227799 -499.754978714 28.340959052
8.643068040 -499.849676862 28.341378935
8.466908281 -499.944375011 28.341798818
8.290748522 -500.039073160 28.342218701
8.114588763 -500.133771308 28.342638585
7.938429004 -500.228469457 28.343058468
7.762269246 -500.323167606 28.343478351
7.586109487 -500.417865754 28.343898235
7.409949728 -500.512563903 28.344318118
7.233789969 -500.607262052 28.344738001
7.057630210 -500.701960200 28.345157884
6.881470451 -500.796658349 28.345577768
6.705310692 -500.891356498 28.345997651
6.529135235 -500.986025338 28.346443641
6.352902962 -501.080588107 28.346984119
6.176613873 -501.175044802 28.347619084
6.000267969 -501.269395426 28.348348536
5.823865249 -501.363639977 28.349172475
5.647421411 -501.457807764 28.350064795
5.470977573 -501.551975551 28.350957114
5.294533735 -501.646143338 28.351849434
5.118089897 -501.740311125 28.352741753
4.941646060 -501.834478912 28.353634073
4.765202222 -501.928646700 28.354526392
4.588758384 -502.022814487 28.355418712
4.412314546 -502.116982274 28.356311031
4.235870709 -502.211150061 28.357203351
4.059426871 -502.305317848 28.358095670
3.882983033 -502.399485635 28.358987990
3.706539195 -502.493653422 28.359880310
3.530095358 -502.587821209 28.360772629
3.353750744 -502.682173415 28.361708971
3.177533918 -502.776763128 28.362702007
3.001444881 -502.871590348 28.363751739
2.825483631 -502.966655075 28.364858165
2.649650168 -503.061957310 28.366021287
2.473845270 -503.157312633 28.367197080
2.298040371 -503.252667956 28.368372874
2.122235472 -503.348023279 28.369548668
1.946430574 -503.443378602 28.370724462
1.770625675 -503.538733925 28.371900256
1.594820777 -503.634089248 28.373076050
1.419015878 -503.729444571 28.374251843
1.243210979 -503.824799894 28.375427637
1.067406081 -503.920155217 28.376603431
0.891601182 -504.015510540 28.377779225
0.715844401 -504.110954234 28.378933738
0.540149568 -504.206511701 28.380060853
0.364516682 -504.302182940 28.381160571
0.188945745 -504.397967952 28.382232892
0.013436756 -504.493866736 28.383277814
-0.162058402 -504.589790922 28.384316620
-0.337553560 -504.685715108 28.385355426
-0.513048719 -504.781639294 28.386394232
-0.688543877 -504.877563480 28.387433038
-0.864039035 -504.973487665 28.388471843
-1.039534193 -505.069411851 28.389510649
-1.215029352 -505.165336037 28.390549455
-1.390524510 -505.261260223 28.391588261
-1.566019668 -505.357184409 28.392627066
-1.741514827 -505.453108594 28.393665872
-1.917009985 -505.549032780 28.394704678
-2.092505143 -505.644956966 28.395743484
-2.268019518 -505.740845843 28.396778458
-2.443603273 -505.836607238 28.397799597
-2.619256409 -505.932241151 28.398806902
-2.794978925 -506.027747582 28.399800372
-2.970770821 -506.123126532 28.400780008
-3.146612882 -506.218413308 28.401749641
-3.322454942 -506.313700085 28.402719274
-3.498297002 -506.408986861 28.403688906
-3.674139063 -506.504273638 28.404658539
-3.849981123 -506.599560414 28.405628172
-4.025823184 -506.694847191 28.406597805
-4.201665244 -506.790133967 28.407567438
-4.377507305 -506.885420743 28.408537071
-4.553349365 -506.980707520 28.409506703
-4.729191426 -507.075994296 28.410476336
-4.905042637 -507.171264150 28.411453329
-5.080926867 -507.266472946 28.412456876
-5.256844116 -507.361620682 28.413486978
-5.432794383 -507.456707360 28.414543634
-5.608777669 -507.551732978 28.415626845
-5.784784823 -507.646714461 28.416729251
-5.960791976 -507.741695943 28.417831657
-6.136799129 -507.836677425 28.418934064
-6.312806283 -507.931658907 28.420036470
-6.488813436 -508.026640390 28.421138876
-6.664820589 -508.121621872 28.422241282
-6.840827743 -508.216603354 28.423343688
-7.016834896 -508.311584836 28.424446095
-7.192842049 -508.406566319 28.425548501
-7.368849203 -508.501547801 28.426650907
-7.544845154 -508.596549989 28.427728888
-7.720800717 -508.691626829 28.428718808
-7.896715894 -508.786778319 28.429620669
-8.072590683 -508.882004459 28.430434471
-8.248425085 -508.977305251 28.431160212
-8.424230302 -509.072659986 28.431822320
-8.600035519 -509.168014722 28.432484427
-8.775840736 -509.263369458 28.433146535
-8.951645953 -509.358724194 28.433808642
-9.127451170 -509.454078929 28.434470750
-9.303256388 -509.549433665 28.435132857
-9.479061605 -509.644788401 28.435794965
-9.654866822 -509.740143137 28.436457072
-9.830672039 -509.835497872 28.437119180
-10.006477256 -509.930852608 28.437781287
-10.182292981 -510.026187924 28.438438688
-10.358146578 -510.121453250 28.439079127
-10.534038048 -510.216648584 28.439702602
-10.709967390 -510.311773927 28.440309116
-10.885934604 -510.406829280 28.440898666
-11.061929182 -510.501834061 28.441475961
-11.237923760 -510.596838842 28.442053255
-11.413918338 -510.691843624 28.442630549
-11.589912916 -510.786848405 28.443207844
-11.765907494 -510.881853186 28.443785138
-11.941902073 -510.976857967 28.444362432
-12.117896651 -511.071862749 28.444939727
-12.293891229 -511.166867530 28.445517021
-12.469885807 -511.261872311 28.446094315
-12.645880385 -511.356877092 28.446671610
-12.821849520 -511.451928737 28.447220065
-12.997726974 -511.547149248 28.447664604
-13.173512746 -511.642538625 28.448005227
-13.349206838 -511.738096868 28.448241933
-13.524809249 -511.833823976 28.448374723
-13.700345421 -511.929673087 28.448432435
-13.875881594 -512.025522197 28.448490147
-14.051417767 -512.121371308 28.448547860
-14.226953940 -512.217220419 28.448605572
-14.402490113 -512.313069529 28.448663285
-14.578026286 -512.408918640 28.448720997
-14.753562459 -512.504767751 28.448778710
-14.929098632 -512.600616861 28.448836422
-15.104634805 -512.696465972 28.448894134
-15.280170977 -512.792315082 28.448951847
-15.455724332 -512.888132605 28.449001774
-15.631339598 -512.983836307 28.449023649
-15.807016775 -513.079426187 28.449017471
-15.982755864 -513.174902247 28.448983240
-16.158556864 -513.270264485 28.448920956
-16.334402594 -513.365544490 28.448838405
-16.510248324 -513.460824494 28.448755855
-16.686094054 -513.556104499 28.448673304
-16.861939784 -513.651384504 28.448590753
-17.037785513 -513.746664509 28.448508202
-17.213631243 -513.841944514 28.448425651
-17.389476973 -513.937224518 28.448343100
-17.565322703 -514.032504523 28.448260549
-17.741214635 -514.127698939 28.448209600
-17.917165989 -514.222783277 28.448199296
-18.093176766 -514.317757536 28.448229636
-18.269246965 -514.412621716 28.448300621
-18.445376586 -514.507375818 28.448412250
-18.621519428 -514.602105430 28.448532922
-18.797662270 -514.696835042 28.448653594
-18.973805111 -514.791564653 28.448774266
-19.149947953 -514.886294265 28.448894938
-19.326090795 -514.981023877 28.449015610
-19.502233636 -515.075753489 28.449136281
-19.678376478 -515.170483100 28.449256953
-19.854519319 -515.265212712 28.449377625
-20.030662161 -515.359942324 28.449498297
-20.206805003 -515.454671936 28.449618969
-20.382969861 -515.549360536 28.449681419
-20.559163035 -515.643996389 28.449668989
-20.735384526 -515.738579495 28.449581679
-20.911634334 -515.833109855 28.449419489
-21.087912457 -515.927587468 28.449182418
-21.264196880 -516.022053346 28.448928688
-21.440481303 -516.116519225 28.448674958
-21.616765726 -516.210985103 28.448421229
-21.793050150 -516.305450981 28.448167499
-21.969334573 -516.399916859 28.447913769
-22.145760048 -516.494116426 28.447649223
-22.322366934 -516.587973485 28.447370765
-22.499155230 -516.681488036 28.447078395
-22.676124935 -516.774660079 28.446772114
-22.853276051 -516.867489613 28.446451921
-23.030467524 -516.960242952 28.446128634
-23.207658998 -517.052996290 28.445805346
-23.384850471 -517.145749628 28.445482059
-23.562041945 -517.238502966 28.445158771
-23.739233418 -517.331256304 28.444835483
-23.916232534 -517.424371296 28.444502802
-24.092984260 -517.517951410 28.444158040
-24.269488595 -517.611996646 28.443801196
-24.445745540 -517.706507004 28.443432272
-24.621755094 -517.801482485 28.443051266
-24.797709615 -517.896561433 28.442667573
-24.973664137 -517.991640381 28.442283879
-25.149618658 -518.086719329 28.441900186
-25.325573180 -518.181798278 28.441516493
-25.501527701 -518.276877226 28.441132800
-25.677482222 -518.371956174 28.440749106
-25.853436744 -518.467035122 28.440365413
-26.029376634 -518.562141057 28.439985854
-26.205263814 -518.657344219 28.439621189
-26.381098283 -518.752644606 28.439271417
-26.556880040 -518.848042218 28.438936539
-26.732609087 -518.943537057 28.438616555
-26.908300054 -519.039102135 28.438307331
-27.083991022 -519.134667213 28.437998107
-27.259681989 -519.230232291 28.437688883
-27.435372956 -519.325797368 28.437379659
-27.611063923 -519.421362446 28.437070435
-27.786754890 -519.516927524 28.436761211
-27.962445857 -519.612492602 28.436451986
-28.138136824 -519.708057680 28.436142762
-28.313989966 -519.803320652 28.435875901
-28.490051671 -519.898195108 28.435663520
-28.666321938 -519.992681046 28.435505619
-28.842800769 -520.086778467 28.435402198
-29.019488162 -520.180487370 28.435353257
-29.196221942 -520.274109861 28.435316433
-29.372955723 -520.367732352 28.435279610
-29.549689503 -520.461354843 28.435242786
-29.726423284 -520.554977333 28.435205962
-29.903157064 -520.648599824 28.435169139
-30.079890845 -520.742222315 28.435132315
-30.256624626 -520.835844806 28.435095491
-30.433351359 -520.929480578 28.435055592
-30.610052706 -521.023164196 28.435004611
-30.786728666 -521.116895658 28.434942550
-30.963379238 -521.210674966 28.434869407
-31.140004424 -521.304502119 28.434785183
-31.316611270 -521.398363836 28.434692955
-31.493218116 -521.492225553 28.434600726
-31.669824962 -521.586087270 28.434508498
-31.846431808 -521.679948987 28.434416269
-32.023038654 -521.773810705 28.434324041
-32.199645500 -521.867672422 28.434231812
-32.376252346 -521.961534139 28.434139584
-32.552859192 -522.055395856 28.434047355
-32.729490913 -522.149210673 28.433952779
-32.906154623 -522.242965176 28.433855183
-33.082850323 -522.336659364 28.433754569
-33.259578012 -522.430293238 28.433650935
-33.436337691 -522.523866797 28.433544283
-33.613104485 -522.617426941 28.433436958
-33.789871279 -522.710987086 28.433329634
-33.966638073 -522.804547230 28.433222310
-34.143404867 -522.898107374 28.433114985
-34.320171660 -522.991667518 28.433007661
-34.496938454 -523.085227663 28.432900337
-34.673705248 -523.178787807 28.432793013
-34.850382461 -523.272513780 28.432684111
-35.026736961 -523.366837149 28.432569526
-35.202768748 -523.461757912 28.432449257
-35.378477823 -523.557276070 28.432323306
-35.553864185 -523.653391622 28.432191671
-35.729017415 -523.749938740 28.432055931
-35.904170645 -523.846485858 28.431920191
-36.079323875 -523.943032976 28.431784450
-36.254477105 -524.039580094 28.431648710
-36.429630335 -524.136127212 28.431512969
-36.604783565 -524.232674330 28.431377229
-36.779936795 -524.329221448 28.431241489
-36.955090026 -524.425768566 28.431105748
-37.130392779 -524.522041168 28.430943725
-37.305887823 -524.617960737 28.430747901
-37.481575159 -524.713527272 28.430518275
-37.657454784 -524.808740774 28.430254849
-37.833526701 -524.903601243 28.429957622
-38.009641385 -524.998383193 28.429652878
-38.185756068 -525.093165144 28.429348133
-38.361870752 -525.187947095 28.429043389
-38.537985436 -525.282729045 28.428738644
-38.714100120 -525.377510996 28.428433900
-38.890214804 -525.472292946 28.428129155
-39.066329488 -525.567074897 28.427824411
-39.242444171 -525.661856847 28.427519666
-39.418558855 -525.756638798 28.427214922
-39.594673539 -525.851420748 28.426910177
-39.770858883 -525.946070645 28.426565263
-39.947135094 -526.040550720 28.426168689
-40.123502175 -526.134860974 28.425720457
-40.299960123 -526.229001408 28.425220567
-40.476508939 -526.322972020 28.424669018
-40.653077964 -526.416904865 28.424105980
-40.829646989 -526.510837711 28.423542942
-41.006216014 -526.604770556 28.422979904
-41.182785039 -526.698703401 28.422416867
-41.359354064 -526.792636247 28.421853829
-41.535814047 -526.886772243 28.421359436
-41.712133810 -526.981169477 28.420953317
-41.888313352 -527.075827948 28.420635470
-42.064352674 -527.170747656 28.420405897
-42.240251777 -527.265928602 28.420264597
-42.416119700 -527.361167635 28.420142924
-42.591987624 -527.456406668 28.420021251
-42.767855548 -527.551645701 28.419899578
-42.943723472 -527.646884734 28.419777905
-43.119591395 -527.742123767 28.419656233
-43.295459319 -527.837362800 28.419534560
-43.471327243 -527.932601833 28.419412887
-43.647195167 -528.027840866 28.419291214
-43.823063090 -528.123079899 28.419169542
-43.998931014 -528.218318932 28.419047869
-44.174798938 -528.313557965 28.418926196
-44.350666862 -528.408796998 28.418804523
-44.526591870 -528.503929233 28.418709541
-44.702722474 -528.598676820 28.418710685
-44.879058676 -528.693039760 28.418807958
-45.055600475 -528.787018053 28.419001358
-45.232347871 -528.880611697 28.419290886
-45.409243779 -528.973927492 28.419649852
-45.586139688 -529.067243287 28.420008818
-45.763035596 -529.160559082 28.420367784
-45.939931505 -529.253874877 28.420726750
-46.116827413 -529.347190672 28.421085715
-46.293723321 -529.440506466 28.421444681
-46.470619230 -529.533822261 28.421803647
-46.647515138 -529.627138056 28.422162613
-46.824399091 -529.720476493 28.422484616
-47.001267670 -529.813844044 28.422759091
-47.178120874 -529.907240711 28.422986036
-47.354958705 -530.000666492 28.423165451
-47.531781162 -530.094121389 28.423297337
-47.708600200 -530.187582758 28.423418656
-47.885419239 -530.281044128 28.423539975
-48.062238277 -530.374505497 28.423661294
-48.239057316 -530.467966867 28.423782613
-48.415876355 -530.561428236 28.423903933
-48.592695393 -530.654889605 28.424025252
-48.769514432 -530.748350975 28.424146571
-48.946293529 -530.841887216 28.424261478
-49.122928782 -530.935693096 28.424353293
-49.299420192 -531.029768615 28.424422017
-49.475767757 -531.124113773 28.424467649
-49.651971479 -531.218728570 28.424490189
-49.828071299 -531.313538134 28.424496049
-50.004171119 -531.408347699 28.424501910
-50.180270938 -531.503157263 28.424507770
-50.356370758 -531.597966828 28.424513630
-50.532470577 -531.692776392 28.424519491
-50.708570397 -531.787585957 28.424525351
-50.884670217 -531.882395521 28.424531212
-51.060770036 -531.977205086 28.424537072
-51.236874419 -532.072006172 28.424590784
-51.412984669 -532.166796355 28.424706026
-51.589100787 -532.261575636 28.424882800
-51.765222773 -532.356344014 28.425121104
-51.941350626 -532.451101490 28.425420940
-52.117479784 -532.545856542 28.425734456
-52.293608941 -532.640611593 28.426047972
-52.469738099 -532.735366645 28.426361488
-52.645867257 -532.830121697 28.426675004
-52.821996414 -532.924876749 28.426988519
-52.998097249 -533.019684326 28.427319891
-53.174161664 -533.114559443 28.427674221
-53.350189660 -533.209502101 28.428051512
-53.526181236 -533.304512300 28.428451761
-53.702136393 -533.399590040 28.428874971
-53.878083453 -533.494682794 28.429303285
-54.054030514 -533.589775549 28.429731598
-54.229977574 -533.684868303 28.430159912
-54.405924634 -533.779961058 28.430588226
-54.581871695 -533.875053813 28.431016540
-54.757818755 -533.970146567 28.431444853
-54.933765815 -534.065239322 28.431873167
-55.109764829 -534.160234797 28.432295454
-55.285950919 -534.254879985 28.432696041
-55.462324086 -534.349174885 28.433074927
-55.638884329 -534.443119499 28.433432112
-55.815631648 -534.536713825 28.433767597
-55.992514090 -534.630055144 28.434087408
-56.169396531 -534.723396463 28.434407219
-56.346278973 -534.816737782 28.434727030
-56.523161415 -534.910079101 28.435046841
-56.700043856 -535.003420420 28.435366651
-56.876926298 -535.096761739 28.435686462
-57.053808739 -535.190103058 28.436006273
-57.230691181 -535.283444377 28.436326084
-57.407530871 -535.376866424 28.436594151
-57.584315591 -535.470392269 28.436795686
-57.761045342 -535.564021913 28.436930690
-57.937720122 -535.657755355 28.436999162
-58.114339933 -535.751592596 28.437001102
-58.290947525 -535.845452909 28.436988254
-58.467555118 -535.939313221 28.436975406
-58.644162710 -536.033173534 28.436962558
-58.820770303 -536.127033846 28.436949710
-58.997377895 -536.220894159 28.436936862
-59.173985488 -536.314754471 28.436924014
-59.350593080 -536.408614784 28.436911167
-59.527239543 -536.502401290 28.436894102
-59.704025963 -536.595922052 28.436861855
-59.880952340 -536.689177067 28.436814425
-60.058018673 -536.782166337 28.436751812
-60.235224963 -536.874889861 28.436674017
-60.412532340 -536.967421445 28.436585255
-60.589839717 -537.059953030 28.436496494
-60.767147094 -537.152484614 28.436407732
-60.944266092 -537.245371547 28.436326790
-61.121142874 -537.338715385 28.436255902
-61.297777440 -537.432516129 28.436195069
-61.474169789 -537.526773777 28.436144289
-61.650319922 -537.621488330 28.436103564
-61.826416218 -537.716304439 28.436065073
-62.002512514 -537.811120548 28.436026582
-62.178608810 -537.905936657 28.435988091
-62.354705106 -538.000752766 28.435949600
-62.530801402 -538.095568875 28.435911109
-62.706897698 -538.190384984 28.435872619
-62.882993994 -538.285201094 28.435834128
-63.059090290 -538.380017203 28.435795637
-63.235186586 -538.474833312 28.435757146
-63.411282882 -538.569649421 28.435718655
-63.587449799 -538.664333611 28.435689562
-63.763707518 -538.758848182 28.435672552
-63.940056042 -538.853193134 28.435667625
-64.116495368 -538.947368466 28.435674781
-64.293025498 -539.041374178 28.435694021
-64.469575811 -539.135342189 28.435715946
-64.646126124 -539.229310200 28.435737871
-64.822676436 -539.323278211 28.435759797
-64.999226749 -539.417246222 28.435781722
-65.175777062 -539.511214233 28.435803647
-65.352327374 -539.605182244 28.435825572
-65.528877687 -539.699150255 28.435847498
-65.705428000 -539.793118266 28.435869423
-65.881978312 -539.887086277 28.435891348
-66.058528625 -539.981054288 28.435913273
-66.235080548 -540.075019274 28.435948001
-66.411634540 -540.168980370 28.435999189
-66.588190602 -540.262937577 28.436066838
-66.764748735 -540.356890894 28.436150948
-66.941308937 -540.450840322 28.436251519
-67.117869599 -540.544788885 28.436355748
-67.294430261 -540.638737449 28.436459978
-67.470990924 -540.732686012 28.436564207
-67.647551586 -540.826634575 28.436668437
-67.824112248 -540.920583139 28.436772666
-68.000672910 -541.014531702 28.436876896
-68.177233573 -541.108480265 28.436981125
-68.353825098 -541.202370409 28.437084436
-68.530527746 -541.296050208 28.437184435
-68.707341519 -541.389519662 28.437281124
-68.884266416 -541.482778772 28.437374503
-69.061302436 -541.575827536 28.437464571
-69.238418718 -541.668724376 28.437552248
-69.415534999 -541.761621216 28.437639926
-69.592651280 -541.854518056 28.437727603
-69.769767562 -541.947414895 28.437815280
-69.946883843 -542.040311735 28.437902957
-70.123985550 -542.133236269 28.437959138
-70.301034777 -542.226260517 28.437901917
-70.478031525 -542.319384480 28.437731293
-70.654975794 -542.412608157 28.437447266
-70.831867584 -542.505931548 28.437049837
-71.008721471 -542.599326960 28.436570500
-71.185575357 -542.692722371 28.436091164
-71.362429243 -542.786117783 28.435611827
-71.539283129 -542.879513195 28.435132491
-71.716137015 -542.972908606 28.434653154
-71.893024738 -543.066239433 28.434162920
-72.070034279 -543.159337739 28.433633450
-72.247165639 -543.252203525 28.433064744
-72.424418817 -543.344836791 28.432456803
-72.601793813 -543.437237537 28.431809626
-72.779256791 -543.529470348 28.431134112
-72.956719769 -543.621703159 28.430458598
-73.134182747 -543.713935971 28.429783084
-73.311925075 -543.805618000 28.429230744
-73.490026555 -543.896591905 28.428836767
-73.668487187 -543.986857687 28.428601151
-73.847306970 -544.076415345 28.428523897
-74.026485906 -544.165264879 28.428605005
-74.205744643 -544.253957073 28.428721300
-74.385003380 -544.342649266 28.428837595
-74.564469271 -544.430903668 28.428991020
-74.744533761 -544.517893011 28.429251735
-74.925196849 -544.603617296 28.429619741
-75.106564932 -544.687838667 28.430106429
-75.288657365 -544.770513855 28.430713869
-75.471341811 -544.851908503 28.431384349
-75.654368185 -544.932524631 28.432008818
-75.837736486 -545.012362238 28.432587277
-76.021340319 -545.091659177 28.433108335
-76.205160329 -545.170458721 28.433569919
-76.389152571 -545.248860063 28.433983535
-76.573234017 -545.327050623 28.434370916
-76.757404666 -545.405030401 28.434732063
-76.941664519 -545.482799398 28.435066977
-77.126013575 -545.560357613 28.435375656
-77.310420960 -545.637777999 28.435667182
-77.494828345 -545.715198385 28.435958707
-77.679235731 -545.792618772 28.436250232
-77.863893748 -545.869425407 28.436551932
-78.048847979 -545.945506664 28.436865657
-78.234098426 -546.020862544 28.437191407
-78.419645087 -546.095493045 28.437529182
-78.605487964 -546.169398170 28.437878982
-78.791605542 -546.242598314 28.438248566
-78.977993905 -546.315097196 28.438639347
-79.164653054 -546.386894814 28.439051324
-79.351582989 -546.457991168 28.439484496
-79.538783709 -546.528386260 28.439938865
-79.726284458 -546.597961039 28.440363504
-79.914090550 -546.666693867 28.440749153
-80.102201984 -546.734584744 28.441095810
-80.290618761 -546.801633671 28.441403478
-80.479340880 -546.867840647 28.441672154
-80.668214002 -546.933616353 28.441905229
-80.857210062 -546.999035473 28.442103320
-81.046329058 -547.064098006 28.442266425
-81.235570990 -547.128803952 28.442394545
-81.424935860 -547.193153312 28.442487681
-81.614505182 -547.256885166 28.442572312
-81.804293778 -547.319952069 28.442653254
-81.994301649 -547.382354021 28.442730506
-82.184528795 -547.444091023 28.442804069
-82.374975215 -547.505163074 28.442873943
-82.565455374 -547.566132814 28.442943249
-82.755935532 -547.627102554 28.443012555
-82.946498024 -547.687805858 28.443084808
-83.137298378 -547.747739423 28.443165574
-83.328336595 -547.806903251 28.443254854
-83.519708970 -547.864968133 28.443350324
-83.711433014 -547.921874206 28.443451562
-83.903426394 -547.977887908 28.443555620
-84.095533581 -548.033512539 28.443656931
-84.287754574 -548.088748100 28.443755497
-84.479993078 -548.143923798 28.443853640
-84.672231581 -548.199099496 28.443951784
-84.864497827 -548.254177179 28.444048960
-85.056844221 -548.308971695 28.444143343
-85.249270762 -548.363483043 28.444234932
-85.441777450 -548.417711225 28.444323728
-85.634364286 -548.471656239 28.444409731
-85.827003527 -548.525416101 28.444493907
-86.019642768 -548.579175963 28.444578083
-86.212282009 -548.632935825 28.444662260
-86.405163811 -548.685776884 28.444739880
-86.598332279 -548.737532066 28.444809754
-86.791787415 -548.788201372 28.444871880
-86.985529217 -548.837784802 28.444926259
-87.179557686 -548.886282356 28.444972891
-87.373630261 -548.934612838 28.445018330
-87.567702837 -548.982943320 28.445063770
-87.761775412 -549.031273801 28.445109209
-87.955847988 -549.079604283 28.445154649
-88.149920563 -549.127934765 28.445200089
-88.344167694 -549.175529342 28.445240492
-88.538621122 -549.222254201 28.445274942
-88.733280847 -549.268109341 28.445303440
-88.928146868 -549.313094762 28.445325986
-89.123219185 -549.357210465 28.445342579
-89.318323243 -549.401192353 28.445358257
-89.513427301 -549.445174242 28.445373934
-89.708606210 -549.488802656 28.445376486
-89.904001360 -549.531409883 28.445341115
-90.099612754 -549.572995924 28.445267824
-90.295475892 -549.613379007 28.445149585
-90.491597232 -549.652526081 28.444985120
-90.687906252 -549.690768022 28.444786677
-90.884269741 -549.728729853 28.444577387
-91.080687698 -549.766411576 28.444357250
-91.277202544 -549.803571872 28.444127463
-91.473821992 -549.840166866 28.443888243
-91.670541711 -549.876219154 28.443640470
-91.867353522 -549.911771426 28.443385807
-92.064257424 -549.946823680 28.443124254
-92.261255026 -549.981332295 28.442855940
-92.458346620 -550.015289341 28.442580886
-92.655558091 -550.048529978 28.442297177
-92.852938337 -550.080742838 28.442001190
-93.050487358 -550.111927922 28.441692925
-93.248125623 -550.142551939 28.441378086
-93.445838670 -550.172699748 28.441057707
-93.643679863 -550.201916425 28.440729909
-93.841749989 -550.229342697 28.440391143
-94.040049049 -550.254978562 28.440041408
-94.238577043 -550.278824020 28.439680705
-94.437333971 -550.300879073 28.439309032
-94.636272719 -550.321415120 28.438930137
-94.835304292 -550.340944822 28.438551095
-95.034428690 -550.359468178 28.438171907
-95.233691326 -550.376334860 28.437792710
-95.433100455 -550.391426643 28.437413531
-95.632623943 -550.405091891 28.437034418
-95.832201099 -550.417988585 28.436655470
-96.031831923 -550.430116724 28.436276684
-96.231513076 -550.441228269 28.435898247
-96.431243952 -550.451278139 28.435520194
-96.631029783 -550.460067739 28.435143003
-96.830880451 -550.467221995 28.434767584
-97.030795955 -550.472740908 28.434393935
-97.230737066 -550.477351950 28.434022411
-97.430696653 -550.481187363 28.433653077
-97.630670705 -550.484316519 28.433285998
-97.830651646 -550.486870445 28.432921302
-98.030639477 -550.488849142 28.432558989
-98.230631352 -550.490423508 28.432198380
-98.430626756 -550.491624607 28.431839352
-98.630624117 -550.492396907 28.431482155
-98.830620473 -550.492635548 28.431127256
-99.030615822 -550.492340530 28.430774656
-99.230610165 -550.491511854 28.430424354
-99.430603502 -550.490149519 28.430076352
-99.630593577 -550.488263219 28.429733236
-99.830576128 -550.485871273 28.429399890
-100.030551155 -550.482973680 28.429076316
-100.230518659 -550.479570440 28.428762513
-100.430478640 -550.475661553 28.428458480
-100.630427403 -550.471205186 28.428165831
-100.830357973 -550.466122346 28.427887609
-101.030270349 -550.460413034 28.427623814
-101.230164531 -550.454077250 28.427374446
-101.430040520 -550.447114994 28.427139505
-101.629889009 -550.439421601 28.426932656
-101.829692425 -550.430799431 28.426779700
-102.029450768 -550.421248484 28.426680637
-102.229164039 -550.410768759 28.426635468
-102.428832237 -550.399360258 28.426644193
-102.628470967 -550.387344540 28.426688152
-102.828109697 -550.375328821 28.426732111
-103.027748427 -550.363313103 28.426776071
-103.227322892 -550.350419951 28.426876391
-103.426821414 -550.336489911 28.427043314
-103.626243993 -550.321522984 28.427276841
-103.825590629 -550.305519170 28.427576971
-104.024861322 -550.288478468 28.427943705
-104.223929324 -550.269571899 28.428254612
-104.422771605 -550.248648835 28.428487445
-104.621388164 -550.225709276 28.428642205
-104.819779002 -550.200753223 28.428718890
-105.017944119 -550.173780675 28.428717501
-105.216074526 -550.146498045 28.428704106
-105.414204933 -550.119215415 28.428690712
-105.612335339 -550.091932785 28.428677317
-105.810465746 -550.064650155 28.428663922
-106.008596153 -550.037367525 28.428650528
-106.206641793 -550.009506332 28.428606407
-106.404587263 -549.980961443 28.428525976
-106.602432564 -549.951732857 28.428409235
-106.800177694 -549.921820575 28.428256184
-106.997822654 -549.891224596 28.428066824
-107.195452211 -549.860523484 28.427871880
-107.393081767 -549.829822371 28.427676936
-107.590711324 -549.799121259 28.427481991
-107.788340881 -549.768420146 28.427287047
-107.985970437 -549.737719034 28.427092103
-108.183599994 -549.707017921 28.426897159
-108.381229551 -549.676316809 28.426702215
-108.578821414 -549.645385816 28.426507305
-108.776304408 -549.613790875 28.426312495
-108.973678534 -549.581531988 28.426117784
-109.170943792 -549.548609154 28.425923172
-109.368100181 -549.515022373 28.425728659
-109.565185396 -549.481001525 28.425534211
-109.762270611 -549.446980677 28.425339764
-109.959355826 -549.412959829 28.425145316
-110.156441041 -549.378938981 28.424950868
-110.353526256 -549.344918133 28.424756420
-110.550553822 -549.310584759 28.424565612
-110.747414889 -549.275348752 28.424385314
-110.944109458 -549.239210111 28.424215527
-111.140637527 -549.202168838 28.424056251
-111.336999096 -549.164224930 28.423907486
-111.533162823 -549.125272039 28.423768767
-111.729069522 -549.085109356 28.423639220
-111.924719194 -549.043736881 28.423518844
-112.120111839 -549.001154616 28.423407640
-112.315247457 -548.957362559 28.423305606
-112.510215041 -548.912779588 28.423209569
-112.705182624 -548.868196617 28.423113531
-112.900150208 -548.823613646 28.423017494
-113.094904683 -548.778152798 28.422927101
-113.289407328 -548.731654564 28.422843377
-113.483658142 -548.684118944 28.422766323
-113.677657127 -548.635545938 28.422695939
-113.871404281 -548.585935546 28.422632224
-114.064790773 -548.534999496 28.422587606
-114.257796826 -548.482685410 28.422564342
-114.450422442 -548.428993288 28.422562433
-114.642667620 -548.373923129 28.422581878
-114.834532360 -548.317474935 28.422622677
-115.026338604 -548.260814854 28.422666760
-115.218144847 -548.204154773 28.422710842
-115.409951091 -548.147494692 28.422754925
-115.601757335 -548.090834611 28.422799008
-115.793563579 -548.034174530 28.422843091
-115.985199594 -547.976955962 28.422897026
-116.176634450 -547.919077431 28.422962603
-116.367868147 -547.860538938 28.423039823
-116.558900685 -547.801340482 28.423128685
-116.749732063 -547.741482064 28.423229190
-116.940532512 -547.681522170 28.423331485
-117.131332960 -547.621562276 28.423433780
-117.322133408 -547.561602382 28.423536075
-117.512933857 -547.501642488 28.423638370
-117.703734305 -547.441682594 28.423740665
-117.894299333 -547.381001888 28.423882493
-118.084586164 -547.319469404 28.424071035
-118.274594800 -547.257085139 28.424306293
-118.464325239 -547.193849095 28.424588265
-118.653777483 -547.129761272 28.424916953
-118.843186951 -547.065542481 28.425252824
-119.032596420 -547.001323690 28.425588694
-119.222005889 -546.937104898 28.425924565
-119.411415358 -546.872886107 28.426260436
-119.600824826 -546.808667316 28.426596306
-119.790234295 -546.744448524 28.426932177
-119.979643764 -546.680229733 28.427268048
-120.168835352 -546.615413748 28.427641176
-120.357397697 -546.548873065 28.428121905
-120.545330801 -546.480607683 28.428710236
-120.732634662 -546.410617602 28.429406167
-120.919309282 -546.338902822 28.430209700
-121.105466927 -546.265798391 28.431074573
-121.291319601 -546.191936985 28.431913454
-121.476867305 -546.117318605 28.432726342
-121.662110039 -546.041943250 28.433513236
-121.847047801 -545.965810920 28.434274137
-122.031717902 -545.889021991 28.435010009
-122.216190785 -545.811765981 28.435722675
-122.400466449 -545.734042890 28.436412133
-122.584544895 -545.655852717 28.437078384
-122.768426123 -545.577195462 28.437721429
-122.952078984 -545.498007025 28.438336554
-123.135444708 -545.418166473 28.438914868
-123.318523296 -545.337673806 28.439456371
-123.501314747 -545.256529023 28.439961064
-123.683819063 -545.174732126 28.440428946
-123.866135697 -545.092508983 28.440872767
-124.048452330 -545.010285841 28.441316588
-124.230768964 -544.928062699 28.441760409
-124.412734842 -544.845086599 28.442159946
-124.594286304 -544.761220882 28.442507162
-124.775279338 -544.676174823 28.442793568
-124.955442202 -544.589399835 28.443003144
-125.134774895 -544.500895920 28.443135890
-125.313628175 -544.411416034 28.443236089
-125.492065700 -544.321096838 28.443311780
-125.670231482 -544.230229055 28.443371452
-125.848397265 -544.139361272 28.443431124
-126.026563048 -544.048493490 28.443490796
-126.204370226 -543.956941963 28.443532093
-126.381753716 -543.864582598 28.443551681
-126.558713517 -543.771415394 28.443549560
-126.735249629 -543.677440352 28.443525729
-126.911362054 -543.582657470 28.443480190
-127.087191060 -543.487351925 28.443438638
-127.262762107 -543.391575472 28.443405737
-127.438075194 -543.295328113 28.443381488
-127.613130322 -543.198609848 28.443365890
-127.787927491 -543.101420676 28.443358944
-127.962685033 -543.004159166 28.443353327
-128.137442576 -542.906897656 28.443347710
-128.312119104 -542.809492597 28.443345563
-128.486561747 -542.711673119 28.443353434
-128.660770506 -542.613439222 28.443371324
-128.834745380 -542.514790906 28.443399233
-129.008486369 -542.415728171 28.443437160
-129.181923679 -542.316137479 28.443481417
-129.354925612 -542.215804588 28.443525044
-129.527492168 -542.114729500 28.443568040
-129.699623348 -542.012912213 28.443610405
-129.871319150 -541.910352727 28.443652140
-130.042730384 -541.807308131 28.443693463
-130.214141618 -541.704263535 28.443734787
-130.385552853 -541.601218939 28.443776110
-130.556634320 -541.497637176 28.443816676
-130.727326172 -541.393420753 28.443856350
-130.897628406 -541.288569672 28.443895129
-131.067541024 -541.183083931 28.443933016
-131.237064025 -541.076963532 28.443970008
-131.405903358 -540.969786773 28.444019219
-131.574005656 -540.861477119 28.444083028
-131.741370919 -540.752034571 28.444161434
-131.907999146 -540.641459128 28.444254439
-132.073890338 -540.529750791 28.444362041
-132.239668311 -540.417868426 28.444471885
-132.405446284 -540.305986061 28.444581730
-132.571224257 -540.194103696 28.444691575
-132.737002230 -540.082221331 28.444801419
-132.902780204 -539.970338965 28.444911264
-133.068005874 -539.857662928 28.445032143
-133.232579005 -539.744049173 28.445166060
-133.396499595 -539.629497702 28.445313013
-133.559767646 -539.514008514 28.445473005
-133.722383156 -539.397581608 28.445646033
-133.884898428 -539.281010659 28.445821065
-134.047413700 -539.164439709 28.445996096
-134.209721478 -539.047587063 28.446159596
-134.371430237 -538.929921186 28.446289808
-134.532539978 -538.811442076 28.446386732
-134.693050701 -538.692149735 28.446450366
-134.852962406 -538.572044162 28.446480713
-135.012482587 -538.451407054 28.446489302
-135.172002767 -538.330769946 28.446497890
-135.331522948 -538.210132837 28.446506479
-135.490592356 -538.088912956 28.446487770
-135.649129182 -537.967004536 28.446436808
-135.807133425 -537.844407578 28.446353595
-135.964605086 -537.721122081 28.446238129
-136.121544164 -537.597148045 28.446090411
-136.278401434 -537.473068244 28.445937739
-136.435258703 -537.348988443 28.445785066
-136.591769700 -537.224488155 28.445656301
-136.747281045 -537.098773967 28.445596551
-136.901792740 -536.971845880 28.445605817
-137.055304784 -536.843703894 28.445684099
-137.207817176 -536.714348008 28.445831397
-137.359676190 -536.584198710 28.446023804
-137.511535204 -536.454049411 28.446216211
-137.663394218 -536.323900113 28.446408618
-137.814771014 -536.193200315 28.446648699
-137.965578082 -536.061850115 28.446945107
-138.115815420 -535.929849511 28.447297840
-138.265483029 -535.797198505 28.447706900
-138.414580909 -535.663897096 28.448172286
-138.563591276 -535.530495782 28.448646323
-138.712601644 -535.397094469 28.449120361
-138.861462408 -535.263528721 28.449604003
-139.009891313 -535.129488300 28.450115370
-139.157888359 -534.994973208 28.450654461
-139.305453546 -534.859983443 28.451221277
-139.452586875 -534.724519005 28.451815818
-139.599437948 -534.588744331 28.452428479
-139.746289022 -534.452969656 28.453041141
-139.893140095 -534.317194982 28.453653802
-140.039991169 -534.181420308 28.454266463
-140.186842242 -534.045645633 28.454879125
-140.333570202 -533.909739525 28.455497439
-140.479942822 -533.773454063 28.456132072
-140.625960100 -533.636789246 28.456783023
-140.771622037 -533.499745074 28.457450291
-140.916928632 -533.362321547 28.458133877
-141.061740321 -533.224380713 28.458821932
-141.205793903 -533.085662420 28.459492103
-141.349089379 -532.946166669 28.460144391
-141.491626748 -532.805893460 28.460778797
-141.633406012 -532.664842792 28.461395319
-141.774689850 -532.523284051 28.462000155
-141.915973688 -532.381725309 28.462604991
-142.057257526 -532.240166568 28.463209826
-142.198541363 -532.098607827 28.463814662
-142.339825201 -531.957049086 28.464419498
-142.480711915 -531.815109424 28.465013480
-142.620452660 -531.672070549 28.465576142
-142.759047437 -531.527932464 28.466107483
-142.896496246 -531.382695167 28.466607503
-143.032799087 -531.236358658 28.467076203
-143.168101456 -531.089077530 28.467516011
-143.302677737 -530.941143312 28.467931503
-143.436527929 -530.792556005 28.468322680
-143.569652033 -530.643315610 28.468689542
-143.702050049 -530.493422126 28.469032089
-143.833973604 -530.343101883 28.469358748
-143.965897160 -530.192781640 28.469685406
-144.097820715 -530.042461396 28.470012065
-144.229372391 -529.891819534 28.470326089
-144.360484784 -529.740797760 28.470625188
-144.491157895 -529.589396075 28.470909363
-144.621391724 -529.437614477 28.471178613
-144.751186271 -529.285452969 28.471432939
-144.880913416 -529.133233168 28.471684975
-145.010640561 -528.981013366 28.471937010
-145.140019593 -528.828506538 28.472184607
-145.268394170 -528.675171512 28.472419394
-145.395764292 -528.521008290 28.472641373
-145.522129959 -528.366016870 28.472850542
-145.647491172 -528.210197254 28.473046903
-145.772196042 -528.053836469 28.473234893
-145.896900913 -527.897475683 28.473422884
-146.021605784 -527.741114898 28.473610875
-146.146310654 -527.584754112 28.473798865
-146.271015525 -527.428393327 28.473986856
-146.395240915 -527.271666907 28.474170070
-146.518082814 -527.113885489 28.474339502
-146.639541223 -526.955049073 28.474495153
-146.759616141 -526.795157660 28.474637021
-146.878307569 -526.634211248 28.474765108
-146.995942704 -526.472466068 28.474885010
-147.113138439 -526.310405217 28.475007282
-147.229894774 -526.148028692 28.475131922
-147.346211709 -525.985336496 28.475258932
-147.462089245 -525.822328627 28.475388311
-147.577679665 -525.659114489 28.475519238
-147.693270086 -525.495900352 28.475650165
-147.808860507 -525.332686214 28.475781092
-147.924186616 -525.169286773 28.475914388
-148.039200513 -525.005668446 28.476050484
-148.153902197 -524.841831233 28.476189378
-148.268291669 -524.677775134 28.476331072
-148.382368929 -524.513500150 28.476475564
-148.496048315 -524.348951936 28.476607761
-148.609314303 -524.184120646 28.476724926
-148.722166893 -524.019006279 28.476827059
-148.834606085 -523.853608836 28.476914161
-148.946631880 -523.687928316 28.476986230
-149.058594250 -523.522204365 28.477055994
-149.170556619 -523.356480415 28.477125758
-149.281746596 -523.190270870 28.477179087
-149.390707946 -523.022660215 28.477184997
-149.497440669 -522.853648448 28.477143488
-149.601944764 -522.683235571 28.477054559
-149.704220233 -522.511421582 28.476918211
-149.805039467 -522.338692077 28.476750878
-149.905858700 -522.165962571 28.476583545
-150.006677934 -521.993233066 28.476416213
-150.107340375 -521.820412604 28.476257694
-150.207817607 -521.647484704 28.476109587
-150.308109632 -521.474449364 28.475971892
-150.408216449 -521.301306585 28.475844609
-150.508138058 -521.128056367 28.475727737
-150.608031252 -520.954789666 28.475612463
-150.707924446 -520.781522965 28.475497189
-150.807817640 -520.608256264 28.475381915
-150.907710835 -520.434989563 28.475266641
-151.007604029 -520.261722862 28.475151367
-151.105857557 -520.087570049 28.475096069
-151.202174277 -519.912370545 28.475111618
-151.296554190 -519.736124349 28.475198012
-151.388997296 -519.558831460 28.475355253
-151.479503594 -519.380491879 28.475583339
-151.569712752 -519.201991717 28.475822294
-151.659921909 -519.023491555 28.476061250
-151.750131067 -518.844991393 28.476300205
-151.840340225 -518.666491230 28.476539160
-151.930549382 -518.487991068 28.476778116
-152.020758540 -518.309490906 28.477017071
-152.110967697 -518.130990744 28.477256026
-152.200535120 -517.952186641 28.477517535
-152.288250981 -517.772505595 28.477844115
-152.374115280 -517.591947605 28.478235767
-152.458128018 -517.410512672 28.478692490
-152.540289194 -517.228200795 28.479214285
-152.621240543 -517.045315915 28.479778598
-152.702191891 -516.862431036 28.480342912
-152.783143240 -516.679546156 28.480907225
-152.863320623 -516.496330135 28.481388277
-152.942583824 -516.312722979 28.481770983
-153.020932843 -516.128724690 28.482055343
-153.098367680 -515.944335266 28.482241357
-153.174888335 -515.759554709 28.482329025
-153.251268774 -515.574714160 28.482401609
-153.327649212 -515.389873610 28.482474193
-153.404029650 -515.205033061 28.482546777
-153.480410089 -515.020192512 28.482619362
-153.556790527 -514.835351963 28.482691946
-153.633170966 -514.650511414 28.482764530
-153.709551404 -514.465670865 28.482837114
-153.785543191 -514.280676532 28.482855197
-153.860413723 -514.095238537 28.482716044
-153.934162999 -513.909356880 28.482419655
-154.006791021 -513.723031560 28.481966030
-154.078297787 -513.536262577 28.481355169
-154.149071949 -513.349203715 28.480641574
-154.219846111 -513.162144852 28.479927979
-154.290620273 -512.975085990 28.479214384
-154.360770141 -512.787797906 28.478422790
-154.430182655 -512.600239088 28.477539073
-154.498857816 -512.412409537 28.476563232
-154.566795624 -512.224309253 28.475495267
-154.633996078 -512.035938235 28.474335178
-154.701083473 -511.847525705 28.473160964
-154.768170869 -511.659113175 28.471986750
-154.835258264 -511.470700645 28.470812536
-154.902345660 -511.282288116 28.469638322
-154.969433055 -511.093875586 28.468464108
-155.036070760 -510.905306489 28.467236771
-155.102177445 -510.716552509 28.465946702
-155.167753109 -510.527613645 28.464593902
-155.232797753 -510.338489897 28.463178371
-155.297311376 -510.149181266 28.461700108
-155.361217396 -509.959670017 28.460566718
-155.424502064 -509.769952976 28.459851851
-155.487165379 -509.580030142 28.459555506
-155.549207343 -509.389901516 28.459677683
-155.610627954 -509.199567098 28.460218382
-155.671953487 -509.009201189 28.460823124
-155.733279019 -508.818835281 28.461427866
-155.794604551 -508.628469373 28.462032608
-155.855930083 -508.438103464 28.462637350
-155.917255615 -508.247737556 28.463242091
-155.978085975 -508.057216305 28.464192433
-156.038331735 -507.866511659 28.465550791
-156.097992893 -507.675623615 28.467317165
-156.157069451 -507.484552175 28.469491555
-156.215561407 -507.293297338 28.472073962
-156.273963935 -507.102014446 28.474718784
-156.332366463 -506.910731554 28.477363606
-156.390482194 -506.719364456 28.479880992
-156.447773044 -506.527755164 28.482031846
-156.504239012 -506.335903679 28.483816169
-156.559880098 -506.143810001 28.485233961
-156.614696302 -505.951474129 28.486285221
-156.668974421 -505.758980269 28.487097386
-156.723252540 -505.566486410 28.487909551
-156.777530659 -505.373992551 28.488721717
-156.831808777 -505.181498692 28.489533882
-156.886086896 -504.989004833 28.490346047
-156.940365015 -504.796510973 28.491158212
-156.994643133 -504.604017114 28.491970377
-157.048921252 -504.411523255 28.492782542
-157.102670813 -504.218884956 28.493237884
-157.155796917 -504.026076284 28.493272337
-157.208299564 -503.833097239 28.492885901
-157.260178753 -503.639947821 28.492078575
-157.311434485 -503.446628029 28.490850360
-157.362595317 -503.253282305 28.489558080
-157.413756149 -503.059936580 28.488265800
-157.464916981 -502.866590855 28.486973519
-157.516077813 -502.673245131 28.485681239
-157.567238645 -502.479899406 28.484388959
-157.617438407 -502.286314332 28.483155456
-157.666504822 -502.092447004 28.481991268
-157.714437891 -501.898297422 28.480896395
-157.761237614 -501.703865586 28.479870836
-157.806903990 -501.509151496 28.478914591
-157.852398090 -501.314394501 28.477968882
-157.897892190 -501.119637507 28.477023174
-157.943386291 -500.924880513 28.476077465
-157.988880391 -500.730123518 28.475131756
-158.034374491 -500.535366524 28.474186048
-158.079868591 -500.340609530 28.473240339
-158.125362691 -500.145852535 28.472294631
-158.170430093 -499.951002896 28.471409281
-158.214271817 -499.755887140 28.470697310
-158.256887866 -499.560505266 28.470158718
-158.298278238 -499.364857273 28.469793505
-158.338442933 -499.168943164 28.469601671
-158.377808650 -498.972855580 28.469522856
-158.417174368 -498.776767997 28.469444042
-158.456540085 -498.580680414 28.469365227
-158.495905802 -498.384592831 28.469286413
-158.535271520 -498.188505247 28.469207599
-158.574637237 -497.992417664 28.469128784
-158.614002954 -497.796330081 28.469049970
-158.653368671 -497.600242498 28.468971155
-158.692734389 -497.404154914 28.468892341
-158.732100106 -497.208067331 28.468813527
-158.771465823 -497.011979748 28.468734712
-158.808178319 -496.815480078 28.468615363
-158.841410658 -496.618439886 28.468442845
-158.871162840 -496.420859171 28.468217158
-158.897434867 -496.222737935 28.467938303
-158.920226737 -496.024076175 28.467606279
-158.942191673 -495.825285980 28.467261621
-158.964156608 -495.626495786 28.466916964
-158.986121544 -495.427705591 28.466572306
-159.008086480 -495.228915396 28.466227648
-159.030051416 -495.030125201 28.465882991
-159.050828042 -494.831227190 28.465396942
-159.070046026 -494.632187764 28.464725436
-159.087705368 -494.433006922 28.463868475
-159.103806069 -494.233684665 28.462826058
-159.118348127 -494.034220992 28.461598185
-159.132519854 -493.834723718 28.460326248
-159.146691580 -493.635226444 28.459054311
-159.160863307 -493.435729171 28.457782374
-159.175035033 -493.236231897 28.456510437
-159.189206759 -493.036734624 28.455238500
-159.201479882 -492.837161807 28.453750602
-159.211263369 -492.637489930 28.451979517
-159.218557219 -492.437718993 28.449925243
-159.223361434 -492.237848996 28.447587780
-159.225676012 -492.037879939 28.444967130
-159.227399558 -491.837887366 28.442279251
-159.229123105 -491.637894792 28.439591372
-159.230846651 -491.437902219 28.436903493
-159.232570197 -491.237909646 28.434215615
-159.234293743 -491.037917072 28.431527736
-159.236017290 -490.837924499 28.428839857
-159.237740836 -490.637931926 28.426151979
-159.238906145 -490.437949317 28.423611103
-159.237954770 -490.238004491 28.421627625
-159.234886711 -490.038097447 28.420201545
-159.229701968 -489.838228186 28.419332861
-159.222400540 -489.638396708 28.419021576
-159.213540664 -489.438593048 28.419120684
-159.204680788 -489.238789388 28.419219792
-159.195820913 -489.038985728 28.419318901
-159.186961037 -488.839182067 28.419418009
-159.178101161 -488.639378407 28.419517118
-159.169241286 -488.439574747 28.419616226
-159.160381410 -488.239771087 28.419715334
-159.151521534 -488.039967427 28.419814443
-159.141573839 -487.840231466 28.419923867
-159.130201800 -487.640584147 28.420046797
-159.117405417 -487.441025470 28.420183235
-159.103184689 -487.241555436 28.420333179
-159.087539617 -487.042174044 28.420496631
-159.071558020 -486.842813595 28.420663273
-159.055576422 -486.643453146 28.420829916
-159.039594825 -486.444092698 28.420996558
-159.023613227 -486.244732249 28.421163201
-159.007631630 -486.045371800 28.421329843
-158.991314840 -485.846054301 28.421423487
-158.971234451 -485.647219052 28.420697496
-158.947390466 -485.448866051 28.419151868
-158.919782882 -485.250995299 28.416786605
-158.888411701 -485.053606796 28.413601706
-158.853556554 -484.856667860 28.409723933
-158.818084257 -484.659842970 28.406443349
-158.781994809 -484.463132126 28.403759954
-158.745288210 -484.266535328 28.401673748
-158.707964460 -484.070052576 28.400184731
-158.670079120 -483.873673603 28.399239140
-158.632193780 -483.677294630 28.398293549
-158.594308439 -483.480915657 28.397347958
-158.556423099 -483.284536684 28.396402367
-158.518537759 -483.088157712 28.395456775
-158.480524349 -482.891805866 28.394544179
-158.441090148 -482.695754970 28.393997618
-158.400235155 -482.500005025 28.393817095
-158.357959371 -482.304556029 28.394002608
-158.314262794 -482.109407983 28.394554157
-158.269273496 -481.914533759 28.395438749
-158.224284197 -481.719659536 28.396323340
-158.179294898 -481.524785312 28.397207932
-158.134305600 -481.329911089 28.398092524
-158.089316301 -481.135036865 28.398977115
-158.044327002 -480.940162642 28.399861707
-157.999337704 -480.745288418 28.400746299
-157.954348405 -480.550414195 28.401630890
-157.908520148 -480.355749911 28.402456561
-157.861270559 -480.161441300 28.403182412
-157.812599637 -479.967488363 28.403808441
-157.762507383 -479.773891098 28.404334649
-157.710993796 -479.580649506 28.404761037
-157.658897834 -479.387553647 28.405146524
-157.606801873 -479.194457788 28.405532010
-157.554644389 -479.001379112 28.405930149
-157.501805406 -478.808490783 28.406468428
-157.448284925 -478.615792799 28.407146848
-157.394082944 -478.423285161 28.407965409
-157.339199465 -478.230967870 28.408924112
-157.283696010 -478.038823740 28.410010304
-157.228192555 -477.846679611 28.411096496
-157.172689100 -477.654535481 28.412182688
-157.117185644 -477.462391352 28.413268880
-157.061682189 -477.270247222 28.414355072
-157.006074807 -477.078134813 28.415441760
-156.949318078 -476.886373196 28.416533935
-156.891412004 -476.694962372 28.417631598
-156.832356583 -476.503902342 28.418734747
-156.772151816 -476.313193104 28.419843384
-156.710901631 -476.122802939 28.420957012
-156.649651446 -475.932412774 28.422070639
-156.588401261 -475.742022610 28.423184267
-156.527151076 -475.551632445 28.424297894
-156.465900891 -475.361242280 28.425411522
-156.404650705 -475.170852116 28.426525150
-156.343400520 -474.980461951 28.427638777
-156.280519441 -474.790642855 28.428828565
-156.215708497 -474.601499514 28.430108474
-156.148967688 -474.413031928 28.431478505
-156.080297015 -474.225240097 28.432938657
-156.009696478 -474.038124021 28.434488931
-155.938796970 -473.851112631 28.436053166
-155.867897463 -473.664101242 28.437617401
-155.796678662 -473.477215460 28.439099023
-155.724535207 -473.290693430 28.440341404
-155.651467100 -473.104535151 28.441344543
-155.577474339 -472.918740624 28.442108441
-155.502556925 -472.733309849 28.442633097
-155.427034151 -472.548117218 28.443001125
-155.351511378 -472.362924587 28.443369152
-155.275988604 -472.177731955 28.443737180
-155.200224469 -471.992638841 28.444211411
-155.124174810 -471.807663453 28.444811276
-155.047839627 -471.622805792 28.445536778
-154.971218918 -471.438065857 28.446387914
-154.894312685 -471.253443649 28.447364686
-154.817362289 -471.068839650 28.448360891
-154.740411892 -470.884235651 28.449357096
-154.663277670 -470.699709842 28.450400222
-154.585611263 -470.515410399 28.451579189
-154.507412673 -470.331337321 28.452893996
-154.428681898 -470.147490608 28.454344644
-154.349418939 -469.963870261 28.455931132
-154.269807621 -469.780398088 28.457606540
-154.190196304 -469.596925916 28.459281947
-154.110584986 -469.413453743 28.460957354
-154.030147610 -469.230353230 28.462386503
-153.948733437 -469.047692197 28.463524456
-153.866342466 -468.865470643 28.464371214
-153.782974698 -468.683688569 28.464926776
-153.698630133 -468.502345975 28.465191143
-153.614134829 -468.321071202 28.465410572
-153.529639524 -468.139796428 28.465630002
-153.445144220 -467.958521654 28.465849431
-153.360648916 -467.777246881 28.466068861
-153.276153612 -467.595972107 28.466288291
-153.191658308 -467.414697333 28.466507720
-153.107163004 -467.233422560 28.466727150
-153.022245493 -467.052353381 28.467015985
-152.936106633 -466.871878946 28.467505596
-152.848746423 -466.691999253 28.468195983
-152.760164864 -466.512714303 28.469087145
-152.670361954 -466.334024096 28.470179083
-152.579759901 -466.155723037 28.471402391
-152.489157847 -465.977421977 28.472625699
-152.398555794 -465.799120917 28.473849007
-152.307953741 -465.620819857 28.475072315
-152.217351687 -465.442518797 28.476295623
-152.126476188 -465.264360544 28.477458554
-152.034810097 -465.086615177 28.478446920
-151.942353415 -464.909282696 28.479260722
-151.849106142 -464.732363101 28.479899960
-151.755068276 -464.555856391 28.480364633
-151.660513266 -464.379619761 28.480715120
-151.565958255 -464.203383130 28.481065607
-151.471403244 -464.027146500 28.481416094
-151.376848233 -463.850909869 28.481766580
-151.282293223 -463.674673239 28.482117067
-151.187738212 -463.498436608 28.482467554
-151.093183201 -463.322199977 28.482818041
-150.998628191 -463.145963347 28.483168528
-150.903989176 -462.969771939 28.483490443
-150.809250854 -462.793633992 28.483778581
-150.714413225 -462.617549506 28.484032943
-150.619476288 -462.441518482 28.484253528
-150.524440044 -462.265540919 28.484440336
-150.429388495 -462.089571594 28.484621939
-150.334336947 -461.913602270 28.484803542
-150.239285399 -461.737632945 28.484985145
-150.144233851 -461.561663621 28.485166748
-150.049182302 -461.385694296 28.485348351
-149.954130754 -461.209724972 28.485529954
-149.859079206 -461.033755647 28.485711557
-149.763948108 -460.857829629 28.485882404
-149.668587032 -460.682028810 28.486022156
-149.572995977 -460.506353191 28.486130812
-149.477174944 -460.330802770 28.486208373
-149.381123932 -460.155377549 28.486254838
-149.284922492 -459.980034220 28.486280964
-149.188721051 -459.804690892 28.486307089
-149.092519610 -459.629347564 28.486333215
-148.996318170 -459.454004235 28.486359340
-148.900116729 -459.278660907 28.486385466
-148.803915288 -459.103317578 28.486411592
-148.707713848 -458.927974250 28.486437717
-148.611512407 -458.752630921 28.486463843
-148.515290804 -458.577298664 28.486425670
-148.419045364 -458.401979495 28.486311485
-148.322776088 -458.226673414 28.486121287
-148.226482977 -458.051380421 28.485855077
-148.130166029 -457.876100516 28.485512855
-148.033845408 -457.700822628 28.485158920
-147.937524788 -457.525544740 28.484804984
-147.841204167 -457.350266852 28.484451049
-147.744883546 -457.174988964 28.484097113
-147.648562925 -456.999711076 28.483743178
-147.552242305 -456.824433188 28.483389242
-147.455921684 -456.649155300 28.483035307
-147.359601063 -456.473877412 28.482681371
-147.263280442 -456.298599524 28.482327436
-147.166959822 -456.123321636 28.481973500
-147.070468324 -455.948138294 28.481715179
-146.973774826 -455.773066716 28.481569886
-146.876879328 -455.598106905 28.481537622
-146.779781829 -455.423258859 28.481618388
-146.682482330 -455.248522578 28.481812182
-146.585151708 -455.073803518 28.482023392
-146.487821085 -454.899084458 28.482234601
-146.390490463 -454.724365398 28.482445811
-146.293159840 -454.549646338 28.482657020
-146.195829218 -454.374927278 28.482868230
-146.098465526 -454.200226664 28.483133880
-146.001062743 -454.025547855 28.483463886
-145.903620869 -453.850890852 28.483858249
-145.806139902 -453.676255654 28.484316968
-145.708619844 -453.501642262 28.484840044
-145.611093763 -453.327032229 28.485373034
-145.513567682 -453.152422197 28.485906025
-145.416041601 -452.977812164 28.486439016
-145.318515520 -452.803202131 28.486972007
-145.220989439 -452.628592099 28.487504998
-145.123463358 -452.453982066 28.488037989
-145.025937277 -452.279372033 28.488570979
-144.928540716 -452.104690564 28.489114809
-144.831518520 -451.929802616 28.489689968
-144.734870688 -451.754708189 28.490296457
-144.638597220 -451.579407282 28.490934274
-144.542698117 -451.403899896 28.491603421
-144.447043858 -451.228257467 28.492293058
-144.351389600 -451.052615039 28.492982695
-144.255735341 -450.876972610 28.493672332
-144.160081082 -450.701330181 28.494361969
-144.064426824 -450.525687752 28.495051606
-143.968772565 -450.350045323 28.495741243
-143.873118306 -450.174402895 28.496430880
-143.777464048 -449.998760466 28.497120517
-143.681653016 -449.823203953 28.497841864
-143.585656684 -449.647748989 28.498600691
-143.489475052 -449.472395575 28.499396998
-143.393108119 -449.297143710 28.500230785
-143.296555886 -449.121993394 28.501102052
-143.199975126 -448.946858713 28.501979089
-143.103394365 -448.771724031 28.502856126
-143.006813604 -448.596589350 28.503733163
-142.910232844 -448.421454668 28.504610201
-142.813652083 -448.246319986 28.505487238
-142.716649288 -448.071421992 28.506336622
-142.619147719 -447.896803723 28.507153325
-142.521147376 -447.722465179 28.507937347
-142.422648259 -447.548406359 28.508688688
-142.323650368 -447.374627265 28.509407347
-142.224575737 -447.200891208 28.510120978
-142.125501106 -447.027155151 28.510834610
-142.026426475 -446.853419094 28.511548241
-141.927351844 -446.679683037 28.512261872
-141.828277213 -446.505946979 28.512975503
-141.729202582 -446.332210922 28.513689135
-141.630127952 -446.158474865 28.514402766
-141.531053321 -445.984738808 28.515116397
-141.431978690 -445.811002751 28.515830029
-141.332904059 -445.637266694 28.516543660
-141.233829428 -445.463530637 28.517257291
-141.134754797 -445.289794580 28.517970922
-141.035878047 -445.115947817 28.518668749
-140.937572784 -444.941781327 28.519320932
-140.839839009 -444.767295112 28.519927471
-140.742695742 -444.592478743 28.520486854
-140.646149898 -444.417328429 28.520998530
-140.550003597 -444.241954875 28.521478304
-140.453883232 -444.066567101 28.521956017
-140.357788802 -443.891165107 28.522431666
-140.261701288 -443.715759321 28.522906766
-140.165613774 -443.540353535 28.523381866
-140.069526260 -443.364947750 28.523856966
-139.973438746 -443.189541964 28.524332066
-139.877351233 -443.014136178 28.524807166
-139.781112603 -442.838813752 28.525316642
-139.684667920 -442.663604992 28.525872992
-139.588017184 -442.488509898 28.526476217
-139.491160395 -442.313528469 28.527126315
-139.394097553 -442.138660705 28.527823287
-139.296979773 -441.963823247 28.528532757
-139.199861993 -441.788985788 28.529242227
-139.102744214 -441.614148330 28.529951696
-139.005626434 -441.439310872 28.530661166
-138.908508654 -441.264473413 28.531370636
-138.811390874 -441.089635955 28.532080105
-138.714273095 -440.914798496 28.532789575
-138.617155315 -440.739961038 28.533499045
-138.520037535 -440.565123580 28.534208515
-138.422919755 -440.390286121 28.534917984
-138.325801975 -440.215448663 28.535627454
-138.228684196 -440.040611205 28.536336924
-138.131576090 -439.865768380 28.537044346
-138.034509414 -439.690902574 28.537743002
-137.937484169 -439.516013787 28.538432890
-137.840500355 -439.341102018 28.539114010
-137.743557971 -439.166167267 28.539786364
-137.646647344 -438.991214901 28.540451997
-137.549736718 -438.816262535 28.541117630
-137.452826091 -438.641310169 28.541783263
-137.355915464 -438.466357803 28.542448897
-137.259004837 -438.291405437 28.543114530
-137.162094210 -438.116453070 28.543780163
-137.065183584 -437.941500704 28.544445796
-136.968272957 -437.766548338 28.545111430
-136.871133187 -437.591724244 28.545716991
-136.773681047 -437.417075010 28.546240662
-136.675916537 -437.242600638 28.546682442
-136.577839656 -437.068301127 28.547042331
-136.479450405 -436.894176477 28.547320330
-136.380977927 -436.720098417 28.547576510
-136.282505448 -436.546020357 28.547832690
-136.184032970 -436.371942297 28.548088870
-136.085560491 -436.197864237 28.548345050
-135.987088013 -436.023786177 28.548601230
-135.888615534 -435.849708117 28.548857410
-135.790143056 -435.675630057 28.549113590
-135.691712833 -435.501528238 28.549330705
-135.593463520 -435.327324701 28.549380566
-135.495395118 -435.153019445 28.549263173
-135.397507627 -434.978612469 28.548978527
-135.299801046 -434.804103775 28.548526627
-135.202233121 -434.629517121 28.547946540
-135.104665195 -434.454930466 28.547366452
-135.007097269 -434.280343812 28.546786365
-134.909529344 -434.105757158 28.546206277
-134.811961418 -433.931170503 28.545626190
-134.714393492 -433.756583849 28.545046102
-134.616825567 -433.581997195 28.544466015
-134.519257641 -433.407410540 28.543885927
-134.421662232 -433.232839265 28.543394024
-134.324029359 -433.058288952 28.543022323
-134.226359024 -432.883759601 28.542770825
-134.128651225 -432.709251213 28.542639530
-134.030905964 -432.534763788 28.542628438
-133.933150723 -432.360281947 28.542649365
-133.835395483 -432.185800106 28.542670292
-133.737640242 -432.011318264 28.542691219
-133.639885001 -431.836836423 28.542712146
-133.542129761 -431.662354582 28.542733073
-133.444374520 -431.487872741 28.542754000
-133.346619279 -431.313390899 28.542774927
-133.248864039 -431.138909058 28.542795854
-133.151108798 -430.964427217 28.542816781
-133.053353557 -430.789945376 28.542837708
-132.955598317 -430.615463534 28.542858635
-132.857843076 -430.440981693 28.542879562
-132.760087835 -430.266499852 28.542900489
-132.662332595 -430.092018011 28.542921416
-132.564577354 -429.917536169 28.542942343
-132.467054200 -429.742925675 28.542981164
-132.369847403 -429.568139812 28.543044377
-132.272956962 -429.393178583 28.543131982
-132.176382877 -429.218041986 28.543243979
-132.080125149 -429.042730021 28.543380368
-131.983951691 -428.867371344 28.543523254
-131.887778232 -428.692012666 28.543666140
-131.809712713 -428.549671249 28.543782123
-131.766152968 -428.470246225 28.543846840
-131.689797551 -428.331022938 28.543960282
