-133.619934082 -431.479370117 28.876447678
-133.588851929 -431.435150146 28.870563507
-133.552185059 -431.382934570 28.870586395
-133.520019531 -431.337097168 28.871065140
-133.485992432 -431.288574219 28.871452332
-133.446563721 -431.232452393 28.871780396
-133.404174805 -431.172119141 28.872076035
-133.369903564 -431.123291016 28.872310638
-133.338592529 -431.078643799 28.872535706
-133.301864624 -431.026245117 28.872795105
-133.265625000 -430.974426270 28.873044968
-133.226135254 -430.917816162 28.873294830
-133.186676025 -430.861175537 28.873519897
-133.139831543 -430.793762207 28.873746872
-133.095718384 -430.730102539 28.873947144
-133.051834106 -430.666656494 28.874132156
-133.004379272 -430.597839355 28.874328613
-132.954788208 -430.525817871 28.874538422
-132.911010742 -430.462036133 28.874725342
-132.855377197 -430.380889893 28.874984741
-132.807586670 -430.310974121 28.875204086
-132.753479004 -430.231750488 28.875467300
-132.698181152 -430.150512695 28.875745773
-132.641342163 -430.066772461 28.876028061
-132.589248657 -429.989898682 28.876277924
-132.560974121 -429.948089600 28.876413345
-132.527008057 -429.897735596 28.876571655
-132.475219727 -429.820892334 28.876806259
-132.415328979 -429.731750488 28.877061844
-132.384490967 -429.685729980 28.877189636
-132.355987549 -429.643127441 28.877311707
-132.294967651 -429.551788330 28.877574921
-132.264709473 -429.506408691 28.877708435
-132.234100342 -429.460388184 28.877843857
-132.203155518 -429.413818359 28.877985001
-132.171157837 -429.365600586 28.878135681
-132.143524170 -429.323852539 28.878265381
-132.110382080 -429.273773193 28.878425598
-132.079833984 -429.227539062 28.878570557
-132.041320801 -429.169128418 28.878738403
-132.009979248 -429.121551514 28.878871918
-131.956207275 -429.039703369 28.879093170
-131.916656494 -428.979370117 28.879241943
-131.883605957 -428.928833008 28.879354477
-131.849121094 -428.876007080 28.879453659
-131.815948486 -428.825073242 28.879535675
-131.783142090 -428.774688721 28.879604340
-131.753921509 -428.729675293 28.879657745
-131.718475342 -428.674987793 28.879711151
-131.685501099 -428.624023438 28.879756927
-131.644744873 -428.560943604 28.879804611
-131.610595703 -428.507934570 28.879844666
-131.552581787 -428.417724609 28.879894257
-131.511215210 -428.353210449 28.879901886
-131.478042603 -428.301330566 28.879890442
-131.448410034 -428.254943848 28.879871368
-131.418380737 -428.207855225 28.879844666
-131.377227783 -428.143188477 28.879800797
-131.341430664 -428.086761475 28.879756927
-131.306488037 -428.031616211 28.879711151
-131.272857666 -427.978424072 28.879665375
-131.236389160 -427.920654297 28.879621506
-131.204742432 -427.870361328 28.879596710
-131.169418335 -427.814147949 28.879589081
-131.134353638 -427.758270264 28.879600525
-131.090164185 -427.687713623 28.879640579
-131.054656982 -427.630889893 28.879688263
-131.024642944 -427.582794189 28.879741669
-130.991668701 -427.529815674 28.879806519
-130.945755005 -427.455993652 28.879909515
-130.907363892 -427.394134521 28.880002975
-130.870010376 -427.333892822 28.880096436
-130.835540771 -427.278137207 28.880184174
-130.796417236 -427.214782715 28.880285263
-130.763427734 -427.161285400 28.880365372
-130.728637695 -427.104736328 28.880443573
-130.691101074 -427.043670654 28.880529404
-130.647796631 -426.973052979 28.880619049
-130.611724854 -426.914184570 28.880683899
-130.580062866 -426.862335205 28.880743027
-130.547363281 -426.808746338 28.880798340
-130.502960205 -426.735870361 28.880867004
-130.464019775 -426.671844482 28.880924225
-130.424835205 -426.607299805 28.880985260
-130.389694214 -426.549255371 28.881046295
-130.350494385 -426.484466553 28.881126404
-130.316329956 -426.427795410 28.881196976
-130.278396606 -426.364868164 28.881286621
-130.239456177 -426.300170898 28.881381989
-130.193969727 -426.224395752 28.881504059
-130.158889771 -426.165832520 28.881603241
-130.126754761 -426.112121582 28.881719589
-130.091094971 -426.052429199 28.881891251
-130.043548584 -425.972656250 28.882156372
-130.007720947 -425.912506104 28.882362366
-129.969833374 -425.848754883 28.882560730
-129.933242798 -425.787109375 28.882736206
-129.892120361 -425.717681885 28.882904053
-129.858978271 -425.661682129 28.883018494
-129.821716309 -425.598602295 28.883123398
-129.740753174 -425.461242676 28.883289337
-129.705566406 -425.401428223 28.883342743
-129.672332764 -425.344848633 28.883386612
-129.638458252 -425.287109375 28.883430481
-129.593765259 -425.210876465 28.883483887
-129.556121826 -425.146545410 28.883533478
-129.518020630 -425.081359863 28.883584976
-129.482070923 -425.019744873 28.883636475
-129.441986084 -424.951019287 28.883686066
-129.409622192 -424.895385742 28.883720398
-129.373870850 -424.833892822 28.883747101
-129.332382202 -424.762329102 28.883773804
-129.288940430 -424.687377930 28.883792877
-129.253097534 -424.625427246 28.883800507
-129.221511841 -424.570770264 28.883806229
-129.189178467 -424.514831543 28.883804321
-129.146331787 -424.440490723 28.883804321
-129.109939575 -424.377349854 28.883796692
-129.071105957 -424.309814453 28.883792877
-129.038284302 -424.252716064 28.883787155
-128.993682861 -424.174987793 28.883777618
-128.956665039 -424.110382080 28.883769989
-128.918884277 -424.044433594 28.883766174
-128.878677368 -423.974121094 28.883764267
-128.834808350 -423.897369385 28.883771896
-128.797271729 -423.831542969 28.883789062
-128.759460449 -423.765167236 28.883813858
-128.726913452 -423.708007812 28.883840561
-128.682830811 -423.630493164 28.883884430
-128.645034790 -423.563964844 28.883928299
-128.607086182 -423.497100830 28.883975983
-128.572067261 -423.435302734 28.884019852
-128.531967163 -423.364440918 28.884071350
-128.498321533 -423.304992676 28.884119034
-128.461364746 -423.239654541 28.884170532
-128.423736572 -423.173004150 28.884239197
-128.378601074 -423.093017578 28.884340286
-128.342636108 -423.029235840 28.884433746
-128.286727905 -422.929931641 28.884590149
-128.241577148 -422.849609375 28.884729385
-128.204086304 -422.782897949 28.884849548
-128.166473389 -422.715911865 28.884973526
-128.129943848 -422.650756836 28.885101318
-128.092697144 -422.584289551 28.885238647
-128.060028076 -422.525939941 28.885370255
-128.022689819 -422.459197998 28.885536194
-127.987701416 -422.396636963 28.885702133
-127.948799133 -422.326995850 28.885896683
-127.915435791 -422.267272949 28.886074066
-127.881103516 -422.205688477 28.886260986
-127.844909668 -422.140808105 28.886461258
-127.800979614 -422.061920166 28.886707306
-127.765518188 -421.998229980 28.886907578
-127.733642578 -421.940887451 28.887086868
-127.701118469 -421.882385254 28.887264252
-127.656486511 -421.802062988 28.887508392
-127.617675781 -421.732177734 28.887718201
-127.578727722 -421.661926270 28.887918472
-127.543426514 -421.598205566 28.888097763
-127.504592896 -421.528137207 28.888294220
-127.471832275 -421.468994141 28.888454437
-127.435340881 -421.403015137 28.888629913
-127.399452209 -421.338134766 28.888801575
-127.354141235 -421.256134033 28.889017105
-127.319458008 -421.193359375 28.889179230
-127.287834167 -421.136047363 28.889328003
-127.255851746 -421.078125000 28.889476776
-127.213272095 -421.000885010 28.889671326
-127.176528931 -420.934265137 28.889842987
-127.144630432 -420.876342773 28.889989853
-127.113952637 -420.820678711 28.890132904
-127.068084717 -420.737365723 28.890346527
-127.031486511 -420.670867920 28.890518188
-126.995117188 -420.604736328 28.890678406
-126.963226318 -420.546691895 28.890806198
-126.919830322 -420.467712402 28.890974045
-126.884216309 -420.402862549 28.891098022
-126.846496582 -420.334106445 28.891225815
-126.809524536 -420.266723633 28.891342163
-126.766555786 -420.188323975 28.891477585
-126.728546143 -420.118988037 28.891597748
-126.696807861 -420.061004639 28.891704559
-126.666618347 -420.005859375 28.891815186
-126.622360229 -419.924987793 28.891988754
-126.585075378 -419.856811523 28.892141342
-126.549278259 -419.791381836 28.892295837
-126.518325806 -419.734741211 28.892435074
-126.472190857 -419.650329590 28.892646790
-126.435287476 -419.582794189 28.892820358
-126.397789001 -419.514099121 28.892993927
-126.360382080 -419.445587158 28.893173218
-126.317367554 -419.366790771 28.893373489
-126.279998779 -419.298339844 28.893547058
-126.248146057 -419.239929199 28.893693924
-126.215431213 -419.179962158 28.893842697
-126.169372559 -419.095520020 28.894050598
-126.131248474 -419.025573730 28.894220352
-126.095497131 -418.960021973 28.894378662
-126.064689636 -418.903472900 28.894517899
-126.019454956 -418.820465088 28.894714355
-125.983627319 -418.754699707 28.894859314
-125.945693970 -418.685028076 28.895008087
-125.908317566 -418.616394043 28.895145416
-125.868576050 -418.543395996 28.895286560
-125.834381104 -418.480590820 28.895404816
-125.796348572 -418.410644531 28.895532608
-125.761550903 -418.346710205 28.895645142
-125.716567993 -418.264038086 28.895792007
-125.679565430 -418.195983887 28.895912170
-125.648651123 -418.139160156 28.896013260
-125.616882324 -418.080718994 28.896120071
-125.570419312 -417.995300293 28.896274567
-125.533271790 -417.926971436 28.896396637
-125.495925903 -417.858245850 28.896514893
-125.463607788 -417.798828125 28.896617889
-125.420104980 -417.718750000 28.896753311
-125.383453369 -417.651275635 28.896865845
-125.345565796 -417.581542969 28.896980286
-125.308181763 -417.512756348 28.897092819
-125.262283325 -417.428253174 28.897222519
-125.225028992 -417.359710693 28.897319794
-125.195388794 -417.305084229 28.897396088
-125.162788391 -417.245117188 28.897478104
-125.116500854 -417.159881592 28.897586823
-125.080718994 -417.093994141 28.897665024
-125.048385620 -417.034454346 28.897735596
-125.013610840 -416.970367432 28.897806168
-124.967147827 -416.884826660 28.897895813
-124.928642273 -416.813903809 28.897968292
-124.890899658 -416.744384766 28.898035049
-124.854507446 -416.677368164 28.898101807
-124.814140320 -416.603027344 28.898166656
-124.781829834 -416.543487549 28.898223877
-124.745262146 -416.476135254 28.898290634
-124.705673218 -416.403198242 28.898365021
-124.657623291 -416.314697266 28.898452759
-124.620223999 -416.245819092 28.898525238
-124.588172913 -416.186767578 28.898593903
-124.555191040 -416.126037598 28.898668289
-124.512275696 -416.046997070 28.898769379
-124.474510193 -415.977478027 28.898876190
-124.435684204 -415.905944824 28.899116516
-124.404159546 -415.847930908 28.899377823
-124.357368469 -415.761779785 28.899826050
-124.320449829 -415.693786621 28.900190353
-124.284980774 -415.628540039 28.900531769
-124.246963501 -415.558532715 28.900859833
-124.202178955 -415.476135254 28.901205063
-124.166397095 -415.410278320 28.901430130
-124.133644104 -415.350067139 28.901565552
-124.099502563 -415.287231445 28.901576996
-124.055763245 -415.206756592 28.901466370
-124.019355774 -415.139831543 28.901321411
-123.981430054 -415.070068359 28.901161194
-123.951301575 -415.014648438 28.901042938
-123.906631470 -414.932495117 28.900903702
-123.869934082 -414.865020752 28.900833130
-123.832489014 -414.796173096 28.900794983
-123.795417786 -414.728057861 28.900785446
-123.750442505 -414.645385742 28.900798798
-123.714118958 -414.578613281 28.900825500
-123.683753967 -414.522827148 28.900857925
-123.650489807 -414.461730957 28.900894165
-123.606872559 -414.381622314 28.900951385
-123.569755554 -414.313446045 28.900995255
-123.537040710 -414.253356934 28.901035309
-123.504295349 -414.193237305 28.901069641
-123.459274292 -414.110626221 28.901115417
-123.421005249 -414.040405273 28.901151657
-123.384429932 -413.973327637 28.901182175
-123.352752686 -413.915191650 28.901208878
-123.307708740 -413.832580566 28.901247025
-123.271179199 -413.765625000 28.901279449
-123.233093262 -413.695800781 28.901315689
-123.194793701 -413.625549316 28.901351929
-123.151794434 -413.546752930 28.901403427
-123.114379883 -413.478179932 28.901447296
-123.082267761 -413.419311523 28.901489258
-123.050224304 -413.360626221 28.901536942
-123.005187988 -413.278106689 28.901603699
-122.966217041 -413.206817627 28.901664734
-122.928314209 -413.137390137 28.901721954
-122.895606995 -413.077514648 28.901769638
-122.849670410 -412.993469238 28.901832581
-122.812255859 -412.924987793 28.901880264
-122.774505615 -412.855957031 28.901927948
-122.735885620 -412.785308838 28.901973724
-122.691421509 -412.703948975 28.902017593
-122.653373718 -412.634429932 28.902038574
-122.619689941 -412.572875977 28.902046204
-122.585845947 -412.510986328 28.902044296
-122.540695190 -412.428466797 28.902027130
-122.502136230 -412.358032227 28.902004242
-122.465698242 -412.291442871 28.901975632
-122.433349609 -412.232299805 28.901947021
-122.387451172 -412.148437500 28.901905060
-122.351020813 -412.081878662 28.901878357
-122.309822083 -412.006591797 28.901996613
-122.270904541 -411.935516357 28.902198792
-122.233413696 -411.867065430 28.902442932
-122.201126099 -411.808044434 28.902667999
-122.162933350 -411.738342285 28.902921677
-122.125877380 -411.670684814 28.903142929
-122.080741882 -411.588317871 28.903362274
-122.041801453 -411.517242432 28.903507233
-122.010505676 -411.460174561 28.903596878
-121.978286743 -411.401428223 28.903659821
-121.933258057 -411.319274902 28.903600693
-121.896072388 -411.251525879 28.903404236
-121.860168457 -411.186096191 28.903150558
-121.828018188 -411.127502441 28.902900696
-121.785278320 -411.049621582 28.902572632
-121.746276855 -410.978607178 28.902296066
-121.708679199 -410.910095215 28.902070999
-121.672286987 -410.843811035 28.901885986
-121.627655029 -410.762512207 28.901697159
-121.589973450 -410.693939209 28.901569366
-121.559051514 -410.637664795 28.901481628
-121.526344299 -410.578186035 28.901401520
-121.480628967 -410.495025635 28.901304245
-121.440727234 -410.422454834 28.901227951
-121.404327393 -410.356262207 28.901161194
-121.372558594 -410.298461914 28.901102066
-121.329414368 -410.220031738 28.901021957
-121.290863037 -410.149932861 28.900945663
-121.252426147 -410.080078125 28.900859833
-121.215942383 -410.013763428 28.900768280
-121.176589966 -409.942321777 28.900665283
-121.142562866 -409.880493164 28.900569916
-121.104843140 -409.811981201 28.900466919
-121.066787720 -409.742858887 28.900356293
-121.021896362 -409.661376953 28.900234222
-120.985656738 -409.595581055 28.900135040
-120.953315735 -409.536926270 28.900051117
-120.919967651 -409.476379395 28.899974823
-120.874389648 -409.393676758 28.899887085
-120.834884644 -409.321990967 28.899826050
-120.796127319 -409.251708984 28.899780273
-120.758300781 -409.183044434 28.899742126
-120.718223572 -409.110351562 28.899709702
-120.683792114 -409.047851562 28.899684906
-120.646308899 -408.979919434 28.899662018
-120.609596252 -408.913299561 28.899639130
-120.566864014 -408.835815430 28.899608612
-120.534774780 -408.777648926 28.899585724
-120.493583679 -408.702941895 28.899551392
-120.454574585 -408.632263184 28.899515152
-120.409225464 -408.550048828 28.899467468
-120.371261597 -408.481231689 28.899425507
-120.331329346 -408.408874512 28.899377823
-120.299972534 -408.352050781 28.899337769
-120.252120972 -408.265441895 28.899272919
-120.211814880 -408.192474365 28.899219513
-120.173500061 -408.123107910 28.899164200
-120.135360718 -408.054077148 28.899112701
-120.088485718 -407.969238281 28.899187088
-120.052108765 -407.903411865 28.899333954
-120.018997192 -407.843475342 28.899505615
-119.984802246 -407.781616211 28.899696350
-119.938575745 -407.697998047 28.899936676
-119.898612976 -407.625732422 28.900112152
-119.858825684 -407.553833008 28.900243759
-119.822372437 -407.487915039 28.900329590
-119.783523560 -407.417724609 28.900381088
-119.750442505 -407.357910156 28.900398254
-119.714447021 -407.292877197 28.900394440
-119.677268982 -407.225677490 28.900367737
-119.636718750 -407.152404785 28.900310516
-119.605926514 -407.096801758 28.900188446
-119.568557739 -407.029296875 28.899932861
-119.530700684 -406.960937500 28.899604797
-119.487602234 -406.883148193 28.899202347
-119.450431824 -406.816040039 28.898857117
-119.418075562 -406.757629395 28.898578644
-119.386444092 -406.700531006 28.898328781
-119.339324951 -406.615478516 28.898010254
-119.299835205 -406.544158936 28.897787094
-119.263610840 -406.478759766 28.897613525
-119.226364136 -406.411529541 28.897457123
-119.186393738 -406.339355469 28.897312164
-119.155632019 -406.283843994 28.897209167
-119.117462158 -406.214874268 28.897089005
-119.079986572 -406.147277832 28.896972656
-119.034027100 -406.064270020 28.896833420
-118.996627808 -405.996765137 28.896713257
-118.965187073 -405.940093994 28.896612167
-118.932624817 -405.881286621 28.896501541
-118.887451172 -405.799774170 28.896348953
-118.849822998 -405.731872559 28.896221161
-118.812660217 -405.664825439 28.896089554
-118.780342102 -405.606506348 28.895980835
-118.735038757 -405.524780273 28.895832062
-118.698776245 -405.459350586 28.895721436
-118.660522461 -405.390380859 28.895603180
-118.622825623 -405.322357178 28.895496368
-118.582946777 -405.250396729 28.895387650
-118.550262451 -405.191467285 28.895299911
-118.511749268 -405.121978760 28.895202637
-118.473083496 -405.052246094 28.895109177
-118.427932739 -404.970764160 28.894996643
-118.390396118 -404.903076172 28.894914627
-118.359573364 -404.847381592 28.894851685
-118.325569153 -404.786010742 28.894792557
-118.279182434 -404.702362061 28.894723892
-118.243927002 -404.638732910 28.894681931
-118.204528809 -404.567657471 28.894639969
-118.171058655 -404.507263184 28.894605637
-118.126037598 -404.426025391 28.894561768
-118.087303162 -404.356140137 28.894521713
-118.047637939 -404.284606934 28.894491196
-118.009643555 -404.216033936 28.894462585
-117.964393616 -404.134368896 28.894433975
-117.925598145 -404.064392090 28.894412994
-117.894561768 -404.008361816 28.894401550
-117.858474731 -403.943267822 28.894390106
-117.812545776 -403.860412598 28.894376755
-117.775108337 -403.792907715 28.894369125
-117.734855652 -403.720336914 28.894355774
-117.695701599 -403.649719238 28.894344330
-117.656127930 -403.578369141 28.894334793
-117.622360229 -403.517517090 28.894321442
-117.581565857 -403.444000244 28.894304276
-117.544906616 -403.377929688 28.894287109
-117.503662109 -403.303588867 28.894268036
-117.470367432 -403.243591309 28.894248962
-117.432594299 -403.175506592 28.894227982
-117.394653320 -403.107116699 28.894207001
-117.347793579 -403.022674561 28.894184113
-117.308731079 -402.952270508 28.894182205
-117.276138306 -402.893554688 28.894279480
-117.241104126 -402.830444336 28.894447327
-117.195716858 -402.748657227 28.894725800
-117.157707214 -402.680114746 28.894969940
-117.118797302 -402.609985352 28.895212173
-117.082565308 -402.544677734 28.895427704
-117.042716980 -402.472839355 28.895648956
-117.009178162 -402.412353516 28.895814896
-116.972373962 -402.345947266 28.895978928
-116.934646606 -402.277923584 28.896125793
-116.888488770 -402.194641113 28.896284103
-116.852516174 -402.129760742 28.896383286
-116.821426392 -402.073669434 28.896453857
-116.787811279 -402.013061523 28.896425247
-116.744461060 -401.934844971 28.896240234
-116.706146240 -401.865661621 28.896009445
-116.667663574 -401.796203613 28.895755768
-116.638626099 -401.743835449 28.895568848
-116.593124390 -401.661682129 28.895317078
-116.555877686 -401.594421387 28.895162582
-116.519859314 -401.529418945 28.895061493
-116.483161926 -401.463165283 28.895008087
-116.443130493 -401.390930176 28.894985199
-116.411277771 -401.333465576 28.894983292
-116.372787476 -401.264099121 28.895004272
-116.335502625 -401.196868896 28.895032883
-116.292320251 -401.119079590 28.895076752
-116.254089355 -401.050231934 28.895116806
-116.222854614 -400.993988037 28.895149231
-116.192260742 -400.938903809 28.895179749
-116.146034241 -400.855712891 28.895217896
-116.108322144 -400.787872314 28.895244598
-116.071571350 -400.721679688 28.895271301
-116.039611816 -400.664184570 28.895290375
-115.994323730 -400.582702637 28.895315170
-115.958007812 -400.517333984 28.895338058
-115.920021057 -400.449005127 28.895362854
-115.882637024 -400.381713867 28.895387650
-115.838851929 -400.302917480 28.895423889
-115.799552917 -400.232177734 28.895460129
-115.766143799 -400.172058105 28.895502090
-115.734367371 -400.114868164 28.895545959
-115.689292908 -400.033752441 28.895626068
-115.650329590 -399.963623047 28.895702362
-115.613174438 -399.896789551 28.895780563
-115.581626892 -399.839996338 28.895853043
-115.535171509 -399.756347656 28.895965576
-115.497512817 -399.688568115 28.896060944
-115.459213257 -399.619628906 28.896144867
-115.422012329 -399.552642822 28.896213531
-115.383636475 -399.483551025 28.896268845
-115.350372314 -399.423675537 28.896303177
-115.312019348 -399.354614258 28.896327972
-115.275070190 -399.288055420 28.896339417
-115.226776123 -399.201110840 28.896341324
-115.188514709 -399.132202148 28.896331787
-115.151794434 -399.066101074 28.896316528
-115.119903564 -399.008666992 28.896301270
-115.074409485 -398.926788330 28.896295547
-115.036666870 -398.858825684 28.896293640
-114.998367310 -398.789916992 28.896289825
-114.958854675 -398.718872070 28.896287918
-114.918342590 -398.645996094 28.896286011
-114.884300232 -398.584838867 28.896280289
-114.844131470 -398.512664795 28.896276474
-114.806533813 -398.445129395 28.896270752
-114.759223938 -398.360198975 28.896266937
-114.720840454 -398.291259766 28.896265030
-114.689376831 -398.234741211 28.896265030
-114.655960083 -398.174743652 28.896266937
-114.607894897 -398.088439941 28.896274567
-114.570770264 -398.021759033 28.896286011
-114.532470703 -397.953002930 28.896305084
-114.498817444 -397.892578125 28.896320343
-114.453552246 -397.811340332 28.896350861
-114.413070679 -397.738647461 28.896381378
-114.372734070 -397.666198730 28.896415710
-114.335258484 -397.598876953 28.896446228
-114.286499023 -397.511352539 28.896499634
-114.245956421 -397.438476562 28.896562576
-114.207336426 -397.369140625 28.896644592
-114.175132751 -397.311248779 28.896724701
-114.128784180 -397.227966309 28.896858215
-114.092483521 -397.162780762 28.896976471
-114.053245544 -397.092224121 28.897106171
-114.012512207 -397.019073486 28.897245407
-113.970710754 -396.943908691 28.897462845
-113.938003540 -396.885192871 28.897729874
-113.899261475 -396.815612793 28.898105621
-113.863250732 -396.750915527 28.898477554
-113.822723389 -396.678070068 28.898891449
-113.789131165 -396.617736816 28.899206161
-113.751480103 -396.550140381 28.899532318
-113.713615417 -396.482116699 28.899820328
-113.665969849 -396.396514893 28.900089264
-113.629661560 -396.331298828 28.900217056
-113.589859009 -396.259796143 28.900278091
-113.558242798 -396.203002930 28.900283813
-113.514144897 -396.123840332 28.900241852
-113.477691650 -396.058380127 28.900173187
-113.439880371 -395.990478516 28.900079727
-113.403938293 -395.925994873 28.899978638
-113.363372803 -395.853179932 28.899852753
-113.331253052 -395.795532227 28.899745941
-113.296936035 -395.733917236 28.899517059
-113.259872437 -395.667327881 28.899188995
-113.215011597 -395.586730957 28.898742676
-113.179969788 -395.523803711 28.898397446
-113.149116516 -395.468383789 28.898113251
-113.115867615 -395.408630371 28.897840500
-113.070571899 -395.327270508 28.897533417
-113.034500122 -395.262481689 28.897336960
-112.997589111 -395.196166992 28.897186279
-112.962188721 -395.132568359 28.897077560
-112.922851562 -395.061889648 28.896984100
-112.890747070 -395.004272461 28.896928787
-112.854812622 -394.939666748 28.896877289
-112.815979004 -394.869903564 28.896833420
-112.769935608 -394.787170410 28.896780014
-112.732788086 -394.720428467 28.896726608
-112.701972961 -394.665069580 28.896667480
-112.669715881 -394.607116699 28.896595001
-112.626274109 -394.529083252 28.896480560
-112.589065552 -394.462280273 28.896364212
-112.550758362 -394.393463135 28.896230698
-112.520889282 -394.339843750 28.896121979
-112.472869873 -394.253601074 28.895929337
-112.437072754 -394.189270020 28.895780563
-112.401062012 -394.124542236 28.895626068
-112.363731384 -394.057495117 28.895465851
-112.319625854 -393.978240967 28.895275116
-112.283409119 -393.913146973 28.895124435
-112.250732422 -393.854431152 28.894989014
-112.216911316 -393.793640137 28.894851685
-112.172126770 -393.713134766 28.894676208
-112.133865356 -393.644317627 28.894536972
-112.096221924 -393.576599121 28.894409180
-112.065490723 -393.521362305 28.894308090
-112.007858276 -393.417694092 28.894144058
-111.969703674 -393.349090576 28.894056320
-111.933364868 -393.283721924 28.893981934
-111.894699097 -393.214233398 28.893917084
-111.849479675 -393.132873535 28.893848419
-111.813079834 -393.067382812 28.893802643
-111.782440186 -393.012298584 28.893762589
-111.748977661 -392.952087402 28.893720627
-111.704040527 -392.871276855 28.893665314
-111.665229797 -392.801452637 28.893615723
-111.624916077 -392.728912354 28.893560410
-111.587860107 -392.662231445 28.893505096
-111.547157288 -392.588989258 28.893440247
-111.514724731 -392.530670166 28.893386841
-111.478599548 -392.465637207 28.893321991
-111.440200806 -392.396545410 28.893247604
-111.399703979 -392.323638916 28.893169403
-111.368995667 -392.268371582 28.893108368
-111.328338623 -392.195159912 28.893028259
-111.289535522 -392.125305176 28.892951965
-111.245460510 -392.045959473 28.892860413
-111.207641602 -391.977874756 28.892784119
-111.174942017 -391.919006348 28.892721176
-111.144363403 -391.863952637 28.892662048
-111.095993042 -391.776794434 28.892564774
-111.056663513 -391.705993652 28.892486572
-111.017700195 -391.635803223 28.892400742
-110.979156494 -391.566436768 28.892311096
-110.936721802 -391.489990234 28.892208099
-110.905403137 -391.433593750 28.892133713
-110.866775513 -391.364074707 28.892036438
-110.828079224 -391.294433594 28.891937256
-110.782241821 -391.211914062 28.891820908
-110.741966248 -391.139404297 28.891725540
-110.709487915 -391.080932617 28.891654968
-110.676429749 -391.021453857 28.891592026
-110.629394531 -390.936767578 28.891508102
-110.591064453 -390.867767334 28.891447067
-110.553405762 -390.799987793 28.891387939
-110.521324158 -390.742126465 28.891334534
-110.473480225 -390.655975342 28.891262054
-110.436592102 -390.589538574 28.891201019
-110.396301270 -390.516937256 28.891138077
-110.357345581 -390.446746826 28.891075134
-110.317428589 -390.374816895 28.891006470
-110.283439636 -390.313537598 28.890945435
-110.244003296 -390.242431641 28.890979767
-110.205642700 -390.173248291 28.891109467
-110.156959534 -390.085510254 28.891342163
-110.115707397 -390.011138916 28.891551971
-110.077774048 -389.942749023 28.891735077
-110.047027588 -389.887298584 28.891862869
-110.000198364 -389.802856445 28.892009735
-109.964668274 -389.738830566 28.892084122
-109.926795959 -389.670532227 28.892124176
-109.889595032 -389.603454590 28.892139435
-109.850372314 -389.532745361 28.892124176
-109.816894531 -389.472412109 28.892089844
-109.779495239 -389.405029297 28.892036438
-109.743347168 -389.339843750 28.891967773
-109.698554993 -389.259124756 28.891870499
-109.662567139 -389.194274902 28.891788483
-109.632904053 -389.140808105 28.891721725
-109.601325989 -389.083892822 28.891662598
-109.555694580 -389.001678467 28.891487122
-109.519264221 -388.936035156 28.891244888
-109.482505798 -388.869781494 28.890964508
-109.451637268 -388.814208984 28.890726089
-109.408538818 -388.736572266 28.890422821
-109.371673584 -388.670196533 28.890203476
-109.334312439 -388.602935791 28.890033722
-109.299903870 -388.540954590 28.889913559
-109.258926392 -388.467254639 28.889802933
-109.226379395 -388.408691406 28.889732361
-109.191696167 -388.346343994 28.889675140
-109.155609131 -388.281372070 28.889623642
-109.110733032 -388.200561523 28.889572144
-109.074531555 -388.135345459 28.889532089
-109.039054871 -388.071380615 28.889492035
-109.007293701 -388.014129639 28.889450073
-108.963981628 -387.936035156 28.889385223
-108.925315857 -387.866333008 28.889324188
-108.887725830 -387.798522949 28.889259338
-108.851730347 -387.733642578 28.889198303
-108.813186646 -387.664123535 28.889127731
-108.779769897 -387.603881836 28.889068604
-108.744819641 -387.540802002 28.889007568
-108.707389832 -387.473297119 28.888950348
-108.661048889 -387.389739990 28.888883591
-108.625816345 -387.326171875 28.888843536
-108.594253540 -387.269256592 28.888809204
-108.560699463 -387.208770752 28.888780594
-108.516860962 -387.129669189 28.888746262
-108.479095459 -387.061553955 28.888723373
-108.441627502 -386.993988037 28.888702393
-108.411888123 -386.940368652 28.888689041
-108.366394043 -386.858337402 28.888669968
-108.327789307 -386.788696289 28.888656616
-108.289733887 -386.720062256 28.888639450
-108.252685547 -386.653259277 28.888624191
-108.207160950 -386.571105957 28.888599396
-108.171226501 -386.506286621 28.888578415
-108.140464783 -386.450744629 28.888565063
-108.106491089 -386.389434814 28.888557434
-108.061622620 -386.308471680 28.888559341
-108.024551392 -386.241577148 28.888572693
-107.985885620 -386.171752930 28.888591766
-107.955581665 -386.117126465 28.888605118
-107.911651611 -386.037841797 28.888635635
-107.873863220 -385.969665527 28.888660431
-107.838806152 -385.906402588 28.888677597
-107.798637390 -385.833923340 28.888681412
-107.751876831 -385.749572754 28.888668060
-107.714675903 -385.682373047 28.888641357
-107.682701111 -385.624664307 28.888614655
-107.648719788 -385.563323975 28.888576508
-107.604980469 -385.484313965 28.888519287
-107.567489624 -385.416656494 28.888467789
-107.534690857 -385.357421875 28.888420105
-107.501701355 -385.297882080 28.888372421
-107.452270508 -385.208648682 28.888301849
-107.415374756 -385.141998291 28.888250351
-107.378761292 -385.075897217 28.888202667
-107.346496582 -385.017639160 28.888160706
-107.300247192 -384.934082031 28.888103485
-107.264900208 -384.870239258 28.888057709
-107.227119446 -384.801971436 28.888011932
-107.187408447 -384.730285645 28.887964249
-107.142181396 -384.648620605 28.887910843
-107.104469299 -384.580474854 28.887870789
-107.071311951 -384.520568848 28.887844086
-107.039169312 -384.462463379 28.887817383
-106.992965698 -384.378997803 28.887790680
-106.952148438 -384.305267334 28.887769699
-106.917007446 -384.241760254 28.887754440
-106.884353638 -384.182800293 28.887741089
-106.835609436 -384.094665527 28.887722015
-106.798622131 -384.027832031 28.887710571
-106.758560181 -383.955413818 28.887695312
-106.721221924 -383.887939453 28.887680054
-106.675704956 -383.805664062 28.887645721
-106.637626648 -383.736846924 28.887607574
-106.604568481 -383.677093506 28.887571335
-106.572174072 -383.618530273 28.887529373
-106.525466919 -383.534118652 28.887460709
-106.486099243 -383.462890625 28.887395859
-106.448295593 -383.394592285 28.887329102
-106.415817261 -383.335845947 28.887271881
-106.368888855 -383.250915527 28.887191772
-106.331291199 -383.182922363 28.887145996
-106.293502808 -383.114532471 28.887115479
-106.252471924 -383.040344238 28.887104034
-106.212593079 -382.968200684 28.887107849
-106.179672241 -382.908691406 28.887130737
-106.139152527 -382.835510254 28.887308121
-106.102409363 -382.769104004 28.887554169
-106.055084229 -382.683593750 28.887935638
-106.014366150 -382.610046387 28.888277054
-105.977447510 -382.543365479 28.888570786
-105.945480347 -382.485656738 28.888803482
-105.897766113 -382.399475098 28.889099121
-105.861259460 -382.333618164 28.889280319
-105.822959900 -382.264465332 28.889432907
-105.786430359 -382.198516846 28.889545441
-105.747955322 -382.129028320 28.889633179
-105.715995789 -382.071350098 28.889688492
-105.678085327 -382.002929688 28.889738083
-105.641197205 -381.936340332 28.889774323
-105.596611023 -381.855895996 28.889814377
-105.559753418 -381.789398193 28.889841080
-105.531204224 -381.737915039 28.889863968
-105.498878479 -381.679565430 28.889888763
-105.455139160 -381.600646973 28.889926910
-105.419792175 -381.536895752 28.889947891
-105.382476807 -381.469604492 28.889957428
-105.350448608 -381.411865234 28.889854431
-105.309516907 -381.338043213 28.889627457
-105.271148682 -381.268859863 28.889366150
-105.234817505 -381.203369141 28.889110565
-105.200340271 -381.141235352 28.888872147
-105.161407471 -381.071105957 28.888629913
-105.129730225 -381.013977051 28.888458252
-105.094596863 -380.950714111 28.888292313
-105.056449890 -380.882019043 28.888149261
-105.012161255 -380.802246094 28.888019562
-104.976387024 -380.737792969 28.887935638
-104.940246582 -380.672729492 28.887870789
-104.909324646 -380.617065430 28.887826920
-104.867835999 -380.542358398 28.887779236
-104.830009460 -380.474243164 28.887744904
-104.792625427 -380.406860352 28.887710571
-104.758453369 -380.345336914 28.887674332
-104.719268799 -380.274780273 28.887624741
-104.686080933 -380.214996338 28.887573242
-104.651168823 -380.152160645 28.887516022
-104.615447998 -380.087829590 28.887454987
-104.570236206 -380.006408691 28.887374878
-104.534622192 -379.942321777 28.887315750
-104.502639771 -379.884765625 28.887260437
-104.469100952 -379.824401855 28.887207031
-104.425910950 -379.746704102 28.887138367
-104.388259888 -379.678894043 28.887083054
-104.351692200 -379.613037109 28.887031555
-104.322151184 -379.559814453 28.886991501
-104.277816772 -379.480010986 28.886932373
-104.239341736 -379.410766602 28.886880875
-104.202186584 -379.343933105 28.886829376
-104.165542603 -379.277923584 28.886775970
-104.121009827 -379.197784424 28.886713028
-104.085731506 -379.134338379 28.886655807
-104.053421021 -379.076171875 28.886604309
-104.021560669 -379.018890381 28.886550903
-103.977485657 -378.939605713 28.886474609
-103.939788818 -378.871795654 28.886407852
-103.899642944 -378.799530029 28.886331558
-103.863021851 -378.733642578 28.886247635
-103.823593140 -378.662719727 28.886129379
-103.790229797 -378.602722168 28.886001587
-103.754592896 -378.538635254 28.885841370
-103.716552734 -378.470214844 28.885646820
-103.677108765 -378.399353027 28.885421753
-103.645034790 -378.341674805 28.885231018
-103.605316162 -378.270263672 28.884983063
-103.566741943 -378.200927734 28.884737015
-103.522720337 -378.121826172 28.884456635
-103.484703064 -378.053527832 28.884212494
-103.451568604 -377.993957520 28.884000778
-103.420433044 -377.937988281 28.883802414
-103.375030518 -377.856384277 28.883516312
-103.335113525 -377.784667969 28.883275986
-103.297142029 -377.716430664 28.883064270
-103.258453369 -377.646850586 28.882865906
-103.218124390 -377.574371338 28.882671356
-103.186904907 -377.518218994 28.882532120
-103.147262573 -377.446899414 28.882362366
-103.109733582 -377.379394531 28.882211685
-103.064956665 -377.298797607 28.882038116
-103.025108337 -377.227111816 28.881881714
-102.992576599 -377.168579102 28.881757736
-102.961364746 -377.112457275 28.881643295
-102.915420532 -377.029846191 28.881469727
-102.876472473 -376.959838867 28.881322861
-102.840957642 -376.895996094 28.881187439
-102.808143616 -376.837036133 28.881055832
-102.761337280 -376.752929688 28.880870819
-102.723037720 -376.684143066 28.880714417
-102.683280945 -376.612762451 28.880554199
-102.643806458 -376.541809082 28.880390167
-102.603713989 -376.469848633 28.880222321
-102.568939209 -376.407409668 28.880073547
-102.529701233 -376.336975098 28.879901886
-102.492416382 -376.270080566 28.879735947
-102.445251465 -376.185485840 28.879524231
-102.403350830 -376.110290527 28.879329681
-102.366691589 -376.044555664 28.879163742
-102.334098816 -375.986114502 28.879013062
-102.287071228 -375.901794434 28.878812790
-102.249755859 -375.834899902 28.878658295
-102.209785461 -375.763305664 28.878505707
-102.170898438 -375.693664551 28.878358841
-102.130516052 -375.621368408 28.878215790
-102.095077515 -375.557922363 28.878093719
-102.055671692 -375.487396240 28.877960205
-102.017875671 -375.419860840 28.877826691
-101.969436646 -375.333251953 28.877634048
-101.928985596 -375.260925293 28.877456665
-101.897209167 -375.204162598 28.877307892
-101.862152100 -375.141510010 28.877136230
-101.813011169 -375.053741455 28.876886368
-101.772994995 -374.982299805 28.876674652
-101.732078552 -374.909210205 28.876531601
-101.693702698 -374.840759277 28.876514435
-101.654586792 -374.770965576 28.876541138
-101.619995117 -374.709320068 28.876583099
-101.580528259 -374.638977051 28.876628876
-101.544372559 -374.574523926 28.876649857
-101.501388550 -374.497924805 28.876642227
-101.466842651 -374.436462402 28.876600266
-101.430450439 -374.371643066 28.876522064
-101.391418457 -374.302185059 28.876405716
-101.345779419 -374.220947266 28.876235962
-101.308227539 -374.154113770 28.876075745
-101.277053833 -374.098693848 28.875936508
-101.242576599 -374.037414551 28.875772476
-101.197235107 -373.956817627 28.875556946
-101.159049988 -373.888916016 28.875370026
-101.119781494 -373.819152832 28.875183105
-101.084190369 -373.755889893 28.875020981
-101.044624329 -373.685607910 28.874841690
-101.011596680 -373.626953125 28.874694824
-100.977058411 -373.565582275 28.874542236
-100.940185547 -373.500061035 28.874382019
-100.894653320 -373.419219971 28.874177933
-100.858703613 -373.355407715 28.873996735
-100.828384399 -373.301574707 28.873828888
-100.795906067 -373.243988037 28.873638153
-100.755218506 -373.171752930 28.873254776
-100.716590881 -373.103332520 28.872774124
-100.681510925 -373.041137695 28.872293472
-100.652313232 -372.989379883 28.871885300
-100.607139587 -372.909301758 28.871276855
-100.569335938 -372.842346191 28.870811462
-100.534461975 -372.780578613 28.870441437
-100.497337341 -372.714782715 28.870107651
-100.454330444 -372.638610840 28.869804382
-100.419799805 -372.577484131 28.869611740
-100.389030457 -372.523010254 28.869476318
-100.356124878 -372.464782715 28.869358063
-100.312797546 -372.388092041 28.869228363
-100.275772095 -372.322570801 28.869150162
-100.239074707 -372.257629395 28.869089127
-100.209999084 -372.206176758 28.869047165
-100.166885376 -372.129882812 28.868995667
-100.128501892 -372.061920166 28.868951797
-100.092590332 -371.998321533 28.868907928
-100.055938721 -371.933410645 28.868864059
-100.014526367 -371.860107422 28.868812561
-99.983810425 -371.805694580 28.868766785
-99.945800781 -371.738403320 28.868709564
-99.909553528 -371.674194336 28.868652344
-99.866539001 -371.598022461 28.868591309
-99.828567505 -371.530731201 28.868549347
-99.796844482 -371.474487305 28.868524551
-99.765960693 -371.419738770 28.868503571
-99.719993591 -371.338256836 28.868484497
-99.682708740 -371.272155762 28.868473053
-99.647293091 -371.209411621 28.868471146
-99.615669250 -371.153350830 28.868473053
-99.570587158 -371.073425293 28.868473053
-99.534866333 -371.010101318 28.868473053
-99.497894287 -370.944549561 28.868473053
-99.458709717 -370.875061035 28.868471146
-99.415237427 -370.797943115 28.868465424
-99.376548767 -370.729370117 28.868473053
-99.345565796 -370.674407959 28.868495941
-99.314224243 -370.618804932 28.868534088
-99.268554688 -370.537811279 28.868614197
-99.230751038 -370.470733643 28.868698120
-99.195449829 -370.408142090 28.868789673
-99.162307739 -370.349365234 28.868885040
-99.115478516 -370.266296387 28.869028091
-99.079956055 -370.203247070 28.869136810
-99.043098450 -370.137817383 28.869251251
-99.006340027 -370.072540283 28.869358063
-98.961357117 -369.992614746 28.869482040
-98.924194336 -369.926544189 28.869579315
-98.891799927 -369.868896484 28.869657516
-98.860519409 -369.813201904 28.869728088
-98.815010071 -369.732177734 28.869829178
-98.776382446 -369.663330078 28.869913101
-98.741394043 -369.601013184 28.869995117
-98.709495544 -369.544097900 28.870071411
-98.665496826 -369.465606689 28.870342255
-98.629020691 -369.400451660 28.871000290
-98.590927124 -369.332397461 28.871984482
-98.555374146 -369.268798828 28.873010635
-98.514739990 -369.196044922 28.874191284
-98.481277466 -369.136108398 28.875091553
-98.452156067 -369.083862305 28.875791550
-98.424522400 -369.034301758 28.876367569
-98.385581970 -368.964355469 28.877016068
-98.352424622 -368.904754639 28.877437592
-98.321411133 -368.848999023 28.877719879
-98.294616699 -368.800781250 28.877901077
-98.258964539 -368.736572266 28.878067017
-98.230255127 -368.684814453 28.878150940
-98.201316833 -368.632629395 28.878210068
-98.172256470 -368.580108643 28.878255844
-98.144302368 -368.529602051 28.878299713
-98.119255066 -368.484252930 28.878343582
-98.090980530 -368.433013916 28.878400803
-98.065292358 -368.386444092 28.878459930
-98.034400940 -368.330322266 28.878545761
-98.009391785 -368.284881592 28.878623962
-97.967414856 -368.208435059 28.878747940
-97.939529419 -368.157623291 28.878795624
-97.915496826 -368.113769531 28.878786087
-97.869705200 -368.030029297 28.878664017
-97.828674316 -367.954895020 28.878425598
-97.788101196 -367.880401611 28.878110886
-97.763290405 -367.834747314 28.877847672
-97.726463318 -367.766906738 28.877428055
-97.686553955 -367.693176270 28.877456665
-97.651763916 -367.628723145 28.878053665
-97.617637634 -367.565307617 28.878654480
-97.584632874 -367.503723145 28.878978729
-97.551956177 -367.442626953 28.878959656
-97.525939941 -367.393798828 28.878725052
-97.497009277 -367.339416504 28.878320694
-97.469650269 -367.287872314 28.877899170
-97.443725586 -367.238952637 28.877498627
-97.418106079 -367.190490723 28.877147675
-97.391258240 -367.139587402 28.876867294
-97.357604980 -367.075469971 28.876306534
-97.330909729 -367.024383545 28.875911713
-97.293838501 -366.953247070 28.875698090
-97.268180847 -366.903747559 28.875667572
-97.243087769 -366.855224609 28.875597000
-97.220085144 -366.810607910 28.875551224
-97.190917969 -366.753845215 28.875560760
-97.165328979 -366.703887939 28.875629425
-97.138710022 -366.651733398 28.875740051
-97.111541748 -366.598266602 28.875892639
-97.083862305 -366.543518066 28.876071930
-97.057823181 -366.491821289 28.876262665
-97.026672363 -366.429718018 28.876512527
-96.998687744 -366.373779297 28.876750946
-96.969123840 -366.314331055 28.877016068
-96.939392090 -366.254302979 28.877288818
-96.907035828 -366.188720703 28.877592087
-96.879470825 -366.132507324 28.877851486
-96.846954346 -366.065856934 28.878166199
-96.816818237 -366.003692627 28.878465652
-96.785408020 -365.938629150 28.878780365
-96.756011963 -365.877441406 28.879074097
-96.721435547 -365.805053711 28.879425049
-96.693191528 -365.745605469 28.879714966
-96.659736633 -365.674835205 28.880069733
-96.627983093 -365.607238770 28.880405426
-96.594619751 -365.535705566 28.880760193
-96.561973572 -365.465240479 28.881107330
-96.527023315 -365.389190674 28.881483078
-96.496955872 -365.323333740 28.881807327
-96.461830139 -365.245880127 28.882192612
-96.429367065 -365.173889160 28.882671356
-96.396987915 -365.101623535 28.883218765
-96.366256714 -365.032440186 28.883724213
-96.331268311 -364.953094482 28.884223938
-96.301834106 -364.885833740 28.884572983
-96.268280029 -364.808471680 28.884906769
-96.236938477 -364.735595703 28.885181427
-96.204147339 -364.658813477 28.885448456
-96.172332764 -364.583679199 28.885715485
-96.138580322 -364.503356934 28.886011124
-96.109939575 -364.434509277 28.886272430
-96.077804565 -364.356628418 28.886579514
-96.047828674 -364.283233643 28.886877060
-96.016471863 -364.205688477 28.887199402
-95.983886719 -364.124389648 28.887554169
-95.951034546 -364.041625977 28.887931824
-95.922119141 -363.968017578 28.888273239
-95.891220093 -363.888671875 28.888647079
-95.862777710 -363.814788818 28.888992310
-95.831718445 -363.733154297 28.889371872
-95.805160522 -363.662628174 28.889690399
-95.775512695 -363.582946777 28.890045166
-95.748016357 -363.508178711 28.890371323
-95.719642639 -363.430053711 28.890712738
-95.692344666 -363.354003906 28.891042709
-95.662780762 -363.270568848 28.891403198
-95.637657166 -363.198791504 28.891716003
-95.610443115 -363.120056152 28.892063141
-95.583969116 -363.042480469 28.892410278
-95.556625366 -362.961364746 28.892782211
-95.531318665 -362.885284424 28.893131256
-95.503372192 -362.800048828 28.893518448
-95.479476929 -362.726074219 28.893850327
-95.453079224 -362.643035889 28.894199371
-95.429199219 -362.566833496 28.894502640
-95.404022217 -362.485321045 28.894809723
-95.380355835 -362.407592773 28.895084381
-95.354568481 -362.321441650 28.895378113
-95.333473206 -362.249694824 28.895614624
-95.310005188 -362.168518066 28.895883560
-95.287582397 -362.089660645 28.896137238
-95.264739990 -362.007965088 28.896383286
-95.243766785 -361.931640625 28.896612167
-95.220466614 -361.845306396 28.896869659
-95.200531006 -361.769958496 28.897098541
-95.179122925 -361.687652588 28.897352219
-95.158950806 -361.608612061 28.897613525
-95.138519287 -361.527038574 28.897891998
-95.118316650 -361.444824219 28.898176193
-95.096862793 -361.355438232 28.898475647
-95.079437256 -361.281250000 28.898719788
-95.060462952 -361.198608398 28.898986816
-95.042312622 -361.117706299 28.899267197
-95.023818970 -361.033386230 28.899602890
-95.006919861 -360.954620361 28.899940491
-94.988197327 -360.865264893 28.900341034
-94.971076965 -360.781372070 28.900714874
-94.955055237 -360.700653076 28.901073456
-94.939544678 -360.620513916 28.901424408
-94.923484802 -360.535278320 28.901798248
-94.909393311 -360.458282471 28.902126312
-94.893585205 -360.369110107 28.902486801
-94.880645752 -360.293823242 28.902776718
-94.866683960 -360.210021973 28.903085709
-94.853469849 -360.128021240 28.903388977
-94.840469360 -360.044647217 28.903697968
-94.828407288 -359.964660645 28.904003143
-94.815017700 -359.872497559 28.904354095
-94.802185059 -359.780273438 28.904705048
-94.791198730 -359.697753906 28.905019760
-94.781616211 -359.622955322 28.905300140
-94.770973206 -359.535888672 28.905567169
-94.762100220 -359.459899902 28.905731201
-94.752166748 -359.370513916 28.905862808
-94.744125366 -359.294158936 28.905935287
-94.735649109 -359.208923340 28.905986786
-94.728004456 -359.127502441 28.906032562
-94.720603943 -359.044036865 28.906087875
-94.713775635 -358.961700439 28.906169891
-94.706687927 -358.870086670 28.906284332
-94.701187134 -358.793487549 28.906394958
-94.695655823 -358.709808350 28.906532288
-94.690689087 -358.627868652 28.906673431
-94.685913086 -358.540740967 28.906814575
-94.681838989 -358.457275391 28.906927109
-94.677993774 -358.367889404 28.907014847
-94.675102234 -358.289489746 28.907070160
-94.672454834 -358.204345703 28.907115936
-94.670349121 -358.121765137 28.907161713
-94.668685913 -358.037506104 28.907207489
-94.667526245 -357.954589844 28.907255173
-94.666831970 -357.869750977 28.907306671
-94.666656494 -357.791748047 28.907379150
-94.666976929 -357.701873779 28.907497406
-94.667709351 -357.624298096 28.907625198
-94.669097900 -357.534912109 28.907775879
-94.670890808 -357.453033447 28.907882690
-94.673171997 -357.370330811 28.907951355
-94.676086426 -357.284423828 28.907993317
-94.679435730 -357.200744629 28.908006668
-94.683006287 -357.122863770 28.908065796
-94.687751770 -357.032348633 28.908449173
-94.692222595 -356.956054688 28.908842087
-94.697410583 -356.875549316 28.909187317
-94.703102112 -356.794891357 28.909414291
-94.709060669 -356.716857910 28.909507751
-94.715454102 -356.639465332 28.909481049
-94.722953796 -356.554504395 28.909374237
-94.729339600 -356.486633301 28.909257889
-94.736763000 -356.411926270 28.909122467
-94.744705200 -356.336303711 28.908988953
-94.752624512 -356.264556885 28.908866882
-94.760910034 -356.193054199 28.908746719
-94.769714355 -356.120483398 28.908617020
-94.777954102 -356.055267334 28.908487320
-94.787864685 -355.980010986 28.908313751
-94.796539307 -355.916778564 28.907896042
-94.806503296 -355.846679688 28.907279968
-94.816490173 -355.778869629 28.906726837
-94.827163696 -355.708770752 28.906284332
-94.837966919 -355.640502930 28.905975342
-94.850402832 -355.564605713 28.905712128
-94.861373901 -355.499908447 28.905519485
-94.873718262 -355.429382324 28.905307770
-94.885925293 -355.361724854 28.905099869
-94.899658203 -355.287841797 28.904857635
-94.912689209 -355.219787598 28.904634476
-94.927078247 -355.146850586 28.904388428
-94.940032959 -355.082885742 28.904174805
-94.954803467 -355.011932373 28.903945923
-94.969482422 -354.943389893 28.903720856
-94.985015869 -354.872558594 28.903493881
-95.000335693 -354.804534912 28.903276443
-95.016654968 -354.733795166 28.903041840
-95.032196045 -354.668029785 28.902818680
-95.050262451 -354.593383789 28.902549744
-95.065811157 -354.530578613 28.902317047
-95.084266663 -354.457702637 28.902038574
-95.100524902 -354.394866943 28.901800156
-95.119476318 -354.323211670 28.901529312
-95.138229370 -354.253906250 28.901268005
-95.158012390 -354.182373047 28.900999069
-95.175987244 -354.118804932 28.900764465
-95.196746826 -354.046813965 28.900508881
-95.215347290 -353.983581543 28.900287628
-95.238418579 -353.906616211 28.900009155
-95.257942200 -353.842712402 28.899772644
-95.279739380 -353.772644043 28.899503708
-95.302093506 -353.702148438 28.899234772
-95.325881958 -353.628601074 28.898960114
-95.348632812 -353.559631348 28.898700714
-95.372718811 -353.488006592 28.898431778
-95.395156860 -353.422485352 28.898189545
-95.422645569 -353.343688965 28.897901535
-95.447265625 -353.274444580 28.897655487
-95.473274231 -353.202636719 28.897399902
-95.498672485 -353.133819580 28.897151947
-95.525665283 -353.062042236 28.896894455
-95.550392151 -352.997436523 28.896652222
-95.577919006 -352.926788330 28.896373749
-95.602615356 -352.864410400 28.896114349
-95.635131836 -352.783660889 28.895751953
-95.660881042 -352.720794678 28.895458221
-95.689758301 -352.651397705 28.895126343
-95.717178345 -352.586547852 28.894805908
-95.748168945 -352.514343262 28.894432068
-95.777374268 -352.447418213 28.894067764
-95.808975220 -352.376098633 28.893667221
-95.839706421 -352.307800293 28.893276215
-95.875106812 -352.230346680 28.892820358
-95.905052185 -352.165893555 28.892442703
-95.935287476 -352.101745605 28.892066956
-95.965370178 -352.038726807 28.891704559
-96.002830505 -351.961517334 28.891258240
-96.032630920 -351.900909424 28.890903473
-96.067214966 -351.831573486 28.890487671
-96.101257324 -351.764312744 28.890071869
-96.137191772 -351.694305420 28.889623642
-96.172019958 -351.627441406 28.889179230
-96.208824158 -351.557830811 28.888702393
-96.244628906 -351.491027832 28.888237000
-96.285209656 -351.416503906 28.887714386
-96.318969727 -351.355346680 28.887287140
-96.354461670 -351.291839600 28.886842728
-96.389556885 -351.229797363 28.886346817
-96.432319641 -351.155273438 28.885673523
-96.468490601 -351.093109131 28.885066986
-96.508026123 -351.026123047 28.884387970
-96.545532227 -350.963348389 28.883741379
-96.586006165 -350.896514893 28.883052826
-96.626586914 -350.830444336 28.882373810
-96.668197632 -350.763580322 28.881715775
-96.707382202 -350.701477051 28.881183624
-96.748466492 -350.637145996 28.880701065
-96.789733887 -350.573394775 28.880317688
-96.832077026 -350.508728027 28.879993439
-96.873199463 -350.446716309 28.879714966
-96.918022156 -350.379943848 28.879426956
-96.960075378 -350.318023682 28.879152298
-97.004241943 -350.253814697 28.878849030
-97.045074463 -350.195098877 28.878530502
-97.084983826 -350.138397217 28.878147125
-97.133239746 -350.070556641 28.877599716
-97.175468445 -350.011993408 28.877075195
-97.223350525 -349.946472168 28.876453400
-97.264312744 -349.891052246 28.875938416
-97.312835693 -349.826049805 28.875415802
-97.356040955 -349.768859863 28.875032425
-97.403793335 -349.706390381 28.874675751
-97.448051453 -349.649139404 28.874389648
-97.487625122 -349.598510742 28.874151230
-97.540313721 -349.531829834 28.873842239
-97.587577820 -349.472717285 28.873546600
-97.635307312 -349.413696289 28.873233795
-97.682220459 -349.356262207 28.872898102
-97.735305786 -349.292053223 28.872495651
-97.782028198 -349.236206055 28.872123718
-97.832069397 -349.177032471 28.871713638
-97.881439209 -349.119323730 28.871303558
-97.924392700 -349.069580078 28.870956421
-97.980499268 -349.005249023 28.870517731
-98.024757385 -348.955078125 28.870208740
-98.076156616 -348.897308350 28.869886398
-98.126556396 -348.841308594 28.869590759
-98.173583984 -348.789581299 28.869329453
-98.229103088 -348.729248047 28.869031906
-98.274169922 -348.680725098 28.868797302
-98.330902100 -348.620300293 28.868499756
-98.379783630 -348.568725586 28.868240356
-98.428710938 -348.517608643 28.867971420
-98.486907959 -348.457397461 28.867630005
-98.535583496 -348.407531738 28.867462158
-98.590614319 -348.351776123 28.867492676
-98.640411377 -348.301788330 28.867553711
-98.685119629 -348.257324219 28.867568970
-98.740760803 -348.202423096 28.867496490
-98.790710449 -348.153625488 28.866956711
-98.847434998 -348.098663330 28.866027832
-98.897323608 -348.050781250 28.865236282
-98.948501587 -348.002075195 28.864604950
-99.003959656 -347.949829102 28.864152908
-99.055564880 -347.901580811 28.863925934
-99.117980957 -347.843811035 28.863807678
-99.170761108 -347.795440674 28.863773346
-99.224822998 -347.746368408 28.863746643
-99.285888672 -347.691406250 28.863685608
-99.345069885 -347.638702393 28.863578796
-99.407546997 -347.583587646 28.863433838
-99.464950562 -347.533416748 28.863281250
-99.521842957 -347.484100342 28.863117218
-99.584671021 -347.430084229 28.862937927
-99.650711060 -347.373901367 28.862747192
-99.716331482 -347.318634033 28.862564087
-99.779174805 -347.266235352 28.862403870
-99.837402344 -347.218078613 28.862277985
-99.906082153 -347.161804199 28.862165451
-99.971633911 -347.108581543 28.862077713
-100.043769836 -347.050598145 28.861995697
-100.106315613 -347.000732422 28.861955643
-100.171661377 -346.949157715 28.861953735
-100.214248657 -346.915740967 28.861968994
-100.280242920 -346.864440918 28.861995697
-100.347793579 -346.812377930 28.862020493
-100.390777588 -346.779541016 28.862026215
-100.463371277 -346.724365234 28.862031937
-100.529640198 -346.674468994 28.862030029
-100.573730469 -346.641479492 28.862018585
-100.641624451 -346.591125488 28.861995697
-100.711563110 -346.539611816 28.861961365
-100.759262085 -346.504821777 28.861934662
-100.833572388 -346.450927734 28.861892700
-100.906417847 -346.398590088 28.861852646
-100.950714111 -346.367004395 28.861837387
-101.024543762 -346.314636230 28.861801147
-101.097076416 -346.263671875 28.861568451
-101.150764465 -346.226196289 28.861324310
-101.228958130 -346.172088623 28.860961914
-101.307006836 -346.118560791 28.860668182
-101.354988098 -346.085876465 28.860534668
-101.432723999 -346.033264160 28.860401154
-101.476303101 -346.003967285 28.860363007
-101.567764282 -345.942871094 28.860336304
-101.611999512 -345.913452148 28.860334396
-101.690902710 -345.861419678 28.860332489
-101.735214233 -345.832305908 28.860322952
-101.787887573 -345.797973633 28.860307693
-101.873855591 -345.742248535 28.860271454
-101.920310974 -345.712341309 28.860244751
-102.020050049 -345.648590088 28.860149384
-102.067749023 -345.618286133 28.860069275
-102.152603149 -345.564758301 28.859859467
-102.200424194 -345.534790039 28.859706879
-102.252456665 -345.502288818 28.859512329
-102.347709656 -345.443328857 28.859104156
-102.436355591 -345.388977051 28.858676910
-102.498703003 -345.351013184 28.858364105
-102.546997070 -345.321777344 28.858123779
-102.590866089 -345.295318604 28.857904434
-102.638557434 -345.266632080 28.857673645
-102.746444702 -345.202239990 28.857172012
-102.798896790 -345.171173096 28.856943130
-102.847106934 -345.142700195 28.856733322
-102.894943237 -345.114562988 28.856519699
-102.944107056 -345.085815430 28.856296539
-103.003860474 -345.050964355 28.856021881
-103.052413940 -345.022796631 28.855791092
-103.106254578 -344.991668701 28.855535507
-103.158065796 -344.961853027 28.855293274
-103.209915161 -344.932098389 28.855049133
-103.280540466 -344.891754150 28.854713440
-103.331817627 -344.862609863 28.854475021
-103.379989624 -344.835327148 28.854251862
-103.434455872 -344.804565430 28.853998184
-103.489654541 -344.773529053 28.853738785
-103.553070068 -344.738037109 28.853443146
-103.604988098 -344.709075928 28.853191376
-103.658065796 -344.679626465 28.852935791
-103.707839966 -344.652099609 28.852695465
-103.761993408 -344.622253418 28.852428436
-103.830543518 -344.584655762 28.852087021
-103.887489319 -344.553527832 28.851806641
-103.940521240 -344.524627686 28.851545334
-103.993286133 -344.496032715 28.851285934
-104.046905518 -344.467041016 28.851024628
-104.121475220 -344.426879883 28.850652695
-104.177932739 -344.396606445 28.850374222
-104.236404419 -344.365417480 28.850090027
-104.289123535 -344.337341309 28.849836349
-104.340835571 -344.309906006 28.849580765
-104.410919189 -344.272857666 28.849220276
-104.466949463 -344.243408203 28.848918915
-104.524932861 -344.213012695 28.848594666
-104.581604004 -344.183319092 28.848266602
-104.638305664 -344.153747559 28.847927094
-104.712081909 -344.115386963 28.847427368
-104.773056030 -344.083801270 28.846950531
-104.829917908 -344.054443359 28.846458435
-104.882102966 -344.027526855 28.845972061
-104.937889099 -343.998901367 28.845415115
-105.015045166 -343.959472656 28.844596863
-105.074783325 -343.929016113 28.843929291
-105.141067505 -343.895385742 28.843164444
-105.198944092 -343.866088867 28.842479706
-105.253158569 -343.838775635 28.841829300
-105.328170776 -343.801086426 28.840917587
-105.388473511 -343.770843506 28.840177536
-105.450683594 -343.739746094 28.839416504
-105.515167236 -343.707641602 28.838632584
-105.576263428 -343.677246094 28.837898254
-105.653442383 -343.639007568 28.836982727
-105.719734192 -343.606262207 28.836235046
-105.784515381 -343.574371338 28.835531235
-105.838676453 -343.547729492 28.834943771
-105.899017334 -343.518188477 28.834297180
-105.974815369 -343.481140137 28.833473206
-106.029281616 -343.454559326 28.832874298
-106.096496582 -343.421813965 28.832120895
-106.160697937 -343.390655518 28.831390381
-106.216392517 -343.363647461 28.830745697
-106.298690796 -343.323822021 28.829782486
-106.367370605 -343.290679932 28.828960419
-106.424407959 -343.263183594 28.828269958
-106.486373901 -343.233367920 28.827512741
-106.551666260 -343.202026367 28.826709747
-106.626525879 -343.166137695 28.825778961
-106.684654236 -343.138336182 28.825050354
-106.750335693 -343.106903076 28.824224472
-106.806251526 -343.080230713 28.823520660
-106.868743896 -343.050445557 28.822731018
-106.947227478 -343.013061523 28.821737289
-107.006546021 -342.984863281 28.820993423
-107.077438354 -342.951202393 28.820117950
-107.145957947 -342.918731689 28.819282532
-107.202453613 -342.891967773 28.818599701
-107.288536072 -342.851257324 28.817665100
-107.355453491 -342.819641113 28.817033768
-107.411453247 -342.793212891 28.816541672
-107.470687866 -342.765319824 28.816028595
-107.538314819 -342.733459473 28.815435410
-107.617111206 -342.696411133 28.814727783
-107.678123474 -342.667785645 28.814153671
-107.744972229 -342.636413574 28.813499451
-107.805892944 -342.607849121 28.812877655
-107.864654541 -342.580291748 28.812253952
-107.944671631 -342.542846680 28.811382294
-108.005165100 -342.514556885 28.810699463
-108.063766479 -342.487121582 28.810028076
-108.124023438 -342.458984375 28.809329987
-108.182617188 -342.431610107 28.808641434
-108.265899658 -342.392700195 28.807655334
-108.329483032 -342.362976074 28.806900024
-108.391296387 -342.334106445 28.806161880
-108.448127747 -342.307586670 28.805484772
-108.505485535 -342.280792236 28.804796219
-108.574913025 -342.248413086 28.803962708
-108.631011963 -342.222198486 28.803289413
-108.696952820 -342.191406250 28.802494049
-108.757637024 -342.163024902 28.801753998
-108.814430237 -342.136535645 28.801063538
-108.894172668 -342.099182129 28.800075531
-108.951858521 -342.072204590 28.799343109
-109.006698608 -342.046508789 28.798620224
-109.061958313 -342.020568848 28.797868729
-109.116584778 -341.994934082 28.797101974
-109.186515808 -341.962066650 28.796094894
-109.240196228 -341.936828613 28.795301437
-109.295608521 -341.910736084 28.794467926
-109.349121094 -341.885498047 28.793647766
-109.405540466 -341.858825684 28.792772293
-109.472610474 -341.827148438 28.791721344
-109.530899048 -341.799530029 28.790802002
-109.581787109 -341.775451660 28.789995193
-109.681640625 -341.728027344 28.788415909
-109.751342773 -341.694885254 28.787317276
-109.803596497 -341.669982910 28.786499023
-109.855270386 -341.645355225 28.785692215
-109.908378601 -341.620025635 28.784868240
-109.962776184 -341.593994141 28.784030914
-110.025642395 -341.563842773 28.783067703
-110.074981689 -341.540191650 28.782318115
-110.125411987 -341.515960693 28.781574249
-110.172698975 -341.493164062 28.780904770
-110.221931458 -341.469421387 28.780267715
-110.287178040 -341.437866211 28.779533386
-110.339294434 -341.412597656 28.779010773
-110.385681152 -341.390075684 28.778596878
-110.433044434 -341.367004395 28.778215408
-110.479141235 -341.344543457 28.777873993
-110.542358398 -341.313629150 28.777444839
-110.589752197 -341.290435791 28.777141571
-110.639259338 -341.266174316 28.776840210
-110.725570679 -341.223724365 28.776306152
-110.782348633 -341.195739746 28.775945663
-110.875221252 -341.149780273 28.775308609
-110.923377991 -341.125854492 28.774942398
-111.021270752 -341.077087402 28.774127960
-111.068725586 -341.053375244 28.773700714
-111.114440918 -341.030456543 28.773273468
-111.192970276 -340.990997314 28.772483826
-111.246574402 -340.963958740 28.771907806
-111.332115173 -340.920654297 28.770938873
-111.413116455 -340.879455566 28.769985199
-111.467201233 -340.851867676 28.769334793
-111.548530579 -340.810180664 28.768356323
-111.625686646 -340.770507812 28.767417908
-111.677238464 -340.743865967 28.766784668
-111.721664429 -340.720886230 28.766241074
-111.802124023 -340.679077148 28.765285492
-111.893959045 -340.631164551 28.764047623
-111.971893311 -340.590332031 28.762897491
-112.047554016 -340.550506592 28.761844635
-112.102539062 -340.521484375 28.761150360
-112.186416626 -340.476989746 28.760229111
-112.263420105 -340.435943604 28.759517670
-112.312805176 -340.409545898 28.759117126
-112.394020081 -340.365875244 28.758518219
-112.471633911 -340.323913574 28.757989883
-112.527076721 -340.293853760 28.757617950
-112.607406616 -340.250061035 28.757076263
-112.684234619 -340.208007812 28.756450653
-112.739616394 -340.177581787 28.755956650
-112.824844360 -340.130584717 28.755214691
-112.907814026 -340.084625244 28.754550934
-112.961807251 -340.054534912 28.754182816
-113.005661011 -340.030090332 28.753917694
-113.083114624 -339.986633301 28.753532410
-113.179481506 -339.932464600 28.753166199
-113.224601746 -339.906921387 28.753028870
-113.308609009 -339.859375000 28.752803802
-113.352973938 -339.834167480 28.752696991
-113.407257080 -339.803253174 28.752569199
-113.492416382 -339.754577637 28.752357483
-113.575309753 -339.706970215 28.752126694
-113.631256104 -339.674743652 28.751964569
-113.678237915 -339.647583008 28.751819611
-113.721786499 -339.622436523 28.751680374
-113.807571411 -339.572631836 28.751388550
-113.867736816 -339.537628174 28.751171112
-113.912200928 -339.511688232 28.751005173
-113.959350586 -339.484100342 28.750827789
-114.003356934 -339.458312988 28.750659943
-114.100189209 -339.401367188 28.750286102
-114.145843506 -339.374450684 28.750110626
-114.192825317 -339.346679688 28.749927521
-114.243713379 -339.316528320 28.749727249
-114.289405823 -339.289398193 28.749546051
-114.345947266 -339.255706787 28.749324799
-114.394989014 -339.226440430 28.749134064
-114.440361023 -339.199279785 28.748958588
-114.532470703 -339.143981934 28.748607635
-114.592712402 -339.107727051 28.748388290
-114.686302185 -339.051147461 28.748008728
-114.735870361 -339.021057129 28.747793198
-114.781234741 -338.993469238 28.747589111
-114.846870422 -338.953491211 28.747295380
-114.898254395 -338.922058105 28.747070312
-114.940925598 -338.895935059 28.746883392
-114.988380432 -338.866821289 28.746677399
-115.037193298 -338.836822510 28.746465683
-115.098747253 -338.798889160 28.746202469
-115.153213501 -338.765258789 28.745971680
-115.207763672 -338.731506348 28.745746613
-115.252273560 -338.703918457 28.745563507
-115.301528931 -338.673339844 28.745368958
-115.363983154 -338.634490967 28.745143890
-115.461227417 -338.573852539 28.744840622
-115.516624451 -338.539154053 28.744686127
-115.560577393 -338.511657715 28.744573593
-115.629844666 -338.468170166 28.744419098
-115.687057495 -338.432250977 28.744314194
-115.733016968 -338.403289795 28.744247437
-115.784126282 -338.371063232 28.744180679
-115.837722778 -338.337219238 28.744123459
-115.899017334 -338.298431396 28.744064331
-115.949226379 -338.266632080 28.744020462
-116.005874634 -338.230651855 28.743972778
-116.052307129 -338.201110840 28.743938446
-116.104263306 -338.167999268 28.743923187
-116.175056458 -338.122772217 28.743934631
-116.231826782 -338.086456299 28.743976593
-116.282722473 -338.053863525 28.744028091
-116.334930420 -338.020355225 28.744096756
-116.382507324 -337.989776611 28.744171143
-116.451904297 -337.945129395 28.744293213
-116.510162354 -337.907592773 28.744400024
-116.562683105 -337.873718262 28.744503021
-116.614898682 -337.840026855 28.744609833
-116.666893005 -337.806427002 28.744718552
-116.733352661 -337.763366699 28.744857788
-116.786720276 -337.728759766 28.744964600
-116.844024658 -337.691528320 28.745077133
-116.898345947 -337.656188965 28.745182037
-116.950378418 -337.622314453 28.745281219
-117.021560669 -337.575897217 28.745409012
-117.078079224 -337.539001465 28.745508194
-117.129295349 -337.505554199 28.745592117
-117.181838989 -337.471160889 28.745676041
-117.232299805 -337.438110352 28.745752335
-117.308074951 -337.388427734 28.745864868
-117.367721558 -337.349273682 28.745944977
-117.422111511 -337.313568115 28.746171951
-117.473861694 -337.279571533 28.746599197
-117.526176453 -337.245147705 28.747177124
-117.594924927 -337.199890137 28.748085022
-117.651443481 -337.162658691 28.748903275
-117.703506470 -337.128295898 28.749664307
-117.751182556 -337.096832275 28.750339508
-117.801223755 -337.063812256 28.751008987
-117.873611450 -337.015991211 28.751878738
-117.924674988 -336.982238770 28.752408981
-117.972091675 -336.950866699 28.752841949
-118.021835327 -336.917968750 28.753236771
-118.070907593 -336.885498047 28.753576279
-118.132606506 -336.844635010 28.753931046
-118.180984497 -336.812622070 28.754161835
-118.229782104 -336.780303955 28.754358292
-118.276611328 -336.749267578 28.754507065
-118.323600769 -336.718109131 28.754631042
-118.384048462 -336.677978516 28.754753113
-118.430725098 -336.646972656 28.754835129
-118.474189758 -336.618103027 28.754901886
-118.554718018 -336.564544678 28.755014420
-118.611663818 -336.526641846 28.755092621
-118.655540466 -336.497406006 28.755153656
-118.700225830 -336.467651367 28.755218506
-118.778427124 -336.415557861 28.755340576
-118.828292847 -336.382263184 28.755426407
-118.905242920 -336.330932617 28.755558014
-118.980895996 -336.280456543 28.755687714
-119.027351379 -336.249450684 28.755767822
-119.100158691 -336.200897217 28.755893707
-119.171737671 -336.153076172 28.756011963
-119.214141846 -336.124786377 28.756084442
-119.278404236 -336.081848145 28.756198883
-119.337310791 -336.042510986 28.756317139
-119.410156250 -335.993835449 28.756481171
-119.465682983 -335.956756592 28.756614685
-119.526809692 -335.915893555 28.756786346
-119.580947876 -335.879760742 28.756999969
-119.625892639 -335.849761963 28.757234573
-119.675796509 -335.816467285 28.757534027
-119.722213745 -335.785400391 28.757837296
-119.765487671 -335.756469727 28.758131027
-119.817237854 -335.721801758 28.758476257
-119.869079590 -335.687103271 28.758794785
-119.924980164 -335.649719238 28.758792877
-119.975677490 -335.615783691 28.758245468
-120.021286011 -335.585266113 28.757183075
-120.063568115 -335.557189941 28.749933243
-120.110000610 -335.525726318 28.749322891
-120.157272339 -335.493560791 28.748893738
-120.201148987 -335.463562012 28.748689651
-120.243316650 -335.434570312 28.748668671
-120.290206909 -335.402221680 28.748788834
-120.338546753 -335.368652344 28.748954773
-120.383949280 -335.337036133 28.749105453
-120.431274414 -335.303833008 28.749240875
-120.478286743 -335.270874023 28.749366760
-120.534454346 -335.231292725 28.749530792
-120.583473206 -335.196594238 28.749689102
-120.626617432 -335.166046143 28.749845505
-120.684410095 -335.124816895 28.750074387
-120.727722168 -335.093841553 28.750255585
-120.769973755 -335.063476562 28.750434875
-120.816772461 -335.029663086 28.750633240
-120.862365723 -334.996582031 28.750827789
-120.908920288 -334.962707520 28.751022339
-120.957916260 -334.926849365 28.751226425
-121.006248474 -334.891357422 28.751420975
-121.060760498 -334.851165771 28.751642227
-121.108749390 -334.815673828 28.751838684
-121.158432007 -334.778747559 28.752040863
-121.217796326 -334.734497070 28.752265930
-121.269180298 -334.695983887 28.752450943
-121.328048706 -334.651672363 28.752662659
-121.383728027 -334.609588623 28.752861023
-121.475723267 -334.539550781 28.753204346
-121.534286499 -334.494689941 28.753421783
-121.589637756 -334.452087402 28.753631592
-121.651481628 -334.404266357 28.753873825
-121.714996338 -334.354858398 28.754123688
-121.784111023 -334.300811768 28.754388809
-121.844520569 -334.253356934 28.754613876
-121.906509399 -334.204406738 28.754844666
-121.975799561 -334.149353027 28.755107880
-122.038337708 -334.099426270 28.755342484
-122.109855652 -334.041931152 28.755607605
-122.174423218 -333.989807129 28.755844116
-122.233291626 -333.942077637 28.756055832
-122.278289795 -333.905395508 28.756219864
-122.346923828 -333.849182129 28.756477356
-122.406890869 -333.799865723 28.756713867
-122.446113586 -333.767486572 28.756877899
-122.513000488 -333.711975098 28.757175446
-122.580375671 -333.655731201 28.757482529
-122.622879028 -333.620117188 28.757675171
-122.696945190 -333.557647705 28.757999420
-122.759452820 -333.504577637 28.758266449
-122.801116943 -333.468994141 28.758453369
-122.867919922 -333.411651611 28.758773804
-122.936744690 -333.352142334 28.759122849
-122.982131958 -333.312713623 28.759363174
-123.052566528 -333.251190186 28.759769440
-123.117324829 -333.194335938 28.760257721
-123.156997681 -333.159332275 28.760589600
-123.225402832 -333.098785400 28.761173248
-123.294776917 -333.036956787 28.761745453
-123.339569092 -332.996826172 28.762088776
-123.406227112 -332.936767578 28.762559891
-123.473197937 -332.876068115 28.762987137
-123.513847351 -332.838989258 28.763225555
-123.580169678 -332.778106689 28.763597488
-123.646713257 -332.716644287 28.763956070
-123.689270020 -332.677124023 28.764253616
-123.756530762 -332.614318848 28.764936447
-123.817886353 -332.556671143 28.765672684
-123.860717773 -332.516235352 28.766212463
-123.929908752 -332.450500488 28.767057419
-123.989059448 -332.393920898 28.767702103
-124.030059814 -332.354492188 28.768096924
-124.091094971 -332.295440674 28.768634796
-124.149261475 -332.238739014 28.769111633
-124.186141968 -332.202606201 28.769401550
-124.249412537 -332.140258789 28.769874573
-124.302597046 -332.087493896 28.770261765
-124.339935303 -332.050292969 28.770534515
-124.392654419 -331.997436523 28.770915985
-124.443336487 -331.946319580 28.771280289
-124.480720520 -331.908416748 28.771549225
-124.535049438 -331.852966309 28.771942139
-124.582946777 -331.803833008 28.772294998
-124.641090393 -331.743804932 28.772731781
-124.685150146 -331.697998047 28.773063660
-124.738342285 -331.642395020 28.773433685
-124.784729004 -331.593627930 28.773715973
-124.824897766 -331.551086426 28.773931503
-124.873451233 -331.499328613 28.774162292
-124.911087036 -331.458984375 28.774320602
-124.953704834 -331.412994385 28.774480820
-124.990058899 -331.373535156 28.774602890
-125.024024963 -331.336578369 28.774715424
-125.061706543 -331.295166016 28.774848938
-125.107131958 -331.244934082 28.775009155
-125.150939941 -331.196105957 28.775140762
-125.191970825 -331.150146484 28.775211334
-125.227119446 -331.110443115 28.775249481
-125.267868042 -331.064208984 28.775272369
-125.303710938 -331.023254395 28.775279999
-125.340667725 -330.980712891 28.775196075
-125.373687744 -330.942474365 28.774494171
-125.409561157 -330.901062012 28.768926620
-125.442314148 -330.862182617 28.768577576
-125.474548340 -330.823516846 28.768291473
-125.507919312 -330.783111572 28.768077850
-125.539871216 -330.744018555 28.767932892
-125.572296143 -330.703979492 28.767831802
-125.610122681 -330.656890869 28.767734528
-125.643394470 -330.614929199 28.767667770
-125.675285339 -330.574401855 28.767623901
-125.712623596 -330.526397705 28.767616272
-125.753753662 -330.472839355 28.767635345
-125.793350220 -330.420684814 28.767662048
-125.825073242 -330.378417969 28.767673492
-125.865676880 -330.323730469 28.767688751
-125.898132324 -330.279510498 28.767700195
-125.929107666 -330.236846924 28.767709732
-125.963668823 -330.188812256 28.767723083
-125.997879028 -330.140747070 28.767732620
-126.028335571 -330.097564697 28.767745972
-126.068130493 -330.040405273 28.767765045
-126.100791931 -329.992980957 28.767780304
-126.140380859 -329.934814453 28.767803192
-126.175125122 -329.883148193 28.767822266
-126.211616516 -329.828186035 28.767848969
-126.253578186 -329.764129639 28.767871857
-126.289077759 -329.709259033 28.767898560
-126.329315186 -329.646240234 28.767917633
-126.367736816 -329.585174561 28.767900467
-126.416343689 -329.506774902 28.767837524
-126.455207825 -329.443023682 28.767766953
-126.490493774 -329.384399414 28.767675400
-126.516502380 -329.340637207 28.767599106
-126.559303284 -329.267669678 28.767436981
-126.603416443 -329.191101074 28.767223358
-126.644134521 -329.119232178 28.767007828
-126.682495117 -329.050415039 28.766788483
-126.709846497 -329.000671387 28.766639709
-126.752418518 -328.922058105 28.766450882
-126.796272278 -328.839599609 28.766307831
-126.839805603 -328.756164551 28.766216278
-126.883316040 -328.671203613 28.766168594
-126.905914307 -328.626312256 28.766157150
-126.948471069 -328.540466309 28.766136169
-126.972084045 -328.492004395 28.766117096
-127.011398315 -328.409881592 28.766056061
-127.049423218 -328.328765869 28.765968323
-127.075248718 -328.272644043 28.765899658
-127.097686768 -328.223236084 28.765827179
-127.134887695 -328.139892578 28.765695572
-127.160385132 -328.081726074 28.765594482
-127.199844360 -327.990020752 28.765419006
-127.219650269 -327.943206787 28.765323639
-127.241134644 -327.891754150 28.765213013
-127.279037476 -327.799255371 28.764995575
-127.298194885 -327.751586914 28.764884949
-127.319931030 -327.696929932 28.764749527
-127.355316162 -327.606018066 28.764522552
-127.374526978 -327.555786133 28.764400482
-127.395645142 -327.499816895 28.764270782
-127.431396484 -327.402954102 28.764049530
-127.449539185 -327.352722168 28.763925552
-127.468711853 -327.298889160 28.763790131
-127.503158569 -327.199737549 28.763513565
-127.519653320 -327.151214600 28.763370514
-127.541061401 -327.087036133 28.763198853
-127.558967590 -327.032409668 28.763069153
-127.588165283 -326.941375732 28.762973785
-127.608718872 -326.875671387 28.762969971
-127.624542236 -326.824340820 28.762998581
-127.652282715 -326.732269287 28.763086319
-127.670288086 -326.671081543 28.763147354
-127.685905457 -326.617065430 28.763196945
-127.701622009 -326.561645508 28.763237000
-127.731613159 -326.453125000 28.763267517
-127.746223450 -326.398712158 28.763237000
-127.759735107 -326.347473145 28.763175964
-127.788085938 -326.236450195 28.762989044
-127.801055908 -326.184051514 28.762989044
-127.813957214 -326.130798340 28.763038635
-127.826957703 -326.075897217 28.763130188
-127.841148376 -326.014739990 28.763250351
-127.853210449 -325.961425781 28.763349533
-127.873199463 -325.870727539 28.763469696
-127.887008667 -325.806091309 28.763507843
-127.897811890 -325.754211426 28.763504028
-127.915580750 -325.666320801 28.763452530
-127.927337646 -325.605987549 28.763397217
-127.945594788 -325.508911133 28.763286591
-127.962837219 -325.412963867 28.763200760
-127.979324341 -325.316955566 28.763147354
-127.994735718 -325.222991943 28.763107300
-128.007476807 -325.141540527 28.763053894
-128.021896362 -325.044738770 28.762966156
-128.033218384 -324.964355469 28.762870789
-128.044464111 -324.880462646 28.762769699
-128.054779053 -324.799621582 28.762657166
-128.064025879 -324.723358154 28.762538910
-128.072631836 -324.648834229 28.762393951
-128.080734253 -324.574157715 28.762239456
-128.087081909 -324.512268066 28.762126923
-128.093399048 -324.447753906 28.762012482
-128.098724365 -324.390380859 28.761901855
-128.104385376 -324.326171875 28.761775970
-128.108551025 -324.276092529 28.761697769
-128.112838745 -324.221923828 28.761632919
-128.117706299 -324.156066895 28.761554718
-128.122344971 -324.088378906 28.761457443
-128.126007080 -324.031127930 28.761354446
-128.129058838 -323.980255127 28.761241913
-128.132476807 -323.920318604 28.761054993
-128.135345459 -323.868591309 28.760759354
-128.138687134 -323.815704346 28.754148483
-128.141326904 -323.759063721 28.753463745
-128.143829346 -323.701232910 28.752964020
-128.146057129 -323.644348145 28.752552032
-128.148178101 -323.584747314 28.752159119
-128.150115967 -323.520446777 28.751758575
-128.151519775 -323.465454102 28.751451492
-128.152862549 -323.400756836 28.751167297
-128.153915405 -323.339904785 28.750976562
-128.154556274 -323.287750244 28.750837326
-128.155151367 -323.214172363 28.750644684
-128.155349731 -323.140136719 28.750452042
-128.155212402 -323.078063965 28.750284195
-128.154891968 -323.024993896 28.750137329
-128.154205322 -322.957092285 28.749950409
-128.153274536 -322.894104004 28.749771118
-128.152038574 -322.828887939 28.749586105
-128.150421143 -322.760437012 28.749397278
-128.148193359 -322.682861328 28.749187469
-128.146087646 -322.620178223 28.749023438
-128.142791748 -322.535003662 28.748802185
-128.139587402 -322.462677002 28.748611450
-128.135253906 -322.375793457 28.748378754
-128.130584717 -322.291717529 28.748153687
-128.125610352 -322.211120605 28.747943878
-128.119812012 -322.125152588 28.747722626
-128.113327026 -322.036926270 28.747493744
-128.106109619 -321.946838379 28.747261047
-128.101318359 -321.890411377 28.747116089
-128.093582153 -321.804718018 28.746894836
-128.084045410 -321.706054688 28.746631622
-128.073974609 -321.608947754 28.746374130
-128.062744141 -321.507385254 28.746105194
-128.056701660 -321.455200195 28.745971680
-128.044342041 -321.353790283 28.745729446
-128.037246704 -321.297973633 28.745622635
-128.024520874 -321.202148438 28.745487213
-128.016967773 -321.147277832 28.745431900
-128.008041382 -321.084686279 28.745384216
-128.000000000 -321.029754639 28.745353699
-127.985694885 -320.935668945 28.745323181
-127.975334167 -320.869903564 28.745300293
-127.965927124 -320.811981201 28.745285034
-127.957107544 -320.758911133 28.745264053
-127.937088013 -320.642578125 28.745208740
-127.927207947 -320.587188721 28.745172501
-127.916740417 -320.529724121 28.745134354
-127.905952454 -320.471984863 28.745086670
-127.893203735 -320.405181885 28.745031357
-127.881454468 -320.345092773 28.744974136
-127.871398926 -320.294677734 28.744928360
-127.861022949 -320.243560791 28.744880676
-127.846298218 -320.172485352 28.744808197
-127.833129883 -320.110351562 28.744750977
-127.821090698 -320.054626465 28.744699478
-127.810211182 -320.005218506 28.744651794
-127.794288635 -319.934326172 28.744583130
-127.780677795 -319.874938965 28.744518280
-127.766822815 -319.815765381 28.744449615
-127.752105713 -319.753997803 28.744369507
-127.736602783 -319.690368652 28.744277954
-127.723327637 -319.636932373 28.744197845
-127.708389282 -319.577789307 28.744102478
-127.693290710 -319.519073486 28.744007111
-127.676345825 -319.454467773 28.743896484
-127.661560059 -319.399078369 28.743799210
-127.646118164 -319.342071533 28.743700027
-127.628784180 -319.279174805 28.743587494
-127.607917786 -319.204772949 28.743450165
-127.590774536 -319.144744873 28.743341446
-127.576141357 -319.094207764 28.743247986
-127.559974670 -319.039123535 28.743144989
-127.537994385 -318.965454102 28.743015289
-127.518402100 -318.900878906 28.742906570
-127.498374939 -318.835876465 28.742797852
-127.480117798 -318.777587891 28.742740631
-127.459381104 -318.712341309 28.742691040
-127.441604614 -318.657287598 28.742650986
-127.422485352 -318.598937988 28.742597580
-127.402359009 -318.538391113 28.742525101
-127.379928589 -318.471923828 28.742420197
-127.362472534 -318.420959473 28.742330551
-127.340606689 -318.357971191 28.742218018
-127.318687439 -318.295715332 28.742105484
-127.293174744 -318.224426270 28.741977692
-127.270896912 -318.163055420 28.741865158
-127.248413086 -318.101928711 28.741752625
-127.230522156 -318.053833008 28.741703033
-127.203002930 -317.980834961 28.741765976
-127.179626465 -317.919708252 28.741897583
-127.157150269 -317.861694336 28.742048264
-127.134361267 -317.803710938 28.742221832
-127.109832764 -317.742034912 28.742401123
-127.090194702 -317.693206787 28.742525101
-127.067733765 -317.637969971 28.742641449
-127.044479370 -317.581420898 28.742736816
-127.016387939 -317.513824463 28.742816925
-126.992477417 -317.456970215 28.742841721
-126.972335815 -317.409545898 28.742843628
-126.925277710 -317.300231934 28.742799759
-126.900611877 -317.243835449 28.742750168
-126.879486084 -317.195953369 28.742700577
-126.832328796 -317.090637207 28.742441177
-126.809776306 -317.041015625 28.742019653
-126.785499573 -316.988006592 28.741458893
-126.762145996 -316.937377930 28.740882874
-126.738128662 -316.885742188 28.740306854
-126.692222595 -316.788146973 28.739358902
-126.669624329 -316.740692139 28.738994598
-126.638641357 -316.676147461 28.738595963
-126.613128662 -316.623626709 28.738351822
-126.589141846 -316.574615479 28.738174438
-126.537757874 -316.470886230 28.737915039
-126.513847351 -316.423156738 28.737829208
-126.487213135 -316.370422363 28.737850189
-126.461654663 -316.320220947 28.737964630
-126.434837341 -316.267974854 28.738132477
-126.386047363 -316.173889160 28.738458633
-126.362030029 -316.128021240 28.738599777
-126.331184387 -316.069580078 28.738758087
-126.305191040 -316.020690918 28.738870621
-126.263160706 -315.942382812 28.739007950
-126.231987000 -315.884735107 28.739086151
-126.206596375 -315.838165283 28.739143372
-126.181404114 -315.792236328 28.739200592
-126.130935669 -315.701049805 28.739322662
-126.105453491 -315.655334473 28.739387512
-126.080635071 -315.611114502 28.739452362
-126.026832581 -315.515960693 28.739606857
-125.984329224 -315.441497803 28.739715576
-125.933776855 -315.353637695 28.739830017
-125.887924194 -315.274597168 28.739879608
-125.839424133 -315.191528320 28.739036560
-125.791778564 -315.110473633 28.737762451
-125.741683960 -315.025787354 28.736557007
-125.696884155 -314.950561523 28.735771179
-125.670829773 -314.907043457 28.735458374
-125.639572144 -314.855041504 28.735187531
-125.593254089 -314.778442383 28.734968185
-125.539367676 -314.689880371 28.734857559
-125.512680054 -314.646209717 28.734832764
-125.486343384 -314.603179932 28.734815598
-125.431137085 -314.513427734 28.734790802
-125.403091431 -314.468017578 28.734779358
-125.374938965 -314.422546387 28.734766006
-125.346847534 -314.377227783 28.734748840
-125.311378479 -314.320129395 28.734725952
-125.284690857 -314.277282715 28.734708786
-125.232955933 -314.194458008 28.734664917
-125.197814941 -314.138275146 28.734634399
-125.168518066 -314.091552734 28.734603882
-125.138252258 -314.043334961 28.734565735
-125.109016418 -313.996826172 28.734519958
-125.075660706 -313.943817139 28.734453201
-125.046844482 -313.898071289 28.734378815
-125.017295837 -313.851226807 28.734294891
-124.985969543 -313.801605225 28.734195709
-124.948707581 -313.742645264 28.734069824
-124.888793945 -313.647979736 28.733856201
-124.826370239 -313.549438477 28.733598709
-124.793334961 -313.497253418 28.733446121
-124.760734558 -313.445800781 28.733304977
-124.728958130 -313.395660400 28.733186722
-124.689445496 -313.333251953 28.733064651
-124.656906128 -313.281890869 28.732984543
-124.629463196 -313.238525391 28.732929230
-124.600631714 -313.192932129 28.732883453
-124.558441162 -313.126251221 28.732830048
-124.523910522 -313.071624756 28.732795715
-124.487182617 -313.013427734 28.732769012
-124.449317932 -312.953399658 28.732767105
-124.405624390 -312.884033203 28.732810974
-124.367317200 -312.823150635 28.732881546
-124.330657959 -312.764801025 28.732963562
-124.292556763 -312.704040527 28.733053207
-124.251281738 -312.638183594 28.733150482
-124.219017029 -312.586608887 28.733222961
-124.183204651 -312.529266357 28.733295441
-124.145172119 -312.468292236 28.733362198
-124.097274780 -312.391357422 28.733438492
-124.062767029 -312.335784912 28.733493805
-124.024536133 -312.274078369 28.733560562
-123.985389709 -312.210723877 28.733638763
-123.941108704 -312.138885498 28.733722687
-123.902160645 -312.075561523 28.733802795
-123.871154785 -312.024993896 28.733867645
-123.839340210 -311.973022461 28.733938217
-123.794616699 -311.899810791 28.734031677
-123.758132935 -311.839843750 28.734109879
-123.720680237 -311.778167725 28.734188080
-123.687225342 -311.722869873 28.734256744
-123.642173767 -311.648162842 28.734352112
-123.604736328 -311.585906982 28.734428406
-123.565567017 -311.520507812 28.734512329
-123.527137756 -311.456176758 28.734594345
-123.483093262 -311.382171631 28.734687805
-123.443473816 -311.315338135 28.734767914
-123.403862000 -311.248229980 28.734855652
-123.371070862 -311.192504883 28.734939575
-123.324218750 -311.112487793 28.735080719
-123.283905029 -311.043365479 28.735231400
-123.244865417 -310.976165771 28.735393524
-123.206047058 -310.908996582 28.735574722
-123.158470154 -310.826416016 28.735816956
-123.118408203 -310.756530762 28.736030579
-123.083877563 -310.696014404 28.736221313
-123.045883179 -310.629150391 28.736434937
-123.001190186 -310.550048828 28.736680984
-122.957237244 -310.471862793 28.736917496
-122.915710449 -310.397521973 28.737138748
-122.874656677 -310.323638916 28.737358093
-122.830566406 -310.243865967 28.737592697
-122.791648865 -310.173034668 28.737800598
-122.748939514 -310.094879150 28.738031387
-122.706710815 -310.017150879 28.738258362
-122.654541016 -309.920471191 28.738536835
-122.612205505 -309.841522217 28.738761902
-122.570358276 -309.762908936 28.738983154
-122.527694702 -309.682250977 28.739212036
-122.477294922 -309.586181641 28.739482880
-122.431640625 -309.498504639 28.739727020
-122.388267517 -309.414611816 28.739955902
-122.347793579 -309.335815430 28.740165710
-122.299667358 -309.241455078 28.740413666
-122.263221741 -309.169525146 28.740591049
-122.223350525 -309.090240479 28.740772247
-122.180198669 -309.003753662 28.740959167
-122.127914429 -308.898010254 28.741178513
-122.086021423 -308.812500000 28.741359711
-122.041992188 -308.721832275 28.741554260
-121.998764038 -308.632110596 28.741754532
-121.949401855 -308.528686523 28.741998672
-121.908370972 -308.441864014 28.742202759
-121.874748230 -308.370178223 28.742382050
-121.840286255 -308.296173096 28.742557526
-121.791694641 -308.190856934 28.742801666
-121.752388000 -308.104766846 28.742994308
-121.715858459 -308.024200439 28.743179321
-121.674102783 -307.931182861 28.743396759
-121.628684998 -307.829132080 28.743652344
-121.592269897 -307.746582031 28.743873596
-121.559806824 -307.672363281 28.744077682
-121.525131226 -307.592498779 28.744304657
-121.480323792 -307.488220215 28.744609833
-121.442634583 -307.399658203 28.744876862
-121.405319214 -307.311096191 28.745147705
-121.376197815 -307.241394043 28.745361328
-121.331954956 -307.134613037 28.745685577
-121.294433594 -307.043151855 28.745960236
-121.259414673 -306.956939697 28.746213913
-121.222129822 -306.864318848 28.746501923
-121.178215027 -306.754089355 28.746875763
-121.142509460 -306.663452148 28.747200012
-121.112442017 -306.586425781 28.747488022
-121.082321167 -306.508636475 28.747789383
-121.041503906 -306.402038574 28.748218536
-121.006301880 -306.309173584 28.748603821
-120.971466064 -306.216156006 28.749034882
-120.943893433 -306.141906738 28.749422073
-120.903579712 -306.032196045 28.750051498
-120.870071411 -305.939910889 28.750635147
-120.838104248 -305.851043701 28.751226425
-120.803886414 -305.754913330 28.751893997
-120.763656616 -305.640502930 28.752708435
-120.732505798 -305.550842285 28.753402710
-120.705856323 -305.473358154 28.754024506
-120.677978516 -305.391510010 28.754692078
-120.640686035 -305.280883789 28.755599976
-120.608825684 -305.185241699 28.756374359
-120.576110840 -305.085968018 28.757167816
-120.546333313 -304.994537354 28.757881165
-120.513198853 -304.891723633 28.758666992
-120.486900330 -304.809112549 28.759258270
-120.458023071 -304.717498779 28.759881973
-120.428771973 -304.623748779 28.760482788
-120.393951416 -304.510894775 28.761157990
-120.366828918 -304.422058105 28.761665344
-120.341880798 -304.339538574 28.762121201
-120.317199707 -304.257202148 28.762563705
-120.285240173 -304.149566650 28.763128281
-120.256591797 -304.051879883 28.763660431
-120.229217529 -303.957763672 28.764308929
-120.207366943 -303.881958008 28.764896393
-120.176849365 -303.775024414 28.765796661
-120.150733948 -303.682617188 28.766595840
-120.126022339 -303.594390869 28.767349243
-120.100624084 -303.502838135 28.768077850
-120.069931030 -303.391113281 28.768882751
-120.045219421 -303.300231934 28.769462585
-120.023757935 -303.220672607 28.769924164
-120.002502441 -303.141235352 28.770345688
-119.974975586 -303.037353516 28.770847321
-119.950546265 -302.944366455 28.771261215
-119.926727295 -302.852813721 28.771650314
-119.904922485 -302.768463135 28.771999359
-119.880989075 -302.675140381 28.772396088
-119.861892700 -302.600189209 28.772726059
-119.840332031 -302.514984131 28.773126602
-119.818298340 -302.427246094 28.773618698
-119.792098999 -302.322143555 28.774312973
-119.771987915 -302.240844727 28.774921417
-119.755462646 -302.173614502 28.775472641
-119.737373352 -302.099578857 28.776115417
-119.713844299 -302.002685547 28.777013779
-119.694145203 -301.921020508 28.777828217
-119.675254822 -301.842315674 28.778635025
-119.659873962 -301.778045654 28.779312134
-119.636833191 -301.681427002 28.780330658
-119.618568420 -301.604553223 28.781135559
-119.601013184 -301.530426025 28.781898499
-119.583145142 -301.454803467 28.782657623
-119.561294556 -301.362121582 28.783557892
-119.544654846 -301.291320801 28.784223557
-119.530387878 -301.230468750 28.784778595
-119.515625000 -301.167358398 28.785341263
-119.496551514 -301.085693359 28.786043167
-119.479187012 -301.011230469 28.786663055
-119.463424683 -300.943542480 28.787212372
-119.451004028 -300.890167236 28.787641525
-119.432334900 -300.809967041 28.788280487
-119.415893555 -300.739349365 28.788841248
-119.401657104 -300.678222656 28.789325714
-119.386276245 -300.612274170 28.789854050
-119.370697021 -300.545654297 28.790397644
-119.358299255 -300.492614746 28.790842056
-119.343597412 -300.429931641 28.791385651
-119.329780579 -300.371185303 28.791912079
-119.313430786 -300.301849365 28.792556763
-119.299209595 -300.241638184 28.793138504
-119.276062012 -300.144378662 28.794120789
-119.259948730 -300.077087402 28.794864655
-119.246574402 -300.021667480 28.795505524
-119.234497070 -299.971923828 28.796110153
-119.208503723 -299.865844727 28.797426224
-119.184211731 -299.768005371 28.798656464
-119.158897400 -299.667449951 28.799909592
-119.137466431 -299.583435059 28.800943375
-119.114723206 -299.495452881 28.801992416
-119.094169617 -299.416961670 28.802883148
-119.073417664 -299.338867188 28.803735733
-119.054435730 -299.268554688 28.804485321
-119.035972595 -299.201171875 28.805198669
-119.019416809 -299.141845703 28.805835724
-119.001770020 -299.079589844 28.806512833
-118.987884521 -299.031433105 28.807048798
-118.972473145 -298.978881836 28.807622910
-118.953796387 -298.916259766 28.808218002
-118.935081482 -298.854736328 28.808603287
-118.919219971 -298.803436279 28.808752060
-118.903083801 -298.751983643 28.808746338
-118.886489868 -298.699768066 28.808467865
-118.870323181 -298.649780273 28.807689667
-118.853561401 -298.598846436 28.805803299
-118.835975647 -298.547149658 28.805295944
-118.819328308 -298.499572754 28.805364609
-118.800064087 -298.445800781 28.805580139
-118.781005859 -298.393768311 28.805822372
-118.761451721 -298.341522217 28.806093216
-118.740310669 -298.286193848 28.806467056
-118.721847534 -298.238861084 28.806787491
-118.699676514 -298.183349609 28.807159424
-118.678771973 -298.131988525 28.807521820
-118.651741028 -298.066711426 28.808023453
-118.623123169 -297.999237061 28.808704376
-118.602722168 -297.952209473 28.809280396
-118.578262329 -297.896911621 28.810028076
-118.542419434 -297.817932129 28.811149597
-118.516029358 -297.761291504 28.811923981
-118.486190796 -297.698516846 28.812810898
-118.457160950 -297.638580322 28.813806534
-118.422126770 -297.567474365 28.815122604
-118.390098572 -297.503631592 28.816360474
-118.353881836 -297.432861328 28.817752838
-118.316070557 -297.360595703 28.819154739
-118.274429321 -297.282897949 28.820648193
-118.233154297 -297.207641602 28.822090149
-118.183319092 -297.118988037 28.823795319
-118.139236450 -297.042480469 28.825275421
-118.091545105 -296.961608887 28.826835632
-118.042106628 -296.879791260 28.828424454
-118.015579224 -296.836761475 28.829261780
-117.981445312 -296.782104492 28.830329895
-117.953338623 -296.737884521 28.831195831
-117.923377991 -296.691284180 28.832111359
-117.893676758 -296.645690918 28.833005905
-117.862220764 -296.598114014 28.833934784
-117.802856445 -296.510040283 28.835639954
-117.770919800 -296.463592529 28.836526871
-117.734191895 -296.410858154 28.837530136
-117.703033447 -296.366790771 28.838361740
-117.670684814 -296.321594238 28.839206696
-117.634880066 -296.272277832 28.840129852
-117.589706421 -296.210998535 28.841266632
-117.555061340 -296.164703369 28.842123032
-117.521308899 -296.120178223 28.842941284
-117.488899231 -296.077941895 28.843713760
-117.442214966 -296.018096924 28.844806671
-117.400131226 -295.964965820 28.845771790
-117.359466553 -295.914459229 28.846683502
-117.319808960 -295.865844727 28.847562790
-117.274864197 -295.811614990 28.848545074
-117.238082886 -295.767883301 28.849334717
-117.195220947 -295.717590332 28.850246429
-117.150978088 -295.666290283 28.851161957
-117.100616455 -295.608978271 28.852043152
-117.060089111 -295.563415527 28.852643967
-117.013374329 -295.511596680 28.853242874
-116.965820312 -295.459716797 28.853771210
-116.907989502 -295.397583008 28.854347229
-116.858482361 -295.345306396 28.854797363
-116.815597534 -295.300659180 28.855159760
-116.773559570 -295.257446289 28.855491638
-116.710128784 -295.193206787 28.855960846
-116.653358459 -295.136779785 28.856361389
-116.602149963 -295.086639404 28.856725693
-116.554649353 -295.040710449 28.857070923
-116.490585327 -294.979858398 28.857551575
-116.435989380 -294.928710938 28.857971191
-116.376861572 -294.874145508 28.858419418
-116.318725586 -294.821350098 28.858863831
-116.255401611 -294.764709473 28.859348297
-116.205078125 -294.720397949 28.859733582
-116.141998291 -294.665679932 28.860212326
-116.081939697 -294.614349365 28.860664368
-116.006408691 -294.551025391 28.861213684
-115.943817139 -294.499481201 28.861660004
-115.891777039 -294.457244873 28.862018585
-115.831283569 -294.408905029 28.862424850
-115.753234863 -294.347534180 28.862934113
-115.687622070 -294.296844482 28.863351822
-115.629760742 -294.252868652 28.863708496
-115.570236206 -294.208221436 28.864057541
-115.489356995 -294.148406982 28.864509583
-115.417083740 -294.096038818 28.864894867
-115.348815918 -294.047210693 28.865242004
-115.291877747 -294.007019043 28.865512848
-115.204879761 -293.946563721 28.865898132
-115.132072449 -293.896850586 28.866210938
-115.061210632 -293.849090576 28.866514206
-114.988479614 -293.800872803 28.866836548
-114.905639648 -293.746765137 28.867221832
-114.844818115 -293.707580566 28.867511749
-114.766975403 -293.658020020 28.867868423
-114.687049866 -293.607788086 28.868213654
-114.595977783 -293.551361084 28.868576050
-114.514114380 -293.501434326 28.868864059
-114.448150635 -293.461669922 28.869071960
-114.379531860 -293.420745850 28.869258881
-114.280456543 -293.362457275 28.869457245
-114.198944092 -293.315124512 28.869575500
-114.135421753 -293.278656006 28.869611740
-114.062049866 -293.236968994 28.869598389
-113.961227417 -293.180541992 28.869491577
-113.882164001 -293.136901855 28.869369507
-113.810211182 -293.097717285 28.869211197
-113.734756470 -293.057128906 28.868991852
-113.633934021 -293.003662109 28.868629456
-113.548889160 -292.959106445 28.868284225
-113.462036133 -292.914154053 28.867902756
-113.393997192 -292.879272461 28.867586136
-113.290184021 -292.826629639 28.867065430
-113.200836182 -292.781890869 28.866571426
-113.120071411 -292.741943359 28.865978241
-113.044433594 -292.704895020 28.865268707
-112.935791016 -292.652282715 28.864019394
-112.851066589 -292.611755371 28.862838745
-112.763961792 -292.570434570 28.861480713
-112.676361084 -292.529144287 28.860002518
-112.580543518 -292.484436035 28.858278275
-112.497924805 -292.446166992 28.856773376
-112.406227112 -292.404022217 28.855226517
-112.321372986 -292.365325928 28.853946686
-112.224952698 -292.321563721 28.852685928
-112.140991211 -292.283630371 28.851734161
-112.053451538 -292.244171143 28.850906372
-111.965454102 -292.204650879 28.850242615
-111.884956360 -292.168609619 28.849781036
-111.775360107 -292.119689941 28.849563599
-111.678535461 -292.076599121 28.849849701
-111.584236145 -292.034729004 28.850601196
-111.496139526 -291.995666504 28.851634979
-111.393554688 -291.950225830 28.853096008
-111.308181763 -291.912475586 28.854438782
-111.220237732 -291.873596191 28.855895996
-111.136589050 -291.836608887 28.857299805
-111.049797058 -291.798217773 28.858745575
-110.940055847 -291.749633789 28.860517502
-110.842308044 -291.706298828 28.861988068
-110.751342773 -291.665832520 28.863235474
-110.675018311 -291.631774902 28.864154816
-110.555923462 -291.578369141 28.865345001
-110.457794189 -291.534149170 28.866117477
-110.368835449 -291.493927002 28.866699219
-110.289733887 -291.458007812 28.867162704
-110.172531128 -291.404510498 28.867774963
-110.077423096 -291.360809326 28.868211746
-109.982978821 -291.317199707 28.868598938
-109.889053345 -291.273437500 28.868944168
-109.790649414 -291.227233887 28.869310379
-109.703910828 -291.186187744 28.869651794
-109.611968994 -291.142333984 28.870046616
-109.525253296 -291.100524902 28.870462418
-109.443748474 -291.060882568 28.870899200
-109.326766968 -291.003356934 28.871599197
-109.230743408 -290.955383301 28.872299194
-109.136138916 -290.907592773 28.873231888
-109.046600342 -290.861816406 28.874300003
-108.945083618 -290.809173584 28.875713348
-108.863983154 -290.766632080 28.876953125
-108.773338318 -290.718505859 28.878419876
-108.689460754 -290.673431396 28.879823685
-108.590972900 -290.619750977 28.881479263
-108.511459351 -290.575866699 28.882795334
-108.429412842 -290.529968262 28.884090424
-108.341438293 -290.480072021 28.885379791
-108.238136292 -290.420501709 28.886745453
-108.159103394 -290.374206543 28.887699127
-108.083457947 -290.329193115 28.888532639
-108.005699158 -290.282257080 28.889328003
-107.909088135 -290.222991943 28.890251160
-107.828727722 -290.172760010 28.890970230
-107.758499146 -290.128173828 28.891590118
-107.687629700 -290.082458496 28.892215729
-107.592475891 -290.020019531 28.893085480
-107.518501282 -289.970458984 28.893802643
-107.447326660 -289.921936035 28.894531250
-107.381690979 -289.876495361 28.895244598
-107.293319702 -289.813964844 28.896276474
-107.225524902 -289.765045166 28.897115707
-107.158073425 -289.715454102 28.897998810
-107.099227905 -289.671325684 28.898818970
-107.021102905 -289.611602783 28.899923325
-106.956718445 -289.561340332 28.900819778
-106.891693115 -289.509460449 28.901697159
-106.833602905 -289.462280273 28.902456284
-106.766876221 -289.406829834 28.903186798
-106.712402344 -289.360595703 28.903602600
-106.657791138 -289.313354492 28.903869629
-106.601959229 -289.264190674 28.903985977
-106.535606384 -289.204437256 28.903903961
-106.487541199 -289.160369873 28.903724670
-106.440734863 -289.116760254 28.903461456
-106.394546509 -289.072967529 28.903137207
-106.337142944 -289.017517090 28.902694702
-106.290039062 -288.971038818 28.902318954
-106.242385864 -288.923187256 28.901941299
-106.204925537 -288.884857178 28.901649475
-106.151290894 -288.828979492 28.901247025
-106.109924316 -288.785003662 28.900957108
-106.070137024 -288.741973877 28.900709152
-106.031356812 -288.699218750 28.900527954
-105.977615356 -288.638732910 28.900354385
-105.912811279 -288.563659668 28.900264740
-105.880012512 -288.524658203 28.900272369
-105.842826843 -288.479644775 28.900337219
-105.782821655 -288.404968262 28.900499344
-105.726402283 -288.332397461 28.900650024
-105.682128906 -288.273742676 28.900758743
-105.634597778 -288.208984375 28.900833130
-105.599334717 -288.159667969 28.900798798
-105.563903809 -288.108947754 28.900684357
-105.533676147 -288.064727783 28.900529861
-105.495552063 -288.007537842 28.900239944
-105.466003418 -287.961975098 28.900005341
-105.435279846 -287.913269043 28.899740219
-105.406379700 -287.869934082 28.889192581
-105.376487732 -287.821838379 28.888313293
-105.346389771 -287.772796631 28.887687683
-105.314979553 -287.721038818 28.887268066
-105.288986206 -287.677734375 28.886987686
-105.262100220 -287.632385254 28.886722565
-105.226997375 -287.572204590 28.886348724
-105.189552307 -287.506774902 28.885778427
-105.163116455 -287.459869385 28.885314941
-105.135452271 -287.410125732 28.884832382
-105.104515076 -287.353790283 28.884332657
-105.067657471 -287.290374756 28.880950928
-105.042594910 -287.235839844 28.881729126
-105.015548706 -287.155853271 28.887632370
-104.992973328 -287.090759277 28.892749786
-104.955535889 -287.010833740 28.895233154
-104.914283752 -286.938446045 28.892486572
-104.869644165 -286.864501953 28.885335922
-104.822647095 -286.783264160 28.876169205
-104.794113159 -286.730072021 28.871133804
-104.770919800 -286.685424805 28.868228912
-104.735290527 -286.611785889 28.866323471
-104.711174011 -286.557128906 28.866935730
-104.674911499 -286.467681885 28.868370056
-104.635452271 -286.371093750 28.869991302
-104.613059998 -286.323730469 28.871841431
-104.588340759 -286.274719238 28.874267578
-104.562911987 -286.225708008 28.877346039
-104.535919189 -286.172790527 28.880895615
-104.513931274 -286.126159668 28.883653641
-104.492996216 -286.076538086 28.885879517
-104.473693848 -286.023529053 28.887084961
-104.451873779 -285.954559326 28.886930466
-104.436683655 -285.900665283 28.885318756
-104.423767090 -285.851837158 28.882740021
-104.410171509 -285.798400879 28.878871918
-104.392257690 -285.727691650 28.872631073
-104.375503540 -285.665161133 28.866809845
-104.357452393 -285.601867676 28.861145020
-104.324020386 -285.476196289 28.853302002
-104.304687500 -285.413360596 28.851154327
-104.285484314 -285.355773926 28.850265503
-104.264793396 -285.295135498 28.850135803
-104.240112305 -285.220642090 28.850849152
-104.220939636 -285.158355713 28.851888657
-104.205284119 -285.103210449 28.853000641
-104.190177917 -285.045776367 28.854215622
-104.170806885 -284.967163086 28.855785370
-104.154876709 -284.899780273 28.856914520
-104.138717651 -284.829864502 28.857772827
-104.126052856 -284.774505615 28.858221054
-104.106712341 -284.688720703 28.858467102
-104.090621948 -284.615661621 28.858242035
-104.075759888 -284.546447754 28.857713699
-104.059661865 -284.471343994 28.860965729
-104.042564392 -284.389373779 28.879150391
-104.033195496 -284.328186035 28.892314911
-104.027267456 -284.243347168 28.883266449
-104.022750854 -284.164337158 28.873256683
-104.016288757 -284.073394775 28.860897064
-104.008415222 -283.992309570 28.849983215
-103.997718811 -283.911071777 28.839832306
-103.987777710 -283.846588135 28.832653046
-103.971633911 -283.747344971 28.823381424
-103.959197998 -283.664794922 28.818279266
-103.949462891 -283.592041016 28.815773010
-103.939651489 -283.513244629 28.814535141
